UnitCode,Month,is_pandemic,fire_count_lag_1,relative_visits_lag_1,trend_score_lag_1,relative_visits_lag_12,trend_score_lag_12,Baseline_Prediction,temp_mean_roll_mean_3,rain_roll_mean_3,snow_roll_mean_3,fire_count,temp_max,temp_min,trend_score,firecountavg,trend_velocity,comfort_index,park_name,latitude,longitude
ACAD,1,0,0.0,0.0589488291816614,25.0,0.061226397581861956,25.0,0,41.28333333333331,2.496666666666666,3.3166666666666678,0,43.52,-2.65,34.0,0.0,0.0,7.865000000000002,Acadia National Park,44.409286,-68.247501
ACAD,2,0,0.0,0.05194668550146004,34.0,0.055445787126681655,33.0,0,31.623333333333306,2.433333333333333,5.963333333333335,0,44.69,-3.73,33.0,0.0,1.0,8.704333333333336,Acadia National Park,44.409286,-68.247501
ACAD,3,0,0.0,0.04079132885618709,33.0,0.10125328306497135,33.0,1,24.76666666666664,1.9433333333333331,9.49,0,49.1,2.93,38.0,0.47368421052631576,0.0,8.410000000000002,Acadia National Park,44.409286,-68.247501
ACAD,4,0,0.0,0.1024511737114436,38.0,0.37499099793267426,39.0,1,26.176666666666645,2.4866666666666664,8.783333333333333,0,70.16,23.0,46.0,7.631578947368421,-1.0,9.355666666666668,Acadia National Park,44.409286,-68.247501
ACAD,5,0,0.0,0.3751289129742089,46.0,1.26442480293833,47.0,2,33.19333333333331,3.996666666666666,7.323333333333334,2,81.05,35.15,69.0,3.1578947368421053,-1.0,11.674000000000001,Acadia National Park,44.409286,-68.247501
ACAD,6,0,2.0,1.2737163363080064,69.0,2.360376531567707,68.0,2,43.186666666666646,5.883333333333333,3.540000000000001,1,93.56,45.5,92.0,0.3684210526315789,1.0,14.448,Acadia National Park,44.409286,-68.247501
ACAD,7,0,1.0,2.4877233404910317,92.0,3.116994211145751,90.0,3,52.626666666666644,5.29,1.1866666666666679,0,84.74,54.86,100.0,0.3684210526315789,2.0,12.317333333333336,Acadia National Park,44.409286,-68.247501
ACAD,8,0,0.0,3.140640730124304,100.0,3.133949880394995,93.0,3,60.96999999999997,3.643333333333333,0.0,0,94.19,49.82,88.0,0.42105263157894735,7.0,8.18966666666667,Acadia National Park,44.409286,-68.247501
ACAD,9,0,0.0,3.3267787510389644,88.0,2.5459747136055038,86.0,3,65.69999999999997,1.8399999999999999,0.0,0,77.9,45.23,71.0,0.42105263157894735,2.0,4.110000000000002,Acadia National Park,44.409286,-68.247501
ACAD,10,0,0.0,2.5985991530253627,71.0,2.2360599131283867,70.0,2,65.25333333333332,2.0033333333333334,0.0,1,76.28,37.04,66.0,0.42105263157894735,1.0,4.481333333333335,Acadia National Park,44.409286,-68.247501
ACAD,11,0,1.0,2.361314353850143,66.0,0.3010015483642213,55.0,1,59.80666666666664,2.9933333333333336,0.0,0,59.27,25.88,25.0,0.2631578947368421,11.0,7.006000000000003,Acadia National Park,44.409286,-68.247501
ACAD,12,0,0.0,0.26796892570179703,25.0,0.0589488291816614,25.0,0,50.85999999999998,4.1433333333333335,0.27666666666666784,0,54.5,2.93,25.0,0.0,0.0,10.20066666666667,Acadia National Park,44.409286,-68.247501
ARCH,1,0,0.0,0.44383617198684544,39.0,0.255225107969424,39.0,0,43.49,0.6366666666666668,0.6833333333333332,0,46.4,7.88,51.0,0.5789473684210527,0.0,3.9243333333333332,Arches National Park,38.72261844,-109.5863666
ARCH,2,0,0.0,0.28959072169558325,51.0,0.46805202618573877,56.0,1,32.74666666666666,0.23000000000000023,0.58,2,69.08,19.04,52.0,1.7894736842105263,-5.0,4.185333333333334,Arches National Park,38.72261844,-109.5863666
ARCH,3,0,2.0,0.4683337115441499,52.0,1.3008956781383707,55.0,2,34.056666666666665,0.03000000000000022,2.36,8,79.52,26.69,71.0,4.684210526315789,-3.0,3.654333333333334,Arches National Park,38.72261844,-109.5863666
ARCH,4,0,8.0,1.3862009086146223,71.0,1.4240557861352936,74.0,2,39.70666666666666,0.1366666666666669,2.9299999999999997,1,84.2,27.23,66.0,3.1052631578947367,-3.0,3.3026666666666675,Arches National Park,38.72261844,-109.5863666
ARCH,5,0,1.0,1.4728509595116752,66.0,1.775335601322917,75.0,3,48.839999999999996,0.20000000000000026,3.4,5,94.01,42.26,67.0,5.684210526315789,-9.0,2.516000000000001,Arches National Park,38.72261844,-109.5863666
ARCH,6,0,5.0,1.7577893294812423,67.0,1.6407081732513211,82.0,2,57.41,0.2566666666666669,1.4166666666666667,0,102.2,53.96,60.0,6.421052631578948,-15.0,1.772333333333334,Arches National Park,38.72261844,-109.5863666
ARCH,7,0,0.0,1.5961564535000363,60.0,1.4179859209927568,74.0,2,67.7,0.2666666666666669,0.49666666666666665,361,103.1,62.78,57.0,28.68421052631579,-14.0,0.7633333333333335,Arches National Park,38.72261844,-109.5863666
ARCH,8,0,361.0,1.4375675967145636,57.0,1.305984187838701,62.0,2,76.92666666666666,0.2566666666666669,0.0,121,101.66,55.4,53.0,31.736842105263158,-5.0,1.206,Arches National Park,38.72261844,-109.5863666
ARCH,9,0,121.0,1.3653743653411274,53.0,1.3481461253557234,65.0,2,81.59333333333332,0.31666666666666693,0.0,6,92.93,47.57,58.0,17.63157894736842,-12.0,1.792666666666666,Arches National Park,38.72261844,-109.5863666
ARCH,10,0,6.0,1.293362866456989,58.0,1.233200325875048,63.0,1,78.67,0.3133333333333336,0.0,0,86.45,30.11,56.0,5.578947368421052,-5.0,1.4936666666666674,Arches National Park,38.72261844,-109.5863666
ARCH,11,0,0.0,1.4380673610601318,56.0,0.7123640981728473,54.0,1,69.17333333333333,0.9966666666666669,0.0,4,70.61,25.52,42.0,1.1578947368421053,2.0,2.0760000000000005,Arches National Park,38.72261844,-109.5863666
ARCH,12,0,4.0,0.7670292309535385,42.0,0.44383617198684544,41.0,1,57.19,1.0666666666666669,0.45,3,64.13,21.92,42.0,1.105263157894737,1.0,3.4143333333333343,Arches National Park,38.72261844,-109.5863666
BADL,1,0,0.0,0.17889246755658975,25.0,0.10475729194748172,25.0,0,41.436666666666675,0.21333333333333304,0.8633333333333345,1,53.42,-8.14,32.0,2.1578947368421053,0.0,3.2829999999999986,Badlands National Park,43.68584846,-102.482942
BADL,2,0,1.0,0.12207183792031967,32.0,0.12740221831535473,39.0,0,29.89000000000001,0.15333333333333304,2.056666666666668,2,63.77,-21.73,34.0,2.473684210526316,-7.0,4.317666666666664,Badlands National Park,43.68584846,-102.482942
BADL,3,0,2.0,0.12389764637746961,34.0,0.3158526093389038,40.0,1,24.14000000000001,0.06666666666666637,3.2333333333333343,6,77.09,13.01,42.0,5.157894736842105,-6.0,4.719333333333331,Badlands National Park,43.68584846,-102.482942
BADL,4,0,6.0,0.32696675880625276,42.0,0.4574079066341792,44.0,1,27.146666666666675,0.1699999999999997,4.2700000000000005,5,78.44,25.52,45.0,6.631578947368421,-2.0,4.625333333333332,Badlands National Park,43.68584846,-102.482942
BADL,5,0,5.0,0.5683410875910808,45.0,1.3403762287607075,49.0,2,36.06000000000001,0.8233333333333331,3.4433333333333347,2,95.36,37.04,65.0,1.9473684210526316,-4.0,5.040666666666666,Badlands National Park,43.68584846,-102.482942
BADL,6,0,2.0,1.5416930552205481,65.0,2.680250053851998,78.0,3,49.42666666666668,1.8866666666666665,2.120000000000001,0,101.84,43.97,73.0,5.105263157894737,-13.0,5.830666666666666,Badlands National Park,43.68584846,-102.482942
BADL,7,0,0.0,2.718175404018971,73.0,2.878233860846437,86.0,3,59.06000000000001,2.4166666666666665,0.3666666666666676,5,97.97,54.23,76.0,13.0,-13.0,5.9273333333333325,Badlands National Park,43.68584846,-102.482942
BADL,8,0,5.0,2.8533955135803772,76.0,2.449757053321862,76.0,2,68.03333333333335,2.643333333333333,0.0,2,97.97,55.76,62.0,11.31578947368421,0.0,5.483333333333332,Badlands National Park,43.68584846,-102.482942
BADL,9,0,2.0,2.634286244974351,62.0,1.7139930063345428,64.0,2,72.91000000000001,1.9566666666666663,0.0,4,92.66,41.0,50.0,13.578947368421053,-2.0,4.2043333333333335,Badlands National Park,43.68584846,-102.482942
BADL,10,0,4.0,1.7581432605030742,50.0,0.8812282899056203,57.0,1,72.11333333333334,1.7833333333333332,0.0,4,92.48,24.08,39.0,11.31578947368421,-7.0,3.778000000000001,Badlands National Park,43.68584846,-102.482942
BADL,11,0,4.0,0.9243002142471103,39.0,0.2804515312670504,35.0,1,64.83,1.1199999999999997,0.0,0,74.12,-1.75,28.0,7.0,4.0,2.7569999999999997,Badlands National Park,43.68584846,-102.482942
BADL,12,0,0.0,0.23024792556944457,28.0,0.17889246755658975,25.0,1,53.77666666666668,0.7899999999999997,0.6166666666666676,1,65.03,4.01,24.0,6.578947368421052,3.0,3.202333333333332,Badlands National Park,43.68584846,-102.482942
BIBE,1,0,1.0,1.8889158645711734,74.0,1.1555311050196126,74.0,2,63.27000000000001,0.18333333333333335,0.0,0,73.4,14.63,70.0,1.894736842105263,0.0,1.0396666666666659,Big Bend National Park,29.29817767,-103.2297897
BIBE,2,0,0.0,1.3981475548685378,70.0,1.3782029590265528,76.0,2,53.823333333333345,0.18333333333333335,0.38666666666666666,2,84.56,19.4,78.0,3.4210526315789473,-6.0,1.9843333333333324,Big Bend National Park,29.29817767,-103.2297897
BIBE,3,0,2.0,1.4901951459790437,78.0,2.8622920341755753,85.0,3,52.51666666666667,0.08666666666666667,0.38666666666666666,3,85.1,35.96,87.0,5.157894736842105,-7.0,1.9216666666666662,Big Bend National Park,29.29817767,-103.2297897
BIBE,4,0,3.0,3.050495974338284,87.0,2.2124805524797715,87.0,3,55.046666666666674,0.16,0.38666666666666666,3,93.47,31.46,63.0,2.6315789473684212,0.0,1.8153333333333328,Big Bend National Park,29.29817767,-103.2297897
BIBE,5,0,3.0,1.8333049671519621,63.0,1.0866238103724113,78.0,2,63.88333333333335,0.2866666666666667,0.0,0,97.52,50.81,64.0,1.5789473684210527,-15.0,1.1849999999999987,Big Bend National Park,29.29817767,-103.2297897
BIBE,6,0,0.0,1.1705965508058331,64.0,0.57077495740067,71.0,0,69.54,0.73,0.0,0,100.76,61.52,53.0,0.5263157894736842,-7.0,1.5059999999999993,Big Bend National Park,29.29817767,-103.2297897
BIBE,7,0,0.0,0.7029400045252403,53.0,0.46842693839466104,54.0,0,75.02333333333334,1.2566666666666666,0.0,0,94.46,63.05,55.0,1.0,-1.0,3.015666666666667,Big Bend National Park,29.29817767,-103.2297897
BIBE,8,0,0.0,0.612233466354038,55.0,0.44913860250169696,51.0,0,77.46333333333334,2.12,0.0,0,96.44,64.76,65.0,0.15789473684210525,4.0,4.986333333333334,Big Bend National Park,29.29817767,-103.2297897
BIBE,9,0,0.0,0.56581020822112,65.0,0.6819967522390928,56.0,1,78.88333333333334,2.0833333333333335,0.0,0,93.11,60.71,60.0,1.631578947368421,9.0,5.0550000000000015,Big Bend National Park,29.29817767,-103.2297897
BIBE,10,0,0.0,0.6787725185765117,60.0,1.4032835022956585,77.0,2,76.76666666666667,1.8533333333333335,0.0,0,87.98,41.99,68.0,0.05263157894736842,-17.0,4.383333333333334,Big Bend National Park,29.29817767,-103.2297897
BIBE,11,0,0.0,1.3428790539444677,68.0,1.8624372022802407,73.0,3,74.31,0.89,0.0,0,82.67,37.58,78.0,0.10526315789473684,-5.0,2.2110000000000003,Big Bend National Park,29.29817767,-103.2297897
BIBE,12,0,0.0,1.5915445085408904,78.0,1.8889158645711734,78.0,3,68.87333333333335,0.82,0.0,0,77.99,32.63,84.0,0.3157894736842105,0.0,1.752666666666665,Big Bend National Park,29.29817767,-103.2297897
BISC,1,0,0.0,0.7466835464001139,99.0,0.7141965152348916,99.0,1,75.30666666666666,4.670000000000001,0.0,11,79.93,48.16,88.0,7.842105263157895,0.0,9.870666666666667,Biscayne National Park,25.490587,-80.21023851
BISC,2,0,11.0,0.7216536631653275,88.0,0.8432209448349113,97.0,1,71.15666666666667,2.2600000000000002,0.0,1,83.35,59.32,100.0,12.052631578947368,-9.0,4.635666666666667,Biscayne National Park,25.490587,-80.21023851
BISC,3,0,1.0,0.9042298771479641,100.0,1.0545894097392914,99.0,1,70.37333333333333,2.216666666666667,0.0,42,85.42,52.93,91.0,17.68421052631579,1.0,4.470666666666667,Biscayne National Park,25.490587,-80.21023851
BISC,4,0,42.0,1.1765171577740925,91.0,0.9429800114088396,82.0,1,70.73666666666666,1.5766666666666669,0.0,21,83.53,60.58,80.0,21.210526315789473,9.0,3.2270000000000003,Biscayne National Park,25.490587,-80.21023851
BISC,5,0,21.0,1.0364309165914625,80.0,1.1627293193045254,80.0,2,73.93333333333334,1.9333333333333336,0.0,4,91.27,69.76,90.0,40.31578947368421,0.0,4.260000000000001,Biscayne National Park,25.490587,-80.21023851
BISC,6,0,4.0,1.2095448884871411,90.0,1.0635560105740753,91.0,1,76.42,3.0400000000000005,0.0,4,89.92,72.01,71.0,26.157894736842106,-1.0,6.722000000000001,Biscayne National Park,25.490587,-80.21023851
BISC,7,0,4.0,1.0239722978436345,71.0,1.3180227352697664,58.0,2,79.78333333333333,4.993333333333333,0.0,11,91.99,73.0,75.0,4.2105263157894735,13.0,10.965,Biscayne National Park,25.490587,-80.21023851
BISC,8,0,11.0,1.066710091269728,75.0,0.9090060564870952,66.0,1,81.91666666666667,5.966666666666666,0.0,111,93.52,74.89,62.0,16.473684210526315,9.0,13.124999999999998,Biscayne National Park,25.490587,-80.21023851
BISC,9,0,111.0,1.0324207282784184,62.0,1.1206899294610406,49.0,1,82.70333333333333,6.1866666666666665,0.0,1,92.8,72.73,54.0,2.8947368421052633,13.0,13.643666666666666,Biscayne National Park,25.490587,-80.21023851
BISC,10,0,1.0,0.6410443722435761,54.0,0.932616603408838,54.0,1,82.03333333333335,6.776666666666666,0.0,0,90.55,64.45,61.0,2.1578947368421053,0.0,14.756666666666668,Biscayne National Park,25.490587,-80.21023851
BISC,11,0,0.0,0.5039094494261639,61.0,0.7314313133218507,54.0,1,80.77333333333333,7.293333333333333,0.0,3,86.23,50.41,70.0,1.4736842105263157,7.0,15.663999999999998,Biscayne National Park,25.490587,-80.21023851
BISC,12,0,3.0,0.7821444250783802,70.0,0.7466835464001139,71.0,1,77.44333333333333,5.756666666666667,0.0,7,84.16,46.18,99.0,2.9473684210526314,-1.0,12.257666666666667,Biscayne National Park,25.490587,-80.21023851
BLCA,1,0,2.0,0.26449163989599256,36.0,0.3278319167113132,36.0,1,38.75000000000001,0.7266666666666662,5.660000000000001,0,49.42,-12.14,51.0,0.3684210526315789,0.0,4.578333333333332,Black Canyon Of The Gunnison National Park,38.57779869,-107.7242756
BLCA,2,0,0.0,0.42470528125239176,51.0,0.3113247708547516,46.0,1,27.376666666666676,0.09333333333333305,5.823333333333334,15,60.12,4.59,51.0,4.894736842105263,5.0,4.448999999999998,Black Canyon Of The Gunnison National Park,38.57779869,-107.7242756
BLCA,3,0,15.0,0.35740328943149635,51.0,0.44253299877747826,50.0,1,28.35000000000001,0.0066666666666663705,4.830000000000001,24,67.96,10.9,63.0,14.263157894736842,1.0,4.178333333333332,Black Canyon Of The Gunnison National Park,38.57779869,-107.7242756
BLCA,4,0,24.0,0.5075239901784551,63.0,0.4970065801041315,60.0,1,31.033333333333342,0.05333333333333304,6.420000000000002,1,75.79,17.91,61.0,9.894736842105264,3.0,4.003333333333332,Black Canyon Of The Gunnison National Park,38.57779869,-107.7242756
BLCA,5,0,1.0,0.5668082254404491,61.0,1.616285395726759,49.0,2,39.81666666666668,0.11666666666666636,7.973333333333334,1,85.69,32.13,93.0,7.578947368421052,12.0,3.251666666666665,Black Canyon Of The Gunnison National Park,38.57779869,-107.7242756
BLCA,6,0,1.0,1.9767071346863125,93.0,2.698871184273944,82.0,3,47.24000000000001,0.5133333333333331,6.146666666666668,0,92.08,44.92,67.0,8.31578947368421,11.0,3.3026666666666653,Black Canyon Of The Gunnison National Park,38.57779869,-107.7242756
BLCA,7,0,0.0,2.594404532638847,67.0,2.51083121133077,83.0,3,57.613333333333344,1.0566666666666664,3.060000000000001,280,93.52,50.76,100.0,24.842105263157894,-16.0,3.3519999999999985,Black Canyon Of The Gunnison National Park,38.57779869,-107.7242756
BLCA,8,0,280.0,1.09503689285042,100.0,2.4443309951657644,89.0,3,66.22333333333334,1.1933333333333331,0.49666666666666787,119,93.78,48.25,57.0,30.210526315789473,11.0,2.764333333333332,Black Canyon Of The Gunnison National Park,38.57779869,-107.7242756
BLCA,9,0,119.0,0.7528201776069603,57.0,2.5781803664255407,65.0,3,71.44000000000001,1.2533333333333332,0.0,0,84.34,40.5,55.0,13.473684210526315,-8.0,2.6506666666666674,Black Canyon Of The Gunnison National Park,38.57779869,-107.7242756
BLCA,10,0,0.0,1.7506535629991704,55.0,1.6044474139839107,61.0,2,68.73666666666668,1.1866666666666663,0.0,0,78.04,26.82,39.0,8.578947368421053,-6.0,2.499666666666665,Black Canyon Of The Gunnison National Park,38.57779869,-107.7242756
BLCA,11,0,0.0,1.0917354636791077,39.0,0.5442170172538977,47.0,1,61.45333333333335,1.8666666666666665,0.12000000000000118,11,68.22,26.92,32.0,4.473684210526316,-8.0,4.587999999999998,Black Canyon Of The Gunnison National Park,38.57779869,-107.7242756
BLCA,12,0,11.0,0.48516859836128307,32.0,0.26449163989599256,34.0,0,51.71000000000001,1.4766666666666666,0.7366666666666678,4,58.5,10.36,48.0,2.6315789473684212,-2.0,4.782333333333332,Black Canyon Of The Gunnison National Park,38.57779869,-107.7242756
BRCA,1,0,0.0,0.42841501144712474,47.0,0.21272985104726988,47.0,0,37.483333333333306,0.2333333333333333,2.14,0,46.28,5.96,56.0,5.052631578947368,0.0,3.7183333333333364,Bryce Canyon National Park,37.58399144,-112.1826689
BRCA,2,0,0.0,0.26002790627334166,56.0,0.2596806082784702,62.0,1,28.08999999999997,0.06,1.8633333333333333,6,53.48,5.33,62.0,3.9473684210526314,-6.0,4.311000000000003,Bryce Canyon National Park,37.58399144,-112.1826689
BRCA,3,0,6.0,0.29494118394645197,62.0,0.6784499093774684,67.0,1,28.363333333333305,0.0,3.3066666666666666,1,60.5,9.47,74.0,4.578947368421052,-5.0,4.16366666666667,Bryce Canyon National Park,37.58399144,-112.1826689
BRCA,4,0,1.0,0.7008932231969884,74.0,1.505812025046497,79.0,2,29.02333333333331,0.03333333333333333,6.253333333333333,17,67.25,19.1,76.0,8.421052631578947,-5.0,4.164333333333335,Bryce Canyon National Park,37.58399144,-112.1826689
BRCA,5,0,17.0,1.3065874790450756,76.0,2.209437762655964,80.0,3,34.729999999999976,0.18000000000000002,8.13,0,79.85,28.19,84.0,12.421052631578947,-4.0,3.8870000000000027,Bryce Canyon National Park,37.58399144,-112.1826689
BRCA,6,0,0.0,1.588436183864111,84.0,2.277534380820184,90.0,3,41.35666666666664,0.5966666666666667,6.743333333333333,443,83.54,40.52,69.0,109.63157894736842,-6.0,4.05766666666667,Bryce Canyon National Park,37.58399144,-112.1826689
BRCA,7,0,443.0,1.6359832451997134,69.0,2.093879269456771,74.0,2,51.39999999999998,1.3366666666666667,3.4,379,87.32,47.36,66.0,70.63157894736842,-5.0,4.533333333333336,Bryce Canyon National Park,37.58399144,-112.1826689
BRCA,8,0,379.0,1.5360662673544456,66.0,1.9676724886789736,61.0,2,60.2233333333333,1.5533333333333335,1.1666666666666667,81,85.79,46.55,63.0,27.0,5.0,4.084333333333337,Bryce Canyon National Park,37.58399144,-112.1826689
BRCA,9,0,81.0,1.5102613710562645,63.0,2.4030334600235266,59.0,3,65.2233333333333,1.8166666666666667,0.0,0,78.14,40.43,71.0,29.473684210526315,4.0,4.111000000000003,Bryce Canyon National Park,37.58399144,-112.1826689
BRCA,10,0,0.0,1.7368045083901178,71.0,1.7888336796972681,63.0,2,63.05333333333331,1.5600000000000003,0.0,3,66.8,24.23,62.0,21.157894736842106,8.0,3.8146666666666693,Bryce Canyon National Park,37.58399144,-112.1826689
BRCA,11,0,3.0,1.3252891484292828,62.0,0.543888318345689,54.0,1,55.989999999999974,1.7300000000000002,0.3133333333333333,6,61.22,20.0,52.0,32.36842105263158,8.0,4.861000000000003,Bryce Canyon National Park,37.58399144,-112.1826689
BRCA,12,0,6.0,0.5718163193672349,52.0,0.42841501144712474,44.0,1,46.773333333333305,1.2066666666666668,3.4466666666666668,3,56.18,13.25,48.0,5.894736842105263,8.0,4.736000000000003,Bryce Canyon National Park,37.58399144,-112.1826689
CANY,1,0,0.0,0.3849022824094032,37.0,0.11616904196934186,37.0,0,45.85999999999999,0.5600000000000002,0.44999999999999946,0,50.18,9.23,57.0,1.0,0.0,3.5340000000000016,Canyonlands National Park,38.24555783,-109.8801624
CANY,2,0,0.0,0.189937822542772,57.0,0.34229097898844396,50.0,1,34.919999999999995,0.1566666666666669,0.5799999999999994,1,67.73,19.85,52.0,2.1578947368421053,7.0,3.821333333333335,Canyonlands National Park,38.24555783,-109.8801624
CANY,3,0,1.0,0.31921065570370105,52.0,1.5162602074119003,54.0,2,36.12,0.04333333333333356,1.2966666666666662,0,78.44,27.41,74.0,3.1052631578947367,-2.0,3.4746666666666677,Canyonlands National Park,38.24555783,-109.8801624
CANY,4,0,0.0,1.593693444965701,74.0,2.057448702188316,83.0,3,40.87666666666666,0.10333333333333355,1.5366666666666662,2,84.74,28.22,67.0,2.526315789473684,-9.0,3.1190000000000015,Canyonlands National Park,38.24555783,-109.8801624
CANY,5,0,2.0,2.0727012849076596,67.0,2.302487678907132,85.0,3,49.776666666666664,0.2533333333333336,1.7199999999999995,0,95.81,39.83,74.0,4.105263157894737,-18.0,2.529000000000001,Canyonlands National Park,38.24555783,-109.8801624
CANY,6,0,0.0,2.315073457855421,74.0,1.6994446851531515,90.0,2,57.63999999999999,0.4066666666666669,0.8099999999999993,0,101.48,55.31,64.0,5.105263157894737,-16.0,2.0493333333333346,Canyonlands National Park,38.24555783,-109.8801624
CANY,7,0,0.0,1.6719516649810513,64.0,1.3543526029231676,77.0,2,67.73333333333333,0.4033333333333336,0.31333333333333274,134,101.12,61.16,56.0,9.578947368421053,-13.0,1.0333333333333337,Canyonlands National Park,38.24555783,-109.8801624
CANY,8,0,134.0,1.273696178077732,56.0,1.2544721681597666,71.0,2,76.67,0.2633333333333336,0.0,0,100.94,61.16,50.0,2.6842105263157894,-15.0,1.1936666666666675,Canyonlands National Park,38.24555783,-109.8801624
CANY,9,0,0.0,1.1708227836863843,50.0,2.0283632740090387,63.0,3,81.57333333333334,0.1066666666666669,0.0,3,92.66,50.27,64.0,3.263157894736842,-13.0,1.3706666666666676,Canyonlands National Park,38.24555783,-109.8801624
CANY,10,0,3.0,1.9376919457931658,64.0,1.8500327628438806,69.0,3,78.70666666666666,0.11000000000000021,0.0,1,85.91,34.34,52.0,5.894736842105263,-5.0,1.090666666666667,Canyonlands National Park,38.24555783,-109.8801624
CANY,11,0,1.0,1.6798177768237317,52.0,0.7970673573272185,60.0,1,70.01333333333334,0.5233333333333335,0.0,17,72.05,30.56,41.0,1.7894736842105263,-8.0,1.0480000000000007,Canyonlands National Park,38.24555783,-109.8801624
CANY,12,0,17.0,0.6540384212609189,41.0,0.3849022824094032,42.0,1,58.55333333333332,0.7400000000000002,0.10999999999999942,3,66.2,24.35,39.0,0.6842105263157895,-1.0,2.6246666666666685,Canyonlands National Park,38.24555783,-109.8801624
CARE,1,0,0.0,0.5384120215666578,39.0,0.2520346870579553,39.0,0,42.876666666666665,0.32000000000000056,0.506666666666666,0,48.69,7.83,47.0,1.0,0.0,3.3523333333333345,Capitol Reef National Park,38.2821653131,-111.247048378
CARE,2,0,0.0,0.2091309784948441,47.0,0.24970991615244267,47.0,0,32.56,0.10000000000000059,0.6166666666666661,4,64.17,15.75,55.0,1.4736842105263157,0.0,3.944000000000001,Capitol Reef National Park,38.2821653131,-111.247048378
CARE,3,0,4.0,0.24841837676049122,55.0,1.091818200455114,52.0,1,33.39333333333334,0.006666666666667259,0.5599999999999994,1,75.78,25.83,80.0,3.6842105263157894,3.0,3.674000000000001,Capitol Reef National Park,38.2821653131,-111.247048378
CARE,4,0,1.0,1.2897681379282069,80.0,1.967112896943357,72.0,3,37.46,0.11333333333333394,0.6133333333333327,19,82.17,26.19,76.0,8.31578947368421,8.0,3.480666666666668,Capitol Reef National Park,38.2821653131,-111.247048378
CARE,5,0,19.0,1.9262264499067223,76.0,2.6015785481457185,82.0,3,45.39666666666667,0.21666666666666726,1.7699999999999994,31,91.17,38.34,87.0,8.526315789473685,-6.0,2.8936666666666677,Capitol Reef National Park,38.2821653131,-111.247048378
CARE,6,0,31.0,2.7207076815842886,87.0,1.942007831238853,79.0,3,53.276666666666664,0.4500000000000006,1.576666666666666,4,97.65,50.49,64.0,16.105263157894736,8.0,2.5723333333333347,Capitol Reef National Park,38.2821653131,-111.247048378
CARE,7,0,4.0,2.0565366243670433,64.0,1.563599089772238,66.0,2,63.086666666666666,0.41333333333333394,1.476666666666666,772,99.09,54.36,63.0,55.89473684210526,-2.0,1.5180000000000013,Capitol Reef National Park,38.2821653131,-111.247048378
CARE,8,0,772.0,1.5041759773673098,63.0,1.4062034892064208,55.0,2,71.78333333333335,0.35333333333333394,0.026666666666666075,262,98.28,52.92,64.0,20.31578947368421,8.0,0.8850000000000025,Capitol Reef National Park,38.2821653131,-111.247048378
CARE,9,0,262.0,1.3549970274093361,64.0,2.4763853297525578,56.0,3,76.38,0.21333333333333393,0.0,0,89.46,47.07,60.0,5.526315789473684,8.0,1.0646666666666675,Capitol Reef National Park,38.2821653131,-111.247048378
CARE,10,0,0.0,2.2432686196929006,60.0,2.4245884499477235,59.0,3,73.59666666666668,0.28333333333333394,0.0,1,80.37,32.94,65.0,7.0,1.0,0.9263333333333357,Capitol Reef National Park,38.2821653131,-111.247048378
CARE,11,0,1.0,2.2355562844666763,65.0,0.9837102031611965,62.0,1,65.46333333333334,0.503333333333334,0.0,3,69.75,27.99,42.0,16.473684210526315,3.0,1.4603333333333341,Capitol Reef National Park,38.2821653131,-111.247048378
CARE,12,0,3.0,0.8058221775764162,42.0,0.5384120215666578,42.0,1,54.84666666666667,0.6733333333333339,0.09333333333333275,0,59.67,22.05,42.0,0.47368421052631576,0.0,2.862000000000001,Capitol Reef National Park,38.2821653131,-111.247048378
CAVE,1,0,0.0,0.9767540580192078,88.0,0.5813282031801414,88.0,0,55.529999999999994,0.316666666666666,0.42333333333333334,0,69.48,7.47,80.0,3.1578947368421053,0.0,2.080333333333333,Carlsbad Caverns National Park,32.14089463,-104.5529688
CAVE,2,0,0.0,0.6998763377504336,80.0,0.636591686808183,77.0,1,45.23333333333332,0.286666666666666,1.1300000000000001,1,78.21,12.42,89.0,6.7368421052631575,3.0,3.0500000000000003,Carlsbad Caverns National Park,32.14089463,-104.5529688
CAVE,3,0,1.0,0.6588858136079694,89.0,1.593351805713297,85.0,2,44.54666666666666,0.05333333333333267,1.1300000000000001,1,79.2,29.61,100.0,9.473684210526315,4.0,2.6519999999999992,Carlsbad Caverns National Park,32.14089463,-104.5529688
CAVE,4,0,1.0,1.6191551932130495,100.0,1.4786668068715392,96.0,2,47.06999999999999,0.023333333333332668,0.7166666666666667,0,87.93,24.93,69.0,18.57894736842105,4.0,2.339666666666666,Carlsbad Caverns National Park,32.14089463,-104.5529688
CAVE,5,0,0.0,0.9902307986905072,69.0,1.134110487389128,92.0,2,55.73333333333332,0.3799999999999994,1.2866666666666666,1,95.13,41.67,81.0,12.68421052631579,-23.0,2.186666666666667,Carlsbad Caverns National Park,32.14089463,-104.5529688
CAVE,6,0,1.0,1.0134980818188555,81.0,1.537380572028119,96.0,2,61.50999999999999,0.6599999999999994,1.2866666666666666,0,102.06,54.99,76.0,21.68421052631579,-15.0,2.1689999999999996,Carlsbad Caverns National Park,32.14089463,-104.5529688
CAVE,7,0,0.0,1.4844172760857697,76.0,1.6097480153702826,69.0,2,68.15999999999998,1.7799999999999994,1.2766666666666666,3,91.8,57.78,72.0,7.473684210526316,7.0,3.7440000000000007,Carlsbad Caverns National Park,32.14089463,-104.5529688
CAVE,8,0,3.0,1.5213677269854156,72.0,1.2561973722451003,81.0,2,72.06666666666665,2.1433333333333326,0.0,1,96.75,59.22,63.0,3.8947368421052633,-9.0,4.4933333333333305,Carlsbad Caverns National Park,32.14089463,-104.5529688
CAVE,9,0,1.0,1.076133961875398,63.0,0.8135881802636291,65.0,1,74.87666666666665,2.4333333333333327,0.0,2,90.0,53.28,66.0,3.8947368421052633,-2.0,5.35433333333333,Carlsbad Caverns National Park,32.14089463,-104.5529688
CAVE,10,0,2.0,0.9697355366192751,66.0,1.057319606189864,85.0,1,72.67999999999999,1.7633333333333328,0.0,4,83.79,33.66,76.0,2.5789473684210527,-19.0,3.794666666666665,Carlsbad Caverns National Park,32.14089463,-104.5529688
CAVE,11,0,4.0,0.0,76.0,0.9041506979913324,75.0,1,69.43999999999998,1.4099999999999995,0.0,5,80.91,28.53,75.0,2.5789473684210527,1.0,2.876000000000001,Carlsbad Caverns National Park,32.14089463,-104.5529688
CAVE,12,0,5.0,0.8894353947200448,75.0,0.9767540580192078,66.0,1,62.83666666666665,0.8966666666666662,0.0,1,75.6,23.76,87.0,2.5789473684210527,9.0,2.509666666666667,Carlsbad Caverns National Park,32.14089463,-104.5529688
CHIS,1,0,0.0,0.5811133589000548,71.0,0.6654729292983572,71.0,0,59.58333333333334,0.1099999999999997,0.0,5,67.11,50.37,68.0,3.8421052631578947,0.0,1.2616666666666652,Channel Islands National Park,33.98680093,-119.9112735
CHIS,2,0,5.0,0.5369826123133388,68.0,0.5809182627612983,80.0,0,57.400000000000006,0.17333333333333303,0.0,6,67.11,50.1,81.0,6.947368421052632,-12.0,1.6066666666666656,Channel Islands National Park,33.98680093,-119.9112735
CHIS,3,0,6.0,0.5090448452434106,81.0,0.9001345649946527,73.0,1,56.660000000000004,0.7166666666666665,0.0,6,62.88,47.94,89.0,3.0526315789473686,8.0,2.7673333333333323,Channel Islands National Park,33.98680093,-119.9112735
CHIS,4,0,6.0,0.7932999194116037,89.0,0.8615835679763721,78.0,1,55.63666666666668,1.543333333333333,0.0,17,60.9,50.37,83.0,2.3684210526315788,11.0,4.522999999999998,Channel Islands National Park,33.98680093,-119.9112735
CHIS,5,0,17.0,0.8552234338529108,83.0,0.9120354294587981,83.0,1,55.13000000000002,1.5299999999999996,0.0,0,68.28,52.44,99.0,14.263157894736842,0.0,4.546999999999997,Channel Islands National Park,33.98680093,-119.9112735
CHIS,6,0,0.0,0.9047388338693058,99.0,1.0215233825289354,87.0,1,55.413333333333334,0.9199999999999995,0.0,3,66.57,53.16,100.0,9.473684210526315,12.0,3.2986666666666657,Channel Islands National Park,33.98680093,-119.9112735
CHIS,7,0,3.0,1.026088632175837,100.0,1.280454977886537,86.0,2,56.95666666666668,0.0699999999999997,0.0,3,65.67,53.97,97.0,88.21052631578948,14.0,1.4443333333333317,Channel Islands National Park,33.98680093,-119.9112735
CHIS,8,0,3.0,1.1272654897349481,97.0,1.0293272280791945,74.0,1,58.56666666666667,0.019999999999999702,0.0,0,74.85,55.95,82.0,172.73684210526315,23.0,1.1833333333333325,Channel Islands National Park,33.98680093,-119.9112735
CHIS,9,0,0.0,0.9309987741459281,82.0,0.7901783811915,76.0,1,60.41666666666668,0.0066666666666663705,0.0,0,75.57,62.25,76.0,10.736842105263158,6.0,0.9716666666666649,Channel Islands National Park,33.98680093,-119.9112735
CHIS,10,0,0.0,0.7264990015013846,76.0,0.9245215823392129,73.0,1,62.88000000000002,0.49666666666666637,0.0,0,71.43,58.56,63.0,11.526315789473685,3.0,1.7053333333333311,Channel Islands National Park,33.98680093,-119.9112735
CHIS,11,0,0.0,0.41844219840490077,63.0,0.6984441767482026,59.0,0,64.34333333333335,0.723333333333333,0.0,4,71.79,55.05,70.0,21.894736842105264,4.0,2.0123333333333315,Channel Islands National Park,33.98680093,-119.9112735
CHIS,12,0,4.0,0.4866087892864153,70.0,0.5811133589000548,62.0,0,64.00666666666667,2.3833333333333333,0.0,12,72.42,55.68,75.0,105.78947368421052,8.0,5.365999999999999,Channel Islands National Park,33.98680093,-119.9112735
CONG,1,0,33.0,1.1571340540386637,48.0,1.0490174079690657,48.0,2,57.34999999999999,1.9633333333333347,0.0,65,77.45,17.24,53.0,65.42105263157895,0.0,5.191666666666671,Congaree National Park,33.79187523,-80.74867805
CONG,2,0,65.0,1.1691899488112565,53.0,1.3019593540632717,60.0,2,49.29999999999998,2.550000000000001,0.7799999999999998,131,79.52,22.91,58.0,120.73684210526316,-7.0,7.1700000000000035,Congaree National Park,33.79187523,-80.74867805
CONG,3,0,131.0,1.3806317955921144,58.0,2.6269485583972654,64.0,3,47.139999999999986,1.816666666666668,0.7799999999999998,134,81.32,32.0,84.0,294.3157894736842,-6.0,5.919333333333338,Congaree National Park,33.79187523,-80.74867805
CONG,4,0,134.0,2.580502450972084,84.0,1.807302276614452,100.0,3,50.96333333333332,2.8166666666666678,0.7799999999999998,84,86.09,40.64,75.0,91.57894736842105,-16.0,7.537000000000004,Congaree National Park,33.79187523,-80.74867805
CONG,5,0,84.0,2.5686784003297336,75.0,2.5701467464879344,86.0,3,59.779999999999994,3.4200000000000013,0.0,26,89.96,51.8,81.0,37.421052631578945,-11.0,7.862000000000004,Congaree National Park,33.79187523,-80.74867805
CONG,6,0,26.0,2.6242437102111067,81.0,1.5493370410316656,92.0,3,65.99999999999999,5.090000000000001,0.0,38,98.6,61.79,64.0,35.89473684210526,-11.0,10.580000000000004,Congaree National Park,33.79187523,-80.74867805
CONG,7,0,38.0,1.9225288093448099,64.0,1.26293225880584,61.0,2,72.63666666666666,4.526666666666668,0.0,35,100.76,69.89,61.0,24.57894736842105,3.0,9.317000000000002,Congaree National Park,33.79187523,-80.74867805
CONG,8,0,35.0,1.7491093999236675,61.0,0.9384277578435513,61.0,2,77.50666666666666,5.106666666666668,0.0,3,94.46,62.24,55.0,19.0,0.0,10.964000000000002,Congaree National Park,33.79187523,-80.74867805
CONG,9,0,3.0,1.5628612819624588,55.0,0.9856466790362063,55.0,2,79.07333333333332,4.680000000000001,0.0,27,93.74,57.92,47.0,27.05263157894737,0.0,10.267333333333333,Congaree National Park,33.79187523,-80.74867805
CONG,10,0,27.0,1.5020408384622632,47.0,1.6468661384868712,52.0,3,77.31666666666665,3.993333333333334,0.0,29,83.66,43.88,55.0,52.10526315789474,-5.0,8.718333333333334,Congaree National Park,33.79187523,-80.74867805
CONG,11,0,29.0,1.7522006549935631,55.0,1.8101616875541053,51.0,3,70.99999999999999,3.970000000000001,0.0,35,79.88,28.94,46.0,45.21052631578947,4.0,8.040000000000001,Congaree National Park,33.79187523,-80.74867805
CONG,12,0,35.0,1.8624038982353408,46.0,1.1571340540386637,45.0,2,64.24999999999999,2.2733333333333348,0.0,23,77.36,19.4,55.0,32.526315789473685,1.0,5.121666666666671,Congaree National Park,33.79187523,-80.74867805
CRLA,1,0,43.0,0.10605920630604021,30.0,0.0987272411947735,30.0,0,36.16333333333332,1.8600000000000003,59.51666666666667,12,49.28,10.22,39.0,6.157894736842105,0.0,7.103666666666669,Crater Lake National Park,42.94065854,-122.1338414
CRLA,2,0,12.0,0.10506324572734213,39.0,0.11239521083860884,44.0,0,31.02999999999999,1.9833333333333336,64.36666666666666,2,53.15,4.91,45.0,4.842105263157895,-5.0,7.863666666666669,Crater Lake National Park,42.94065854,-122.1338414
CRLA,3,0,2.0,0.06484339086842818,45.0,0.15420436449331762,40.0,0,29.50333333333332,2.006666666666667,63.22666666666667,5,56.03,15.44,45.0,3.789473684210526,5.0,8.063000000000002,Crater Lake National Park,42.94065854,-122.1338414
CRLA,4,0,5.0,0.1193669348894954,45.0,0.2784875303244716,41.0,1,28.799999999999994,1.5466666666666669,62.52,27,56.57,14.81,66.0,23.157894736842106,4.0,7.213333333333334,Crater Lake National Park,42.94065854,-122.1338414
CRLA,5,0,27.0,0.3142997298563813,66.0,0.6718707682596026,49.0,1,30.859999999999996,1.2266666666666668,54.42666666666668,35,70.79,23.81,74.0,35.63157894736842,17.0,6.367333333333334,Crater Lake National Park,42.94065854,-122.1338414
CRLA,6,0,35.0,0.6764479487914916,74.0,1.4051732326393271,66.0,2,36.03999999999999,0.6333333333333336,32.65666666666667,10,80.42,30.02,93.0,7.947368421052632,8.0,4.662666666666668,Crater Lake National Park,42.94065854,-122.1338414
CRLA,7,0,10.0,1.5538468373232788,93.0,3.2463229109410863,79.0,3,42.97666666666666,0.47000000000000036,5.363333333333338,81,81.86,42.35,100.0,265.6842105263158,14.0,3.642333333333335,Crater Lake National Park,42.94065854,-122.1338414
CRLA,8,0,81.0,3.7907107251273344,100.0,1.9779988999449973,83.0,2,51.08333333333332,0.5300000000000002,2.5900000000000047,479,82.76,44.15,84.0,284.7894736842105,17.0,2.9516666666666684,Crater Lake National Park,42.94065854,-122.1338414
CRLA,9,0,479.0,4.019781658227893,84.0,1.6032422438965814,64.0,2,57.43666666666666,0.6500000000000002,1.4133333333333382,148,79.43,37.58,53.0,415.05263157894734,20.0,2.5563333333333347,Crater Lake National Park,42.94065854,-122.1338414
CRLA,10,0,148.0,2.277698271530677,53.0,0.8921899626579842,56.0,1,59.21666666666666,1.5866666666666671,0.0,33,61.79,22.91,37.0,78.89473684210526,-3.0,4.251666666666668,Crater Lake National Park,42.94065854,-122.1338414
CRLA,11,0,33.0,0.24203961127424403,37.0,0.15337792911950432,39.0,0,52.533333333333324,1.946666666666667,6.476666666666671,73,60.71,25.34,26.0,92.94736842105263,-2.0,5.6400000000000015,Crater Lake National Park,42.94065854,-122.1338414
CRLA,12,0,73.0,0.1351963508956117,26.0,0.10605920630604021,32.0,0,45.133333333333326,2.643333333333334,9.500000000000005,81,57.47,19.13,31.0,40.05263157894737,-6.0,7.773333333333335,Crater Lake National Park,42.94065854,-122.1338414
CUVA,1,0,0.0,0.6311294582017541,41.0,0.40500103694361567,41.0,0,44.71,3.2133333333333325,2.2133333333333334,0,42.17,-12.01,41.0,1.1578947368421053,0.0,8.955666666666666,Cuyahoga Valley National Park,41.26093905,-81.57116722
CUVA,2,0,0.0,0.6160068317970843,41.0,0.48835802975614157,47.0,0,33.24,2.6133333333333324,5.456666666666667,1,54.05,3.65,46.0,3.8947368421052633,-6.0,8.902666666666665,Cuyahoga Valley National Park,41.26093905,-81.57116722
CUVA,3,0,1.0,0.5068433748657889,46.0,1.0270703701773878,52.0,1,27.076666666666664,2.199999999999999,7.340000000000001,7,72.5,18.05,60.0,17.68421052631579,-6.0,8.69233333333333,Cuyahoga Valley National Park,41.26093905,-81.57116722
CUVA,4,0,7.0,0.9513563565928892,60.0,1.3492908803721881,69.0,2,30.536666666666665,2.0866666666666656,6.3566666666666665,17,78.8,24.71,65.0,25.94736842105263,-9.0,8.119666666666665,Cuyahoga Valley National Park,41.26093905,-81.57116722
CUVA,5,0,17.0,1.0543372149908905,65.0,1.4968517810304613,81.0,3,40.00666666666667,3.4933333333333323,3.2066666666666666,9,82.31,40.55,99.0,29.05263157894737,-16.0,9.985999999999997,Cuyahoga Valley National Park,41.26093905,-81.57116722
CUVA,6,0,9.0,1.3657201631879348,99.0,1.7029383988069344,87.0,3,49.81666666666666,5.1099999999999985,0.8999999999999999,35,92.3,41.54,93.0,33.31578947368421,12.0,12.238333333333332,Cuyahoga Valley National Park,41.26093905,-81.57116722
CUVA,7,0,35.0,1.5377712637861722,93.0,1.9210107068247197,96.0,3,59.330000000000005,5.879999999999999,0.22999999999999998,42,91.76,55.13,99.0,44.73684210526316,-3.0,12.826999999999998,Cuyahoga Valley National Park,41.26093905,-81.57116722
CUVA,8,0,42.0,1.7610750013321297,99.0,1.4420442700231937,100.0,2,67.65666666666668,6.053333333333332,0.0,37,90.23,48.65,94.0,46.36842105263158,-1.0,12.340999999999996,Cuyahoga Valley National Park,41.26093905,-81.57116722
CUVA,9,0,37.0,1.8584353156089544,94.0,1.2964721772847214,82.0,2,71.93,4.343333333333332,0.0,42,84.47,46.85,84.0,34.78947368421053,12.0,8.879666666666665,Cuyahoga Valley National Park,41.26093905,-81.57116722
CUVA,10,0,42.0,1.5327608129157557,84.0,1.4769348785292664,82.0,2,69.94,3.173333333333332,0.0,34,83.66,35.15,82.0,26.526315789473685,2.0,6.352666666666664,Cuyahoga Valley National Park,41.26093905,-81.57116722
CUVA,11,0,34.0,1.524065783121457,82.0,0.7539887880300361,79.0,1,63.296666666666674,2.733333333333332,0.0,1,62.6,22.82,43.0,12.052631578947368,3.0,6.136999999999997,Cuyahoga Valley National Park,41.26093905,-81.57116722
CUVA,12,0,1.0,1.0399880138883653,43.0,0.6311294582017541,54.0,1,53.553333333333335,2.5199999999999987,1.7466666666666668,0,60.98,8.87,43.0,1.2105263157894737,-11.0,6.684666666666664,Cuyahoga Valley National Park,41.26093905,-81.57116722
DENA,1,0,0.0,0.0833122309154085,31.0,0.05941505132978598,31.0,1,18.960000000000008,0.1900000000000024,13.696666666666673,0,38.27,-26.53,51.0,0.0,0.0,5.4840000000000035,Denali National Park,63.29777484,-151.0526568
DENA,2,0,0.0,0.05912650141162808,51.0,0.10041537151894954,44.0,1,15.650000000000006,0.09666666666666905,14.100000000000003,0,33.68,-10.42,45.0,0.0,7.0,5.628333333333337,Denali National Park,63.29777484,-151.0526568
DENA,3,0,0.0,0.09244090105349483,45.0,0.2531632054674457,39.0,1,17.136666666666674,0.11000000000000237,12.180000000000005,0,37.19,-6.73,43.0,0.0,6.0,5.506333333333338,Denali National Park,63.29777484,-151.0526568
DENA,4,0,0.0,0.22241952327825842,43.0,0.1963451034010808,38.0,1,16.870000000000008,0.10666666666666906,11.986666666666672,0,37.91,-0.43,42.0,0.0,5.0,5.526333333333338,Denali National Park,63.29777484,-151.0526568
DENA,5,0,0.0,0.2119530307923491,42.0,0.9413022966525563,52.0,2,20.65000000000001,0.04000000000000239,13.410000000000005,0,49.07,26.39,60.0,10.736842105263158,-10.0,5.015000000000004,Denali National Park,63.29777484,-151.0526568
DENA,6,0,0.0,1.1232723677672254,60.0,3.0483462626630327,79.0,2,26.96333333333334,1.1033333333333357,19.320000000000004,23,70.13,28.73,74.0,70.26315789473684,-19.0,6.510333333333338,Denali National Park,63.29777484,-151.0526568
DENA,7,0,23.0,3.5012122433064876,74.0,2.584200603400678,74.0,2,37.72666666666667,2.343333333333336,17.630000000000006,9,70.13,42.32,73.0,99.0,0.0,7.914000000000005,Denali National Park,63.29777484,-151.0526568
DENA,8,0,9.0,3.972938895873172,73.0,3.4721473970047643,100.0,3,46.75666666666667,4.230000000000003,7.506666666666671,0,66.71,30.71,67.0,35.421052631578945,-27.0,10.78433333333334,Denali National Park,63.29777484,-151.0526568
DENA,9,0,0.0,3.7869291259042925,67.0,1.2596253200022043,62.0,2,51.220000000000006,5.810000000000002,2.4700000000000046,0,61.04,22.25,44.0,0.0,5.0,13.498000000000005,Denali National Park,63.29777484,-151.0526568
DENA,10,0,0.0,1.1931539115829206,44.0,0.16801474780012327,47.0,1,47.43333333333334,6.686666666666668,5.500000000000004,0,50.42,11.27,30.0,0.0,-3.0,15.630000000000003,Denali National Park,63.29777484,-151.0526568
DENA,11,0,0.0,7.869543222488208e-05,30.0,0.06369083648067124,32.0,1,39.373333333333335,5.310000000000003,11.590000000000003,0,33.23,-0.79,30.0,0.0,-2.0,13.682666666666673,Denali National Park,63.29777484,-151.0526568
DENA,12,0,0.0,0.03365541318150791,30.0,0.0833122309154085,26.0,1,27.550000000000008,2.6533333333333355,14.69666666666667,0,29.72,-26.44,31.0,0.0,4.0,9.55166666666667,Denali National Park,63.29777484,-151.0526568
DEVA,1,0,0.0,1.2943748077493147,56.0,0.9059912989642608,56.0,1,51.25000000000001,0.24333333333333332,0.3666666666666673,0,53.76,24.6,55.0,0.6842105263157895,0.0,2.361666666666666,Death Valley National Park,36.48753731,-117.134395
DEVA,2,0,0.0,1.3109428392306959,55.0,1.3143264512937947,59.0,2,42.48333333333334,0.25333333333333335,0.6866666666666673,0,62.94,26.94,50.0,1.5263157894736843,-4.0,3.258333333333333,Death Valley National Park,36.48753731,-117.134395
DEVA,3,0,0.0,1.2649511718150306,50.0,1.7127653338588418,65.0,3,43.15666666666667,0.36000000000000004,0.4600000000000006,0,72.12,24.96,52.0,0.8421052631578947,-15.0,3.404333333333333,Death Valley National Park,36.48753731,-117.134395
DEVA,4,0,0.0,1.535406784306873,52.0,1.7546945454119147,63.0,3,43.440000000000005,0.4033333333333333,1.7366666666666675,0,76.26,30.0,42.0,0.5789473684210527,-11.0,3.4626666666666663,Death Valley National Park,36.48753731,-117.134395
DEVA,5,0,0.0,1.5486442383969907,42.0,1.4776095989406464,53.0,2,48.550000000000004,0.44,1.4633333333333338,0,88.05,41.79,40.0,7.052631578947368,-11.0,3.0249999999999995,Death Valley National Park,36.48753731,-117.134395
DEVA,6,0,0.0,1.1166768362975994,40.0,0.7406822268532967,49.0,1,54.63666666666668,0.7166666666666668,1.4433333333333336,0,90.57,49.26,32.0,12.052631578947368,-9.0,2.969666666666666,Death Valley National Park,36.48753731,-117.134395
DEVA,7,0,0.0,0.8077816936594537,32.0,1.0509138432216945,34.0,1,64.34666666666668,0.6233333333333334,0.04666666666666697,56,94.53,60.87,33.0,6.947368421052632,-2.0,1.811999999999999,Death Valley National Park,36.48753731,-117.134395
DEVA,8,0,56.0,0.9469446725555621,33.0,1.1684386760089567,37.0,2,71.89666666666666,0.6466666666666667,0.0,4,93.27,59.88,34.0,8.842105263157896,-4.0,1.4829999999999997,Death Valley National Park,36.48753731,-117.134395
DEVA,9,0,4.0,1.0311425175614546,34.0,1.114014495771462,32.0,2,76.51333333333334,0.34,0.0,2,86.79,53.13,39.0,1.4210526315789473,2.0,1.3313333333333337,Death Valley National Park,36.48753731,-117.134395
DEVA,10,0,2.0,0.974406025631936,39.0,1.3750087228078676,38.0,2,74.10666666666667,0.6066666666666666,0.0,0,72.21,35.49,48.0,0.05263157894736842,1.0,1.624,Death Valley National Park,36.48753731,-117.134395
DEVA,11,0,0.0,1.1698812190828798,48.0,1.3702992439488835,39.0,2,67.60000000000001,0.7933333333333333,0.0,2,67.98,32.43,54.0,0.9473684210526315,9.0,1.8266666666666658,Death Valley National Park,36.48753731,-117.134395
DEVA,12,0,2.0,0.9665250733971945,54.0,1.2943748077493147,47.0,2,58.416666666666664,1.92,0.15666666666666695,1,60.78,31.62,66.0,0.10526315789473684,7.0,4.998333333333333,Death Valley National Park,36.48753731,-117.134395
DRTO,1,0,0.0,1.3242239577094146,48.0,1.3520652598142833,48.0,3,76.77,5.083333333333336,0.0,0,76.08,59.25,44.0,0.0,0.0,10.843666666666671,Dry Tortugas National Park,24.628741,-82.87319
DRTO,2,0,0.0,1.2653695595889962,44.0,1.2525061731734557,50.0,2,72.88999999999999,3.6566666666666685,0.0,0,76.26,66.18,39.0,0.0,-6.0,7.602333333333336,Dry Tortugas National Park,24.628741,-82.87319
DRTO,3,0,0.0,1.2949729694220211,39.0,1.402813962385183,41.0,3,70.98666666666666,2.383333333333335,0.0,0,77.97,64.38,43.0,0.0,-2.0,4.865333333333337,Dry Tortugas National Park,24.628741,-82.87319
DRTO,4,0,0.0,1.3594661122725393,43.0,1.4438710724512234,42.0,3,70.98333333333333,1.3366666666666684,0.0,0,79.23,68.79,40.0,0.0,1.0,2.7716666666666705,Dry Tortugas National Park,24.628741,-82.87319
DRTO,5,0,0.0,1.4493336064085076,40.0,1.5051924213910606,44.0,3,73.31333333333335,0.5433333333333351,0.0,0,84.72,73.02,40.0,0.0,-4.0,1.418000000000005,Dry Tortugas National Park,24.628741,-82.87319
DRTO,6,0,0.0,1.7642222574300277,40.0,1.46695468369007,52.0,3,76.17999999999999,0.6200000000000018,0.0,0,85.26,75.0,39.0,0.0,-12.0,1.8580000000000028,Dry Tortugas National Park,24.628741,-82.87319
DRTO,7,0,0.0,1.413562819526936,39.0,1.3806114050104143,43.0,3,79.68666666666667,2.6266666666666683,0.0,0,86.97,77.97,35.0,0.0,-4.0,6.222000000000003,Dry Tortugas National Park,24.628741,-82.87319
DRTO,8,0,0.0,1.4600824635502607,35.0,0.9101286415926981,42.0,1,82.26666666666667,3.0666666666666687,0.0,0,89.31,78.33,31.0,0.0,-7.0,7.360000000000004,Dry Tortugas National Park,24.628741,-82.87319
DRTO,9,0,0.0,1.2488057469443274,31.0,1.0026392973209008,40.0,1,83.66666666666667,4.323333333333335,0.0,0,87.15,77.52,29.0,0.0,-9.0,10.013333333333337,Dry Tortugas National Park,24.628741,-82.87319
DRTO,10,0,0.0,0.9215823418257136,29.0,0.7555917938333958,38.0,1,83.88333333333333,4.993333333333335,0.0,0,86.07,73.47,33.0,0.0,-9.0,11.375000000000004,Dry Tortugas National Park,24.628741,-82.87319
DRTO,11,0,0.0,0.9386747867888292,33.0,1.1589382528083592,35.0,2,82.99,6.063333333333335,0.0,0,81.66,61.05,38.0,0.0,-2.0,13.42566666666667,Dry Tortugas National Park,24.628741,-82.87319
DRTO,12,0,0.0,1.2271318218880058,38.0,1.3242239577094146,35.0,2,80.01333333333334,4.673333333333335,0.0,0,79.95,65.01,45.0,0.0,3.0,10.348000000000003,Dry Tortugas National Park,24.628741,-82.87319
EVER,1,0,0.0,1.0370601905072099,72.0,0.8391392478399012,72.0,1,73.40666666666667,4.569999999999999,0.0,32,80.15,45.5,74.0,15.894736842105264,0.0,9.480666666666666,Everglades National Park,25.37294225,-80.88200301
EVER,2,0,32.0,1.1507409439883034,74.0,1.073448267367112,81.0,1,69.13000000000001,2.3366666666666656,0.0,1,84.11,57.11,73.0,20.894736842105264,-7.0,4.76033333333333,Everglades National Park,25.37294225,-80.88200301
EVER,3,0,1.0,1.1249852482361997,73.0,1.233407387234375,78.0,2,68.36666666666667,2.519999999999999,0.0,42,87.17,47.66,73.0,33.421052631578945,-5.0,5.2033333333333305,Everglades National Park,25.37294225,-80.88200301
EVER,4,0,42.0,1.2668910711803538,73.0,0.7524168902602892,78.0,1,68.93666666666667,1.3166666666666655,0.0,22,87.89,55.67,62.0,37.36842105263158,-5.0,2.7396666666666643,Everglades National Park,25.37294225,-80.88200301
EVER,5,0,22.0,1.0766469379771595,62.0,0.56116197714432,72.0,0,72.33999999999999,1.6099999999999988,0.0,4,91.85,67.19,65.0,63.63157894736842,-10.0,3.4539999999999966,Everglades National Park,25.37294225,-80.88200301
EVER,6,0,4.0,0.789585442749043,65.0,0.6871256257679965,71.0,0,75.08333333333333,2.5133333333333323,0.0,9,91.13,70.79,43.0,27.0,-6.0,5.5349999999999975,Everglades National Park,25.37294225,-80.88200301
EVER,7,0,9.0,0.7580721398988535,43.0,0.8436941547886091,47.0,1,78.38333333333334,4.846666666666665,0.0,9,93.65,70.88,49.0,4.578947368421052,-4.0,10.531666666666665,Everglades National Park,25.37294225,-80.88200301
EVER,8,0,9.0,0.8969456231046824,49.0,0.7253945209466067,42.0,1,80.54333333333334,6.2299999999999995,0.0,39,95.9,73.31,40.0,12.31578947368421,7.0,13.514333333333333,Everglades National Park,25.37294225,-80.88200301
EVER,9,0,39.0,0.645670854661779,40.0,0.4824618854547076,38.0,0,81.30999999999999,7.0233333333333325,0.0,1,92.75,70.88,39.0,2.6842105263157894,2.0,15.177666666666664,Everglades National Park,25.37294225,-80.88200301
EVER,10,0,1.0,0.41314029599375485,39.0,0.48728548073465944,41.0,0,81.15666666666668,6.853333333333333,0.0,0,90.77,62.33,48.0,2.9473684210526314,-2.0,14.822333333333333,Everglades National Park,25.37294225,-80.88200301
EVER,11,0,0.0,0.24320132382314313,48.0,0.7708412329741637,47.0,1,79.99333333333333,6.223333333333333,0.0,3,89.33,48.11,58.0,2.4210526315789473,1.0,13.445999999999998,Everglades National Park,25.37294225,-80.88200301
EVER,12,0,3.0,0.6834407572252217,58.0,1.0370601905072099,52.0,1,76.58333333333333,4.243333333333332,0.0,7,85.1,43.16,75.0,5.368421052631579,6.0,9.144999999999998,Everglades National Park,25.37294225,-80.88200301
GAAR,1,0,0.0,0.0,68.0,0.0,68.0,0,-3.6866666666666696,0.013333333333333482,5.853333333333329,0,26.78,-45.31,64.0,0.0,0.0,7.395333333333334,Gates Of The Arctic National Park,67.75961636,-153.2917758
GAAR,2,0,0.0,0.0,64.0,0.0,65.0,0,-8.440000000000003,0.01333333333333348,9.363333333333332,0,9.32,-34.15,71.0,0.0,-1.0,7.870666666666668,Gates Of The Arctic National Park,67.75961636,-153.2917758
GAAR,3,0,0.0,0.0,71.0,0.0,81.0,0,-7.080000000000003,0.01,9.259999999999996,0,23.9,-30.64,90.0,0.0,-10.0,7.728,Gates Of The Arctic National Park,67.75961636,-153.2917758
GAAR,4,0,0.0,0.0,90.0,0.0,61.0,0,-4.463333333333336,0.01,8.149999999999997,0,29.93,-19.39,74.0,0.0,29.0,7.466333333333334,Gates Of The Arctic National Park,67.75961636,-153.2917758
GAAR,5,0,0.0,0.0,74.0,0.4147516846649012,65.0,1,1.7166666666666643,0.0066666666666668145,5.263333333333331,0,40.19,5.36,100.0,0.15789473684210525,9.0,6.841666666666667,Gates Of The Arctic National Park,67.75961636,-153.2917758
GAAR,6,0,0.0,1.059793669378546,100.0,3.571218235084246,92.0,2,13.046666666666665,0.0066666666666668145,5.226666666666664,27,67.46,18.32,67.0,7.0,8.0,5.708666666666668,Gates Of The Arctic National Park,67.75961636,-153.2917758
GAAR,7,0,27.0,3.9687840764619273,67.0,4.276983532746066,78.0,3,28.47333333333333,0.7133333333333334,5.463333333333331,54,72.86,25.7,76.0,31.94736842105263,-11.0,5.579333333333334,Gates Of The Arctic National Park,67.75961636,-153.2917758
GAAR,8,0,54.0,5.689659850955523,76.0,3.658293174406159,76.0,3,41.13,1.64,2.203333333333331,0,62.06,24.53,64.0,0.6842105263157895,0.0,6.167,Gates Of The Arctic National Park,67.75961636,-153.2917758
GAAR,9,0,0.0,4.160119798392973,64.0,1.7208757744935954,60.0,2,46.73333333333333,3.116666666666667,1.9366666666666645,0,45.86,6.26,62.0,0.0,4.0,8.560000000000002,Gates Of The Arctic National Park,67.75961636,-153.2917758
GAAR,10,0,0.0,2.2192652298229656,62.0,0.0,67.0,0,40.49,2.9000000000000004,3.663333333333331,0,36.86,-22.72,72.0,0.0,-5.0,8.751000000000001,Gates Of The Arctic National Park,67.75961636,-153.2917758
GAAR,11,0,0.0,0.0,72.0,0.0,50.0,0,27.126666666666665,2.063333333333334,8.386666666666665,0,18.68,-25.51,69.0,0.0,22.0,8.414000000000001,Gates Of The Arctic National Park,67.75961636,-153.2917758
GAAR,12,0,0.0,0.0,69.0,0.0,56.0,0,11.966666666666663,0.5833333333333334,9.169999999999998,0,7.79,-46.39,70.0,0.0,13.0,6.9700000000000015,Gates Of The Arctic National Park,67.75961636,-153.2917758
GLAC,1,0,1.0,0.09436279800870778,29.0,0.06428781503221269,29.0,0,27.016666666666662,0.526666666666667,20.813333333333336,1,26.92,-14.48,41.0,1.1578947368421053,0.0,5.3516666666666675,Glacier National Park,48.68414678,-113.8009306
GLAC,2,0,1.0,0.08494871899627575,41.0,0.07868526251334305,45.0,1,19.13666666666666,0.11333333333333363,23.08333333333334,0,36.64,-21.5,39.0,0.05263157894736842,-4.0,5.313000000000002,Glacier National Park,48.68414678,-113.8009306
GLAC,3,0,0.0,0.07180774166933852,39.0,0.11371054895447877,42.0,1,14.449999999999994,0.09333333333333364,19.216666666666672,7,47.08,6.49,42.0,2.8947368421052633,-3.0,5.741666666666668,Glacier National Park,48.68414678,-113.8009306
GLAC,4,0,7.0,0.12238302716161635,42.0,0.21282526040348088,42.0,1,15.709999999999994,0.15333333333333363,21.606666666666673,7,48.43,7.84,41.0,7.315789473684211,0.0,5.735666666666669,Glacier National Park,48.68414678,-113.8009306
GLAC,5,0,7.0,0.22945223387250283,41.0,0.989852855759762,45.0,2,21.073333333333327,0.18666666666666698,23.646666666666675,6,62.92,23.77,60.0,7.315789473684211,-4.0,5.266000000000002,Glacier National Park,48.68414678,-113.8009306
GLAC,6,0,6.0,1.1278283941205947,60.0,2.5960326635833066,61.0,2,31.713333333333328,0.3400000000000003,18.91333333333334,1,69.58,29.53,80.0,1.631578947368421,-1.0,4.508666666666668,Glacier National Park,48.68414678,-113.8009306
GLAC,7,0,1.0,2.7235029777978026,80.0,3.739732259651604,84.0,3,38.71,0.9066666666666668,12.380000000000004,0,72.55,34.21,93.0,31.789473684210527,-4.0,4.942333333333334,Glacier National Park,48.68414678,-113.8009306
GLAC,8,0,0.0,3.6138207241998286,93.0,3.537936539887375,88.0,3,47.303333333333335,2.6166666666666667,6.270000000000007,18,75.88,38.89,77.0,224.31578947368422,5.0,7.503,Glacier National Park,48.68414678,-113.8009306
GLAC,9,0,18.0,3.3951429580781327,77.0,2.8451916398742068,79.0,2,52.71666666666666,2.9766666666666666,3.2033333333333402,28,76.69,35.74,48.0,110.84210526315789,-2.0,7.681666666666667,Glacier National Park,48.68414678,-113.8009306
GLAC,10,0,28.0,2.6096743395431177,48.0,0.779474405656552,55.0,1,55.04,2.6799999999999997,0.13666666666667376,30,64.9,11.8,31.0,25.68421052631579,-7.0,6.856,Glacier National Park,48.68414678,-113.8009306
GLAC,11,0,30.0,0.602430203215526,31.0,0.10469324999073931,31.0,1,47.32333333333333,1.09,7.093333333333341,9,41.95,-9.44,26.0,14.31578947368421,0.0,4.447666666666667,Glacier National Park,48.68414678,-113.8009306
GLAC,12,0,9.0,0.1321041383545843,26.0,0.09436279800870778,25.0,1,37.063333333333325,1.0,14.790000000000006,0,37.81,-13.76,29.0,0.10526315789473684,1.0,5.293666666666668,Glacier National Park,48.68414678,-113.8009306
GLBA,1,0,0.0,0.005225384324168313,55.0,0.006959039870971819,55.0,1,23.32666666666667,5.010000000000001,100.01333333333334,0,33.95,-1.06,55.0,0.0,0.0,14.687333333333335,Glacier Bay National Park,58.80086718,-136.8407579
GLBA,2,0,0.0,0.006959039870971819,55.0,0.005445143477988476,60.0,1,20.650000000000006,2.6866666666666674,116.08666666666666,0,31.07,-1.6,55.0,0.0,-5.0,10.308333333333334,Glacier Bay National Park,58.80086718,-136.8407579
GLBA,3,0,0.0,0.005445143477988476,55.0,0.006055585571933372,54.0,1,19.910000000000007,2.5833333333333344,113.0,0,35.48,6.14,52.0,0.0,1.0,10.175666666666668,Glacier Bay National Park,58.80086718,-136.8407579
GLBA,4,0,0.0,0.006055585571933372,52.0,0.01013333875948528,59.0,1,20.40666666666667,0.8166666666666678,96.45666666666666,0,33.86,21.35,64.0,0.0,-7.0,6.592666666666669,Glacier Bay National Park,58.80086718,-136.8407579
GLBA,5,0,0.0,0.5927392732204944,64.0,3.1216543623316535,60.0,3,22.703333333333344,0.7566666666666678,94.98666666666668,0,40.88,23.69,89.0,0.05263157894736842,4.0,6.243000000000001,Glacier Bay National Park,58.80086718,-136.8407579
GLBA,6,0,0.0,2.8135520286757854,89.0,3.6131579186923264,100.0,3,27.07666666666667,3.8133333333333344,93.05666666666666,1,46.55,29.72,68.0,0.15789473684210525,-11.0,11.919000000000002,Glacier Bay National Park,58.80086718,-136.8407579
GLBA,7,0,1.0,3.6631164996607763,68.0,3.9277797739115257,87.0,3,31.496666666666673,5.533333333333334,66.56333333333333,0,51.5,31.79,75.0,0.5263157894736842,-19.0,14.917000000000002,Glacier Bay National Park,58.80086718,-136.8407579
GLBA,8,0,0.0,4.007210499175636,75.0,3.6478310296283962,76.0,3,36.00333333333334,6.053333333333335,22.77333333333333,1,50.24,32.24,68.0,0.3684210526315789,-1.0,15.506333333333336,Glacier Bay National Park,58.80086718,-136.8407579
GLBA,9,0,1.0,3.4992250062784507,68.0,2.7098989611239417,68.0,2,39.77666666666668,4.253333333333335,0.0,0,52.13,28.73,59.0,0.0,0.0,11.529000000000002,Glacier Bay National Park,58.80086718,-136.8407579
GLBA,10,0,0.0,2.77826847564577,59.0,0.9186909337033112,60.0,1,40.220000000000006,10.066666666666668,0.8733333333333334,0,40.25,17.93,42.0,0.0,-1.0,23.111333333333334,Glacier Bay National Park,58.80086718,-136.8407579
GLBA,11,0,0.0,0.6866496849529773,42.0,0.005469561161746271,47.0,1,36.27666666666667,12.526666666666669,36.15,0,32.15,14.51,44.0,0.0,-5.0,28.42566666666667,Glacier Bay National Park,58.80086718,-136.8407579
GLBA,12,0,0.0,0.005469561161746271,44.0,0.005225384324168313,45.0,1,30.333333333333343,11.860000000000001,91.95666666666666,0,28.64,-20.68,49.0,0.0,-1.0,27.686666666666667,Glacier Bay National Park,58.80086718,-136.8407579
GRBA,1,0,2.0,0.3678741649143211,42.0,0.13686951058550698,42.0,0,28.846666666666664,0.2499999999999991,6.45,0,38.54,-9.16,40.0,0.8421052631578947,0.0,4.615333333333332,Great Basin National Park,38.94617378,-114.2579782
GRBA,2,0,0.0,0.4007467547929363,40.0,0.23269809077710646,40.0,1,19.27333333333333,0.0033333333333324454,5.586666666666667,2,42.95,-9.79,46.0,0.8947368421052632,0.0,5.079333333333333,Great Basin National Park,38.94617378,-114.2579782
GRBA,3,0,2.0,0.17532047935261444,46.0,0.306412383232183,42.0,1,19.61333333333333,0.04333333333333245,4.723333333333334,1,47.99,-4.84,54.0,1.105263157894737,4.0,5.125333333333333,Great Basin National Park,38.94617378,-114.2579782
GRBA,4,0,1.0,0.17123630909496831,54.0,0.7682224640723652,52.0,1,19.226666666666663,0.05333333333333245,9.05,0,56.81,2.27,54.0,0.7368421052631579,2.0,5.183999999999999,Great Basin National Park,38.94617378,-114.2579782
GRBA,5,0,0.0,0.8738132073188262,54.0,1.563340683499961,58.0,2,24.466666666666665,0.1466666666666658,11.97,0,69.41,17.75,80.0,2.3157894736842106,-4.0,4.846666666666665,Great Basin National Park,38.94617378,-114.2579782
GRBA,6,0,0.0,1.571309796197807,80.0,2.502500614941125,82.0,3,31.319999999999997,0.8299999999999992,13.200000000000001,16,72.74,24.5,78.0,11.473684210526315,-2.0,5.527999999999999,Great Basin National Park,38.94617378,-114.2579782
GRBA,7,0,16.0,2.734401794448447,78.0,2.362642687093926,72.0,3,41.806666666666665,1.406666666666666,7.336666666666667,0,75.62,43.76,82.0,17.736842105263158,6.0,5.632666666666665,Great Basin National Park,38.94617378,-114.2579782
GRBA,8,0,0.0,3.679737788230442,82.0,2.3688187494347566,66.0,3,51.336666666666666,1.6999999999999993,3.5066666666666664,0,74.99,41.24,87.0,5.052631578947368,16.0,5.266333333333332,Great Basin National Park,38.94617378,-114.2579782
GRBA,9,0,0.0,1.9553214143252666,87.0,2.5186380681542637,66.0,3,56.82333333333333,1.8733333333333324,0.06333333333333334,0,68.87,33.5,75.0,3.3157894736842106,21.0,5.064333333333332,Great Basin National Park,38.94617378,-114.2579782
GRBA,10,0,0.0,2.776040408294693,75.0,1.8831013305010362,61.0,2,55.11666666666667,2.306666666666666,0.06333333333333334,2,55.64,17.39,55.0,1.0526315789473684,14.0,6.101666666666666,Great Basin National Park,38.94617378,-114.2579782
GRBA,11,0,2.0,1.4409151896793,55.0,0.13696912449423004,55.0,0,47.589999999999996,2.4499999999999993,2.14,1,55.28,9.11,44.0,0.9473684210526315,0.0,7.140999999999999,Great Basin National Park,38.94617378,-114.2579782
GRBA,12,0,1.0,0.16605638584136834,44.0,0.3678741649143211,35.0,1,38.91333333333333,1.629999999999999,2.9766666666666666,0,47.36,-0.25,43.0,0.3684210526315789,9.0,6.368666666666666,Great Basin National Park,38.94617378,-114.2579782
GRCA,1,0,2.0,0.7963269042595085,47.0,0.43597888315745476,47.0,0,43.72666666666668,0.29666666666666636,1.93,4,54.46,10.09,56.0,6.2105263157894735,0.0,3.220666666666665,Grand Canyon National Park,36.0001165336,-112.121516363
GRCA,2,0,4.0,0.4756822965308425,56.0,0.475332716083381,65.0,0,34.316666666666684,0.036666666666666375,1.2133333333333334,0,61.48,21.61,61.0,2.473684210526316,-9.0,3.6416666666666644,Grand Canyon National Park,36.0001165336,-112.121516363
GRCA,3,0,0.0,0.5130526942938669,61.0,0.9967232759432966,69.0,1,34.68666666666669,0.07333333333333304,3.4466666666666668,4,70.39,13.15,62.0,2.1052631578947367,-8.0,3.6779999999999973,Grand Canyon National Park,36.0001165336,-112.121516363
GRCA,4,0,4.0,0.8686231159472808,62.0,1.1713845763884332,76.0,1,35.77000000000002,0.0999999999999997,7.349999999999999,13,76.51,18.73,59.0,11.473684210526315,-14.0,3.6229999999999976,Grand Canyon National Park,36.0001165336,-112.121516363
GRCA,5,0,13.0,1.1427239382845014,59.0,1.367504166002214,69.0,2,42.16000000000002,0.13333333333333305,8.339999999999998,2,85.42,35.38,61.0,14.68421052631579,-10.0,3.0506666666666646,Grand Canyon National Park,36.0001165336,-112.121516363
GRCA,6,0,2.0,1.261073035160901,61.0,1.2301512809712611,74.0,2,48.98666666666668,0.3666666666666664,5.693333333333334,45,91.63,50.05,52.0,120.21052631578948,-13.0,2.8346666666666653,Grand Canyon National Park,36.0001165336,-112.121516363
GRCA,7,0,45.0,1.128596921336733,52.0,1.3352336759018009,68.0,2,59.073333333333345,0.8166666666666663,1.7166666666666668,1974,93.16,53.92,57.0,155.73684210526315,-16.0,2.725999999999998,Grand Canyon National Park,36.0001165336,-112.121516363
GRCA,8,0,1974.0,1.1386628547884599,57.0,1.2587598539021667,54.0,2,67.30333333333334,0.9766666666666662,0.11,548,92.53,52.03,47.0,83.47368421052632,3.0,2.222999999999998,Grand Canyon National Park,36.0001165336,-112.121516363
GRCA,9,0,548.0,1.0507520497807428,47.0,1.1700531955353353,56.0,1,72.05000000000001,1.1666666666666663,0.0,0,85.42,44.92,48.0,26.63157894736842,-9.0,2.5383333333333336,Grand Canyon National Park,36.0001165336,-112.121516363
GRCA,10,0,0.0,0.9156404464838691,48.0,1.1281828792464772,56.0,1,69.85666666666667,0.9733333333333328,0.0,32,76.06,33.4,55.0,63.63157894736842,-8.0,1.9609999999999987,Grand Canyon National Park,36.0001165336,-112.121516363
GRCA,11,0,32.0,0.990899414446226,55.0,0.8304196754158376,53.0,1,63.296666666666674,1.223333333333333,0.0,86,71.29,29.44,44.0,40.8421052631579,2.0,3.1169999999999987,Grand Canyon National Park,36.0001165336,-112.121516363
GRCA,12,0,86.0,0.7346767808086119,44.0,0.7963269042595085,43.0,1,54.13000000000002,1.213333333333333,0.32,3,61.57,21.43,53.0,7.052631578947368,1.0,4.013666666666664,Grand Canyon National Park,36.0001165336,-112.121516363
GRSA,1,0,5.0,0.2697683481845024,28.0,0.12669511397639227,28.0,0,36.73,0.276666666666667,3.573333333333334,2,45.04,-6.53,35.0,1.0,0.0,3.8803333333333345,Great Sand Dunes National Park,37.79256812,-105.5919572
GRSA,2,0,2.0,0.17178200817750064,35.0,0.21084476620142545,37.0,1,26.05666666666666,0.023333333333333633,4.723333333333334,1,55.12,7.42,37.0,1.3157894736842106,-2.0,4.441000000000002,Great Sand Dunes National Park,37.79256812,-105.5919572
GRSA,3,0,1.0,0.2496878942605571,37.0,0.664882654847382,40.0,1,26.78666666666666,0.0033333333333336293,2.6833333333333336,8,64.75,13.54,48.0,4.947368421052632,-3.0,4.328000000000001,Great Sand Dunes National Park,37.79256812,-105.5919572
GRSA,4,0,8.0,0.8511602407012306,48.0,0.7489068042353905,51.0,1,29.936666666666667,0.016666666666666965,3.4366666666666674,0,75.64,16.96,50.0,6.157894736842105,-3.0,4.039666666666667,Great Sand Dunes National Park,37.79256812,-105.5919572
GRSA,5,0,0.0,0.6956622256276793,50.0,1.9955264844013185,54.0,2,38.406666666666666,0.09333333333333364,3.253333333333334,0,76.9,30.1,77.0,3.1578947368421053,-4.0,3.346000000000001,Great Sand Dunes National Park,37.79256812,-105.5919572
GRSA,6,0,0.0,1.9438820669656718,77.0,2.6108355186239605,80.0,3,44.373333333333335,0.6400000000000002,3.8433333333333337,0,85.54,43.96,73.0,21.263157894736842,-3.0,3.842666666666667,Great Sand Dunes National Park,37.79256812,-105.5919572
GRSA,7,0,0.0,2.3534605755956433,73.0,2.3781532587802445,80.0,3,53.10333333333333,0.8700000000000002,2.446666666666667,1,84.91,51.25,73.0,22.210526315789473,-7.0,3.4296666666666673,Great Sand Dunes National Park,37.79256812,-105.5919572
GRSA,8,0,1.0,2.3092208255444513,73.0,1.8779930775277263,73.0,2,60.44333333333333,1.0400000000000003,1.1866666666666672,0,87.25,46.48,53.0,0.15789473684210525,0.0,3.0356666666666676,Great Sand Dunes National Park,37.79256812,-105.5919572
GRSA,9,0,0.0,1.928884477941225,53.0,1.3916695840571764,54.0,2,65.52666666666666,0.6500000000000002,0.0,1,77.26,35.05,45.0,6.2631578947368425,-1.0,1.747333333333335,Great Sand Dunes National Park,37.79256812,-105.5919572
GRSA,10,0,1.0,1.3041313552324776,45.0,1.1331023640771247,46.0,1,63.29,0.5900000000000003,0.0,0,73.93,24.34,38.0,21.736842105263158,-1.0,1.8510000000000009,Great Sand Dunes National Park,37.79256812,-105.5919572
GRSA,11,0,0.0,1.0640130522950506,38.0,0.32354631384956833,38.0,1,57.03,0.9400000000000004,0.0,0,58.72,17.86,30.0,3.5789473684210527,0.0,3.1770000000000005,Great Sand Dunes National Park,37.79256812,-105.5919572
GRSA,12,0,0.0,0.39781261765890974,30.0,0.2697683481845024,26.0,1,47.49666666666667,0.9033333333333337,1.653333333333334,0,53.5,5.17,32.0,2.4210526315789473,4.0,4.057,Great Sand Dunes National Park,37.79256812,-105.5919572
GRSM,1,0,2.0,0.8337987497075378,45.0,0.44473774329607774,45.0,0,45.73333333333333,3.319999999999998,2.0500000000000025,7,52.52,0.41,49.0,2.263157894736842,0.0,9.066666666666663,Great Smoky Mountains National Park,35.60116374,-83.50818326
GRSM,2,0,7.0,0.3020860760445465,49.0,0.5151971211316875,43.0,0,35.89333333333334,3.786666666666665,4.890000000000002,16,60.98,5.27,51.0,9.421052631578947,6.0,10.983999999999996,Great Smoky Mountains National Park,35.60116374,-83.50818326
GRSM,3,0,16.0,0.446531726650145,51.0,0.9511099931200981,48.0,1,33.026666666666664,4.139999999999998,4.980000000000003,170,65.93,14.9,64.0,58.21052631578947,3.0,11.97733333333333,Great Smoky Mountains National Park,35.60116374,-83.50818326
GRSM,4,0,170.0,0.9223190140639427,64.0,1.0373357036911186,58.0,1,35.723333333333336,3.7999999999999985,5.080000000000002,56,74.57,27.5,64.0,39.73684210526316,6.0,11.027666666666663,Great Smoky Mountains National Park,35.60116374,-83.50818326
GRSM,5,0,56.0,1.0757814758375825,64.0,1.3815656658965012,57.0,2,45.08666666666667,5.339999999999999,1.9733333333333356,3,72.32,36.68,82.0,19.736842105263158,7.0,13.171333333333331,Great Smoky Mountains National Park,35.60116374,-83.50818326
GRSM,6,0,3.0,1.215066561560843,82.0,1.5030003446049451,68.0,2,51.169999999999995,5.889999999999998,1.4600000000000024,47,81.32,51.08,61.0,21.0,14.0,13.662999999999997,Great Smoky Mountains National Park,35.60116374,-83.50818326
GRSM,7,0,47.0,1.4571550727275713,61.0,1.5113671776094462,56.0,2,58.23,6.293333333333332,0.03666666666666903,33,79.07,59.72,66.0,17.105263157894736,5.0,13.763666666666664,Great Smoky Mountains National Park,35.60116374,-83.50818326
GRSM,8,0,33.0,1.5653317236941333,66.0,1.2544218669093083,52.0,2,63.49666666666666,5.696666666666665,0.0,10,77.45,49.55,62.0,16.36842105263158,14.0,12.043666666666665,Great Smoky Mountains National Park,35.60116374,-83.50818326
GRSM,9,0,10.0,1.088447325487514,62.0,1.1078954137264694,51.0,1,66.05666666666666,4.973333333333332,0.0,5,72.86,48.56,66.0,9.263157894736842,11.0,10.340999999999998,Great Smoky Mountains National Park,35.60116374,-83.50818326
GRSM,10,0,5.0,1.0702457557736036,66.0,1.6475027047147452,68.0,3,64.43666666666667,4.796666666666665,0.0,21,71.42,32.63,80.0,8.894736842105264,-2.0,10.149666666666663,Great Smoky Mountains National Park,35.60116374,-83.50818326
GRSM,11,0,21.0,1.7031205509603844,80.0,1.1080840818846782,62.0,1,58.70666666666667,4.399999999999999,0.0,1,64.58,11.39,52.0,33.31578947368421,18.0,9.92933333333333,Great Smoky Mountains National Park,35.60116374,-83.50818326
GRSM,12,0,1.0,0.9462602399434799,52.0,0.8337987497075378,44.0,1,51.75,3.4133333333333318,1.1933333333333358,1,63.23,5.0,55.0,1.3157894736842106,8.0,8.651666666666664,Great Smoky Mountains National Park,35.60116374,-83.50818326
GRTE,1,0,2.0,0.15948939545532884,17.0,0.20129102012229846,17.0,1,34.726666666666674,0.37333333333333246,22.026666666666667,3,41.21,-16.3,23.0,0.2631578947368421,0.0,4.273999999999998,Grand Teton National Park,43.81853565,-110.7054666
GRTE,2,0,3.0,0.19758042508619358,23.0,0.21874210821445178,22.0,1,24.850000000000005,0.1566666666666658,25.74,0,45.8,-6.85,27.0,0.10526315789473684,1.0,4.828333333333331,Grand Teton National Park,43.81853565,-110.7054666
GRTE,3,0,0.0,0.20861876393966403,27.0,0.240320405895557,23.0,1,22.63333333333334,0.12999999999999914,36.736666666666665,0,54.71,7.46,27.0,0.5263157894736842,4.0,4.996666666666664,Grand Teton National Park,43.81853565,-110.7054666
GRTE,4,0,0.0,0.25197782618737025,27.0,0.2990474834711813,22.0,1,23.150000000000006,0.0666666666666658,35.203333333333326,11,57.23,11.78,28.0,3.8947368421052633,5.0,4.818333333333332,Grand Teton National Park,43.81853565,-110.7054666
GRTE,5,0,11.0,0.3022558048874987,28.0,1.2471453979324743,25.0,2,28.903333333333336,0.15333333333333246,34.733333333333334,4,69.2,26.81,37.0,2.210526315789474,3.0,4.4163333333333314,Grand Teton National Park,43.81853565,-110.7054666
GRTE,6,0,4.0,1.3297441000268384,37.0,2.522176715748037,38.0,3,36.02333333333333,0.5499999999999992,20.566666666666666,1,75.77,35.99,48.0,2.210526315789474,-1.0,4.497666666666666,Grand Teton National Park,43.81853565,-110.7054666
GRTE,7,0,1.0,2.649224686396623,48.0,3.00896940598306,43.0,3,44.43333333333334,0.6899999999999992,9.789999999999997,0,80.0,47.51,50.0,49.78947368421053,5.0,3.9366666666666648,Grand Teton National Park,43.81853565,-110.7054666
GRTE,8,0,0.0,3.0649826485742513,50.0,2.7321777055406047,36.0,3,54.106666666666676,0.9299999999999992,3.893333333333331,171,80.0,46.7,46.0,130.21052631578948,14.0,3.449333333333331,Grand Teton National Park,43.81853565,-110.7054666
GRTE,9,0,171.0,2.864100455816896,46.0,2.2549321076754962,34.0,2,60.09666666666667,1.589999999999999,0.17333333333333098,65,76.49,38.69,32.0,131.52631578947367,12.0,4.170333333333331,Grand Teton National Park,43.81853565,-110.7054666
GRTE,10,0,65.0,2.406124254419451,32.0,1.0547434528022297,27.0,1,60.400000000000006,2.273333333333332,0.0,5,65.33,20.69,26.0,49.421052631578945,5.0,5.506666666666664,Grand Teton National Park,43.81853565,-110.7054666
GRTE,11,0,5.0,1.0941777723464798,26.0,0.18778803629731236,18.0,1,53.12666666666667,2.5799999999999987,4.1599999999999975,0,54.44,13.76,22.0,3.4210526315789473,8.0,6.847333333333331,Grand Teton National Park,43.81853565,-110.7054666
GRTE,12,0,0.0,0.21950914622296452,22.0,0.15948939545532884,14.0,0,44.28333333333334,1.7366666666666657,7.789999999999998,0,45.26,6.74,23.0,0.8947368421052632,8.0,6.044999999999998,Grand Teton National Park,43.81853565,-110.7054666
GUMO,1,0,0.0,1.6232336697129306,90.0,0.6772822447974848,90.0,0,48.72666666666667,0.5566666666666668,0.9066666666666666,0,57.83,1.31,69.0,1.7894736842105263,0.0,3.240666666666667,Guadalupe Mountains National Park,31.92304462,-104.885527
GUMO,2,0,0.0,0.5572112893307845,69.0,1.0410850596792383,83.0,1,38.26333333333334,0.48666666666666675,1.5499999999999998,0,66.65,14.9,84.0,6.473684210526316,-14.0,4.146999999999999,Guadalupe Mountains National Park,31.92304462,-104.885527
GUMO,3,0,0.0,1.068266098183179,84.0,2.1412119506370835,97.0,3,38.07,0.03666666666666667,1.2299999999999998,1,68.99,22.28,84.0,8.947368421052632,-13.0,3.2663333333333333,Guadalupe Mountains National Park,31.92304462,-104.885527
GUMO,4,0,1.0,1.9449186961581535,84.0,2.0696052996726926,98.0,3,40.080000000000005,0.023333333333333334,1.1866666666666665,0,78.53,16.34,71.0,18.0,-14.0,3.0386666666666664,Guadalupe Mountains National Park,31.92304462,-104.885527
GUMO,5,0,0.0,1.8420923146479626,71.0,1.2698160629388149,92.0,2,48.02333333333334,0.25,2.353333333333333,0,84.11,35.87,71.0,11.842105263157896,-21.0,2.697666666666666,Guadalupe Mountains National Park,31.92304462,-104.885527
GUMO,6,0,0.0,1.1348083575395245,71.0,0.8251753009969923,77.0,1,53.32333333333333,0.5333333333333333,2.353333333333333,0,92.57,50.72,58.0,19.736842105263158,-6.0,2.7343333333333337,Guadalupe Mountains National Park,31.92304462,-104.885527
GUMO,7,0,0.0,0.8040843536672836,58.0,0.8400479447066957,63.0,1,60.52333333333334,1.6166666666666665,1.8099999999999998,3,82.49,51.62,60.0,5.526315789473684,-5.0,4.180999999999999,Guadalupe Mountains National Park,31.92304462,-104.885527
GUMO,8,0,3.0,0.7261952928600007,60.0,0.5747122881788406,59.0,0,64.79666666666668,1.9100000000000001,0.0,0,87.71,54.59,63.0,3.526315789473684,1.0,4.340333333333332,Guadalupe Mountains National Park,31.92304462,-104.885527
GUMO,9,0,0.0,0.5586216262342908,63.0,0.6255485229279562,62.0,0,67.45666666666666,2.31,0.0,2,78.8,45.5,67.0,3.0,1.0,4.874333333333333,Guadalupe Mountains National Park,31.92304462,-104.885527
GUMO,10,0,2.0,0.7986994309448048,67.0,1.4430310771785502,67.0,3,65.22333333333334,2.236666666666667,0.0,4,73.49,28.04,60.0,1.368421052631579,0.0,4.951,Guadalupe Mountains National Park,31.92304462,-104.885527
GUMO,11,0,4.0,1.1082683812644503,60.0,1.3658471848230205,75.0,2,61.79,2.276666666666667,0.0,3,68.09,21.2,85.0,1.6842105263157894,-15.0,5.374333333333334,Guadalupe Mountains National Park,31.92304462,-104.885527
GUMO,12,0,3.0,0.9762095621179459,85.0,1.6232336697129306,84.0,3,54.92000000000001,1.7366666666666666,0.0,0,62.78,21.02,89.0,1.105263157894737,1.0,4.981333333333332,Guadalupe Mountains National Park,31.92304462,-104.885527
HALE,1,0,0.0,0.8472442113726287,77.0,0.7301686739010957,77.0,0,51.54666666666666,7.276666666666666,0.0,1,59.47,39.31,69.0,2.473684210526316,0.0,16.398666666666667,Haleakala National Park,20.70693015,-156.1591775
HALE,2,0,1.0,0.7154455927592593,69.0,0.6485847761126996,67.0,0,50.25,8.653333333333334,0.0,0,60.82,38.32,67.0,2.3684210526315788,2.0,19.28166666666667,Haleakala National Park,20.70693015,-156.1591775
HALE,3,0,0.0,0.7228251615928002,67.0,0.8303096633490799,62.0,0,49.703333333333326,8.016666666666667,0.0,0,57.85,42.91,75.0,0.15789473684210525,5.0,18.063000000000002,Haleakala National Park,20.70693015,-156.1591775
HALE,4,0,0.0,0.9137444627667353,75.0,0.7142437085844155,66.0,0,49.076666666666675,10.773333333333333,0.0,1,59.65,43.18,77.0,0.47368421052631576,9.0,23.639,Haleakala National Park,20.70693015,-156.1591775
HALE,5,0,1.0,0.7902508638015365,77.0,0.7547952806436449,96.0,0,49.38666666666666,10.536666666666667,0.0,1,58.75,44.35,91.0,1.3157894736842106,-19.0,23.134666666666668,Haleakala National Park,20.70693015,-156.1591775
HALE,6,0,1.0,0.92617194513462,91.0,0.7780517394268721,84.0,0,49.81333333333333,10.606666666666667,0.0,5,62.71,45.16,85.0,3.526315789473684,7.0,23.232000000000003,Haleakala National Park,20.70693015,-156.1591775
HALE,7,0,5.0,0.8767023924980498,85.0,0.45702847632609733,73.0,0,50.96333333333333,8.049999999999999,0.0,1,63.61,46.06,82.0,5.842105263157895,12.0,18.003666666666664,Haleakala National Park,20.70693015,-156.1591775
HALE,8,0,1.0,1.102812862311411,82.0,0.7523794934522089,94.0,0,52.11333333333332,5.443333333333334,0.0,0,65.59,46.96,75.0,7.947368421052632,-12.0,12.675333333333336,Haleakala National Park,20.70693015,-156.1591775
HALE,9,0,0.0,0.9894872034653905,75.0,0.7656362759007358,74.0,0,53.54,3.35,0.0,3,63.25,47.5,73.0,2.6842105263157894,1.0,8.346,Haleakala National Park,20.70693015,-156.1591775
HALE,10,0,3.0,0.7920657089055506,73.0,0.8027744969034087,70.0,0,54.096666666666664,4.146666666666667,0.0,2,61.09,45.79,69.0,3.736842105263158,3.0,9.883666666666668,Haleakala National Park,20.70693015,-156.1591775
HALE,11,0,2.0,0.698114422958012,69.0,0.7223083513976174,63.0,0,53.76666666666667,5.463333333333334,0.0,0,59.74,43.36,67.0,1.5789473684210527,6.0,12.55,Haleakala National Park,20.70693015,-156.1591775
HALE,12,0,0.0,0.8195407811424795,67.0,0.8472442113726287,62.0,0,52.57333333333333,9.51,0.0,0,60.01,42.19,82.0,0.42105263157894735,5.0,20.762666666666668,Haleakala National Park,20.70693015,-156.1591775
HAVO,1,0,1.0,1.380911714833974,26.0,1.1134399900885719,26.0,2,61.32666666666665,6.44,0.0,0,69.81,49.47,28.0,6.578947368421052,0.0,13.747333333333335,Hawaii Volcanoes National Park,19.3355036,-155.4700257
HAVO,2,0,0.0,1.4760863027731803,28.0,1.0767002193718447,23.0,2,59.823333333333316,9.283333333333333,0.0,0,66.39,48.93,27.0,4.947368421052632,5.0,19.584333333333333,Hawaii Volcanoes National Park,19.3355036,-155.4700257
HAVO,3,0,0.0,1.2894453335664873,27.0,0.9260166300236701,26.0,1,58.809999999999974,7.6166666666666645,0.0,0,68.19,50.64,28.0,4.2105263157894735,1.0,16.35233333333333,Hawaii Volcanoes National Park,19.3355036,-155.4700257
HAVO,4,0,0.0,1.3218575048487466,28.0,0.8084624035777797,25.0,0,58.21333333333331,10.763333333333334,0.0,1,69.09,52.35,30.0,0.8947368421052632,3.0,22.705333333333336,Hawaii Volcanoes National Park,19.3355036,-155.4700257
HAVO,5,0,1.0,1.2007091703979589,30.0,0.7931324326997485,28.0,0,58.41999999999998,8.273333333333332,0.0,1,67.56,50.55,38.0,12.368421052631579,2.0,17.704666666666665,Hawaii Volcanoes National Park,19.3355036,-155.4700257
HAVO,6,0,1.0,1.1683866480682028,38.0,1.0099035998522579,46.0,1,58.846666666666636,11.053333333333333,0.0,2,72.69,52.08,26.0,76.36842105263158,-8.0,23.222,Hawaii Volcanoes National Park,19.3355036,-155.4700257
HAVO,7,0,2.0,1.4117917040189074,26.0,1.0403271943699028,25.0,1,59.5733333333333,9.7,0.0,1,74.4,52.8,21.0,89.73684210526316,1.0,20.442666666666668,Hawaii Volcanoes National Park,19.3355036,-155.4700257
HAVO,8,0,1.0,1.400373687431921,21.0,1.039618152654651,17.0,1,60.99333333333331,7.713333333333332,0.0,1,74.04,51.54,20.0,31.473684210526315,4.0,16.327333333333332,Hawaii Volcanoes National Park,19.3355036,-155.4700257
HAVO,9,0,1.0,1.286706965562756,20.0,0.7957078026080195,18.0,0,62.26999999999998,4.769999999999999,0.0,4,75.48,52.98,24.0,2.5789473684210527,2.0,10.312999999999999,Hawaii Volcanoes National Park,19.3355036,-155.4700257
HAVO,10,0,4.0,1.0589986262048678,24.0,0.8037517586189801,22.0,0,62.71999999999998,4.673333333333332,0.0,0,72.6,53.16,24.0,2.9473684210526314,2.0,10.074666666666666,Hawaii Volcanoes National Park,19.3355036,-155.4700257
HAVO,11,0,0.0,1.0206696240574036,24.0,0.8956745345537553,21.0,1,62.24999999999998,5.339999999999999,0.0,13,74.85,50.91,28.0,4.684210526315789,3.0,11.455,Hawaii Volcanoes National Park,19.3355036,-155.4700257
HAVO,12,0,13.0,1.2825831137476134,28.0,1.380911714833974,20.0,3,61.343333333333305,5.676666666666665,0.0,0,68.91,50.1,33.0,4.842105263157895,8.0,12.219,Hawaii Volcanoes National Park,19.3355036,-155.4700257
HOSP,1,0,29.0,0.9520027294567917,59.0,1.0472130722430617,59.0,2,57.76666666666666,5.16,0.0,13,65.03,15.53,66.0,27.842105263157894,0.0,11.543333333333335,Hot Springs National Park,34.52414366,-93.06332936
HOSP,2,0,13.0,0.7637614450978378,66.0,1.6575245322232532,72.0,3,47.43,5.506666666666667,2.6166666666666667,65,77.27,9.5,68.0,61.1578947368421,-6.0,13.270333333333333,Hot Springs National Park,34.52414366,-93.06332936
HOSP,3,0,65.0,1.6648611303679985,68.0,2.1532268207932743,81.0,3,43.31333333333333,4.053333333333334,2.7366666666666664,152,84.65,33.8,89.0,123.52631578947368,-13.0,10.775333333333334,Hot Springs National Park,34.52414366,-93.06332936
HOSP,4,0,152.0,1.816189256218292,89.0,2.027857305437477,95.0,3,46.913333333333334,2.9166666666666665,2.7366666666666664,134,87.26,43.16,69.0,66.63157894736842,-6.0,8.142,Hot Springs National Park,34.52414366,-93.06332936
HOSP,5,0,134.0,1.326564835719163,69.0,0.8030913653482967,90.0,1,56.28666666666667,6.169999999999999,0.12,15,91.13,49.28,99.0,16.210526315789473,-21.0,13.711333333333332,Hot Springs National Park,34.52414366,-93.06332936
HOSP,6,0,15.0,1.3605073912535295,99.0,2.6097286584918615,99.0,3,64.38666666666667,7.796666666666667,0.0,19,94.28,64.04,86.0,32.8421052631579,0.0,16.154666666666667,Hot Springs National Park,34.52414366,-93.06332936
HOSP,7,0,19.0,2.5287599473983327,86.0,2.0150038731976143,92.0,3,71.19,8.84,0.0,18,99.95,71.78,90.0,46.94736842105263,-6.0,17.799,Hot Springs National Park,34.52414366,-93.06332936
HOSP,8,0,18.0,2.0087030300850683,90.0,1.89184253002852,87.0,3,77.10000000000001,5.3566666666666665,0.0,32,101.48,61.79,75.0,76.0,3.0,11.423333333333334,Hot Springs National Park,34.52414366,-93.06332936
HOSP,9,0,32.0,1.8451040842005242,75.0,0.9670139846804031,84.0,1,80.74333333333334,3.6933333333333334,0.0,29,95.45,57.38,64.0,103.57894736842105,-9.0,8.461,Hot Springs National Park,34.52414366,-93.06332936
HOSP,10,0,29.0,1.2180191468933264,64.0,0.7440677139994917,71.0,1,79.70666666666666,2.0733333333333333,0.0,82,88.79,42.62,66.0,94.84210526315789,-7.0,5.117333333333333,Hot Springs National Park,34.52414366,-93.06332936
HOSP,11,0,82.0,1.0640225132864638,66.0,0.8386091316607996,71.0,1,74.52666666666669,2.0933333333333333,0.0,62,82.67,30.74,64.0,63.21052631578947,-5.0,4.639333333333335,Hot Springs National Park,34.52414366,-93.06332936
HOSP,12,0,62.0,1.1732299344939834,64.0,0.9520027294567917,60.0,1,66.71666666666668,1.9166666666666667,0.08333333333333333,6,78.71,19.49,70.0,20.94736842105263,4.0,4.161666666666665,Hot Springs National Park,34.52414366,-93.06332936
INDU,1,0,4.0,0.5029236811768245,22.0,0.345576377642855,22.0,0,46.01999999999999,3.3066666666666666,1.4500000000000017,3,47.4,-4.53,25.0,5.2631578947368425,0.0,9.011333333333335,Indiana Dunes National Park,41.63765525,-87.09647445
INDU,2,0,3.0,0.4867341638988541,25.0,0.5179019287173366,24.0,1,34.24999999999999,2.5766666666666667,2.9466666666666685,4,56.67,1.41,31.0,9.789473684210526,1.0,8.728333333333335,Indiana Dunes National Park,41.63765525,-87.09647445
INDU,3,0,4.0,0.3864567312820666,31.0,0.6894648284756411,31.0,1,27.896666666666658,1.4166666666666667,4.023333333333334,64,77.19,17.88,38.0,64.94736842105263,0.0,7.043666666666667,Indiana Dunes National Park,41.63765525,-87.09647445
INDU,4,0,64.0,0.6972034962427346,38.0,0.9473250892975704,39.0,1,31.409999999999986,1.7366666666666666,5.0900000000000025,37,84.48,28.77,44.0,68.42105263157895,-1.0,7.3323333333333345,Indiana Dunes National Park,41.63765525,-87.09647445
INDU,5,0,37.0,0.7701432438127243,44.0,1.624464126648522,46.0,2,40.55666666666665,2.3800000000000003,3.813333333333335,39,89.52,40.2,62.0,40.10526315789474,-2.0,7.704333333333336,Indiana Dunes National Park,41.63765525,-87.09647445
INDU,6,0,39.0,1.5244839037358329,62.0,2.5622616822241415,71.0,3,50.26666666666666,3.186666666666667,1.663333333333335,34,94.2,45.15,90.0,43.73684210526316,-9.0,8.346666666666668,Indiana Dunes National Park,41.63765525,-87.09647445
INDU,7,0,34.0,2.3880407183197487,90.0,2.4970886410725757,100.0,3,59.73333333333332,3.1833333333333336,0.22000000000000178,44,94.65,62.88,97.0,59.10526315789474,-10.0,7.393333333333335,Indiana Dunes National Park,41.63765525,-87.09647445
INDU,8,0,44.0,2.376169153346606,97.0,2.327051043946626,96.0,3,68.41666666666664,3.5999999999999996,0.0,66,92.94,54.06,73.0,62.31578947368421,1.0,7.358333333333335,Indiana Dunes National Park,41.63765525,-87.09647445
INDU,9,0,66.0,2.207567135168755,73.0,1.3490572778242478,77.0,2,73.60333333333331,3.6199999999999997,0.0,73,89.07,48.66,40.0,55.526315789473685,-4.0,7.600333333333331,Indiana Dunes National Park,41.63765525,-87.09647445
INDU,10,0,73.0,1.4540732425158136,40.0,1.156790637923835,41.0,2,71.92333333333333,2.9566666666666666,0.0,32,87.09,34.62,34.0,35.36842105263158,-1.0,6.105666666666666,Indiana Dunes National Park,41.63765525,-87.09647445
INDU,11,0,32.0,1.1336755737673427,34.0,0.6501770702319762,30.0,1,65.52666666666666,2.4066666666666667,0.0,19,65.49,23.19,20.0,26.63157894736842,4.0,5.260666666666668,Indiana Dunes National Park,41.63765525,-87.09647445
INDU,12,0,19.0,0.5811290874665974,20.0,0.5029236811768245,21.0,1,55.636666666666656,1.86,3.783333333333335,0,62.97,0.15,19.0,6.947368421052632,-1.0,5.156333333333334,Indiana Dunes National Park,41.63765525,-87.09647445
ISRO,1,0,0.0,0.0,26.0,0.0,26.0,0,38.279999999999994,1.8133333333333337,5.78,0,35.76,-11.85,35.0,0.0,0.0,6.7986666666666675,Isle Royale National Park,48.01145819,-88.82780657
ISRO,2,0,0.0,0.0,35.0,0.0,31.0,0,26.27999999999999,0.846666666666667,9.886666666666668,0,39.72,-2.4,36.0,0.0,4.0,6.065333333333336,Isle Royale National Park,48.01145819,-88.82780657
ISRO,3,0,0.0,0.0,36.0,0.0,31.0,0,18.553333333333324,0.2933333333333336,11.780000000000001,0,46.83,3.27,38.0,0.0,5.0,5.7313333333333345,Isle Royale National Park,48.01145819,-88.82780657
ISRO,4,0,0.0,0.0,38.0,0.048207503190651965,40.0,1,19.126666666666658,0.4133333333333337,11.723333333333334,0,52.32,16.77,42.0,0.05263157894736842,-2.0,5.9140000000000015,Isle Royale National Park,48.01145819,-88.82780657
ISRO,5,0,0.0,0.040076117110301034,42.0,0.9809936492651948,44.0,2,25.72999999999999,1.1433333333333338,11.703333333333333,0,66.09,31.44,44.0,0.3684210526315789,-2.0,6.7136666666666684,Isle Royale National Park,48.01145819,-88.82780657
ISRO,6,0,0.0,0.89561409542151,44.0,3.344903745481502,48.0,3,35.61666666666665,1.5000000000000007,8.56,0,69.78,40.17,100.0,0.05263157894736842,-4.0,6.438333333333336,Isle Royale National Park,48.01145819,-88.82780657
ISRO,7,0,0.0,3.695134160228046,100.0,5.011837891953443,54.0,3,44.309999999999995,2.423333333333334,4.426666666666667,0,77.16,48.27,56.0,0.0,46.0,7.415666666666668,Isle Royale National Park,48.01145819,-88.82780657
ISRO,8,0,0.0,4.927619964692666,56.0,5.188405132555349,98.0,3,53.129999999999995,3.41,0.14666666666666667,0,76.53,50.52,45.0,0.0,-42.0,8.507000000000001,Isle Royale National Park,48.01145819,-88.82780657
ISRO,9,0,0.0,5.186081879389535,45.0,1.986962270062896,52.0,2,59.03999999999999,3.5166666666666675,0.0,0,71.22,45.57,32.0,0.10526315789473684,-7.0,8.129333333333335,Isle Royale National Park,48.01145819,-88.82780657
ISRO,10,0,0.0,2.1466859252126467,32.0,0.16959748110446232,43.0,1,60.53999999999999,3.0100000000000002,0.0,0,72.3,36.66,28.0,0.15789473684210525,-11.0,6.966000000000001,Isle Royale National Park,48.01145819,-88.82780657
ISRO,11,0,0.0,0.005227319623082743,28.0,0.0,33.0,0,57.18666666666666,2.4066666666666667,0.02,0,48.99,19.2,24.0,0.0,-5.0,6.094666666666668,Isle Royale National Park,48.01145819,-88.82780657
ISRO,12,0,0.0,0.0,24.0,0.0,26.0,0,47.82333333333332,2.1300000000000003,3.8033333333333332,0,39.72,-5.82,25.0,0.0,-2.0,6.477666666666668,Isle Royale National Park,48.01145819,-88.82780657
JEFF,1,0,5.0,0.713135751003388,54.0,0.3612146450896449,54.0,0,49.886666666666684,3.2966666666666673,0.5799999999999994,0,54.68,0.86,54.0,7.2105263157894735,0.0,8.604666666666667,Gateway Arch National Park,38.6258069,-90.1892508
JEFF,2,0,0.0,0.3449771609156904,54.0,0.547843959011553,62.0,1,38.40333333333336,3.4100000000000006,3.196666666666666,7,70.16,-1.03,53.0,16.842105263157894,-8.0,9.979666666666667,Gateway Arch National Park,38.6258069,-90.1892508
JEFF,3,0,7.0,0.3992891712157349,53.0,1.4557678509638685,59.0,2,32.86666666666668,1.6666666666666679,4.279999999999999,147,80.96,24.98,79.0,62.10526315789474,-6.0,7.046666666666668,Gateway Arch National Park,38.6258069,-90.1892508
JEFF,4,0,147.0,1.3363825656909538,79.0,1.291690941001,78.0,2,37.00000000000002,1.5066666666666677,4.463333333333332,13,82.58,32.81,69.0,29.842105263157894,1.0,6.3133333333333335,Gateway Arch National Park,38.6258069,-90.1892508
JEFF,5,0,13.0,1.1074482227400568,69.0,1.3843364878089446,86.0,2,47.310000000000024,4.560000000000001,1.8466666666666658,9,87.89,47.03,76.0,18.894736842105264,-17.0,11.389000000000001,Gateway Arch National Park,38.6258069,-90.1892508
JEFF,6,0,9.0,1.402239038723107,76.0,1.8653681021411879,82.0,3,57.75000000000002,6.250000000000001,0.2566666666666661,9,97.88,59.54,70.0,22.31578947368421,-6.0,13.725,Gateway Arch National Park,38.6258069,-90.1892508
JEFF,7,0,9.0,1.714112206077921,70.0,3.288827491431168,93.0,3,66.2666666666667,7.496666666666667,0.0,8,97.61,68.36,68.0,27.842105263157894,-23.0,15.366666666666665,Gateway Arch National Park,38.6258069,-90.1892508
JEFF,8,0,8.0,3.0594984659937032,68.0,1.9862889489634055,91.0,3,74.26000000000002,5.6000000000000005,0.0,6,97.34,58.37,69.0,28.05263157894737,-23.0,11.626000000000003,Gateway Arch National Park,38.6258069,-90.1892508
JEFF,9,0,6.0,1.517918008770596,69.0,1.025335764792391,70.0,2,78.6566666666667,3.8466666666666676,0.0,10,95.36,52.43,64.0,33.0,-1.0,8.559000000000005,Gateway Arch National Park,38.6258069,-90.1892508
JEFF,10,0,10.0,0.9939831747656593,64.0,1.1166739258635796,80.0,2,77.28333333333335,2.4233333333333342,0.0,13,86.27,39.74,56.0,27.36842105263158,-16.0,5.575000000000003,Gateway Arch National Park,38.6258069,-90.1892508
JEFF,11,0,13.0,0.47426650983591656,56.0,0.7696370157211134,65.0,1,70.81666666666668,1.9800000000000006,0.0,12,77.18,23.36,50.0,22.05263157894737,-9.0,4.041666666666669,Gateway Arch National Park,38.6258069,-90.1892508
JEFF,12,0,12.0,0.6209465558205376,50.0,0.713135751003388,61.0,1,60.84666666666669,2.3366666666666673,1.1933333333333327,0,74.21,6.71,49.0,6.578947368421052,-11.0,5.588666666666666,Gateway Arch National Park,38.6258069,-90.1892508
JOTR,1,0,7.0,1.8467694097484826,79.0,1.358760467693245,79.0,2,64.74333333333333,0.0,0.0,10,74.59,35.26,82.0,7.526315789473684,0.0,0.5256666666666675,Joshua Tree National Park,33.91418525,-115.8398125
JOTR,2,0,10.0,1.5015128151319306,82.0,1.53108911465043,76.0,2,55.70999999999999,0.19666666666666666,0.21,1,84.67,43.9,79.0,9.631578947368421,6.0,1.8223333333333347,Joshua Tree National Park,33.91418525,-115.8398125
JOTR,3,0,1.0,1.6132095081656497,79.0,2.16708213730124,80.0,3,56.68999999999999,0.3833333333333333,0.21,2,91.33,40.39,78.0,3.263157894736842,-1.0,2.097666666666668,Joshua Tree National Park,33.91418525,-115.8398125
JOTR,4,0,2.0,2.224393641388292,78.0,1.8562448397694695,91.0,3,58.01999999999999,0.6333333333333333,0.23666666666666666,4,95.11,41.65,61.0,3.789473684210526,-13.0,2.464666666666668,Joshua Tree National Park,33.91418525,-115.8398125
JOTR,5,0,4.0,1.8438808883460736,61.0,1.402703786747839,71.0,2,63.77333333333332,0.46,0.02666666666666667,7,100.51,55.6,59.0,5.578947368421052,-10.0,1.5426666666666682,Joshua Tree National Park,33.91418525,-115.8398125
JOTR,6,0,7.0,1.2435651543440847,59.0,0.9265188855734908,70.0,1,69.46,0.4266666666666667,0.02666666666666667,14,109.78,68.2,45.0,41.94736842105263,-11.0,0.907333333333334,Joshua Tree National Park,33.91418525,-115.8398125
JOTR,7,0,14.0,0.8388374134704554,45.0,0.6683336641469421,56.0,1,78.24666666666666,0.18000000000000002,0.0,6,111.31,70.27,48.0,33.526315789473685,-11.0,1.1846666666666656,Joshua Tree National Park,33.91418525,-115.8398125
JOTR,8,0,6.0,0.7540606600861043,48.0,0.7723366319499452,46.0,1,85.55,0.15666666666666668,0.0,15,110.68,70.63,50.0,25.526315789473685,2.0,1.8683333333333332,Joshua Tree National Park,33.91418525,-115.8398125
JOTR,9,0,15.0,0.7709598600665539,50.0,0.8498137947996101,54.0,1,90.18999999999998,0.07666666666666667,0.0,6,104.2,65.05,52.0,12.578947368421053,-4.0,2.1723333333333317,Joshua Tree National Park,33.91418525,-115.8398125
JOTR,10,0,6.0,0.8039537933191185,52.0,1.1451340633397473,55.0,2,88.25333333333333,0.6033333333333334,0.0,2,90.97,51.46,72.0,4.2631578947368425,-3.0,3.032,Joshua Tree National Park,33.91418525,-115.8398125
JOTR,11,0,2.0,0.8836931813418851,72.0,1.628656348786757,61.0,3,82.22666666666665,0.62,0.0,1,85.93,45.52,75.0,6.052631578947368,11.0,2.4626666666666646,Joshua Tree National Park,33.91418525,-115.8398125
JOTR,12,0,1.0,1.5970553847338589,75.0,1.8467694097484826,70.0,3,72.88666666666666,1.29,0.0,2,77.92,42.91,87.0,5.052631578947368,5.0,2.8686666666666656,Joshua Tree National Park,33.91418525,-115.8398125
KATM,1,0,0.0,0.0,26.0,0.0,26.0,0,29.189999999999998,2.173333333333334,37.370000000000005,0,39.14,-18.19,30.0,0.0,0.0,8.427666666666667,Katmai National Park,58.62235668,-155.0126574
KATM,2,0,0.0,0.0,30.0,0.0,28.0,0,27.02333333333333,1.9866666666666672,42.23666666666667,0,38.15,11.33,36.0,0.0,2.0,8.271,Katmai National Park,58.62235668,-155.0126574
KATM,3,0,0.0,0.0,36.0,0.0,28.0,0,28.893333333333327,2.096666666666667,35.01666666666667,0,38.69,2.33,30.0,0.0,8.0,8.304000000000002,Katmai National Park,58.62235668,-155.0126574
KATM,4,0,0.0,0.0,30.0,0.0,29.0,0,27.079999999999995,1.1100000000000005,23.846666666666668,0,41.57,7.64,45.0,0.0,1.0,6.512000000000002,Katmai National Park,58.62235668,-155.0126574
KATM,5,0,0.0,0.0,45.0,0.03358373840035351,27.0,1,28.603333333333328,0.8133333333333339,22.44333333333334,0,53.45,25.28,44.0,1.0526315789473684,18.0,5.7663333333333355,Katmai National Park,58.62235668,-155.0126574
KATM,6,0,0.0,0.09061819068371249,44.0,1.1676139393847045,39.0,2,31.793333333333333,1.7000000000000004,22.15666666666667,0,65.33,34.1,48.0,18.0,5.0,7.220666666666667,Katmai National Park,58.62235668,-155.0126574
KATM,7,0,0.0,1.3572462553522178,48.0,4.182623005775062,38.0,3,38.74333333333333,2.636666666666667,17.63666666666667,0,69.74,43.82,78.0,0.15789473684210525,10.0,8.399000000000001,Katmai National Park,58.62235668,-155.0126574
KATM,8,0,0.0,3.908452313834245,78.0,3.238225120758224,64.0,2,46.25333333333333,3.676666666666667,5.390000000000005,0,67.85,41.93,69.0,0.0,14.0,9.728000000000002,Katmai National Park,58.62235668,-155.0126574
KATM,9,0,0.0,3.049461349749341,69.0,1.765462385908239,59.0,2,51.52,3.590000000000001,0.5866666666666714,0,63.8,31.22,100.0,0.0,10.0,9.028000000000002,Katmai National Park,58.62235668,-155.0126574
KATM,10,0,0.0,1.5193746476297865,100.0,0.10161976015969036,95.0,2,51.19999999999999,3.446666666666667,0.010000000000004736,0,53.27,17.72,45.0,0.0,5.0,8.773333333333335,Katmai National Park,58.62235668,-155.0126574
KATM,11,0,0.0,0.05327075746262971,45.0,0.0,58.0,0,45.97666666666667,3.673333333333334,5.936666666666672,0,37.43,14.66,33.0,0.0,-13.0,9.749,Katmai National Park,58.62235668,-155.0126574
KATM,12,0,0.0,0.0,33.0,0.0,28.0,0,36.666666666666664,2.7500000000000004,14.030000000000006,0,40.13,-13.33,29.0,0.0,5.0,8.833333333333336,Katmai National Park,58.62235668,-155.0126574
KEFJ,1,0,0.0,0.00026467477340953846,55.0,0.0017392913681198241,55.0,1,19.300000000000008,1.1633333333333333,173.41000000000005,0,29.17,-14.75,57.0,0.0,0.0,7.3966666666666665,Kenai Fjords National Park,59.81804414,-150.106502
KEFJ,2,0,0.0,0.0014746165947102856,57.0,0.002079587505360659,64.0,1,17.960000000000008,1.1966666666666665,236.40333333333334,0,26.2,-2.87,58.0,0.0,-7.0,7.597333333333333,Kenai Fjords National Park,59.81804414,-150.106502
KEFJ,3,0,0.0,0.0009074563659755604,58.0,0.0026467477340953844,64.0,1,18.78000000000001,1.4866666666666666,241.5766666666667,0,29.44,-0.35,66.0,0.15789473684210525,-6.0,8.095333333333333,Kenai Fjords National Park,59.81804414,-150.106502
KEFJ,4,0,0.0,0.0012477525032163956,66.0,0.0005293495468190769,68.0,0,17.90333333333334,0.83,191.2733333333334,0,33.49,6.67,68.0,0.0,-2.0,6.869666666666667,Kenai Fjords National Park,59.81804414,-150.106502
KEFJ,5,0,0.0,0.00018905340957824175,68.0,1.1669132652807395,69.0,2,19.89333333333334,0.7966666666666665,160.12000000000003,0,36.28,14.23,92.0,48.421052631578945,-1.0,6.603999999999998,Kenai Fjords National Park,59.81804414,-150.106502
KEFJ,6,0,0.0,1.379106812191358,92.0,3.855328370847168,89.0,3,22.890000000000004,0.61,161.41333333333336,0,44.74,21.16,91.0,60.05263157894737,3.0,5.931,Kenai Fjords National Park,59.81804414,-150.106502
KEFJ,7,0,0.0,3.9003608930087057,91.0,4.987871726266583,97.0,3,27.54666666666667,1.87,137.29000000000002,0,42.85,28.36,95.0,28.31578947368421,-6.0,7.985333333333334,Kenai Fjords National Park,59.81804414,-150.106502
KEFJ,8,0,0.0,5.0004626833444945,95.0,4.25691562347327,100.0,3,31.830000000000002,3.92,63.99333333333336,0,40.96,21.25,81.0,46.473684210526315,-5.0,11.657,Kenai Fjords National Park,59.81804414,-150.106502
KEFJ,9,0,0.0,4.326525088879978,81.0,1.4162369018325245,72.0,2,34.696666666666665,9.116666666666667,25.31000000000002,0,41.05,17.11,58.0,0.21052631578947367,9.0,21.76366666666667,Kenai Fjords National Park,59.81804414,-150.106502
KEFJ,10,0,0.0,1.3281002022871482,58.0,0.16976996180126108,57.0,1,34.78,13.950000000000001,4.216666666666685,0,36.19,2.8,46.0,0.10526315789473684,1.0,31.422000000000004,Kenai Fjords National Park,59.81804414,-150.106502
KEFJ,11,0,0.0,0.14473929037310188,46.0,7.56213638312967e-05,42.0,0,31.49000000000001,13.566666666666668,35.67000000000002,0,27.91,1.81,51.0,0.05263157894736842,4.0,30.984333333333336,Kenai Fjords National Park,59.81804414,-150.106502
KEFJ,12,0,0.0,0.00011343204574694504,51.0,0.00026467477340953846,51.0,0,24.55,8.299999999999999,75.36333333333336,0,28.45,-16.55,40.0,0.0,0.0,21.145,Kenai Fjords National Park,59.81804414,-150.106502
KICA,1,0,13.0,0.4342579422626008,38.0,0.31177135290771235,38.0,0,39.9,0.06333333333333392,19.60333333333332,13,54.48,3.0,45.0,19.894736842105264,0.0,3.136666666666668,Kings Canyon National Park,36.71277299,-118.587429
KICA,2,0,13.0,0.4677467850450235,45.0,0.2549460324269963,41.0,0,32.4,0.05333333333333393,20.446666666666655,2,57.54,7.41,46.0,35.8421052631579,4.0,3.866666666666668,Kings Canyon National Park,36.71277299,-118.587429
KICA,3,0,2.0,0.3169173454257975,46.0,0.38036464077474724,45.0,0,31.679999999999996,0.1500000000000006,26.37333333333332,12,61.32,3.81,55.0,30.68421052631579,1.0,4.132000000000002,Kings Canyon National Park,36.71277299,-118.587429
KICA,4,0,12.0,0.45522088077619594,55.0,0.6238219457195068,48.0,1,31.03666666666666,0.13333333333333394,37.11333333333332,18,61.68,3.72,55.0,23.36842105263158,7.0,4.163000000000002,Kings Canyon National Park,36.71277299,-118.587429
KICA,5,0,18.0,0.8403724913352085,55.0,1.773253173751344,55.0,2,33.849999999999994,0.20333333333333392,39.36333333333332,9,79.05,20.19,83.0,17.263157894736842,0.0,4.021666666666668,Kings Canyon National Park,36.71277299,-118.587429
KICA,6,0,9.0,1.9630565256974633,83.0,1.9930149782639903,83.0,3,38.413333333333334,0.3033333333333339,20.366666666666656,6,80.58,35.31,84.0,52.526315789473685,0.0,3.7653333333333348,Kings Canyon National Park,36.71277299,-118.587429
KICA,7,0,6.0,2.3722626594224088,84.0,2.3145996192294467,89.0,3,47.11666666666667,0.47000000000000064,4.253333333333321,14,84.9,42.06,87.0,110.73684210526316,-5.0,3.228333333333335,Kings Canyon National Park,36.71277299,-118.587429
KICA,8,0,14.0,2.557378770121435,87.0,2.169514543351339,84.0,3,55.18333333333333,0.4800000000000006,0.9933333333333215,277,84.54,41.61,77.0,245.73684210526315,3.0,2.441666666666668,Kings Canyon National Park,36.71277299,-118.587429
KICA,9,0,277.0,2.379044199950118,77.0,1.772894151017524,79.0,2,60.48333333333333,0.3800000000000006,0.0,794,77.34,36.57,57.0,669.9473684210526,-2.0,1.7116666666666687,Kings Canyon National Park,36.71277299,-118.587429
KICA,10,0,794.0,1.7161286676591114,57.0,1.3267685128314322,57.0,2,59.596666666666664,0.733333333333334,0.0,38,66.63,16.95,51.0,247.73684210526315,0.0,2.5070000000000014,Kings Canyon National Park,36.71277299,-118.587429
KICA,11,0,38.0,1.3600180071246417,51.0,0.594601484328054,45.0,1,53.94333333333333,0.8966666666666674,3.8033333333333217,16,67.71,18.03,39.0,65.84210526315789,6.0,3.399000000000002,Kings Canyon National Park,36.71277299,-118.587429
KICA,12,0,16.0,0.7171479108052458,39.0,0.4342579422626008,40.0,1,46.63999999999999,1.273333333333334,8.909999999999988,8,61.32,8.76,39.0,20.31578947368421,-1.0,4.882666666666669,Kings Canyon National Park,36.71277299,-118.587429
KOVA,1,0,0.0,1.850329348038958,75.0,0.9442233930251775,75.0,1,9.843333333333332,0.08333333333333333,11.923333333333337,0,34.15,-36.05,71.0,0.0,0.0,6.182333333333334,Kobuk Valley National Park,67.35631336,-159.2002293
KOVA,2,0,0.0,0.08385836362507343,71.0,0.7917536409795894,100.0,1,4.023333333333331,0.036666666666666674,18.933333333333337,0,21.82,-23.99,73.0,0.0,-29.0,6.671000000000001,Kobuk Valley National Park,67.35631336,-159.2002293
KOVA,3,0,0.0,0.0871255725974789,73.0,0.9082840943287175,88.0,1,3.1366666666666645,0.04,18.12333333333334,0,34.69,-16.61,87.0,0.0,-15.0,6.766333333333334,Kobuk Valley National Park,67.35631336,-159.2002293
KOVA,4,0,0.0,0.24830788190281486,87.0,1.0956040754132972,70.0,1,4.709999999999998,0.04666666666666667,18.18666666666667,0,38.83,-16.43,79.0,0.0,17.0,6.6223333333333345,Kobuk Valley National Park,67.35631336,-159.2002293
KOVA,5,0,0.0,0.18296370245470567,79.0,1.110851050617856,73.0,1,8.736666666666665,0.06,8.073333333333336,0,49.36,13.09,83.0,0.8947368421052632,6.0,6.246333333333334,Kobuk Valley National Park,67.35631336,-159.2002293
KOVA,6,0,0.0,0.14920254307318262,83.0,1.9352767813215,96.0,3,19.68333333333333,0.07666666666666666,6.016666666666669,57,77.71,26.32,58.0,27.210526315789473,-13.0,5.1850000000000005,Kobuk Valley National Park,67.35631336,-159.2002293
KOVA,7,0,57.0,1.5236084507984122,58.0,2.0191351449465733,80.0,3,34.86666666666667,0.36333333333333334,2.646666666666669,454,86.08,38.2,68.0,54.36842105263158,-22.0,4.24,Kobuk Valley National Park,67.35631336,-159.2002293
KOVA,8,0,454.0,3.1441441011115194,68.0,2.215167683290901,79.0,3,48.81333333333333,1.4233333333333331,0.12000000000000237,0,74.29,33.16,63.0,0.05263157894736842,-11.0,4.965333333333334,Kobuk Valley National Park,67.35631336,-159.2002293
KOVA,9,0,0.0,1.6837016904462796,63.0,1.9374549206364369,45.0,3,53.99666666666666,4.510000000000001,0.0,0,54.76,21.01,90.0,0.0,18.0,10.620333333333335,Kobuk Valley National Park,67.35631336,-159.2002293
KOVA,10,0,0.0,0.9246201391907448,90.0,2.189030011511657,85.0,3,48.423333333333325,5.153333333333333,0.0,0,44.95,-1.94,66.0,0.05263157894736842,5.0,12.464333333333334,Kobuk Valley National Park,67.35631336,-159.2002293
KOVA,11,0,0.0,0.29404880751649126,66.0,1.7708272630437585,39.0,2,36.89666666666667,4.96,5.623333333333336,0,27.4,-6.8,67.0,0.0,27.0,13.230333333333334,Kobuk Valley National Park,67.35631336,-159.2002293
KOVA,12,0,0.0,0.10781789608938012,67.0,1.850329348038958,82.0,2,24.119999999999994,1.83,7.203333333333336,0,16.69,-29.39,85.0,0.0,-15.0,8.248000000000001,Kobuk Valley National Park,67.35631336,-159.2002293
LACL,1,0,0.0,0.0,33.0,0.0,33.0,0,20.086666666666662,0.08333333333333333,31.326666666666664,0,30.92,-30.91,39.0,0.0,0.0,5.158000000000001,Lake Clark National Park,60.57405857,-153.55535
LACL,2,0,0.0,0.0,39.0,0.0,87.0,0,16.939999999999994,0.09333333333333334,42.46,0,29.12,1.22,40.0,0.0,-48.0,5.4926666666666675,Lake Clark National Park,60.57405857,-153.55535
LACL,3,0,0.0,0.0,40.0,0.0,41.0,0,17.84333333333333,0.08,38.519999999999996,0,33.08,-4.27,60.0,0.0,-1.0,5.3756666666666675,Lake Clark National Park,60.57405857,-153.55535
LACL,4,0,0.0,0.005111630079402149,60.0,0.0,39.0,0,16.899999999999995,0.08666666666666667,30.69333333333333,0,36.32,3.83,32.0,0.10526315789473684,21.0,5.483333333333334,Lake Clark National Park,60.57405857,-153.55535
LACL,5,0,0.0,0.005111630079402149,32.0,0.2794357776739841,48.0,1,20.369999999999997,0.049999999999999996,17.64666666666667,0,40.28,20.39,49.0,0.47368421052631576,-16.0,5.063000000000001,Lake Clark National Park,60.57405857,-153.55535
LACL,6,0,0.0,0.40893040635217187,49.0,4.366184026156001,53.0,3,25.176666666666666,0.09000000000000001,20.486666666666668,0,51.17,25.61,47.0,24.42105263157895,-4.0,4.662333333333334,Lake Clark National Park,60.57405857,-153.55535
LACL,7,0,0.0,4.239245212517515,47.0,5.570824848201775,60.0,3,31.763333333333332,0.2333333333333333,19.843333333333334,0,62.87,39.2,46.0,5.2631578947368425,-13.0,4.290333333333333,Lake Clark National Park,60.57405857,-153.55535
LACL,8,0,0.0,6.037687062120504,46.0,3.863540401681457,45.0,3,39.580000000000005,0.8766666666666666,9.17,0,60.89,32.18,61.0,0.0,1.0,4.795333333333333,Lake Clark National Park,60.57405857,-153.55535
LACL,9,0,0.0,5.193416160672583,61.0,1.654464269033162,39.0,2,44.526666666666664,2.143333333333333,4.86,0,52.43,25.61,41.0,0.0,22.0,6.834,Lake Clark National Park,60.57405857,-153.55535
LACL,10,0,0.0,0.9235011676786548,41.0,0.03066978047641289,42.0,0,44.65666666666666,2.8633333333333333,0.42333333333333334,0,42.35,4.55,32.0,0.0,-1.0,8.261000000000001,Lake Clark National Park,60.57405857,-153.55535
LACL,11,0,0.0,0.03322559551611396,32.0,0.0,29.0,0,37.813333333333325,2.8033333333333332,8.543333333333333,0,28.22,3.56,51.0,0.0,3.0,8.825333333333333,Lake Clark National Park,60.57405857,-153.55535
LACL,12,0,0.0,0.003407753386268099,51.0,0.0,35.0,0,27.403333333333332,1.4900000000000002,14.376666666666665,0,30.38,-11.56,36.0,0.0,16.0,7.239666666666667,Lake Clark National Park,60.57405857,-153.55535
LAVO,1,0,25.0,0.106975044433769,27.0,0.19548906425030824,27.0,0,36.17000000000001,1.4300000000000008,43.99666666666667,34,50.63,8.42,32.0,11.947368421052632,0.0,6.243,Lassen Volcanic National Park,40.49354575,-121.4075993
LAVO,2,0,34.0,0.20677995877066752,32.0,0.18642338251863289,37.0,0,29.766666666666676,1.163333333333334,47.53333333333334,17,53.96,2.39,31.0,18.736842105263158,-5.0,6.3500000000000005,Lassen Volcanic National Park,40.49354575,-121.4075993
LAVO,3,0,17.0,0.1768632090561389,31.0,0.16680854386282623,38.0,0,29.60666666666668,1.6066666666666674,46.23000000000001,18,58.37,10.85,39.0,15.894736842105264,-7.0,7.252666666666666,Lassen Volcanic National Park,40.49354575,-121.4075993
LAVO,4,0,18.0,0.17941808299870193,39.0,0.19169796098069855,37.0,0,29.156666666666677,1.373333333333334,45.48333333333334,63,56.75,13.1,43.0,24.42105263157895,2.0,6.831,Lassen Volcanic National Park,40.49354575,-121.4075993
LAVO,5,0,63.0,0.3063376272421567,43.0,0.9402760261516723,48.0,1,32.03666666666668,1.3466666666666673,44.76666666666667,23,77.9,22.37,59.0,18.842105263157894,-5.0,6.4896666666666665,Lassen Volcanic National Park,40.49354575,-121.4075993
LAVO,6,0,23.0,0.9981315586574548,59.0,2.002773925104022,62.0,2,37.38333333333335,0.3800000000000007,22.230000000000004,20,83.57,29.12,75.0,91.36842105263158,-3.0,4.0216666666666665,Lassen Volcanic National Park,40.49354575,-121.4075993
LAVO,7,0,20.0,2.3242759654246172,75.0,2.5289955419835404,73.0,2,46.62333333333334,0.3100000000000007,5.4933333333333385,217,87.89,43.88,75.0,479.94736842105266,2.0,2.9576666666666673,Lassen Volcanic National Park,40.49354575,-121.4075993
LAVO,8,0,217.0,3.106012448323264,75.0,0.45715760514184645,85.0,1,55.16000000000002,0.7800000000000007,1.6433333333333382,12,86.63,42.53,62.0,854.8421052631579,-10.0,3.0439999999999996,Lassen Volcanic National Park,40.49354575,-121.4075993
LAVO,9,0,12.0,2.9634339992705523,62.0,1.5528688653475158,56.0,2,61.44666666666668,0.9900000000000007,0.036666666666671406,18,77.36,38.84,47.0,325.1578947368421,6.0,2.8353333333333333,Lassen Volcanic National Park,40.49354575,-121.4075993
LAVO,10,0,18.0,1.9709890955175118,47.0,1.1718629867517423,44.0,1,60.91666666666668,1.203333333333334,0.0,57,63.14,27.05,37.0,51.94736842105263,3.0,3.3150000000000004,Lassen Volcanic National Park,40.49354575,-121.4075993
LAVO,11,0,57.0,1.2335920378156044,37.0,0.3239744989746887,37.0,1,53.966666666666676,1.1766666666666674,1.5633333333333381,22,62.06,22.55,27.0,98.89473684210526,0.0,3.9566666666666674,Lassen Volcanic National Park,40.49354575,-121.4075993
LAVO,12,0,22.0,0.186753043672512,27.0,0.106975044433769,30.0,0,45.59000000000001,1.7233333333333338,7.0766666666666715,21,59.54,13.1,31.0,17.263157894736842,-3.0,5.887666666666666,Lassen Volcanic National Park,40.49354575,-121.4075993
MACA,1,0,1.0,0.6775124678432016,33.0,0.40262510340317675,33.0,1,52.30666666666667,3.659999999999999,0.12000000000000001,0,63.95,5.0,40.0,1.3157894736842106,0.0,9.08933333333333,Mammoth Cave National Park,37.19760458,-86.13090198
MACA,2,0,0.0,0.35968432821889074,40.0,0.6090507061705229,54.0,1,41.78333333333334,4.759999999999999,1.8733333333333333,2,70.52,7.25,41.0,6.105263157894737,-14.0,12.341666666666665,Mammoth Cave National Park,37.19760458,-86.13090198
MACA,3,0,2.0,0.46606235169089005,41.0,1.8948834443177107,58.0,3,37.156666666666666,5.386666666666666,2.9766666666666666,45,76.46,21.65,55.0,26.94736842105263,-17.0,14.057666666666666,Mammoth Cave National Park,37.19760458,-86.13090198
MACA,4,0,45.0,1.6428388015221103,55.0,1.4940069601101826,78.0,2,40.36666666666667,5.349999999999999,2.9200000000000004,19,80.78,29.75,50.0,30.42105263157895,-23.0,13.66333333333333,Mammoth Cave National Park,37.19760458,-86.13090198
MACA,5,0,19.0,1.4329823636240608,50.0,1.4994077586385155,78.0,2,50.07,7.733333333333332,1.1666666666666667,6,83.3,44.51,61.0,14.473684210526315,-28.0,17.459666666666664,Mammoth Cave National Park,37.19760458,-86.13090198
MACA,6,0,6.0,1.5146583741549966,61.0,2.08185289173094,100.0,3,58.18333333333334,7.556666666666666,0.03666666666666667,17,92.03,55.04,59.0,16.42105263157895,-39.0,16.294999999999998,Mammoth Cave National Park,37.19760458,-86.13090198
MACA,7,0,17.0,2.142456934233298,59.0,2.2700175978348653,94.0,3,65.86333333333334,8.096666666666666,0.0,26,93.74,67.1,79.0,15.31578947368421,-35.0,16.606999999999996,Mammoth Cave National Park,37.19760458,-86.13090198
MACA,8,0,26.0,2.27493143911884,79.0,1.924477164122551,91.0,3,72.61,5.776666666666666,0.0,27,96.8,55.22,62.0,14.947368421052632,-12.0,11.814333333333332,Mammoth Cave National Park,37.19760458,-86.13090198
MACA,9,0,27.0,1.7663267318072295,62.0,1.103068830571595,81.0,2,76.65333333333334,3.7599999999999993,0.0,22,88.07,51.8,54.0,16.05263157894737,-19.0,8.185333333333332,Mammoth Cave National Park,37.19760458,-86.13090198
MACA,10,0,22.0,1.2813615852671745,54.0,1.6762839104414176,62.0,2,75.41666666666667,2.9633333333333325,0.0,18,84.29,37.58,52.0,18.36842105263158,-8.0,6.468333333333332,Mammoth Cave National Park,37.19760458,-86.13090198
MACA,11,0,18.0,0.2799118778249903,52.0,0.9021546984335722,55.0,1,68.95333333333333,3.406666666666666,0.0,4,73.67,23.27,44.0,7.526315789473684,-3.0,6.917999999999998,Mammoth Cave National Park,37.19760458,-86.13090198
MACA,12,0,4.0,0.455703443038186,44.0,0.6775124678432016,41.0,1,60.01000000000001,3.9999999999999987,0.22,0,71.6,10.85,42.0,1.3157894736842106,3.0,8.998999999999995,Mammoth Cave National Park,37.19760458,-86.13090198
MEVE,1,0,0.0,0.2023224173492828,31.0,0.12450610298417403,31.0,0,39.463333333333345,1.0133333333333336,2.83,0,49.46,-1.48,36.0,0.7368421052631579,0.0,5.080333333333333,Mesa Verde National Park,37.23908345,-108.4624032
MEVE,2,0,0.0,0.1531388121274188,36.0,0.15687953703161692,46.0,0,29.76333333333335,0.09333333333333378,2.36,1,58.46,11.21,38.0,1.6842105263157894,-10.0,4.210333333333333,Mesa Verde National Park,37.23908345,-108.4624032
MEVE,3,0,1.0,0.15690262792608728,38.0,0.36386631506391215,48.0,1,30.306666666666683,0.0,2.9033333333333338,4,69.71,16.07,44.0,5.0,-10.0,3.9693333333333314,Mesa Verde National Park,37.23908345,-108.4624032
MEVE,4,0,4.0,0.40549919779396887,44.0,0.6791262972677193,61.0,1,32.53000000000001,0.03666666666666711,4.583333333333333,2,74.3,19.76,46.0,7.052631578947368,-17.0,3.8203333333333336,Mesa Verde National Park,37.23908345,-108.4624032
MEVE,5,0,2.0,0.6056972528519787,46.0,1.3177511656344294,63.0,2,40.06333333333335,0.08666666666666711,5.63,5,84.74,29.57,64.0,6.368421052631579,-17.0,3.167,Mesa Verde National Park,37.23908345,-108.4624032
MEVE,6,0,5.0,1.2406275781034315,64.0,2.0508177923849065,88.0,2,47.03666666666668,0.6233333333333338,4.653333333333333,0,90.32,44.15,57.0,44.89473684210526,-24.0,3.5429999999999993,Mesa Verde National Park,37.23908345,-108.4624032
MEVE,7,0,0.0,1.9556371253780882,57.0,1.8655364551547486,87.0,2,56.93666666666669,1.1966666666666672,2.523333333333333,6,90.77,52.16,59.0,7.105263157894737,-30.0,3.6996666666666655,Mesa Verde National Park,37.23908345,-108.4624032
MEVE,8,0,6.0,1.8146903055310188,59.0,1.5214359457574633,73.0,2,65.42000000000002,1.2733333333333339,0.6599999999999997,156,90.95,48.92,49.0,24.05263157894737,-14.0,3.004666666666666,Mesa Verde National Park,37.23908345,-108.4624032
MEVE,9,0,156.0,1.4453976302665723,49.0,1.4241540073538423,65.0,2,70.62000000000002,1.4000000000000004,0.0,3,82.13,41.18,52.0,13.052631578947368,-16.0,2.8620000000000028,Mesa Verde National Park,37.23908345,-108.4624032
MEVE,10,0,3.0,1.284177005074528,52.0,1.123487470455302,61.0,1,67.74000000000001,1.6400000000000006,0.0,1,75.74,28.22,40.0,8.31578947368421,-9.0,3.5060000000000002,Mesa Verde National Park,37.23908345,-108.4624032
MEVE,11,0,1.0,1.124711287862231,40.0,0.2552467474753449,43.0,1,60.08333333333335,2.596666666666667,0.0,2,66.65,24.62,27.0,7.157894736842105,-3.0,6.185,Mesa Verde National Park,37.23908345,-108.4624032
MEVE,12,0,2.0,0.3060698062046044,27.0,0.2023224173492828,27.0,0,50.14666666666668,2.193333333333334,0.9933333333333331,4,56.75,14.45,33.0,1.0526315789473684,0.0,6.372,Mesa Verde National Park,37.23908345,-108.4624032
MORA,1,0,5.0,0.18242675031309494,31.0,0.15282056376525152,31.0,0,23.22666666666667,1.8699999999999999,86.72999999999998,0,33.82,-2.81,41.0,0.47368421052631576,0.0,8.417333333333332,Mount Rainier National Park,46.86075416,-121.7043885
MORA,2,0,0.0,0.2511378122286371,41.0,0.19724327245905224,38.0,0,18.960000000000004,0.7200000000000001,93.42666666666666,0,34.45,-7.31,37.0,1.631578947368421,3.0,6.544,Mount Rainier National Park,46.86075416,-121.7043885
MORA,3,0,0.0,0.11399321841962201,37.0,0.26490688235581683,43.0,1,16.85333333333334,0.7799999999999999,83.82666666666667,0,39.85,-0.02,44.0,5.105263157894737,-6.0,6.874666666666666,Mount Rainier National Park,46.86075416,-121.7043885
MORA,4,0,0.0,0.21121825195744462,44.0,0.2393204048372996,46.0,1,16.020000000000007,0.8033333333333333,72.67333333333333,8,37.42,6.82,52.0,6.368421052631579,-2.0,7.004666666666666,Mount Rainier National Park,46.86075416,-121.7043885
MORA,5,0,8.0,0.3715679366439953,52.0,0.7523749372484908,55.0,1,18.10333333333334,0.89,66.80333333333333,14,46.96,11.5,70.0,10.789473684210526,-3.0,6.969666666666667,Mount Rainier National Park,46.86075416,-121.7043885
MORA,6,0,14.0,0.8950253685921065,70.0,2.1038566189123675,76.0,2,23.316666666666674,0.7933333333333333,41.85333333333333,3,52.9,17.8,85.0,8.157894736842104,-6.0,6.254999999999999,Mount Rainier National Park,46.86075416,-121.7043885
MORA,7,0,3.0,2.2476887909951166,85.0,3.4847385777528745,89.0,3,28.830000000000002,0.4166666666666667,15.699999999999996,23,54.79,27.52,94.0,50.26315789473684,-4.0,4.950333333333333,Mount Rainier National Park,46.86075416,-121.7043885
MORA,8,0,23.0,3.8338713455160427,94.0,3.410996165114657,100.0,3,34.77666666666667,0.6166666666666667,6.569999999999996,38,57.49,26.17,83.0,243.89473684210526,-6.0,4.7556666666666665,Mount Rainier National Park,46.86075416,-121.7043885
MORA,9,0,38.0,3.8578642635530005,83.0,2.063856485408961,81.0,2,39.466666666666676,2.0,1.7933333333333286,1023,59.83,20.77,64.0,251.0,2.0,7.053333333333333,Mount Rainier National Park,46.86075416,-121.7043885
MORA,10,0,1023.0,1.5107570565875783,64.0,1.4388409705462037,66.0,2,41.50333333333334,3.2466666666666666,1.7199999999999953,82,41.56,6.46,48.0,48.26315789473684,-2.0,9.343,Mount Rainier National Park,46.86075416,-121.7043885
MORA,11,0,82.0,0.8855983004231076,48.0,0.21185388523379686,46.0,1,36.576666666666675,4.363333333333333,19.63333333333333,5,42.19,4.12,35.0,18.157894736842106,2.0,12.068999999999999,Mount Rainier National Park,46.86075416,-121.7043885
MORA,12,0,5.0,0.27065443958705826,35.0,0.18242675031309494,33.0,0,30.160000000000007,4.526666666666666,41.59666666666666,1,36.07,2.32,36.0,3.4210526315789473,2.0,13.037333333333333,Mount Rainier National Park,46.86075416,-121.7043885
NERI,1,0,0.0,0.43249395144643454,34.0,0.3670857174664193,34.0,1,44.35000000000002,2.353333333333332,2.94,1,49.73,-9.4,36.0,0.6842105263157895,0.0,7.271666666666662,New River Gorge National Park,37.86878554,-80.99956002
NERI,2,0,1.0,0.38202333321763826,36.0,0.35817266497397926,40.0,0,33.91333333333335,3.126666666666665,6.586666666666666,2,60.71,3.47,41.0,2.8947368421052633,-4.0,9.861999999999995,New River Gorge National Park,37.86878554,-80.99956002
NERI,3,0,2.0,0.5626410234888228,41.0,0.86871084457181,38.0,1,29.403333333333354,4.183333333333333,9.68,34,74.39,15.8,46.0,12.631578947368421,3.0,12.42633333333333,New River Gorge National Park,37.86878554,-80.99956002
NERI,4,0,34.0,1.0515017791235588,46.0,1.2253980007970493,52.0,2,33.32666666666669,3.4366666666666656,8.496666666666666,26,79.16,25.34,49.0,33.94736842105263,-6.0,10.540666666666663,New River Gorge National Park,37.86878554,-80.99956002
NERI,5,0,26.0,0.5677761154597759,49.0,1.882781471149957,49.0,3,43.82333333333335,3.5433333333333317,4.933333333333334,6,77.81,39.11,60.0,12.31578947368421,0.0,9.704333333333327,New River Gorge National Park,37.86878554,-80.99956002
NERI,6,0,6.0,2.3077286713605085,60.0,2.141434219765447,58.0,3,52.40333333333336,3.379999999999999,0.7366666666666667,12,89.06,41.09,72.0,14.105263157894736,2.0,8.519666666666662,New River Gorge National Park,37.86878554,-80.99956002
NERI,7,0,12.0,2.415556432943433,72.0,2.6885507598492278,65.0,3,60.35333333333335,4.266666666666666,0.08333333333333333,12,85.19,57.92,68.0,14.0,7.0,9.497999999999996,New River Gorge National Park,37.86878554,-80.99956002
NERI,8,0,12.0,2.382031618218782,68.0,2.2400371554148375,64.0,3,66.41000000000003,4.616666666666666,0.0,17,83.57,47.84,61.0,15.631578947368421,4.0,9.59233333333333,New River Gorge National Park,37.86878554,-80.99956002
NERI,9,0,17.0,2.476810744311231,61.0,1.632454907373084,60.0,2,69.32000000000002,3.6533333333333324,0.0,19,80.33,44.06,64.0,20.842105263157894,1.0,7.374666666666663,New River Gorge National Park,37.86878554,-80.99956002
NERI,10,0,19.0,1.8214721409396133,64.0,1.9730582219607309,54.0,3,67.37666666666668,2.799999999999999,0.0,10,77.72,29.12,62.0,16.36842105263158,10.0,5.86233333333333,New River Gorge National Park,37.86878554,-80.99956002
NERI,11,0,10.0,2.462331618914561,62.0,0.8049348362539906,54.0,1,60.53333333333335,2.389999999999999,0.0,23,65.48,18.14,33.0,18.473684210526315,8.0,5.726666666666662,New River Gorge National Park,37.86878554,-80.99956002
NERI,12,0,23.0,0.7813776018372433,33.0,0.43249395144643454,30.0,1,52.33333333333335,2.393333333333332,0.8366666666666666,4,58.46,-0.04,35.0,1.4736842105263157,3.0,6.553333333333329,New River Gorge National Park,37.86878554,-80.99956002
NOCA,1,0,0.0,0.0008904197860649304,26.0,0.01958923529342847,26.0,1,33.36666666666667,4.28,50.339999999999996,0,43.43,7.25,39.0,0.3157894736842105,0.0,12.223333333333334,North Cascades National Park,48.71171756,-121.2069423
NOCA,2,0,0.0,0.007123358288519443,39.0,0.028493433154077773,34.0,1,27.816666666666666,1.4466666666666674,54.49,0,47.93,-9.85,35.0,0.05263157894736842,5.0,7.111666666666668,North Cascades National Park,48.71171756,-121.2069423
NOCA,3,0,0.0,0.002671259358194791,35.0,0.08681592914133071,36.0,1,24.816666666666663,1.4900000000000009,50.43000000000001,1,56.75,16.61,42.0,0.5263157894736842,-1.0,7.498333333333335,North Cascades National Park,48.71171756,-121.2069423
NOCA,4,0,1.0,0.004452098930324652,42.0,0.5026419692336532,46.0,1,25.713333333333335,1.5466666666666675,46.76666666666667,8,56.57,18.68,52.0,2.210526315789474,-4.0,7.522000000000002,North Cascades National Park,48.71171756,-121.2069423
NOCA,5,0,8.0,0.357948753998102,52.0,0.4786006350099001,47.0,1,29.84,1.966666666666667,42.02,0,67.91,28.58,62.0,4.7894736842105265,5.0,7.949333333333334,North Cascades National Park,48.71171756,-121.2069423
NOCA,6,0,0.0,0.5280189331365037,62.0,1.3383009384555904,59.0,2,36.49333333333333,2.036666666666667,26.889999999999997,74,78.44,32.54,80.0,9.105263157894736,3.0,7.424000000000001,North Cascades National Park,48.71171756,-121.2069423
NOCA,7,0,74.0,1.0702845828500462,80.0,2.645437184398908,83.0,2,43.07,1.3266666666666673,5.32,126,84.47,42.35,100.0,224.21052631578948,-3.0,5.346333333333335,North Cascades National Park,48.71171756,-121.2069423
NOCA,8,0,126.0,7.491992079950324,100.0,0.6949726430236781,93.0,2,50.64666666666667,1.203333333333334,1.8,9,85.55,40.37,90.0,338.6842105263158,7.0,4.342000000000001,North Cascades National Park,48.71171756,-121.2069423
NOCA,9,0,9.0,6.424823966351505,90.0,1.0404555200168712,75.0,2,57.01,1.5433333333333341,0.0,28,88.79,37.49,55.0,144.21052631578948,15.0,4.385666666666669,North Cascades National Park,48.71171756,-121.2069423
NOCA,10,0,28.0,4.218363736482607,55.0,0.4946281911590688,59.0,1,59.05666666666667,1.6566666666666674,0.0,6,64.13,25.43,46.0,34.31578947368421,-4.0,4.4076666666666675,North Cascades National Park,48.71171756,-121.2069423
NOCA,11,0,6.0,0.7626445467646129,46.0,0.008458987967616838,37.0,0,52.43666666666667,3.0866666666666673,9.61,6,51.98,20.21,29.0,4.157894736842105,9.0,7.929666666666668,North Cascades National Park,48.71171756,-121.2069423
NOCA,12,0,6.0,0.021815284758590795,29.0,0.0008904197860649304,22.0,0,43.51333333333333,5.336666666666667,18.143333333333334,0,42.26,7.34,37.0,0.21052631578947367,7.0,13.322000000000001,North Cascades National Park,48.71171756,-121.2069423
NPSA,1,0,0.0,0.24389542758266117,39.0,0.8690744047454516,39.0,2,80.89333333333333,12.85,0.0,0,85.1,77.45,34.0,0.0,0.0,26.78933333333333,National Park of American Samoa,-14.22865935,-169.8503777
NPSA,2,0,0.0,1.857890750681357,34.0,0.9736910481013218,42.0,2,81.3,14.696666666666667,0.0,0,85.46,77.72,38.0,0.0,-8.0,30.523333333333333,National Park of American Samoa,-14.22865935,-169.8503777
NPSA,3,0,0.0,3.8166168202599384,38.0,0.35418405762650024,58.0,1,81.82,15.916666666666666,0.0,0,85.1,77.72,35.0,0.0,-20.0,33.01533333333333,National Park of American Samoa,-14.22865935,-169.8503777
NPSA,4,0,0.0,1.562947442906976,35.0,2.263122688499577,43.0,2,81.89,15.973333333333331,0.0,0,85.64,77.45,50.0,0.0,-8.0,33.135666666666665,National Park of American Samoa,-14.22865935,-169.8503777
NPSA,5,0,0.0,6.217757851500091,50.0,0.5911470570349773,49.0,1,82.08666666666666,12.290000000000001,0.0,0,84.38,76.64,59.0,0.0,1.0,25.788666666666668,National Park of American Samoa,-14.22865935,-169.8503777
NPSA,6,0,0.0,1.5837447274295284,59.0,0.334647214590163,77.0,1,81.86666666666666,10.516666666666667,0.0,0,83.66,76.46,31.0,0.0,-18.0,22.220000000000002,National Park of American Samoa,-14.22865935,-169.8503777
NPSA,7,0,0.0,0.4380034164598179,31.0,1.0423851091000558,33.0,2,81.58666666666666,8.65,0.0,0,83.3,75.56,44.0,0.0,-2.0,18.458666666666666,National Park of American Samoa,-14.22865935,-169.8503777
NPSA,8,0,0.0,5.721143905931261,44.0,0.9629772954684916,32.0,2,80.80666666666666,8.566666666666666,0.0,0,82.94,76.46,23.0,0.0,12.0,18.214,National Park of American Samoa,-14.22865935,-169.8503777
NPSA,9,0,0.0,0.8507980031953297,23.0,2.0898119841449727,28.0,2,80.45,4.576666666666667,0.0,0,83.3,75.11,23.0,0.0,-5.0,10.198333333333334,National Park of American Samoa,-14.22865935,-169.8503777
NPSA,10,0,0.0,4.477088159036757,23.0,2.823388929122279,36.0,3,79.91333333333333,4.126666666666666,0.0,0,83.21,75.74,29.0,0.0,-13.0,9.244666666666665,National Park of American Samoa,-14.22865935,-169.8503777
NPSA,11,0,0.0,0.0,29.0,1.6738662936939228,45.0,2,79.94,6.843333333333334,0.0,0,84.74,75.2,30.0,0.0,-16.0,14.680666666666667,National Park of American Samoa,-14.22865935,-169.8503777
NPSA,12,0,0.0,0.1588156272631282,30.0,0.24389542758266117,33.0,1,79.97,11.706666666666669,0.0,0,86.72,76.37,42.0,0.0,-3.0,24.410333333333337,National Park of American Samoa,-14.22865935,-169.8503777
OLYM,1,0,1.0,0.4657274599593903,31.0,0.39172029107552553,31.0,1,31.433333333333337,8.153333333333334,59.639999999999986,0,46.7,5.03,43.0,0.3684210526315789,0.0,20.163333333333334,Olympic National Park,47.80392754,-123.6663848
OLYM,2,0,0.0,0.3873834017442852,43.0,0.45845004297396375,39.0,1,27.636666666666667,4.653333333333333,64.89333333333332,0,46.61,-5.41,40.0,0.15789473684210525,4.0,13.543,Olympic National Park,47.80392754,-123.6663848
OLYM,3,0,0.0,0.4507797777172769,40.0,0.6487869751930169,46.0,1,25.86,4.04,58.12999999999999,0,52.64,4.85,48.0,1.0526315789473684,-6.0,12.494,Olympic National Park,47.80392754,-123.6663848
OLYM,4,0,0.0,0.5148140459327111,48.0,0.8421422268031395,50.0,1,25.676666666666666,2.703333333333333,60.783333333333324,2,52.64,13.04,53.0,0.631578947368421,-2.0,9.839,Olympic National Park,47.80392754,-123.6663848
OLYM,5,0,2.0,0.6668774436052131,53.0,1.247958380601907,57.0,2,27.926666666666666,2.9866666666666664,58.679999999999986,0,57.59,22.13,74.0,1.2105263157894737,-4.0,10.180666666666667,Olympic National Park,47.80392754,-123.6663848
OLYM,6,0,0.0,1.6994032776695356,74.0,1.4700693477509172,75.0,2,32.57333333333333,2.746666666666666,42.539999999999985,2,70.73,24.11,92.0,1.8421052631578947,-1.0,9.235999999999999,Olympic National Park,47.80392754,-123.6663848
OLYM,7,0,2.0,1.4218812563385979,92.0,2.215038026426365,85.0,3,38.11333333333334,1.7733333333333334,10.259999999999986,65,74.87,33.74,100.0,6.842105263157895,7.0,6.735333333333333,Olympic National Park,47.80392754,-123.6663848
OLYM,8,0,65.0,2.0758763883159475,100.0,2.3946008030870902,89.0,3,45.34,1.4166666666666667,2.893333333333319,103,79.19,36.08,69.0,20.31578947368421,11.0,5.299333333333333,Olympic National Park,47.80392754,-123.6663848
OLYM,9,0,103.0,2.1990051494547305,69.0,2.09003837401554,77.0,2,51.38333333333333,2.2433333333333336,0.0,154,78.74,32.57,45.0,17.210526315789473,-8.0,6.3483333333333345,Olympic National Park,47.80392754,-123.6663848
OLYM,10,0,154.0,2.009959560067939,45.0,1.31951510977395,48.0,2,53.48333333333333,3.203333333333333,0.00999999999998579,52,61.55,10.7,36.0,43.21052631578947,-3.0,8.058333333333334,Olympic National Park,47.80392754,-123.6663848
OLYM,11,0,52.0,1.2566204905038552,36.0,0.9145857817756513,34.0,1,47.21333333333333,5.803333333333334,4.613333333333319,13,46.7,16.73,32.0,10.947368421052632,2.0,13.885333333333335,Olympic National Park,47.80392754,-123.6663848
OLYM,12,0,13.0,0.8449738460256893,32.0,0.4657274599593903,28.0,1,39.73666666666667,8.633333333333333,10.079999999999986,0,45.8,8.0,33.0,1.368421052631579,4.0,20.293,Olympic National Park,47.80392754,-123.6663848
PEFO,1,0,8.0,0.6131840560200722,71.0,0.43156437821132665,71.0,0,46.82,0.323333333333333,0.3233333333333324,11,61.7,7.43,68.0,3.3157894736842106,0.0,2.964666666666666,Petrified Forest National Park,34.98387664,-109.7877678
PEFO,2,0,11.0,0.4395296268909829,68.0,0.4622245816717121,80.0,0,36.99333333333333,0.1066666666666663,0.41333333333333244,1,69.71,25.88,68.0,2.263157894736842,-12.0,3.5139999999999993,Petrified Forest National Park,34.98387664,-109.7877678
PEFO,3,0,1.0,0.2233071476572984,68.0,1.1502379462677512,78.0,1,38.6,0.1466666666666663,0.25666666666666577,1,79.61,25.07,80.0,3.1578947368421053,-10.0,3.4333333333333327,Petrified Forest National Park,34.98387664,-109.7877678
PEFO,4,0,1.0,0.42778188574787174,80.0,1.035582394293503,96.0,1,42.25,0.21999999999999964,1.8266666666666656,0,85.46,25.97,71.0,3.736842105263158,-16.0,3.215,Petrified Forest National Park,34.98387664,-109.7877678
PEFO,5,0,0.0,0.5670336453283954,71.0,1.1946672228226178,86.0,2,49.50666666666666,0.3299999999999996,3.5166666666666657,0,91.85,38.84,83.0,5.842105263157895,-15.0,2.7093333333333334,Petrified Forest National Park,34.98387664,-109.7877678
PEFO,6,0,0.0,0.806251277157369,83.0,1.523183697889346,100.0,2,55.68333333333334,0.273333333333333,3.4233333333333325,47,100.4,51.08,72.0,15.947368421052632,-17.0,1.9783333333333324,Petrified Forest National Park,34.98387664,-109.7877678
PEFO,7,0,47.0,0.8692728050273127,72.0,0.9836681855622758,84.0,1,65.33666666666666,0.3199999999999996,1.8533333333333328,9,100.22,58.55,70.0,6.7894736842105265,-12.0,1.1063333333333334,Petrified Forest National Park,34.98387664,-109.7877678
PEFO,8,0,9.0,0.7781727749021987,70.0,0.8685123038970943,71.0,1,73.78666666666666,0.3766666666666663,0.06333333333333274,0,98.15,59.72,62.0,4.7368421052631575,-1.0,1.1319999999999988,Petrified Forest National Park,34.98387664,-109.7877678
PEFO,9,0,0.0,0.6495079915818213,62.0,1.0923998339958751,62.0,1,78.65333333333335,0.4066666666666663,0.0,0,89.33,45.86,65.0,7.2105263157894735,0.0,1.6786666666666676,Petrified Forest National Park,34.98387664,-109.7877678
PEFO,10,0,0.0,0.5757994215135447,65.0,1.1707514635960117,74.0,1,76.21333333333332,0.4899999999999996,0.0,19,85.91,34.61,88.0,14.68421052631579,-9.0,1.6013333333333315,Petrified Forest National Park,34.98387664,-109.7877678
PEFO,11,0,19.0,0.0,88.0,0.6664791746982749,74.0,1,69.36333333333333,0.7799999999999997,0.0,5,77.45,27.5,78.0,16.789473684210527,14.0,1.6236666666666664,Petrified Forest National Park,34.98387664,-109.7877678
PEFO,12,0,5.0,0.36397984356007224,78.0,0.6131840560200722,64.0,1,59.126666666666665,0.983333333333333,0.3566666666666661,1,69.89,23.9,77.0,4.578947368421052,14.0,3.0539999999999994,Petrified Forest National Park,34.98387664,-109.7877678
PINN,1,0,12.0,1.4757138098924012,59.0,1.0481245765788016,59.0,2,56.79,1.1100000000000005,0.0,29,68.45,31.73,65.0,19.63157894736842,0.0,3.5410000000000013,Pinnacles National Park,36.49029208,-121.1813607
PINN,2,0,29.0,1.4780032487128316,65.0,0.9745215540751734,78.0,1,50.129999999999995,1.1900000000000006,0.45999999999999996,18,73.94,30.11,67.0,31.31578947368421,-13.0,4.367000000000002,Pinnacles National Park,36.49029208,-121.1813607
PINN,3,0,18.0,1.309948697000378,67.0,2.1699495985897603,71.0,3,49.666666666666664,1.8266666666666673,0.45999999999999996,25,80.87,36.05,70.0,29.842105263157894,-4.0,5.686666666666668,Pinnacles National Park,36.49029208,-121.1813607
PINN,4,0,25.0,2.1759411086942912,70.0,1.7462572824173193,96.0,3,49.11000000000001,2.053333333333334,0.5533333333333333,24,82.85,35.96,70.0,15.105263157894736,-26.0,6.195666666666668,Pinnacles National Park,36.49029208,-121.1813607
PINN,5,0,24.0,1.9181600398066667,70.0,1.7954558613244433,91.0,3,51.77666666666667,2.123333333333334,0.09333333333333334,70,99.23,43.7,65.0,19.42105263157895,-21.0,6.069000000000001,Pinnacles National Park,36.49029208,-121.1813607
PINN,6,0,70.0,1.80933862863982,65.0,1.5797127860970646,85.0,3,56.163333333333334,0.9966666666666671,0.09333333333333334,11,93.11,45.23,61.0,97.52631578947368,-20.0,3.3770000000000007,Pinnacles National Park,36.49029208,-121.1813607
PINN,7,0,11.0,1.6424044406054494,61.0,1.1841269848052278,73.0,2,62.669999999999995,0.17666666666666728,0.0,1,96.53,52.34,67.0,152.05263157894737,-12.0,1.0863333333333351,Pinnacles National Park,36.49029208,-121.1813607
PINN,8,0,1.0,1.3664052840829095,67.0,1.2148639187561143,58.0,2,67.64999999999999,0.013333333333333926,0.0,3,98.51,53.87,60.0,189.89473684210526,9.0,0.2616666666666687,Pinnacles National Park,36.49029208,-121.1813607
PINN,9,0,3.0,1.1657140513132547,60.0,1.1673215296339825,55.0,2,71.66666666666667,0.0,0.0,125,100.4,54.14,48.0,120.21052631578948,5.0,0.16666666666666716,Pinnacles National Park,36.49029208,-121.1813607
PINN,10,0,125.0,0.8772934714032726,48.0,1.247744157134638,49.0,2,72.11333333333333,0.11666666666666725,0.0,14,86.09,42.35,55.0,35.21052631578947,-1.0,0.4446666666666675,Pinnacles National Park,36.49029208,-121.1813607
PINN,11,0,14.0,0.8231263231411716,55.0,1.6437683616048548,48.0,3,68.48666666666666,0.6300000000000007,0.0,11,82.04,40.28,54.0,30.05263157894737,7.0,1.4113333333333349,Pinnacles National Park,36.49029208,-121.1813607
PINN,12,0,11.0,1.0160724330927742,54.0,1.4757138098924012,61.0,3,62.17333333333334,1.8533333333333342,0.01,8,72.05,34.88,59.0,16.736842105263158,-7.0,4.4893333333333345,Pinnacles National Park,36.49029208,-121.1813607
REDW,1,0,20.0,0.8622971321051618,34.0,0.4708409716361179,34.0,0,50.27,13.003333333333337,0.8533333333333334,14,68.63,29.57,39.0,8.157894736842104,0.0,27.979666666666674,Redwood National and State Parks,41.37237268,-124.0318129
REDW,2,0,14.0,1.2138226071467233,39.0,0.5314894624424322,33.0,1,47.04333333333333,14.50666666666667,0.8533333333333334,1,66.29,24.35,35.0,5.421052631578948,6.0,31.309000000000005,Redwood National and State Parks,41.37237268,-124.0318129
REDW,3,0,1.0,1.0437911269250504,35.0,0.8700224154667601,45.0,1,45.89000000000001,12.080000000000004,2.4633333333333334,23,67.91,33.26,47.0,4.473684210526316,-10.0,26.571000000000005,Redwood National and State Parks,41.37237268,-124.0318129
REDW,4,0,23.0,1.3704853340186172,47.0,1.13491435566754,60.0,2,45.403333333333336,11.44666666666667,3.41,5,67.01,34.25,45.0,5.7368421052631575,-13.0,25.35300000000001,Redwood National and State Parks,41.37237268,-124.0318129
REDW,5,0,5.0,1.6794465043048785,45.0,1.6823309445210597,47.0,3,46.93666666666667,9.70666666666667,3.4566666666666666,1,66.56,38.66,43.0,3.263157894736842,-2.0,21.719666666666676,Redwood National and State Parks,41.37237268,-124.0318129
REDW,6,0,1.0,3.0043827649966692,43.0,2.136743147969363,56.0,3,49.550000000000004,6.133333333333336,0.9933333333333333,0,71.06,43.25,62.0,33.05263157894737,-13.0,14.311666666666673,Redwood National and State Parks,41.37237268,-124.0318129
REDW,7,0,0.0,5.568951102247795,62.0,2.12450308861722,58.0,3,52.35,1.3500000000000034,0.04666666666666667,651,76.01,48.11,81.0,227.8421052631579,4.0,4.465000000000007,Redwood National and State Parks,41.37237268,-124.0318129
REDW,8,0,651.0,4.942450687293238,81.0,1.8138865004677591,46.0,3,54.64666666666667,0.4700000000000035,0.0,296,78.53,48.83,71.0,1055.578947368421,35.0,2.4753333333333405,Redwood National and State Parks,41.37237268,-124.0318129
REDW,9,0,296.0,4.18833260433929,71.0,1.8908634311065426,47.0,3,57.18333333333334,0.09666666666667022,0.0,278,77.72,47.93,39.0,689.8421052631579,24.0,1.4750000000000068,Redwood National and State Parks,41.37237268,-124.0318129
REDW,10,0,278.0,3.2390507881496373,39.0,1.2991769554568504,32.0,2,58.60999999999999,1.0233333333333368,0.0,17,77.99,36.23,33.0,55.21052631578947,7.0,3.185666666666674,Redwood National and State Parks,41.37237268,-124.0318129
REDW,11,0,17.0,1.956001615814565,33.0,0.8061383352005556,30.0,1,57.54999999999999,2.1800000000000033,0.0,9,68.72,36.14,56.0,27.210526315789473,3.0,5.6050000000000075,Redwood National and State Parks,41.37237268,-124.0318129
REDW,12,0,9.0,1.1753968470494223,56.0,0.8622971321051618,24.0,1,55.026666666666664,4.363333333333337,0.0,17,65.21,35.6,97.0,15.947368421052632,32.0,10.224000000000007,Redwood National and State Parks,41.37237268,-124.0318129
ROMO,1,0,2.0,0.4168790182797944,23.0,0.35551623240661595,23.0,1,23.656666666666656,0.08333333333333244,12.75,2,31.37,-22.81,26.0,3.5789473684210527,0.0,4.801,Rocky Mountain National Park,40.3556924,-105.6972879
ROMO,2,0,2.0,0.3097025328179159,26.0,0.3389925229818322,26.0,1,13.093333333333321,0.03666666666666578,16.81,2,38.21,-13.54,25.0,6.315789473684211,0.0,5.764,Rocky Mountain National Park,40.3556924,-105.6972879
ROMO,3,0,2.0,0.32423211200167995,25.0,0.46680921823741617,28.0,1,12.896666666666656,0.029999999999999114,17.36,15,45.86,-4.54,34.0,11.526315789473685,-3.0,5.770333333333332,Rocky Mountain National Park,40.3556924,-105.6972879
ROMO,4,0,15.0,0.5206635587336362,34.0,0.5094361566370913,32.0,1,14.379999999999988,0.023333333333332446,19.556666666666665,10,50.09,0.41,34.0,9.631578947368421,2.0,5.608666666666666,Rocky Mountain National Park,40.3556924,-105.6972879
ROMO,5,0,10.0,0.5554646580363192,34.0,1.0413142934785842,34.0,1,20.87333333333332,0.016666666666665778,18.096666666666668,2,54.5,6.89,58.0,3.789473684210526,0.0,4.946,Rocky Mountain National Park,40.3556924,-105.6972879
ROMO,6,0,2.0,1.0237903129361186,58.0,2.0559354545026185,63.0,2,26.659999999999986,0.1266666666666658,15.913333333333334,0,67.19,27.86,78.0,55.8421052631579,-5.0,4.5873333333333335,Rocky Mountain National Park,40.3556924,-105.6972879
ROMO,7,0,0.0,1.9870001033090405,78.0,2.431819386943315,78.0,3,35.17333333333332,0.4166666666666658,9.959999999999999,5,69.71,34.7,85.0,24.736842105263158,0.0,4.316,Rocky Mountain National Park,40.3556924,-105.6972879
ROMO,8,0,5.0,2.4468587196774365,85.0,2.0009686329876946,82.0,2,43.539999999999985,1.6099999999999992,5.633333333333333,0,69.71,30.83,71.0,40.73684210526316,3.0,5.866,Rocky Mountain National Park,40.3556924,-105.6972879
ROMO,9,0,0.0,2.166346791111103,71.0,1.9739773427961436,67.0,2,48.62333333333331,2.396666666666666,0.7366666666666667,0,61.52,21.92,60.0,101.0,4.0,6.931000000000001,Rocky Mountain National Park,40.3556924,-105.6972879
ROMO,10,0,0.0,1.8536626809231738,60.0,1.2780323006746137,62.0,2,47.36333333333332,2.5933333333333324,4.273333333333333,1,56.21,3.29,41.0,176.26315789473685,-2.0,7.450333333333333,Rocky Mountain National Park,40.3556924,-105.6972879
ROMO,11,0,1.0,1.2252134972649682,41.0,0.4491505858137241,40.0,1,41.01333333333332,1.519999999999999,6.386666666666667,2,48.29,2.66,24.0,9.631578947368421,1.0,5.938666666666666,Rocky Mountain National Park,40.3556924,-105.6972879
ROMO,12,0,2.0,0.529143421253728,24.0,0.4168790182797944,21.0,1,33.323333333333316,0.6233333333333324,8.526666666666666,4,38.93,-5.44,24.0,5.842105263157895,3.0,4.914333333333333,Rocky Mountain National Park,40.3556924,-105.6972879
SAGU,1,0,5.0,1.407986789302445,65.0,1.4362054187146398,65.0,2,64.37,0.13,0.0,5,80.01,26.19,68.0,17.0,0.0,0.8229999999999996,Saguaro National Park,32.20909636,-110.7574974
SAGU,2,0,5.0,1.5995094534251715,68.0,1.7694131256385026,71.0,3,54.913333333333334,0.16,0.08333333333333333,16,83.07,38.34,76.0,23.526315789473685,-3.0,1.8286666666666667,Saguaro National Park,32.20909636,-110.7574974
SAGU,3,0,16.0,1.5033707878294553,76.0,2.3032290962965694,74.0,3,55.79333333333333,0.12666666666666668,0.08333333333333333,1,92.88,36.18,72.0,27.0,2.0,1.6740000000000006,Saguaro National Park,32.20909636,-110.7574974
SAGU,4,0,1.0,1.9668843419498512,72.0,1.5597192622928209,79.0,2,56.663333333333334,0.5966666666666667,0.25,18,97.65,42.12,55.0,26.57894736842105,-7.0,2.527,Saguaro National Park,32.20909636,-110.7574974
SAGU,5,0,18.0,1.605635574335842,55.0,1.135359611384102,59.0,2,63.129999999999995,0.6299999999999999,0.16666666666666666,10,101.7,50.13,42.0,32.8421052631579,-4.0,1.9470000000000003,Saguaro National Park,32.20909636,-110.7574974
SAGU,6,0,10.0,0.9642869450839521,42.0,0.6698484091406615,55.0,1,68.64666666666666,0.59,0.16666666666666666,6,110.25,63.45,28.0,182.57894736842104,-13.0,1.315333333333334,Saguaro National Park,32.20909636,-110.7574974
SAGU,7,0,6.0,0.6378416469914335,28.0,0.5197584468292333,36.0,0,77.61,0.25333333333333335,0.0,1,108.09,69.39,32.0,38.0,-8.0,1.2676666666666667,Saguaro National Park,32.20909636,-110.7574974
SAGU,8,0,1.0,0.5126852927343045,32.0,0.5174056612620918,31.0,0,84.18666666666667,0.5533333333333333,0.0,13,109.71,70.83,37.0,14.0,1.0,2.525333333333333,Saguaro National Park,32.20909636,-110.7574974
SAGU,9,0,13.0,0.46761243212101355,37.0,0.6434794539164709,33.0,1,88.39,0.5633333333333334,0.0,3,100.26,61.11,40.0,14.105263157894736,4.0,2.965666666666667,Saguaro National Park,32.20909636,-110.7574974
SAGU,10,0,3.0,0.5481842397504848,40.0,0.8049042196519899,100.0,1,86.29333333333334,1.0966666666666667,0.0,9,97.02,51.48,49.0,17.42105263157895,-60.0,3.822666666666667,Saguaro National Park,32.20909636,-110.7574974
SAGU,11,0,9.0,0.51582234015716,49.0,1.236484998590678,47.0,2,80.87333333333333,2.0100000000000002,0.0,0,88.65,41.58,68.0,13.0,2.0,5.107333333333334,Saguaro National Park,32.20909636,-110.7574974
SAGU,12,0,0.0,0.9323541699022443,68.0,1.407986789302445,51.0,2,71.99666666666668,2.74,0.0,10,80.82,37.08,65.0,15.263157894736842,17.0,5.679666666666669,Saguaro National Park,32.20909636,-110.7574974
SEQU,1,0,13.0,0.6158064383740477,45.0,0.5287435800748653,45.0,1,39.9,0.06333333333333392,19.60333333333332,13,54.48,3.0,46.0,19.894736842105264,0.0,3.136666666666668,Sequoia National Park,36.71277299,-118.587429
SEQU,2,0,13.0,0.5700649013034997,46.0,0.42058023868953354,51.0,0,32.4,0.05333333333333393,20.446666666666655,2,57.54,7.41,46.0,35.8421052631579,-5.0,3.866666666666668,Sequoia National Park,36.71277299,-118.587429
SEQU,3,0,2.0,0.4430551670001585,46.0,0.7451032495309163,46.0,1,31.679999999999996,0.1500000000000006,26.37333333333332,12,61.32,3.81,52.0,30.68421052631579,0.0,4.132000000000002,Sequoia National Park,36.71277299,-118.587429
SEQU,4,0,12.0,0.8182237354730182,52.0,0.9711939911762546,53.0,1,31.03666666666666,0.13333333333333394,37.11333333333332,18,61.68,3.72,54.0,23.36842105263158,-1.0,4.163000000000002,Sequoia National Park,36.71277299,-118.587429
SEQU,5,0,18.0,1.1507405197399512,54.0,1.5126154540016827,54.0,2,33.849999999999994,0.20333333333333392,39.36333333333332,9,79.05,20.19,71.0,17.263157894736842,0.0,4.021666666666668,Sequoia National Park,36.71277299,-118.587429
SEQU,6,0,9.0,1.52562320360612,71.0,1.3616353949834872,77.0,2,38.413333333333334,0.3033333333333339,20.366666666666656,6,80.58,35.31,83.0,52.526315789473685,-6.0,3.7653333333333348,Sequoia National Park,36.71277299,-118.587429
SEQU,7,0,6.0,1.778807009516321,83.0,2.3402293992483183,80.0,3,47.11666666666667,0.47000000000000064,4.253333333333321,14,84.9,42.06,79.0,110.73684210526316,3.0,3.228333333333335,Sequoia National Park,36.71277299,-118.587429
SEQU,8,0,14.0,2.203422619384915,79.0,2.190194958544562,80.0,3,55.18333333333333,0.4800000000000006,0.9933333333333215,277,84.54,41.61,76.0,245.73684210526315,-1.0,2.441666666666668,Sequoia National Park,36.71277299,-118.587429
SEQU,9,0,277.0,2.1479500101250797,76.0,1.6337425627442685,69.0,2,60.48333333333333,0.3800000000000006,0.0,794,77.34,36.57,51.0,669.9473684210526,7.0,1.7116666666666687,Sequoia National Park,36.71277299,-118.587429
SEQU,10,0,794.0,1.616303601736122,51.0,1.2933529562315393,56.0,2,59.596666666666664,0.733333333333334,0.0,38,66.63,16.95,46.0,247.73684210526315,-5.0,2.5070000000000014,Sequoia National Park,36.71277299,-118.587429
SEQU,11,0,38.0,1.3501890151540543,46.0,0.786292624018001,44.0,1,53.94333333333333,0.8966666666666674,3.8033333333333217,16,67.71,18.03,45.0,65.84210526315789,2.0,3.399000000000002,Sequoia National Park,36.71277299,-118.587429
SEQU,12,0,16.0,0.873894264845178,45.0,0.6158064383740477,51.0,1,46.63999999999999,1.273333333333334,8.909999999999988,8,61.32,8.76,46.0,20.31578947368421,-6.0,4.882666666666669,Sequoia National Park,36.71277299,-118.587429
SHEN,1,0,9.0,0.32090581673837076,31.0,0.21824300195377433,31.0,0,42.97666666666667,1.5399999999999991,0.843333333333331,1,44.64,-7.38,37.0,3.0,0.0,5.782333333333332,Shenandoah National Park,38.49236644,-78.46907715
SHEN,2,0,1.0,0.10527965840839337,37.0,0.3556887616842083,38.0,1,32.23,1.5633333333333326,4.4899999999999975,12,55.26,7.47,43.0,6.315789473684211,-1.0,6.903666666666666,Shenandoah National Park,38.49236644,-78.46907715
SHEN,3,0,12.0,0.12833071381935612,43.0,0.8191862118561842,47.0,1,27.49333333333333,1.9699999999999989,6.38333333333333,12,73.8,12.78,58.0,20.842105263157894,-4.0,8.190666666666665,Shenandoah National Park,38.49236644,-78.46907715
SHEN,4,0,12.0,0.8133729552154004,58.0,1.1340943635104834,66.0,1,31.406666666666666,1.8533333333333324,6.06333333333333,32,81.18,23.67,66.0,33.78947368421053,-8.0,7.565999999999999,Shenandoah National Park,38.49236644,-78.46907715
SHEN,5,0,32.0,1.2270801256996968,66.0,1.426820813843605,63.0,2,42.086666666666666,2.2133333333333325,2.4166666666666647,11,80.37,39.24,75.0,14.421052631578947,3.0,7.217999999999998,Shenandoah National Park,38.49236644,-78.46907715
SHEN,6,0,11.0,1.5201841742738358,75.0,1.66300412292294,78.0,2,51.19,4.259999999999999,0.03666666666666489,24,93.51,40.59,72.0,9.736842105263158,-3.0,10.400999999999998,Shenandoah National Park,38.49236644,-78.46907715
SHEN,7,0,24.0,1.46727651375915,72.0,1.4974755916861218,77.0,2,59.56999999999999,5.199999999999998,0.0,14,85.86,59.49,76.0,10.526315789473685,-5.0,11.442999999999998,Shenandoah National Park,38.49236644,-78.46907715
SHEN,8,0,14.0,1.6521591501867348,76.0,1.6347281616188256,73.0,2,65.86333333333333,6.169999999999999,0.0,12,85.68,46.71,79.0,9.368421052631579,3.0,12.753666666666666,Shenandoah National Park,38.49236644,-78.46907715
SHEN,9,0,12.0,1.8889922794947978,79.0,1.368055989915924,68.0,2,68.32,3.6533333333333324,0.0,8,76.77,46.8,70.0,10.526315789473685,11.0,7.474666666666666,Shenandoah National Park,38.49236644,-78.46907715
SHEN,10,0,8.0,1.3477447170909498,70.0,3.1712632178641713,73.0,3,65.92333333333333,2.8566666666666656,0.0,8,73.53,31.05,97.0,11.578947368421053,-3.0,6.120999999999998,Shenandoah National Park,38.49236644,-78.46907715
SHEN,11,0,8.0,2.8940270767672165,97.0,1.496316452899742,92.0,2,58.57333333333333,1.9799999999999986,0.0,16,65.52,16.92,54.0,11.578947368421053,5.0,5.102666666666664,Shenandoah National Park,38.49236644,-78.46907715
SHEN,12,0,16.0,1.4626750840313996,54.0,0.32090581673837076,50.0,1,50.800000000000004,1.9199999999999988,0.009999999999998224,2,56.52,3.51,37.0,2.3684210526315788,4.0,5.759999999999997,Shenandoah National Park,38.49236644,-78.46907715
THRO,1,0,0.0,0.028515332129759152,42.0,0.017864126812614515,42.0,0,35.49333333333333,0.17333333333333303,2.453333333333333,0,41.09,-20.29,45.0,0.05263157894736842,0.0,3.797333333333333,Theodore Roosevelt National Park,47.17777274,-103.4300083
THRO,2,0,0.0,0.01588337635012797,45.0,0.04989248806451962,46.0,0,23.386666666666667,0.14999999999999972,3.86,0,57.65,-29.29,52.0,0.05263157894736842,-1.0,4.961333333333333,Theodore Roosevelt National Park,47.17777274,-103.4300083
THRO,3,0,0.0,0.03806404426495373,52.0,0.17946346643132824,46.0,1,15.75,0.09999999999999971,4.256666666666667,11,64.4,12.47,53.0,2.6315789473684212,6.0,5.625,Theodore Roosevelt National Park,47.17777274,-103.4300083
THRO,4,0,11.0,0.17858520915079176,53.0,0.22713228180682996,53.0,1,20.073333333333334,0.11666666666666636,3.0433333333333334,13,78.44,20.21,60.0,8.105263157894736,0.0,5.225999999999999,Theodore Roosevelt National Park,47.17777274,-103.4300083
THRO,5,0,13.0,0.21472456192861233,60.0,1.3005869145238316,62.0,1,29.560000000000002,0.35333333333333306,2.3700000000000006,4,93.65,33.26,73.0,7.894736842105263,-2.0,4.750666666666666,Theodore Roosevelt National Park,47.17777274,-103.4300083
THRO,6,0,4.0,1.4399868999026018,73.0,2.624232754243025,88.0,3,45.589999999999996,1.6366666666666665,1.6066666666666671,4,86.09,44.78,82.0,3.1052631578947367,-15.0,5.714333333333334,Theodore Roosevelt National Park,47.17777274,-103.4300083
THRO,7,0,4.0,2.484384297061428,82.0,2.8829262391738153,99.0,3,54.73333333333333,2.233333333333333,1.2200000000000004,4,95.54,49.1,98.0,6.2105263157894735,-17.0,5.993333333333333,Theodore Roosevelt National Park,47.17777274,-103.4300083
THRO,8,0,4.0,2.9103390781216243,98.0,2.875563827077403,91.0,3,63.55666666666667,3.4233333333333333,0.48666666666666697,0,100.85,46.49,78.0,5.631578947368421,7.0,7.491,Theodore Roosevelt National Park,47.17777274,-103.4300083
THRO,9,0,0.0,2.8325105340059973,78.0,2.1203933700918483,79.0,2,67.77666666666666,2.353333333333333,0.0,6,85.64,35.15,68.0,8.421052631578947,-1.0,4.929,Theodore Roosevelt National Park,47.17777274,-103.4300083
THRO,10,0,6.0,2.378694442195165,68.0,1.0494240186155137,74.0,1,67.73,2.1099999999999994,0.0,4,89.15,24.71,55.0,6.684210526315789,-6.0,4.446999999999998,Theodore Roosevelt National Park,47.17777274,-103.4300083
THRO,11,0,4.0,0.9440331449511353,55.0,0.3401658624443877,51.0,1,60.56,1.4799999999999998,0.1300000000000003,0,65.21,-10.93,46.0,0.8947368421052632,4.0,3.9039999999999995,Theodore Roosevelt National Park,47.17777274,-103.4300083
THRO,12,0,0.0,0.14848153938601982,46.0,0.028515332129759152,40.0,0,48.78666666666667,1.3533333333333328,1.2033333333333338,0,46.4,-13.18,42.0,0.10526315789473684,6.0,4.827999999999999,Theodore Roosevelt National Park,47.17777274,-103.4300083
VIIS,1,0,0.0,1.3269782718423164,74.0,1.4714198406008394,74.0,2,79.94666666666666,5.816666666666666,0.0,0,80.36,73.52,92.0,0.0,0.0,12.627999999999998,Virgin Islands National Park,18.34279656,-64.74194451
VIIS,2,0,0.0,1.7614644470647933,92.0,1.314137587373723,83.0,2,78.25333333333333,4.6899999999999995,0.0,0,78.65,73.61,78.0,0.0,9.0,10.205333333333332,Virgin Islands National Park,18.34279656,-64.74194451
VIIS,3,0,0.0,1.5967294347616845,78.0,1.6274438358021388,64.0,2,77.30333333333333,2.193333333333333,0.0,0,78.92,71.18,74.0,0.0,14.0,5.116999999999999,Virgin Islands National Park,18.34279656,-64.74194451
VIIS,4,0,0.0,1.786468292449617,74.0,1.3376573335486088,67.0,2,76.72333333333334,1.683333333333333,0.0,0,79.73,71.99,76.0,0.0,7.0,4.039,Virgin Islands National Park,18.34279656,-64.74194451
VIIS,5,0,0.0,1.6548996711859902,76.0,1.407345470363085,58.0,2,76.60000000000001,2.309999999999999,0.0,0,81.35,71.18,100.0,0.0,18.0,5.279999999999999,Virgin Islands National Park,18.34279656,-64.74194451
VIIS,6,0,0.0,1.315040952110207,100.0,1.3501753877541722,77.0,2,77.20666666666666,3.1433333333333326,0.0,0,81.71,75.32,55.0,0.0,23.0,7.007333333333332,Virgin Islands National Park,18.34279656,-64.74194451
VIIS,7,0,0.0,1.3823416249782614,55.0,1.3996023440503653,60.0,2,78.24333333333333,2.709999999999999,0.0,0,82.79,74.6,62.0,0.0,-5.0,6.244333333333331,Virgin Islands National Park,18.34279656,-64.74194451
VIIS,8,0,0.0,1.4269291273290048,62.0,0.2677185922622792,58.0,0,79.36999999999999,2.3733333333333326,0.0,0,83.33,75.41,52.0,0.0,4.0,5.683666666666665,Virgin Islands National Park,18.34279656,-64.74194451
VIIS,9,0,0.0,0.8229330119105753,52.0,0.4939146696725996,52.0,1,80.26666666666667,3.086666666666666,0.0,0,84.14,75.68,57.0,0.0,0.0,7.199999999999998,Virgin Islands National Park,18.34279656,-64.74194451
VIIS,10,0,0.0,0.4998833295386543,57.0,0.6614888282903724,61.0,1,80.73333333333333,4.666666666666665,0.0,0,85.04,74.06,56.0,0.0,-4.0,10.406666666666665,Virgin Islands National Park,18.34279656,-64.74194451
VIIS,11,0,0.0,0.43535727693265786,56.0,0.9903135923705301,71.0,1,81.09,5.916666666666665,0.0,0,82.43,72.98,65.0,0.0,-15.0,12.94233333333333,Virgin Islands National Park,18.34279656,-64.74194451
VIIS,12,0,0.0,1.0033478549969415,65.0,1.3269782718423164,60.0,2,80.69,4.686666666666666,0.0,0,80.81,71.45,71.0,0.0,5.0,10.44233333333333,Virgin Islands National Park,18.34279656,-64.74194451
VOYA,1,0,0.0,0.005848878999524611,30.0,0.05553800419368415,30.0,0,34.62333333333333,1.1033333333333346,5.906666666666669,0,33.8,-26.68,38.0,0.05263157894736842,0.0,5.744333333333337,Voyageurs National Park,48.48370609,-92.8382913
VOYA,2,0,0.0,0.14506273770893022,38.0,0.05126990330213916,47.0,0,20.07999999999999,0.5700000000000012,8.13,0,41.63,-25.51,37.0,0.0,-9.0,6.132000000000003,Voyageurs National Park,48.48370609,-92.8382913
VOYA,3,0,0.0,0.46985994629514377,37.0,0.018916644692156176,41.0,0,10.906666666666657,0.18333333333333454,7.650000000000001,0,56.48,-2.65,41.0,0.05263157894736842,-4.0,6.276000000000003,Voyageurs National Park,48.48370609,-92.8382913
VOYA,4,0,0.0,0.2566656721322917,41.0,0.0003688482251952457,45.0,0,13.009999999999991,0.2600000000000012,6.696666666666668,0,61.7,6.44,49.0,0.15789473684210525,-4.0,6.219000000000004,Voyageurs National Park,48.48370609,-92.8382913
VOYA,5,0,0.0,0.0002634630179966041,49.0,1.4144275584165689,53.0,1,23.043333333333322,0.7933333333333344,6.890000000000001,2,87.08,33.35,55.0,1.105263157894737,-4.0,6.282333333333336,Voyageurs National Park,48.48370609,-92.8382913
VOYA,6,0,2.0,1.4393511599190476,55.0,2.278059331409437,61.0,2,38.89999999999999,1.0400000000000011,5.2200000000000015,1,85.91,46.94,62.0,0.6842105263157895,-6.0,5.190000000000003,Voyageurs National Park,48.48370609,-92.8382913
VOYA,7,0,1.0,2.1567609579238005,62.0,2.382021838310897,64.0,2,51.37333333333333,2.2233333333333345,2.4633333333333343,0,88.16,55.31,74.0,0.15789473684210525,-2.0,6.309333333333337,Voyageurs National Park,48.48370609,-92.8382913
VOYA,8,0,0.0,2.2224686346121536,74.0,2.480240851420031,76.0,2,61.90333333333333,3.413333333333334,0.046666666666667855,0,84.47,52.16,60.0,0.3157894736842105,-2.0,7.636333333333335,Voyageurs National Park,48.48370609,-92.8382913
VOYA,9,0,0.0,2.254453044996941,60.0,1.1375806191057372,55.0,1,65.58999999999999,4.0566666666666675,0.0,0,81.32,42.71,37.0,1.0,5.0,8.554333333333336,Voyageurs National Park,48.48370609,-92.8382913
VOYA,10,0,0.0,1.1776796904448203,37.0,0.5399411090822405,47.0,1,64.86333333333333,3.5066666666666677,0.0,2,81.32,29.21,31.0,1.0526315789473684,-10.0,7.527000000000003,Voyageurs National Park,48.48370609,-92.8382913
VOYA,11,0,2.0,0.6078091825181656,31.0,0.12319530721521207,49.0,0,59.029999999999994,2.710000000000001,0.020000000000001183,0,54.77,14.63,28.0,0.47368421052631576,-18.0,6.517000000000002,Voyageurs National Park,48.48370609,-92.8382913
VOYA,12,0,0.0,0.12498685573758898,28.0,0.005848878999524611,30.0,0,47.74666666666665,1.9300000000000013,1.7200000000000009,0,46.04,-12.1,24.0,0.10526315789473684,-2.0,6.085333333333338,Voyageurs National Park,48.48370609,-92.8382913
WHSA,1,0,2.0,1.3438910157771473,80.0,0.8091587626886085,80.0,1,54.966666666666676,0.6866666666666671,0.0,0,69.71,13.19,75.0,6.473684210526316,0.0,2.876666666666667,White Sands National Park,32.77907858,-106.3333461
WHSA,2,0,0.0,0.8811228505325922,75.0,0.9244135784435396,76.0,1,45.12000000000001,0.4800000000000006,0.2833333333333333,1,77.63,26.87,81.0,5.368421052631579,-1.0,3.4480000000000004,White Sands National Park,32.77907858,-106.3333461
WHSA,3,0,1.0,0.9315819184267986,81.0,2.2732706128837883,76.0,3,45.970000000000006,0.0033333333333339255,0.2833333333333333,2,82.76,30.38,92.0,5.473684210526316,5.0,2.4096666666666673,White Sands National Park,32.77907858,-106.3333461
WHSA,4,0,2.0,1.9789800286313135,92.0,1.8866120814976315,100.0,3,49.47666666666668,0.006666666666667259,0.2833333333333333,0,91.49,30.65,63.0,11.526315789473685,-8.0,2.0656666666666665,White Sands National Park,32.77907858,-106.3333461
WHSA,5,0,0.0,1.4455648500577711,63.0,1.338687491873637,85.0,2,57.95666666666667,0.06000000000000059,0.0,2,97.79,46.04,79.0,21.42105263157895,-22.0,1.3243333333333343,White Sands National Park,32.77907858,-106.3333461
WHSA,6,0,2.0,1.492526113502315,79.0,1.2177541417343773,82.0,2,64.25000000000001,0.12000000000000059,0.0,11,104.72,59.27,73.0,40.578947368421055,-3.0,0.8149999999999998,White Sands National Park,32.77907858,-106.3333461
WHSA,7,0,11.0,1.3415375547585473,73.0,1.1487696650882544,77.0,2,72.88000000000001,0.49000000000000066,0.0,1,101.3,65.39,62.0,2.473684210526316,-4.0,1.2680000000000022,White Sands National Park,32.77907858,-106.3333461
WHSA,8,0,1.0,1.5132538435743894,62.0,0.9045063210201513,70.0,1,78.47333333333334,0.9066666666666673,0.0,1,102.83,67.64,57.0,4.578947368421052,-8.0,2.660666666666669,White Sands National Park,32.77907858,-106.3333461
WHSA,9,0,1.0,1.0654053257046296,57.0,0.9328342187853198,60.0,1,82.23333333333335,0.8966666666666674,0.0,0,95.45,58.37,57.0,1.894736842105263,-3.0,3.0166666666666697,White Sands National Park,32.77907858,-106.3333461
WHSA,10,0,0.0,0.8475698374784216,57.0,1.254848142009194,68.0,2,79.89666666666666,0.8966666666666674,0.0,3,88.34,39.74,64.0,6.315789473684211,-11.0,2.783000000000001,White Sands National Park,32.77907858,-106.3333461
WHSA,11,0,3.0,0.48340952977466267,64.0,1.1275021503788862,72.0,2,74.97666666666667,0.6933333333333339,0.0,4,80.15,36.32,71.0,9.473684210526315,-8.0,1.8843333333333352,White Sands National Park,32.77907858,-106.3333461
WHSA,12,0,4.0,1.0036971459692245,71.0,1.3438910157771473,71.0,2,65.43000000000002,0.8633333333333341,0.0,1,72.23,27.05,90.0,4.2631578947368425,0.0,2.183666666666666,White Sands National Park,32.77907858,-106.3333461
WICA,1,0,0.0,0.2578162151435935,28.0,0.22681469763933623,28.0,0,41.923333333333325,0.4133333333333335,1.3333333333333337,2,55.49,-10.57,33.0,10.578947368421053,0.0,3.634333333333335,Wind Cave National Park,43.58012365,-103.4394709
WICA,2,0,2.0,0.225762049574944,33.0,0.25071600074847733,36.0,0,31.48333333333333,0.19000000000000017,2.0033333333333334,3,57.47,-16.96,36.0,3.9473684210526314,-3.0,4.231666666666667,Wind Cave National Park,43.58012365,-103.4394709
WICA,3,0,3.0,0.21034385145531673,36.0,0.37860242049306986,36.0,1,25.913333333333327,0.04666666666666682,2.8100000000000005,4,71.69,19.67,47.0,7.105263157894737,0.0,4.502000000000002,Wind Cave National Park,43.58012365,-103.4394709
WICA,4,0,4.0,0.39949026051591163,47.0,0.7412499987552537,45.0,1,27.766666666666662,0.1333333333333335,4.1433333333333335,8,75.38,23.54,48.0,6.368421052631579,2.0,4.49,Wind Cave National Park,43.58012365,-103.4394709
WICA,5,0,8.0,0.8420358908812777,48.0,1.108335211014385,53.0,1,34.79666666666666,0.7233333333333335,4.446666666666666,0,86.99,34.61,77.0,1.3157894736842106,-5.0,4.967000000000001,Wind Cave National Park,43.58012365,-103.4394709
WICA,6,0,0.0,1.4011777744966767,77.0,1.4652035450014742,71.0,2,46.4,2.4633333333333334,3.163333333333334,1,93.56,41.27,81.0,10.789473684210526,6.0,7.286666666666667,Wind Cave National Park,43.58012365,-103.4394709
WICA,7,0,1.0,2.0431279725109306,81.0,1.8409369835151221,71.0,2,54.70333333333332,2.94,1.196666666666667,0,94.28,47.03,85.0,36.89473684210526,10.0,7.409666666666668,Wind Cave National Park,43.58012365,-103.4394709
WICA,8,0,0.0,2.3042466129545778,85.0,1.634122599099238,68.0,2,63.46666666666666,3.3200000000000003,0.1300000000000003,2,93.38,48.74,65.0,21.105263157894736,17.0,7.293333333333335,Wind Cave National Park,43.58012365,-103.4394709
WICA,9,0,2.0,2.2496740348711852,65.0,1.3478229657426786,57.0,2,68.36999999999999,2.296666666666667,0.0,4,89.51,41.36,52.0,16.842105263157894,8.0,4.756333333333335,Wind Cave National Park,43.58012365,-103.4394709
WICA,10,0,4.0,1.7039276138791304,52.0,0.5689665988830597,45.0,1,68.05,2.4,0.0,8,85.64,23.63,34.0,15.947368421052632,7.0,4.995,Wind Cave National Park,43.58012365,-103.4394709
WICA,11,0,8.0,0.5774703440306987,34.0,0.28068551034646766,35.0,0,61.309999999999995,1.7066666666666668,0.020000000000000295,0,69.26,-3.82,26.0,8.105263157894736,-1.0,4.282333333333334,Wind Cave National Park,43.58012365,-103.4394709
WICA,12,0,0.0,0.291645434311022,26.0,0.2578162151435935,26.0,0,51.87,1.08,0.7366666666666669,0,63.23,5.36,27.0,10.210526315789474,0.0,3.9730000000000008,Wind Cave National Park,43.58012365,-103.4394709
WRST,1,0,0.0,0.005957131051657583,49.0,0.004255093608326845,49.0,0,23.819999999999997,0.1099999999999991,12.246666666666663,0,40.21,-21.26,47.0,0.0,0.0,4.837999999999999,Wrangell St Elias National Park,61.4182147,-142.6028439
WRST,2,0,0.0,0.004255093608326845,47.0,0.01616935571164201,58.0,1,19.846666666666668,0.013333333333332446,18.419999999999998,0,38.23,-15.05,74.0,0.0,-11.0,5.041999999999999,Wrangell St Elias National Park,61.4182147,-142.6028439
WRST,3,0,0.0,0.01616935571164201,74.0,0.03914686119660697,47.0,1,20.356666666666666,0.013333333333332446,17.00333333333333,0,40.57,5.29,65.0,0.0,27.0,4.990999999999998,Wrangell St Elias National Park,61.4182147,-142.6028439
WRST,4,0,0.0,0.03914686119660697,65.0,0.08850594705319838,57.0,1,21.37,0.0,14.43333333333333,0,48.94,16.27,52.0,0.0,8.0,4.8629999999999995,Wrangell St Elias National Park,61.4182147,-142.6028439
WRST,5,0,0.0,0.08850594705319838,52.0,0.9209724605862624,60.0,2,26.12,0.019999999999999112,10.453333333333328,0,55.51,25.09,83.0,1.0,-8.0,4.427999999999998,Wrangell St Elias National Park,61.4182147,-142.6028439
WRST,6,0,0.0,1.0811341840036848,83.0,3.5982773589455133,57.0,3,33.70666666666667,0.3299999999999991,14.276666666666662,0,75.76,36.25,70.0,1.2105263157894737,26.0,4.289333333333332,Wrangell St Elias National Park,61.4182147,-142.6028439
WRST,7,0,0.0,4.503761278797466,70.0,4.798894571471016,61.0,3,42.68333333333334,0.9399999999999992,14.533333333333326,3,73.96,39.58,100.0,61.421052631578945,9.0,4.611666666666665,Wrangell St Elias National Park,61.4182147,-142.6028439
WRST,8,0,3.0,6.317962989643699,100.0,3.4074789615481373,74.0,2,50.34,1.6233333333333324,6.873333333333329,2,72.7,41.02,74.0,6.684210526315789,26.0,5.212666666666665,Wrangell St Elias National Park,61.4182147,-142.6028439
WRST,9,0,2.0,5.25708305121565,74.0,0.9204618493532631,56.0,2,55.053333333333335,2.096666666666666,1.4899999999999956,0,72.88,32.65,63.0,0.21052631578947367,18.0,5.687999999999998,Wrangell St Elias National Park,61.4182147,-142.6028439
WRST,10,0,0.0,1.1105794317733064,63.0,0.09020798449652911,35.0,1,53.86000000000001,2.8133333333333326,0.8933333333333285,0,53.71,18.07,38.0,0.0,28.0,7.240666666666664,Wrangell St Elias National Park,61.4182147,-142.6028439
WRST,11,0,0.0,0.09020798449652911,38.0,0.010212224659984427,32.0,0,46.556666666666665,2.649999999999999,6.633333333333328,0,38.14,4.3,42.0,0.0,6.0,7.644333333333332,Wrangell St Elias National Park,61.4182147,-142.6028439
WRST,12,0,0.0,0.010212224659984427,42.0,0.005957131051657583,44.0,0,35.516666666666666,1.866666666666666,11.72333333333333,0,38.23,-21.35,52.0,0.0,-2.0,7.181666666666666,Wrangell St Elias National Park,61.4182147,-142.6028439
YELL,1,0,0.0,0.09463037311948631,14.0,0.13299908408835398,14.0,1,27.410000000000007,0.08333333333333326,10.200000000000008,3,41.63,-33.61,16.0,0.3684210526315789,0.0,4.425666666666666,Yellowstone National Park,44.59824417,-110.5471695
YELL,2,0,3.0,0.125602293660698,16.0,0.15338460116516275,20.0,1,16.730000000000008,0.01333333333333326,11.226666666666674,0,42.62,-31.72,16.0,0.05263157894736842,-4.0,5.353666666666666,Yellowstone National Park,44.59824417,-110.5471695
YELL,3,0,0.0,0.13733384600073295,16.0,0.10226054986690428,17.0,1,14.963333333333344,0.02333333333333326,15.370000000000006,0,53.87,-6.07,19.0,0.05263157894736842,-1.0,5.550333333333333,Yellowstone National Park,44.59824417,-110.5471695
YELL,4,0,0.0,0.10357373689276496,19.0,0.22337871437057563,18.0,1,16.163333333333345,0.02333333333333326,18.12333333333334,2,55.04,-6.43,20.0,1.3157894736842106,1.0,5.4303333333333335,Yellowstone National Park,44.59824417,-110.5471695
YELL,5,0,2.0,0.24436792406116872,20.0,1.625769103461875,21.0,2,22.616666666666674,0.0666666666666666,21.69000000000001,0,72.41,15.26,25.0,0.7368421052631579,-1.0,4.871666666666665,Yellowstone National Park,44.59824417,-110.5471695
YELL,6,0,0.0,1.7624183495913064,25.0,2.8461057158684517,29.0,3,31.07333333333334,0.3899999999999999,17.13333333333334,0,73.85,25.79,27.0,2.9473684210526314,-4.0,4.672666666666666,Yellowstone National Park,44.59824417,-110.5471695
YELL,7,0,0.0,2.888544684253968,27.0,3.0880184158457245,30.0,3,40.05666666666667,0.8333333333333334,10.666666666666673,0,77.45,39.83,37.0,20.263157894736842,-3.0,4.661,Yellowstone National Park,44.59824417,-110.5471695
YELL,8,0,0.0,3.0343613450236493,37.0,2.7018636348027645,36.0,3,50.08000000000001,1.5266666666666666,3.6466666666666736,40,78.53,37.85,23.0,173.89473684210526,1.0,5.045333333333332,Yellowstone National Park,44.59824417,-110.5471695
YELL,9,0,40.0,2.744423964074557,23.0,2.6526222331505855,23.0,3,55.38,1.7699999999999998,0.780000000000007,0,73.22,30.92,19.0,67.47368421052632,0.0,5.001999999999999,Yellowstone National Park,44.59824417,-110.5471695
YELL,10,0,0.0,2.6126167061257877,19.0,1.0767666839418037,19.0,1,55.353333333333346,1.6433333333333333,0.0,2,62.06,9.59,16.0,9.421052631578947,0.0,4.751333333333332,Yellowstone National Park,44.59824417,-110.5471695
YELL,11,0,2.0,0.9769831408819731,16.0,0.06576204127372917,15.0,0,47.59666666666667,1.3399999999999999,3.940000000000007,0,48.92,-4.09,13.0,2.210526315789474,1.0,4.920333333333333,Yellowstone National Park,44.59824417,-110.5471695
YELL,12,0,0.0,0.08389771422803256,13.0,0.09463037311948631,13.0,1,38.33000000000001,0.8133333333333331,5.6866666666666745,0,44.15,-16.42,13.0,0.3157894736842105,0.0,4.793666666666665,Yellowstone National Park,44.59824417,-110.5471695
YOSE,1,0,16.0,0.5086049486994758,27.0,0.39683067100588776,27.0,0,30.23666666666666,0.28000000000000014,22.120000000000005,29,47.26,-7.37,35.0,20.473684210526315,0.0,4.536333333333334,Yosemite National Park,37.84883288,-119.5571873
YOSE,2,0,29.0,0.4213474772066678,35.0,0.3758322361066256,38.0,0,22.603333333333328,0.14333333333333348,23.900000000000006,14,48.97,-12.14,49.0,29.157894736842106,-3.0,5.026333333333334,Yosemite National Park,37.84883288,-119.5571873
YOSE,3,0,14.0,0.3745093533401237,49.0,0.4568044617792463,40.0,1,21.789999999999992,0.36666666666666686,34.76,7,52.21,-7.01,38.0,18.789473684210527,9.0,5.554333333333335,Yosemite National Park,37.84883288,-119.5571873
YOSE,4,0,7.0,0.4836844458798102,38.0,0.7273743571907684,42.0,1,21.826666666666657,0.3866666666666669,45.593333333333334,22,53.56,-11.15,40.0,16.894736842105264,-4.0,5.590666666666668,Yosemite National Park,37.84883288,-119.5571873
YOSE,5,0,22.0,0.9242199339179689,40.0,1.2724144784239684,46.0,2,24.689999999999994,0.4666666666666668,46.833333333333336,22,76.06,4.06,51.0,17.263157894736842,-6.0,5.464333333333334,Yosemite National Park,37.84883288,-119.5571873
YOSE,6,0,22.0,1.411357538568554,51.0,1.7579776662609,54.0,2,30.146666666666665,0.41000000000000014,28.0,3,73.63,22.33,51.0,46.10526315789474,-3.0,4.805333333333334,Yosemite National Park,37.84883288,-119.5571873
YOSE,7,0,3.0,1.8145635107942266,51.0,1.7833142871338783,58.0,2,38.919999999999995,0.7633333333333335,5.776666666666666,13,78.13,28.99,85.0,244.6315789473684,-7.0,4.634666666666668,Yosemite National Park,37.84883288,-119.5571873
YOSE,8,0,13.0,1.9146119543884927,85.0,1.6993050207437954,55.0,2,47.673333333333325,0.7466666666666669,2.3333333333333335,4,77.59,28.18,57.0,386.42105263157896,30.0,3.7260000000000018,Yosemite National Park,37.84883288,-119.5571873
YOSE,9,0,4.0,1.844769333962686,57.0,1.6685495491019302,45.0,2,53.05333333333332,1.0066666666666668,0.0,195,72.73,25.57,37.0,456.94736842105266,12.0,3.708000000000002,Yosemite National Park,37.84883288,-119.5571873
YOSE,10,0,195.0,1.5145858693761955,37.0,1.4361258788164857,38.0,2,52.306666666666665,1.3900000000000003,0.13666666666666666,15,59.32,-0.17,39.0,163.57894736842104,-1.0,4.549333333333334,Yosemite National Park,37.84883288,-119.5571873
YOSE,11,0,15.0,1.3843036543860086,39.0,0.7165552878046357,32.0,1,46.03999999999999,1.8,3.58,27,59.68,14.95,30.0,54.73684210526316,7.0,5.996,Yosemite National Park,37.84883288,-119.5571873
YOSE,12,0,27.0,0.7288556132462177,30.0,0.5086049486994758,26.0,1,38.56999999999999,1.8766666666666667,10.223333333333334,12,56.98,-10.07,34.0,17.736842105263158,4.0,6.8963333333333345,Yosemite National Park,37.84883288,-119.5571873
ZION,1,0,0.0,0.7487743957860685,37.0,0.3845912227255847,37.0,0,43.18333333333334,0.616666666666667,1.266666666666669,0,53.69,10.67,48.0,6.0,0.0,3.915000000000001,Zion National Park,37.29839254,-113.0265138
ZION,2,0,0.0,0.47638291493809753,48.0,0.4587294430488659,51.0,0,34.23666666666667,0.18666666666666698,1.1933333333333358,2,62.42,14.54,50.0,2.8421052631578947,-3.0,3.949666666666667,Zion National Park,37.29839254,-113.0265138
ZION,3,0,2.0,0.5166837237374785,50.0,1.3266218332096795,52.0,2,34.38666666666668,0.07666666666666697,2.976666666666669,5,72.95,12.83,58.0,6.315789473684211,-2.0,3.714666666666666,Zion National Park,37.29839254,-113.0265138
ZION,4,0,5.0,1.354323470449917,58.0,1.5063341770420573,62.0,2,35.856666666666676,0.23000000000000032,7.460000000000002,17,76.91,25.07,57.0,6.2631578947368425,-4.0,3.8743333333333334,Zion National Park,37.29839254,-113.0265138
ZION,5,0,17.0,1.7129943071529163,57.0,1.8751008911822498,59.0,3,42.143333333333345,0.3600000000000003,8.196666666666669,0,88.07,33.89,59.0,8.578947368421053,-2.0,3.5056666666666665,Zion National Park,37.29839254,-113.0265138
ZION,6,0,0.0,1.8743820290836974,59.0,1.9515897269516829,67.0,3,49.38666666666668,0.7900000000000004,5.70666666666667,664,92.57,45.95,57.0,133.1578947368421,-8.0,3.641333333333333,Zion National Park,37.29839254,-113.0265138
ZION,7,0,664.0,1.8608985935272193,57.0,1.7381576614079997,68.0,3,59.41333333333335,0.8033333333333337,0.9200000000000025,413,93.92,54.59,54.0,83.57894736842105,-11.0,2.665333333333333,Zion National Park,37.29839254,-113.0265138
ZION,8,0,413.0,1.6851845225173214,54.0,1.498143602246603,53.0,2,67.77333333333335,0.7166666666666669,0.0733333333333357,3,92.57,49.46,49.0,27.42105263157895,1.0,1.6559999999999984,Zion National Park,37.29839254,-113.0265138
ZION,9,0,3.0,1.5161533243793652,49.0,1.6098598616508542,51.0,2,72.68000000000002,0.576666666666667,0.0,0,89.24,45.32,50.0,18.31578947368421,-2.0,1.4213333333333362,Zion National Park,37.29839254,-113.0265138
ZION,10,0,0.0,1.5124476856854994,50.0,1.6460701542611267,55.0,3,70.56333333333335,0.826666666666667,0.0,2,76.28,29.75,51.0,17.31578947368421,-5.0,1.7096666666666687,Zion National Park,37.29839254,-113.0265138
ZION,11,0,2.0,1.603514154187968,51.0,0.9901752862526371,51.0,1,63.070000000000014,1.3933333333333338,0.0633333333333357,1,68.36,26.15,41.0,16.36842105263158,0.0,3.4796666666666662,Zion National Park,37.29839254,-113.0265138
ZION,12,0,1.0,0.9874461549227342,41.0,0.7487743957860685,38.0,1,53.440000000000005,1.5833333333333337,0.5500000000000024,3,58.19,20.3,41.0,5.631578947368421,3.0,4.822666666666667,Zion National Park,37.29839254,-113.0265138
