date,trend_score,park
2010-01-01,16.0,Acadia National Park
2010-02-01,18.0,Acadia National Park
2010-03-01,22.0,Acadia National Park
2010-04-01,28.0,Acadia National Park
2010-05-01,40.0,Acadia National Park
2010-06-01,55.0,Acadia National Park
2010-07-01,69.0,Acadia National Park
2010-08-01,59.0,Acadia National Park
2010-09-01,33.0,Acadia National Park
2010-10-01,21.0,Acadia National Park
2010-11-01,11.0,Acadia National Park
2010-12-01,10.0,Acadia National Park
2011-01-01,16.0,Acadia National Park
2011-02-01,17.0,Acadia National Park
2011-03-01,18.0,Acadia National Park
2011-04-01,24.0,Acadia National Park
2011-05-01,34.0,Acadia National Park
2011-06-01,49.0,Acadia National Park
2011-07-01,61.0,Acadia National Park
2011-08-01,52.0,Acadia National Park
2011-09-01,32.0,Acadia National Park
2011-10-01,23.0,Acadia National Park
2011-11-01,12.0,Acadia National Park
2011-12-01,11.0,Acadia National Park
2012-01-01,16.0,Acadia National Park
2012-02-01,16.0,Acadia National Park
2012-03-01,20.0,Acadia National Park
2012-04-01,26.0,Acadia National Park
2012-05-01,45.0,Acadia National Park
2012-06-01,50.0,Acadia National Park
2012-07-01,53.0,Acadia National Park
2012-08-01,55.0,Acadia National Park
2012-09-01,39.0,Acadia National Park
2012-10-01,19.0,Acadia National Park
2012-11-01,16.0,Acadia National Park
2012-12-01,10.0,Acadia National Park
2013-01-01,16.0,Acadia National Park
2013-02-01,16.0,Acadia National Park
2013-03-01,19.0,Acadia National Park
2013-04-01,31.0,Acadia National Park
2013-05-01,40.0,Acadia National Park
2013-06-01,49.0,Acadia National Park
2013-07-01,59.0,Acadia National Park
2013-08-01,53.0,Acadia National Park
2013-09-01,34.0,Acadia National Park
2013-10-01,31.0,Acadia National Park
2013-11-01,11.0,Acadia National Park
2013-12-01,11.0,Acadia National Park
2014-01-01,16.0,Acadia National Park
2014-02-01,16.0,Acadia National Park
2014-03-01,20.0,Acadia National Park
2014-04-01,25.0,Acadia National Park
2014-05-01,37.0,Acadia National Park
2014-06-01,49.0,Acadia National Park
2014-07-01,60.0,Acadia National Park
2014-08-01,54.0,Acadia National Park
2014-09-01,37.0,Acadia National Park
2014-10-01,22.0,Acadia National Park
2014-11-01,11.0,Acadia National Park
2014-12-01,12.0,Acadia National Park
2015-01-01,18.0,Acadia National Park
2015-02-01,17.0,Acadia National Park
2015-03-01,23.0,Acadia National Park
2015-04-01,30.0,Acadia National Park
2015-05-01,43.0,Acadia National Park
2015-06-01,52.0,Acadia National Park
2015-07-01,64.0,Acadia National Park
2015-08-01,63.0,Acadia National Park
2015-09-01,43.0,Acadia National Park
2015-10-01,26.0,Acadia National Park
2015-11-01,14.0,Acadia National Park
2015-12-01,15.0,Acadia National Park
2016-01-01,18.0,Acadia National Park
2016-02-01,26.0,Acadia National Park
2016-03-01,26.0,Acadia National Park
2016-04-01,34.0,Acadia National Park
2016-05-01,49.0,Acadia National Park
2016-06-01,69.0,Acadia National Park
2016-07-01,81.0,Acadia National Park
2016-08-01,65.0,Acadia National Park
2016-09-01,43.0,Acadia National Park
2016-10-01,31.0,Acadia National Park
2016-11-01,17.0,Acadia National Park
2016-12-01,15.0,Acadia National Park
2017-01-01,23.0,Acadia National Park
2017-02-01,26.0,Acadia National Park
2017-03-01,29.0,Acadia National Park
2017-04-01,35.0,Acadia National Park
2017-05-01,50.0,Acadia National Park
2017-06-01,59.0,Acadia National Park
2017-07-01,79.0,Acadia National Park
2017-08-01,64.0,Acadia National Park
2017-09-01,41.0,Acadia National Park
2017-10-01,34.0,Acadia National Park
2017-11-01,18.0,Acadia National Park
2017-12-01,16.0,Acadia National Park
2018-01-01,24.0,Acadia National Park
2018-02-01,26.0,Acadia National Park
2018-03-01,30.0,Acadia National Park
2018-04-01,35.0,Acadia National Park
2018-05-01,48.0,Acadia National Park
2018-06-01,70.0,Acadia National Park
2018-07-01,75.0,Acadia National Park
2018-08-01,70.0,Acadia National Park
2018-09-01,45.0,Acadia National Park
2018-10-01,36.0,Acadia National Park
2018-11-01,16.0,Acadia National Park
2018-12-01,17.0,Acadia National Park
2019-01-01,26.0,Acadia National Park
2019-02-01,26.0,Acadia National Park
2019-03-01,28.0,Acadia National Park
2019-04-01,36.0,Acadia National Park
2019-05-01,46.0,Acadia National Park
2019-06-01,70.0,Acadia National Park
2019-07-01,84.0,Acadia National Park
2019-08-01,73.0,Acadia National Park
2019-09-01,50.0,Acadia National Park
2019-10-01,36.0,Acadia National Park
2019-11-01,16.0,Acadia National Park
2019-12-01,17.0,Acadia National Park
2020-01-01,26.0,Acadia National Park
2020-02-01,27.0,Acadia National Park
2020-03-01,22.0,Acadia National Park
2020-04-01,20.0,Acadia National Park
2020-05-01,33.0,Acadia National Park
2020-06-01,55.0,Acadia National Park
2020-07-01,74.0,Acadia National Park
2020-08-01,81.0,Acadia National Park
2020-09-01,64.0,Acadia National Park
2020-10-01,42.0,Acadia National Park
2020-11-01,17.0,Acadia National Park
2020-12-01,17.0,Acadia National Park
2021-01-01,22.0,Acadia National Park
2021-02-01,24.0,Acadia National Park
2021-03-01,36.0,Acadia National Park
2021-04-01,47.0,Acadia National Park
2021-05-01,71.0,Acadia National Park
2021-06-01,94.0,Acadia National Park
2021-07-01,95.0,Acadia National Park
2021-08-01,87.0,Acadia National Park
2021-09-01,68.0,Acadia National Park
2021-10-01,47.0,Acadia National Park
2021-11-01,19.0,Acadia National Park
2021-12-01,19.0,Acadia National Park
2022-01-01,32.0,Acadia National Park
2022-02-01,37.0,Acadia National Park
2022-03-01,40.0,Acadia National Park
2022-04-01,53.0,Acadia National Park
2022-05-01,75.0,Acadia National Park
2022-06-01,89.0,Acadia National Park
2022-07-01,92.0,Acadia National Park
2022-08-01,88.0,Acadia National Park
2022-09-01,68.0,Acadia National Park
2022-10-01,50.0,Acadia National Park
2022-11-01,22.0,Acadia National Park
2022-12-01,21.0,Acadia National Park
2023-01-01,30.0,Acadia National Park
2023-02-01,32.0,Acadia National Park
2023-03-01,32.0,Acadia National Park
2023-04-01,46.0,Acadia National Park
2023-05-01,65.0,Acadia National Park
2023-06-01,83.0,Acadia National Park
2023-07-01,89.0,Acadia National Park
2023-08-01,78.0,Acadia National Park
2023-09-01,70.0,Acadia National Park
2023-10-01,50.0,Acadia National Park
2023-11-01,24.0,Acadia National Park
2023-12-01,22.0,Acadia National Park
2024-01-01,33.0,Acadia National Park
2024-02-01,33.0,Acadia National Park
2024-03-01,39.0,Acadia National Park
2024-04-01,47.0,Acadia National Park
2024-05-01,68.0,Acadia National Park
2024-06-01,90.0,Acadia National Park
2024-07-01,93.0,Acadia National Park
2024-08-01,86.0,Acadia National Park
2024-09-01,70.0,Acadia National Park
2024-10-01,55.0,Acadia National Park
2024-11-01,25.0,Acadia National Park
2024-12-01,25.0,Acadia National Park
2025-01-01,34.0,Acadia National Park
2025-02-01,33.0,Acadia National Park
2025-03-01,38.0,Acadia National Park
2025-04-01,46.0,Acadia National Park
2025-05-01,69.0,Acadia National Park
2025-06-01,92.0,Acadia National Park
2025-07-01,100.0,Acadia National Park
2025-08-01,88.0,Acadia National Park
2025-09-01,71.0,Acadia National Park
2025-10-01,66.0,Acadia National Park
2025-11-01,25.0,Acadia National Park
2025-12-01,25.0,Acadia National Park
2010-01-01,27.0,Arches National Park
2010-02-01,30.0,Arches National Park
2010-03-01,40.0,Arches National Park
2010-04-01,44.0,Arches National Park
2010-05-01,52.0,Arches National Park
2010-06-01,47.0,Arches National Park
2010-07-01,41.0,Arches National Park
2010-08-01,36.0,Arches National Park
2010-09-01,33.0,Arches National Park
2010-10-01,26.0,Arches National Park
2010-11-01,21.0,Arches National Park
2010-12-01,19.0,Arches National Park
2011-01-01,26.0,Arches National Park
2011-02-01,29.0,Arches National Park
2011-03-01,41.0,Arches National Park
2011-04-01,48.0,Arches National Park
2011-05-01,51.0,Arches National Park
2011-06-01,46.0,Arches National Park
2011-07-01,47.0,Arches National Park
2011-08-01,37.0,Arches National Park
2011-09-01,36.0,Arches National Park
2011-10-01,30.0,Arches National Park
2011-11-01,22.0,Arches National Park
2011-12-01,21.0,Arches National Park
2012-01-01,27.0,Arches National Park
2012-02-01,32.0,Arches National Park
2012-03-01,37.0,Arches National Park
2012-04-01,47.0,Arches National Park
2012-05-01,49.0,Arches National Park
2012-06-01,47.0,Arches National Park
2012-07-01,46.0,Arches National Park
2012-08-01,37.0,Arches National Park
2012-09-01,37.0,Arches National Park
2012-10-01,28.0,Arches National Park
2012-11-01,22.0,Arches National Park
2012-12-01,20.0,Arches National Park
2013-01-01,28.0,Arches National Park
2013-02-01,29.0,Arches National Park
2013-03-01,44.0,Arches National Park
2013-04-01,48.0,Arches National Park
2013-05-01,47.0,Arches National Park
2013-06-01,49.0,Arches National Park
2013-07-01,49.0,Arches National Park
2013-08-01,49.0,Arches National Park
2013-09-01,43.0,Arches National Park
2013-10-01,37.0,Arches National Park
2013-11-01,30.0,Arches National Park
2013-12-01,27.0,Arches National Park
2014-01-01,33.0,Arches National Park
2014-02-01,40.0,Arches National Park
2014-03-01,51.0,Arches National Park
2014-04-01,52.0,Arches National Park
2014-05-01,58.0,Arches National Park
2014-06-01,58.0,Arches National Park
2014-07-01,55.0,Arches National Park
2014-08-01,49.0,Arches National Park
2014-09-01,41.0,Arches National Park
2014-10-01,39.0,Arches National Park
2014-11-01,29.0,Arches National Park
2014-12-01,29.0,Arches National Park
2015-01-01,36.0,Arches National Park
2015-02-01,39.0,Arches National Park
2015-03-01,63.0,Arches National Park
2015-04-01,61.0,Arches National Park
2015-05-01,71.0,Arches National Park
2015-06-01,67.0,Arches National Park
2015-07-01,67.0,Arches National Park
2015-08-01,57.0,Arches National Park
2015-09-01,52.0,Arches National Park
2015-10-01,40.0,Arches National Park
2015-11-01,33.0,Arches National Park
2015-12-01,30.0,Arches National Park
2016-01-01,34.0,Arches National Park
2016-02-01,42.0,Arches National Park
2016-03-01,69.0,Arches National Park
2016-04-01,65.0,Arches National Park
2016-05-01,74.0,Arches National Park
2016-06-01,68.0,Arches National Park
2016-07-01,69.0,Arches National Park
2016-08-01,59.0,Arches National Park
2016-09-01,65.0,Arches National Park
2016-10-01,46.0,Arches National Park
2016-11-01,36.0,Arches National Park
2016-12-01,33.0,Arches National Park
2017-01-01,40.0,Arches National Park
2017-02-01,49.0,Arches National Park
2017-03-01,67.0,Arches National Park
2017-04-01,71.0,Arches National Park
2017-05-01,72.0,Arches National Park
2017-06-01,71.0,Arches National Park
2017-07-01,73.0,Arches National Park
2017-08-01,56.0,Arches National Park
2017-09-01,52.0,Arches National Park
2017-10-01,45.0,Arches National Park
2017-11-01,39.0,Arches National Park
2017-12-01,38.0,Arches National Park
2018-01-01,44.0,Arches National Park
2018-02-01,52.0,Arches National Park
2018-03-01,70.0,Arches National Park
2018-04-01,71.0,Arches National Park
2018-05-01,74.0,Arches National Park
2018-06-01,68.0,Arches National Park
2018-07-01,68.0,Arches National Park
2018-08-01,66.0,Arches National Park
2018-09-01,58.0,Arches National Park
2018-10-01,50.0,Arches National Park
2018-11-01,39.0,Arches National Park
2018-12-01,41.0,Arches National Park
2019-01-01,44.0,Arches National Park
2019-02-01,44.0,Arches National Park
2019-03-01,63.0,Arches National Park
2019-04-01,65.0,Arches National Park
2019-05-01,72.0,Arches National Park
2019-06-01,71.0,Arches National Park
2019-07-01,65.0,Arches National Park
2019-08-01,59.0,Arches National Park
2019-09-01,58.0,Arches National Park
2019-10-01,52.0,Arches National Park
2019-11-01,40.0,Arches National Park
2019-12-01,41.0,Arches National Park
2020-01-01,72.0,Arches National Park
2020-02-01,60.0,Arches National Park
2020-03-01,63.0,Arches National Park
2020-04-01,37.0,Arches National Park
2020-05-01,61.0,Arches National Park
2020-06-01,85.0,Arches National Park
2020-07-01,72.0,Arches National Park
2020-08-01,72.0,Arches National Park
2020-09-01,79.0,Arches National Park
2020-10-01,70.0,Arches National Park
2020-11-01,56.0,Arches National Park
2020-12-01,45.0,Arches National Park
2021-01-01,46.0,Arches National Park
2021-02-01,54.0,Arches National Park
2021-03-01,70.0,Arches National Park
2021-04-01,84.0,Arches National Park
2021-05-01,95.0,Arches National Park
2021-06-01,100.0,Arches National Park
2021-07-01,77.0,Arches National Park
2021-08-01,66.0,Arches National Park
2021-09-01,68.0,Arches National Park
2021-10-01,54.0,Arches National Park
2021-11-01,40.0,Arches National Park
2021-12-01,38.0,Arches National Park
2022-01-01,61.0,Arches National Park
2022-02-01,65.0,Arches National Park
2022-03-01,81.0,Arches National Park
2022-04-01,95.0,Arches National Park
2022-05-01,98.0,Arches National Park
2022-06-01,86.0,Arches National Park
2022-07-01,73.0,Arches National Park
2022-08-01,72.0,Arches National Park
2022-09-01,63.0,Arches National Park
2022-10-01,58.0,Arches National Park
2022-11-01,41.0,Arches National Park
2022-12-01,40.0,Arches National Park
2023-01-01,54.0,Arches National Park
2023-02-01,57.0,Arches National Park
2023-03-01,69.0,Arches National Park
2023-04-01,74.0,Arches National Park
2023-05-01,88.0,Arches National Park
2023-06-01,82.0,Arches National Park
2023-07-01,70.0,Arches National Park
2023-08-01,65.0,Arches National Park
2023-09-01,73.0,Arches National Park
2023-10-01,60.0,Arches National Park
2023-11-01,43.0,Arches National Park
2023-12-01,40.0,Arches National Park
2024-01-01,56.0,Arches National Park
2024-02-01,55.0,Arches National Park
2024-03-01,74.0,Arches National Park
2024-04-01,75.0,Arches National Park
2024-05-01,82.0,Arches National Park
2024-06-01,74.0,Arches National Park
2024-07-01,62.0,Arches National Park
2024-08-01,65.0,Arches National Park
2024-09-01,63.0,Arches National Park
2024-10-01,54.0,Arches National Park
2024-11-01,41.0,Arches National Park
2024-12-01,39.0,Arches National Park
2025-01-01,51.0,Arches National Park
2025-02-01,52.0,Arches National Park
2025-03-01,71.0,Arches National Park
2025-04-01,66.0,Arches National Park
2025-05-01,67.0,Arches National Park
2025-06-01,60.0,Arches National Park
2025-07-01,57.0,Arches National Park
2025-08-01,53.0,Arches National Park
2025-09-01,58.0,Arches National Park
2025-10-01,56.0,Arches National Park
2025-11-01,42.0,Arches National Park
2025-12-01,42.0,Arches National Park
2010-01-01,17.0,Badlands National Park
2010-02-01,21.0,Badlands National Park
2010-03-01,24.0,Badlands National Park
2010-04-01,26.0,Badlands National Park
2010-05-01,37.0,Badlands National Park
2010-06-01,43.0,Badlands National Park
2010-07-01,35.0,Badlands National Park
2010-08-01,23.0,Badlands National Park
2010-09-01,16.0,Badlands National Park
2010-10-01,16.0,Badlands National Park
2010-11-01,11.0,Badlands National Park
2010-12-01,12.0,Badlands National Park
2011-01-01,16.0,Badlands National Park
2011-02-01,26.0,Badlands National Park
2011-03-01,20.0,Badlands National Park
2011-04-01,22.0,Badlands National Park
2011-05-01,36.0,Badlands National Park
2011-06-01,42.0,Badlands National Park
2011-07-01,43.0,Badlands National Park
2011-08-01,34.0,Badlands National Park
2011-09-01,25.0,Badlands National Park
2011-10-01,17.0,Badlands National Park
2011-11-01,12.0,Badlands National Park
2011-12-01,12.0,Badlands National Park
2012-01-01,18.0,Badlands National Park
2012-02-01,19.0,Badlands National Park
2012-03-01,22.0,Badlands National Park
2012-04-01,27.0,Badlands National Park
2012-05-01,38.0,Badlands National Park
2012-06-01,42.0,Badlands National Park
2012-07-01,45.0,Badlands National Park
2012-08-01,33.0,Badlands National Park
2012-09-01,27.0,Badlands National Park
2012-10-01,18.0,Badlands National Park
2012-11-01,12.0,Badlands National Park
2012-12-01,14.0,Badlands National Park
2013-01-01,17.0,Badlands National Park
2013-02-01,18.0,Badlands National Park
2013-03-01,21.0,Badlands National Park
2013-04-01,27.0,Badlands National Park
2013-05-01,37.0,Badlands National Park
2013-06-01,47.0,Badlands National Park
2013-07-01,47.0,Badlands National Park
2013-08-01,42.0,Badlands National Park
2013-09-01,26.0,Badlands National Park
2013-10-01,20.0,Badlands National Park
2013-11-01,15.0,Badlands National Park
2013-12-01,15.0,Badlands National Park
2014-01-01,19.0,Badlands National Park
2014-02-01,19.0,Badlands National Park
2014-03-01,25.0,Badlands National Park
2014-04-01,29.0,Badlands National Park
2014-05-01,41.0,Badlands National Park
2014-06-01,50.0,Badlands National Park
2014-07-01,50.0,Badlands National Park
2014-08-01,37.0,Badlands National Park
2014-09-01,28.0,Badlands National Park
2014-10-01,21.0,Badlands National Park
2014-11-01,17.0,Badlands National Park
2014-12-01,20.0,Badlands National Park
2015-01-01,27.0,Badlands National Park
2015-02-01,29.0,Badlands National Park
2015-03-01,27.0,Badlands National Park
2015-04-01,32.0,Badlands National Park
2015-05-01,48.0,Badlands National Park
2015-06-01,56.0,Badlands National Park
2015-07-01,54.0,Badlands National Park
2015-08-01,46.0,Badlands National Park
2015-09-01,34.0,Badlands National Park
2015-10-01,22.0,Badlands National Park
2015-11-01,18.0,Badlands National Park
2015-12-01,19.0,Badlands National Park
2016-01-01,21.0,Badlands National Park
2016-02-01,22.0,Badlands National Park
2016-03-01,31.0,Badlands National Park
2016-04-01,34.0,Badlands National Park
2016-05-01,53.0,Badlands National Park
2016-06-01,63.0,Badlands National Park
2016-07-01,70.0,Badlands National Park
2016-08-01,44.0,Badlands National Park
2016-09-01,31.0,Badlands National Park
2016-10-01,23.0,Badlands National Park
2016-11-01,20.0,Badlands National Park
2016-12-01,19.0,Badlands National Park
2017-01-01,84.0,Badlands National Park
2017-02-01,33.0,Badlands National Park
2017-03-01,34.0,Badlands National Park
2017-04-01,37.0,Badlands National Park
2017-05-01,54.0,Badlands National Park
2017-06-01,75.0,Badlands National Park
2017-07-01,74.0,Badlands National Park
2017-08-01,52.0,Badlands National Park
2017-09-01,34.0,Badlands National Park
2017-10-01,25.0,Badlands National Park
2017-11-01,22.0,Badlands National Park
2017-12-01,25.0,Badlands National Park
2018-01-01,30.0,Badlands National Park
2018-02-01,27.0,Badlands National Park
2018-03-01,38.0,Badlands National Park
2018-04-01,43.0,Badlands National Park
2018-05-01,61.0,Badlands National Park
2018-06-01,75.0,Badlands National Park
2018-07-01,74.0,Badlands National Park
2018-08-01,53.0,Badlands National Park
2018-09-01,40.0,Badlands National Park
2018-10-01,31.0,Badlands National Park
2018-11-01,21.0,Badlands National Park
2018-12-01,21.0,Badlands National Park
2019-01-01,27.0,Badlands National Park
2019-02-01,29.0,Badlands National Park
2019-03-01,40.0,Badlands National Park
2019-04-01,40.0,Badlands National Park
2019-05-01,61.0,Badlands National Park
2019-06-01,78.0,Badlands National Park
2019-07-01,82.0,Badlands National Park
2019-08-01,64.0,Badlands National Park
2019-09-01,45.0,Badlands National Park
2019-10-01,36.0,Badlands National Park
2019-11-01,26.0,Badlands National Park
2019-12-01,22.0,Badlands National Park
2020-01-01,29.0,Badlands National Park
2020-02-01,31.0,Badlands National Park
2020-03-01,28.0,Badlands National Park
2020-04-01,32.0,Badlands National Park
2020-05-01,65.0,Badlands National Park
2020-06-01,81.0,Badlands National Park
2020-07-01,91.0,Badlands National Park
2020-08-01,77.0,Badlands National Park
2020-09-01,56.0,Badlands National Park
2020-10-01,36.0,Badlands National Park
2020-11-01,20.0,Badlands National Park
2020-12-01,23.0,Badlands National Park
2021-01-01,29.0,Badlands National Park
2021-02-01,33.0,Badlands National Park
2021-03-01,46.0,Badlands National Park
2021-04-01,56.0,Badlands National Park
2021-05-01,74.0,Badlands National Park
2021-06-01,88.0,Badlands National Park
2021-07-01,80.0,Badlands National Park
2021-08-01,61.0,Badlands National Park
2021-09-01,48.0,Badlands National Park
2021-10-01,33.0,Badlands National Park
2021-11-01,21.0,Badlands National Park
2021-12-01,19.0,Badlands National Park
2022-01-01,34.0,Badlands National Park
2022-02-01,36.0,Badlands National Park
2022-03-01,40.0,Badlands National Park
2022-04-01,50.0,Badlands National Park
2022-05-01,68.0,Badlands National Park
2022-06-01,79.0,Badlands National Park
2022-07-01,74.0,Badlands National Park
2022-08-01,63.0,Badlands National Park
2022-09-01,55.0,Badlands National Park
2022-10-01,34.0,Badlands National Park
2022-11-01,24.0,Badlands National Park
2022-12-01,22.0,Badlands National Park
2023-01-01,37.0,Badlands National Park
2023-02-01,38.0,Badlands National Park
2023-03-01,40.0,Badlands National Park
2023-04-01,45.0,Badlands National Park
2023-05-01,70.0,Badlands National Park
2023-06-01,100.0,Badlands National Park
2023-07-01,90.0,Badlands National Park
2023-08-01,66.0,Badlands National Park
2023-09-01,54.0,Badlands National Park
2023-10-01,38.0,Badlands National Park
2023-11-01,31.0,Badlands National Park
2023-12-01,28.0,Badlands National Park
2024-01-01,39.0,Badlands National Park
2024-02-01,40.0,Badlands National Park
2024-03-01,44.0,Badlands National Park
2024-04-01,49.0,Badlands National Park
2024-05-01,78.0,Badlands National Park
2024-06-01,86.0,Badlands National Park
2024-07-01,76.0,Badlands National Park
2024-08-01,64.0,Badlands National Park
2024-09-01,57.0,Badlands National Park
2024-10-01,35.0,Badlands National Park
2024-11-01,25.0,Badlands National Park
2024-12-01,25.0,Badlands National Park
2025-01-01,32.0,Badlands National Park
2025-02-01,34.0,Badlands National Park
2025-03-01,42.0,Badlands National Park
2025-04-01,45.0,Badlands National Park
2025-05-01,65.0,Badlands National Park
2025-06-01,73.0,Badlands National Park
2025-07-01,76.0,Badlands National Park
2025-08-01,62.0,Badlands National Park
2025-09-01,50.0,Badlands National Park
2025-10-01,39.0,Badlands National Park
2025-11-01,28.0,Badlands National Park
2025-12-01,24.0,Badlands National Park
2010-01-01,53.0,Big Bend National Park
2010-02-01,52.0,Big Bend National Park
2010-03-01,61.0,Big Bend National Park
2010-04-01,39.0,Big Bend National Park
2010-05-01,44.0,Big Bend National Park
2010-06-01,35.0,Big Bend National Park
2010-07-01,34.0,Big Bend National Park
2010-08-01,26.0,Big Bend National Park
2010-09-01,34.0,Big Bend National Park
2010-10-01,33.0,Big Bend National Park
2010-11-01,34.0,Big Bend National Park
2010-12-01,33.0,Big Bend National Park
2011-01-01,42.0,Big Bend National Park
2011-02-01,40.0,Big Bend National Park
2011-03-01,40.0,Big Bend National Park
2011-04-01,35.0,Big Bend National Park
2011-05-01,34.0,Big Bend National Park
2011-06-01,30.0,Big Bend National Park
2011-07-01,29.0,Big Bend National Park
2011-08-01,22.0,Big Bend National Park
2011-09-01,32.0,Big Bend National Park
2011-10-01,33.0,Big Bend National Park
2011-11-01,36.0,Big Bend National Park
2011-12-01,37.0,Big Bend National Park
2012-01-01,45.0,Big Bend National Park
2012-02-01,55.0,Big Bend National Park
2012-03-01,49.0,Big Bend National Park
2012-04-01,36.0,Big Bend National Park
2012-05-01,39.0,Big Bend National Park
2012-06-01,30.0,Big Bend National Park
2012-07-01,29.0,Big Bend National Park
2012-08-01,30.0,Big Bend National Park
2012-09-01,30.0,Big Bend National Park
2012-10-01,34.0,Big Bend National Park
2012-11-01,36.0,Big Bend National Park
2012-12-01,38.0,Big Bend National Park
2013-01-01,48.0,Big Bend National Park
2013-02-01,53.0,Big Bend National Park
2013-03-01,54.0,Big Bend National Park
2013-04-01,41.0,Big Bend National Park
2013-05-01,45.0,Big Bend National Park
2013-06-01,37.0,Big Bend National Park
2013-07-01,35.0,Big Bend National Park
2013-08-01,36.0,Big Bend National Park
2013-09-01,38.0,Big Bend National Park
2013-10-01,40.0,Big Bend National Park
2013-11-01,40.0,Big Bend National Park
2013-12-01,41.0,Big Bend National Park
2014-01-01,45.0,Big Bend National Park
2014-02-01,47.0,Big Bend National Park
2014-03-01,58.0,Big Bend National Park
2014-04-01,44.0,Big Bend National Park
2014-05-01,46.0,Big Bend National Park
2014-06-01,37.0,Big Bend National Park
2014-07-01,37.0,Big Bend National Park
2014-08-01,39.0,Big Bend National Park
2014-09-01,40.0,Big Bend National Park
2014-10-01,40.0,Big Bend National Park
2014-11-01,44.0,Big Bend National Park
2014-12-01,48.0,Big Bend National Park
2015-01-01,66.0,Big Bend National Park
2015-02-01,65.0,Big Bend National Park
2015-03-01,71.0,Big Bend National Park
2015-04-01,56.0,Big Bend National Park
2015-05-01,59.0,Big Bend National Park
2015-06-01,45.0,Big Bend National Park
2015-07-01,47.0,Big Bend National Park
2015-08-01,43.0,Big Bend National Park
2015-09-01,47.0,Big Bend National Park
2015-10-01,44.0,Big Bend National Park
2015-11-01,48.0,Big Bend National Park
2015-12-01,53.0,Big Bend National Park
2016-01-01,56.0,Big Bend National Park
2016-02-01,64.0,Big Bend National Park
2016-03-01,69.0,Big Bend National Park
2016-04-01,58.0,Big Bend National Park
2016-05-01,56.0,Big Bend National Park
2016-06-01,49.0,Big Bend National Park
2016-07-01,45.0,Big Bend National Park
2016-08-01,47.0,Big Bend National Park
2016-09-01,48.0,Big Bend National Park
2016-10-01,47.0,Big Bend National Park
2016-11-01,56.0,Big Bend National Park
2016-12-01,57.0,Big Bend National Park
2017-01-01,71.0,Big Bend National Park
2017-02-01,67.0,Big Bend National Park
2017-03-01,87.0,Big Bend National Park
2017-04-01,56.0,Big Bend National Park
2017-05-01,58.0,Big Bend National Park
2017-06-01,52.0,Big Bend National Park
2017-07-01,47.0,Big Bend National Park
2017-08-01,39.0,Big Bend National Park
2017-09-01,42.0,Big Bend National Park
2017-10-01,49.0,Big Bend National Park
2017-11-01,61.0,Big Bend National Park
2017-12-01,66.0,Big Bend National Park
2018-01-01,67.0,Big Bend National Park
2018-02-01,70.0,Big Bend National Park
2018-03-01,76.0,Big Bend National Park
2018-04-01,57.0,Big Bend National Park
2018-05-01,56.0,Big Bend National Park
2018-06-01,50.0,Big Bend National Park
2018-07-01,51.0,Big Bend National Park
2018-08-01,49.0,Big Bend National Park
2018-09-01,52.0,Big Bend National Park
2018-10-01,58.0,Big Bend National Park
2018-11-01,63.0,Big Bend National Park
2018-12-01,77.0,Big Bend National Park
2019-01-01,71.0,Big Bend National Park
2019-02-01,75.0,Big Bend National Park
2019-03-01,92.0,Big Bend National Park
2019-04-01,66.0,Big Bend National Park
2019-05-01,67.0,Big Bend National Park
2019-06-01,59.0,Big Bend National Park
2019-07-01,57.0,Big Bend National Park
2019-08-01,52.0,Big Bend National Park
2019-09-01,57.0,Big Bend National Park
2019-10-01,63.0,Big Bend National Park
2019-11-01,66.0,Big Bend National Park
2019-12-01,72.0,Big Bend National Park
2020-01-01,77.0,Big Bend National Park
2020-02-01,72.0,Big Bend National Park
2020-03-01,77.0,Big Bend National Park
2020-04-01,47.0,Big Bend National Park
2020-05-01,79.0,Big Bend National Park
2020-06-01,75.0,Big Bend National Park
2020-07-01,68.0,Big Bend National Park
2020-08-01,65.0,Big Bend National Park
2020-09-01,79.0,Big Bend National Park
2020-10-01,82.0,Big Bend National Park
2020-11-01,74.0,Big Bend National Park
2020-12-01,87.0,Big Bend National Park
2021-01-01,84.0,Big Bend National Park
2021-02-01,100.0,Big Bend National Park
2021-03-01,87.0,Big Bend National Park
2021-04-01,79.0,Big Bend National Park
2021-05-01,74.0,Big Bend National Park
2021-06-01,68.0,Big Bend National Park
2021-07-01,65.0,Big Bend National Park
2021-08-01,58.0,Big Bend National Park
2021-09-01,61.0,Big Bend National Park
2021-10-01,61.0,Big Bend National Park
2021-11-01,66.0,Big Bend National Park
2021-12-01,71.0,Big Bend National Park
2022-01-01,95.0,Big Bend National Park
2022-02-01,85.0,Big Bend National Park
2022-03-01,85.0,Big Bend National Park
2022-04-01,70.0,Big Bend National Park
2022-05-01,74.0,Big Bend National Park
2022-06-01,59.0,Big Bend National Park
2022-07-01,58.0,Big Bend National Park
2022-08-01,59.0,Big Bend National Park
2022-09-01,75.0,Big Bend National Park
2022-10-01,69.0,Big Bend National Park
2022-11-01,69.0,Big Bend National Park
2022-12-01,68.0,Big Bend National Park
2023-01-01,83.0,Big Bend National Park
2023-02-01,81.0,Big Bend National Park
2023-03-01,86.0,Big Bend National Park
2023-04-01,66.0,Big Bend National Park
2023-05-01,69.0,Big Bend National Park
2023-06-01,95.0,Big Bend National Park
2023-07-01,57.0,Big Bend National Park
2023-08-01,59.0,Big Bend National Park
2023-09-01,64.0,Big Bend National Park
2023-10-01,67.0,Big Bend National Park
2023-11-01,91.0,Big Bend National Park
2023-12-01,81.0,Big Bend National Park
2024-01-01,76.0,Big Bend National Park
2024-02-01,85.0,Big Bend National Park
2024-03-01,87.0,Big Bend National Park
2024-04-01,78.0,Big Bend National Park
2024-05-01,71.0,Big Bend National Park
2024-06-01,54.0,Big Bend National Park
2024-07-01,51.0,Big Bend National Park
2024-08-01,56.0,Big Bend National Park
2024-09-01,77.0,Big Bend National Park
2024-10-01,73.0,Big Bend National Park
2024-11-01,78.0,Big Bend National Park
2024-12-01,74.0,Big Bend National Park
2025-01-01,70.0,Big Bend National Park
2025-02-01,78.0,Big Bend National Park
2025-03-01,87.0,Big Bend National Park
2025-04-01,63.0,Big Bend National Park
2025-05-01,64.0,Big Bend National Park
2025-06-01,53.0,Big Bend National Park
2025-07-01,55.0,Big Bend National Park
2025-08-01,65.0,Big Bend National Park
2025-09-01,60.0,Big Bend National Park
2025-10-01,68.0,Big Bend National Park
2025-11-01,78.0,Big Bend National Park
2025-12-01,84.0,Big Bend National Park
2010-01-01,46.0,Biscayne National Park
2010-02-01,53.0,Biscayne National Park
2010-03-01,66.0,Biscayne National Park
2010-04-01,86.0,Biscayne National Park
2010-05-01,63.0,Biscayne National Park
2010-06-01,46.0,Biscayne National Park
2010-07-01,41.0,Biscayne National Park
2010-08-01,33.0,Biscayne National Park
2010-09-01,36.0,Biscayne National Park
2010-10-01,37.0,Biscayne National Park
2010-11-01,39.0,Biscayne National Park
2010-12-01,44.0,Biscayne National Park
2011-01-01,62.0,Biscayne National Park
2011-02-01,69.0,Biscayne National Park
2011-03-01,53.0,Biscayne National Park
2011-04-01,70.0,Biscayne National Park
2011-05-01,64.0,Biscayne National Park
2011-06-01,53.0,Biscayne National Park
2011-07-01,54.0,Biscayne National Park
2011-08-01,48.0,Biscayne National Park
2011-09-01,45.0,Biscayne National Park
2011-10-01,52.0,Biscayne National Park
2011-11-01,60.0,Biscayne National Park
2011-12-01,59.0,Biscayne National Park
2012-01-01,74.0,Biscayne National Park
2012-02-01,67.0,Biscayne National Park
2012-03-01,71.0,Biscayne National Park
2012-04-01,67.0,Biscayne National Park
2012-05-01,57.0,Biscayne National Park
2012-06-01,49.0,Biscayne National Park
2012-07-01,53.0,Biscayne National Park
2012-08-01,40.0,Biscayne National Park
2012-09-01,35.0,Biscayne National Park
2012-10-01,39.0,Biscayne National Park
2012-11-01,37.0,Biscayne National Park
2012-12-01,50.0,Biscayne National Park
2013-01-01,50.0,Biscayne National Park
2013-02-01,60.0,Biscayne National Park
2013-03-01,55.0,Biscayne National Park
2013-04-01,49.0,Biscayne National Park
2013-05-01,59.0,Biscayne National Park
2013-06-01,37.0,Biscayne National Park
2013-07-01,41.0,Biscayne National Park
2013-08-01,37.0,Biscayne National Park
2013-09-01,34.0,Biscayne National Park
2013-10-01,54.0,Biscayne National Park
2013-11-01,38.0,Biscayne National Park
2013-12-01,46.0,Biscayne National Park
2014-01-01,47.0,Biscayne National Park
2014-02-01,48.0,Biscayne National Park
2014-03-01,56.0,Biscayne National Park
2014-04-01,49.0,Biscayne National Park
2014-05-01,50.0,Biscayne National Park
2014-06-01,39.0,Biscayne National Park
2014-07-01,46.0,Biscayne National Park
2014-08-01,41.0,Biscayne National Park
2014-09-01,35.0,Biscayne National Park
2014-10-01,34.0,Biscayne National Park
2014-11-01,41.0,Biscayne National Park
2014-12-01,52.0,Biscayne National Park
2015-01-01,46.0,Biscayne National Park
2015-02-01,49.0,Biscayne National Park
2015-03-01,59.0,Biscayne National Park
2015-04-01,50.0,Biscayne National Park
2015-05-01,51.0,Biscayne National Park
2015-06-01,41.0,Biscayne National Park
2015-07-01,42.0,Biscayne National Park
2015-08-01,43.0,Biscayne National Park
2015-09-01,30.0,Biscayne National Park
2015-10-01,35.0,Biscayne National Park
2015-11-01,35.0,Biscayne National Park
2015-12-01,48.0,Biscayne National Park
2016-01-01,47.0,Biscayne National Park
2016-02-01,57.0,Biscayne National Park
2016-03-01,50.0,Biscayne National Park
2016-04-01,63.0,Biscayne National Park
2016-05-01,69.0,Biscayne National Park
2016-06-01,45.0,Biscayne National Park
2016-07-01,54.0,Biscayne National Park
2016-08-01,46.0,Biscayne National Park
2016-09-01,46.0,Biscayne National Park
2016-10-01,48.0,Biscayne National Park
2016-11-01,55.0,Biscayne National Park
2016-12-01,54.0,Biscayne National Park
2017-01-01,58.0,Biscayne National Park
2017-02-01,61.0,Biscayne National Park
2017-03-01,55.0,Biscayne National Park
2017-04-01,63.0,Biscayne National Park
2017-05-01,56.0,Biscayne National Park
2017-06-01,47.0,Biscayne National Park
2017-07-01,47.0,Biscayne National Park
2017-08-01,40.0,Biscayne National Park
2017-09-01,31.0,Biscayne National Park
2017-10-01,39.0,Biscayne National Park
2017-11-01,43.0,Biscayne National Park
2017-12-01,66.0,Biscayne National Park
2018-01-01,58.0,Biscayne National Park
2018-02-01,60.0,Biscayne National Park
2018-03-01,63.0,Biscayne National Park
2018-04-01,72.0,Biscayne National Park
2018-05-01,55.0,Biscayne National Park
2018-06-01,48.0,Biscayne National Park
2018-07-01,46.0,Biscayne National Park
2018-08-01,41.0,Biscayne National Park
2018-09-01,38.0,Biscayne National Park
2018-10-01,37.0,Biscayne National Park
2018-11-01,44.0,Biscayne National Park
2018-12-01,57.0,Biscayne National Park
2019-01-01,56.0,Biscayne National Park
2019-02-01,61.0,Biscayne National Park
2019-03-01,62.0,Biscayne National Park
2019-04-01,61.0,Biscayne National Park
2019-05-01,56.0,Biscayne National Park
2019-06-01,51.0,Biscayne National Park
2019-07-01,53.0,Biscayne National Park
2019-08-01,39.0,Biscayne National Park
2019-09-01,42.0,Biscayne National Park
2019-10-01,44.0,Biscayne National Park
2019-11-01,47.0,Biscayne National Park
2019-12-01,56.0,Biscayne National Park
2020-01-01,67.0,Biscayne National Park
2020-02-01,63.0,Biscayne National Park
2020-03-01,41.0,Biscayne National Park
2020-04-01,23.0,Biscayne National Park
2020-05-01,40.0,Biscayne National Park
2020-06-01,39.0,Biscayne National Park
2020-07-01,38.0,Biscayne National Park
2020-08-01,36.0,Biscayne National Park
2020-09-01,37.0,Biscayne National Park
2020-10-01,34.0,Biscayne National Park
2020-11-01,36.0,Biscayne National Park
2020-12-01,52.0,Biscayne National Park
2021-01-01,63.0,Biscayne National Park
2021-02-01,56.0,Biscayne National Park
2021-03-01,63.0,Biscayne National Park
2021-04-01,61.0,Biscayne National Park
2021-05-01,60.0,Biscayne National Park
2021-06-01,62.0,Biscayne National Park
2021-07-01,57.0,Biscayne National Park
2021-08-01,41.0,Biscayne National Park
2021-09-01,39.0,Biscayne National Park
2021-10-01,44.0,Biscayne National Park
2021-11-01,47.0,Biscayne National Park
2021-12-01,63.0,Biscayne National Park
2022-01-01,97.0,Biscayne National Park
2022-02-01,89.0,Biscayne National Park
2022-03-01,84.0,Biscayne National Park
2022-04-01,80.0,Biscayne National Park
2022-05-01,75.0,Biscayne National Park
2022-06-01,55.0,Biscayne National Park
2022-07-01,61.0,Biscayne National Park
2022-08-01,53.0,Biscayne National Park
2022-09-01,50.0,Biscayne National Park
2022-10-01,50.0,Biscayne National Park
2022-11-01,55.0,Biscayne National Park
2022-12-01,78.0,Biscayne National Park
2023-01-01,96.0,Biscayne National Park
2023-02-01,84.0,Biscayne National Park
2023-03-01,82.0,Biscayne National Park
2023-04-01,73.0,Biscayne National Park
2023-05-01,83.0,Biscayne National Park
2023-06-01,89.0,Biscayne National Park
2023-07-01,69.0,Biscayne National Park
2023-08-01,58.0,Biscayne National Park
2023-09-01,55.0,Biscayne National Park
2023-10-01,65.0,Biscayne National Park
2023-11-01,72.0,Biscayne National Park
2023-12-01,81.0,Biscayne National Park
2024-01-01,97.0,Biscayne National Park
2024-02-01,99.0,Biscayne National Park
2024-03-01,82.0,Biscayne National Park
2024-04-01,80.0,Biscayne National Park
2024-05-01,91.0,Biscayne National Park
2024-06-01,58.0,Biscayne National Park
2024-07-01,66.0,Biscayne National Park
2024-08-01,49.0,Biscayne National Park
2024-09-01,54.0,Biscayne National Park
2024-10-01,54.0,Biscayne National Park
2024-11-01,71.0,Biscayne National Park
2024-12-01,99.0,Biscayne National Park
2025-01-01,88.0,Biscayne National Park
2025-02-01,100.0,Biscayne National Park
2025-03-01,91.0,Biscayne National Park
2025-04-01,80.0,Biscayne National Park
2025-05-01,90.0,Biscayne National Park
2025-06-01,71.0,Biscayne National Park
2025-07-01,75.0,Biscayne National Park
2025-08-01,62.0,Biscayne National Park
2025-09-01,54.0,Biscayne National Park
2025-10-01,61.0,Biscayne National Park
2025-11-01,70.0,Biscayne National Park
2025-12-01,99.0,Biscayne National Park
2010-01-01,17.0,Black Canyon Of The Gunnison National Park
2010-02-01,0.0,Black Canyon Of The Gunnison National Park
2010-03-01,23.0,Black Canyon Of The Gunnison National Park
2010-04-01,41.0,Black Canyon Of The Gunnison National Park
2010-05-01,28.0,Black Canyon Of The Gunnison National Park
2010-06-01,27.0,Black Canyon Of The Gunnison National Park
2010-07-01,20.0,Black Canyon Of The Gunnison National Park
2010-08-01,0.0,Black Canyon Of The Gunnison National Park
2010-09-01,0.0,Black Canyon Of The Gunnison National Park
2010-10-01,0.0,Black Canyon Of The Gunnison National Park
2010-11-01,0.0,Black Canyon Of The Gunnison National Park
2010-12-01,0.0,Black Canyon Of The Gunnison National Park
2011-01-01,16.0,Black Canyon Of The Gunnison National Park
2011-02-01,15.0,Black Canyon Of The Gunnison National Park
2011-03-01,16.0,Black Canyon Of The Gunnison National Park
2011-04-01,18.0,Black Canyon Of The Gunnison National Park
2011-05-01,10.0,Black Canyon Of The Gunnison National Park
2011-06-01,25.0,Black Canyon Of The Gunnison National Park
2011-07-01,28.0,Black Canyon Of The Gunnison National Park
2011-08-01,21.0,Black Canyon Of The Gunnison National Park
2011-09-01,15.0,Black Canyon Of The Gunnison National Park
2011-10-01,12.0,Black Canyon Of The Gunnison National Park
2011-11-01,11.0,Black Canyon Of The Gunnison National Park
2011-12-01,0.0,Black Canyon Of The Gunnison National Park
2012-01-01,0.0,Black Canyon Of The Gunnison National Park
2012-02-01,9.0,Black Canyon Of The Gunnison National Park
2012-03-01,10.0,Black Canyon Of The Gunnison National Park
2012-04-01,17.0,Black Canyon Of The Gunnison National Park
2012-05-01,18.0,Black Canyon Of The Gunnison National Park
2012-06-01,17.0,Black Canyon Of The Gunnison National Park
2012-07-01,25.0,Black Canyon Of The Gunnison National Park
2012-08-01,17.0,Black Canyon Of The Gunnison National Park
2012-09-01,10.0,Black Canyon Of The Gunnison National Park
2012-10-01,13.0,Black Canyon Of The Gunnison National Park
2012-11-01,17.0,Black Canyon Of The Gunnison National Park
2012-12-01,9.0,Black Canyon Of The Gunnison National Park
2013-01-01,10.0,Black Canyon Of The Gunnison National Park
2013-02-01,13.0,Black Canyon Of The Gunnison National Park
2013-03-01,16.0,Black Canyon Of The Gunnison National Park
2013-04-01,22.0,Black Canyon Of The Gunnison National Park
2013-05-01,36.0,Black Canyon Of The Gunnison National Park
2013-06-01,37.0,Black Canyon Of The Gunnison National Park
2013-07-01,30.0,Black Canyon Of The Gunnison National Park
2013-08-01,16.0,Black Canyon Of The Gunnison National Park
2013-09-01,25.0,Black Canyon Of The Gunnison National Park
2013-10-01,23.0,Black Canyon Of The Gunnison National Park
2013-11-01,7.0,Black Canyon Of The Gunnison National Park
2013-12-01,10.0,Black Canyon Of The Gunnison National Park
2014-01-01,13.0,Black Canyon Of The Gunnison National Park
2014-02-01,15.0,Black Canyon Of The Gunnison National Park
2014-03-01,19.0,Black Canyon Of The Gunnison National Park
2014-04-01,23.0,Black Canyon Of The Gunnison National Park
2014-05-01,32.0,Black Canyon Of The Gunnison National Park
2014-06-01,26.0,Black Canyon Of The Gunnison National Park
2014-07-01,26.0,Black Canyon Of The Gunnison National Park
2014-08-01,19.0,Black Canyon Of The Gunnison National Park
2014-09-01,14.0,Black Canyon Of The Gunnison National Park
2014-10-01,8.0,Black Canyon Of The Gunnison National Park
2014-11-01,11.0,Black Canyon Of The Gunnison National Park
2014-12-01,0.0,Black Canyon Of The Gunnison National Park
2015-01-01,9.0,Black Canyon Of The Gunnison National Park
2015-02-01,19.0,Black Canyon Of The Gunnison National Park
2015-03-01,24.0,Black Canyon Of The Gunnison National Park
2015-04-01,30.0,Black Canyon Of The Gunnison National Park
2015-05-01,50.0,Black Canyon Of The Gunnison National Park
2015-06-01,55.0,Black Canyon Of The Gunnison National Park
2015-07-01,38.0,Black Canyon Of The Gunnison National Park
2015-08-01,29.0,Black Canyon Of The Gunnison National Park
2015-09-01,32.0,Black Canyon Of The Gunnison National Park
2015-10-01,25.0,Black Canyon Of The Gunnison National Park
2015-11-01,18.0,Black Canyon Of The Gunnison National Park
2015-12-01,11.0,Black Canyon Of The Gunnison National Park
2016-01-01,15.0,Black Canyon Of The Gunnison National Park
2016-02-01,12.0,Black Canyon Of The Gunnison National Park
2016-03-01,33.0,Black Canyon Of The Gunnison National Park
2016-04-01,44.0,Black Canyon Of The Gunnison National Park
2016-05-01,32.0,Black Canyon Of The Gunnison National Park
2016-06-01,47.0,Black Canyon Of The Gunnison National Park
2016-07-01,44.0,Black Canyon Of The Gunnison National Park
2016-08-01,61.0,Black Canyon Of The Gunnison National Park
2016-09-01,36.0,Black Canyon Of The Gunnison National Park
2016-10-01,18.0,Black Canyon Of The Gunnison National Park
2016-11-01,17.0,Black Canyon Of The Gunnison National Park
2016-12-01,17.0,Black Canyon Of The Gunnison National Park
2017-01-01,36.0,Black Canyon Of The Gunnison National Park
2017-02-01,45.0,Black Canyon Of The Gunnison National Park
2017-03-01,26.0,Black Canyon Of The Gunnison National Park
2017-04-01,37.0,Black Canyon Of The Gunnison National Park
2017-05-01,47.0,Black Canyon Of The Gunnison National Park
2017-06-01,72.0,Black Canyon Of The Gunnison National Park
2017-07-01,55.0,Black Canyon Of The Gunnison National Park
2017-08-01,30.0,Black Canyon Of The Gunnison National Park
2017-09-01,30.0,Black Canyon Of The Gunnison National Park
2017-10-01,24.0,Black Canyon Of The Gunnison National Park
2017-11-01,24.0,Black Canyon Of The Gunnison National Park
2017-12-01,15.0,Black Canyon Of The Gunnison National Park
2018-01-01,32.0,Black Canyon Of The Gunnison National Park
2018-02-01,30.0,Black Canyon Of The Gunnison National Park
2018-03-01,29.0,Black Canyon Of The Gunnison National Park
2018-04-01,41.0,Black Canyon Of The Gunnison National Park
2018-05-01,52.0,Black Canyon Of The Gunnison National Park
2018-06-01,56.0,Black Canyon Of The Gunnison National Park
2018-07-01,56.0,Black Canyon Of The Gunnison National Park
2018-08-01,42.0,Black Canyon Of The Gunnison National Park
2018-09-01,38.0,Black Canyon Of The Gunnison National Park
2018-10-01,22.0,Black Canyon Of The Gunnison National Park
2018-11-01,19.0,Black Canyon Of The Gunnison National Park
2018-12-01,18.0,Black Canyon Of The Gunnison National Park
2019-01-01,28.0,Black Canyon Of The Gunnison National Park
2019-02-01,35.0,Black Canyon Of The Gunnison National Park
2019-03-01,37.0,Black Canyon Of The Gunnison National Park
2019-04-01,43.0,Black Canyon Of The Gunnison National Park
2019-05-01,57.0,Black Canyon Of The Gunnison National Park
2019-06-01,63.0,Black Canyon Of The Gunnison National Park
2019-07-01,54.0,Black Canyon Of The Gunnison National Park
2019-08-01,59.0,Black Canyon Of The Gunnison National Park
2019-09-01,39.0,Black Canyon Of The Gunnison National Park
2019-10-01,34.0,Black Canyon Of The Gunnison National Park
2019-11-01,19.0,Black Canyon Of The Gunnison National Park
2019-12-01,24.0,Black Canyon Of The Gunnison National Park
2020-01-01,34.0,Black Canyon Of The Gunnison National Park
2020-02-01,32.0,Black Canyon Of The Gunnison National Park
2020-03-01,31.0,Black Canyon Of The Gunnison National Park
2020-04-01,31.0,Black Canyon Of The Gunnison National Park
2020-05-01,62.0,Black Canyon Of The Gunnison National Park
2020-06-01,94.0,Black Canyon Of The Gunnison National Park
2020-07-01,94.0,Black Canyon Of The Gunnison National Park
2020-08-01,83.0,Black Canyon Of The Gunnison National Park
2020-09-01,65.0,Black Canyon Of The Gunnison National Park
2020-10-01,50.0,Black Canyon Of The Gunnison National Park
2020-11-01,26.0,Black Canyon Of The Gunnison National Park
2020-12-01,35.0,Black Canyon Of The Gunnison National Park
2021-01-01,43.0,Black Canyon Of The Gunnison National Park
2021-02-01,33.0,Black Canyon Of The Gunnison National Park
2021-03-01,39.0,Black Canyon Of The Gunnison National Park
2021-04-01,60.0,Black Canyon Of The Gunnison National Park
2021-05-01,64.0,Black Canyon Of The Gunnison National Park
2021-06-01,82.0,Black Canyon Of The Gunnison National Park
2021-07-01,70.0,Black Canyon Of The Gunnison National Park
2021-08-01,44.0,Black Canyon Of The Gunnison National Park
2021-09-01,43.0,Black Canyon Of The Gunnison National Park
2021-10-01,28.0,Black Canyon Of The Gunnison National Park
2021-11-01,18.0,Black Canyon Of The Gunnison National Park
2021-12-01,14.0,Black Canyon Of The Gunnison National Park
2022-01-01,45.0,Black Canyon Of The Gunnison National Park
2022-02-01,41.0,Black Canyon Of The Gunnison National Park
2022-03-01,46.0,Black Canyon Of The Gunnison National Park
2022-04-01,72.0,Black Canyon Of The Gunnison National Park
2022-05-01,68.0,Black Canyon Of The Gunnison National Park
2022-06-01,78.0,Black Canyon Of The Gunnison National Park
2022-07-01,61.0,Black Canyon Of The Gunnison National Park
2022-08-01,67.0,Black Canyon Of The Gunnison National Park
2022-09-01,51.0,Black Canyon Of The Gunnison National Park
2022-10-01,40.0,Black Canyon Of The Gunnison National Park
2022-11-01,27.0,Black Canyon Of The Gunnison National Park
2022-12-01,28.0,Black Canyon Of The Gunnison National Park
2023-01-01,46.0,Black Canyon Of The Gunnison National Park
2023-02-01,51.0,Black Canyon Of The Gunnison National Park
2023-03-01,47.0,Black Canyon Of The Gunnison National Park
2023-04-01,65.0,Black Canyon Of The Gunnison National Park
2023-05-01,84.0,Black Canyon Of The Gunnison National Park
2023-06-01,95.0,Black Canyon Of The Gunnison National Park
2023-07-01,88.0,Black Canyon Of The Gunnison National Park
2023-08-01,66.0,Black Canyon Of The Gunnison National Park
2023-09-01,56.0,Black Canyon Of The Gunnison National Park
2023-10-01,40.0,Black Canyon Of The Gunnison National Park
2023-11-01,25.0,Black Canyon Of The Gunnison National Park
2023-12-01,38.0,Black Canyon Of The Gunnison National Park
2024-01-01,46.0,Black Canyon Of The Gunnison National Park
2024-02-01,50.0,Black Canyon Of The Gunnison National Park
2024-03-01,60.0,Black Canyon Of The Gunnison National Park
2024-04-01,49.0,Black Canyon Of The Gunnison National Park
2024-05-01,82.0,Black Canyon Of The Gunnison National Park
2024-06-01,83.0,Black Canyon Of The Gunnison National Park
2024-07-01,89.0,Black Canyon Of The Gunnison National Park
2024-08-01,65.0,Black Canyon Of The Gunnison National Park
2024-09-01,61.0,Black Canyon Of The Gunnison National Park
2024-10-01,47.0,Black Canyon Of The Gunnison National Park
2024-11-01,34.0,Black Canyon Of The Gunnison National Park
2024-12-01,36.0,Black Canyon Of The Gunnison National Park
2025-01-01,51.0,Black Canyon Of The Gunnison National Park
2025-02-01,51.0,Black Canyon Of The Gunnison National Park
2025-03-01,63.0,Black Canyon Of The Gunnison National Park
2025-04-01,61.0,Black Canyon Of The Gunnison National Park
2025-05-01,93.0,Black Canyon Of The Gunnison National Park
2025-06-01,67.0,Black Canyon Of The Gunnison National Park
2025-07-01,100.0,Black Canyon Of The Gunnison National Park
2025-08-01,57.0,Black Canyon Of The Gunnison National Park
2025-09-01,55.0,Black Canyon Of The Gunnison National Park
2025-10-01,39.0,Black Canyon Of The Gunnison National Park
2025-11-01,32.0,Black Canyon Of The Gunnison National Park
2025-12-01,48.0,Black Canyon Of The Gunnison National Park
2010-01-01,38.0,Bryce Canyon National Park
2010-02-01,45.0,Bryce Canyon National Park
2010-03-01,61.0,Bryce Canyon National Park
2010-04-01,61.0,Bryce Canyon National Park
2010-05-01,59.0,Bryce Canyon National Park
2010-06-01,58.0,Bryce Canyon National Park
2010-07-01,49.0,Bryce Canyon National Park
2010-08-01,38.0,Bryce Canyon National Park
2010-09-01,39.0,Bryce Canyon National Park
2010-10-01,30.0,Bryce Canyon National Park
2010-11-01,24.0,Bryce Canyon National Park
2010-12-01,21.0,Bryce Canyon National Park
2011-01-01,31.0,Bryce Canyon National Park
2011-02-01,31.0,Bryce Canyon National Park
2011-03-01,41.0,Bryce Canyon National Park
2011-04-01,48.0,Bryce Canyon National Park
2011-05-01,50.0,Bryce Canyon National Park
2011-06-01,52.0,Bryce Canyon National Park
2011-07-01,49.0,Bryce Canyon National Park
2011-08-01,41.0,Bryce Canyon National Park
2011-09-01,37.0,Bryce Canyon National Park
2011-10-01,36.0,Bryce Canyon National Park
2011-11-01,22.0,Bryce Canyon National Park
2011-12-01,24.0,Bryce Canyon National Park
2012-01-01,29.0,Bryce Canyon National Park
2012-02-01,34.0,Bryce Canyon National Park
2012-03-01,40.0,Bryce Canyon National Park
2012-04-01,48.0,Bryce Canyon National Park
2012-05-01,48.0,Bryce Canyon National Park
2012-06-01,46.0,Bryce Canyon National Park
2012-07-01,48.0,Bryce Canyon National Park
2012-08-01,44.0,Bryce Canyon National Park
2012-09-01,39.0,Bryce Canyon National Park
2012-10-01,30.0,Bryce Canyon National Park
2012-11-01,22.0,Bryce Canyon National Park
2012-12-01,24.0,Bryce Canyon National Park
2013-01-01,29.0,Bryce Canyon National Park
2013-02-01,32.0,Bryce Canyon National Park
2013-03-01,46.0,Bryce Canyon National Park
2013-04-01,54.0,Bryce Canyon National Park
2013-05-01,56.0,Bryce Canyon National Park
2013-06-01,58.0,Bryce Canyon National Park
2013-07-01,57.0,Bryce Canyon National Park
2013-08-01,52.0,Bryce Canyon National Park
2013-09-01,44.0,Bryce Canyon National Park
2013-10-01,34.0,Bryce Canyon National Park
2013-11-01,30.0,Bryce Canyon National Park
2013-12-01,25.0,Bryce Canyon National Park
2014-01-01,36.0,Bryce Canyon National Park
2014-02-01,35.0,Bryce Canyon National Park
2014-03-01,52.0,Bryce Canyon National Park
2014-04-01,60.0,Bryce Canyon National Park
2014-05-01,65.0,Bryce Canyon National Park
2014-06-01,62.0,Bryce Canyon National Park
2014-07-01,55.0,Bryce Canyon National Park
2014-08-01,47.0,Bryce Canyon National Park
2014-09-01,45.0,Bryce Canyon National Park
2014-10-01,34.0,Bryce Canyon National Park
2014-11-01,28.0,Bryce Canyon National Park
2014-12-01,30.0,Bryce Canyon National Park
2015-01-01,37.0,Bryce Canyon National Park
2015-02-01,41.0,Bryce Canyon National Park
2015-03-01,59.0,Bryce Canyon National Park
2015-04-01,64.0,Bryce Canyon National Park
2015-05-01,73.0,Bryce Canyon National Park
2015-06-01,71.0,Bryce Canyon National Park
2015-07-01,71.0,Bryce Canyon National Park
2015-08-01,63.0,Bryce Canyon National Park
2015-09-01,60.0,Bryce Canyon National Park
2015-10-01,43.0,Bryce Canyon National Park
2015-11-01,32.0,Bryce Canyon National Park
2015-12-01,34.0,Bryce Canyon National Park
2016-01-01,37.0,Bryce Canyon National Park
2016-02-01,49.0,Bryce Canyon National Park
2016-03-01,72.0,Bryce Canyon National Park
2016-04-01,67.0,Bryce Canyon National Park
2016-05-01,77.0,Bryce Canyon National Park
2016-06-01,70.0,Bryce Canyon National Park
2016-07-01,64.0,Bryce Canyon National Park
2016-08-01,60.0,Bryce Canyon National Park
2016-09-01,57.0,Bryce Canyon National Park
2016-10-01,47.0,Bryce Canyon National Park
2016-11-01,35.0,Bryce Canyon National Park
2016-12-01,35.0,Bryce Canyon National Park
2017-01-01,45.0,Bryce Canyon National Park
2017-02-01,50.0,Bryce Canyon National Park
2017-03-01,67.0,Bryce Canyon National Park
2017-04-01,76.0,Bryce Canyon National Park
2017-05-01,75.0,Bryce Canyon National Park
2017-06-01,75.0,Bryce Canyon National Park
2017-07-01,67.0,Bryce Canyon National Park
2017-08-01,58.0,Bryce Canyon National Park
2017-09-01,56.0,Bryce Canyon National Park
2017-10-01,49.0,Bryce Canyon National Park
2017-11-01,42.0,Bryce Canyon National Park
2017-12-01,39.0,Bryce Canyon National Park
2018-01-01,53.0,Bryce Canyon National Park
2018-02-01,55.0,Bryce Canyon National Park
2018-03-01,75.0,Bryce Canyon National Park
2018-04-01,69.0,Bryce Canyon National Park
2018-05-01,73.0,Bryce Canyon National Park
2018-06-01,68.0,Bryce Canyon National Park
2018-07-01,70.0,Bryce Canyon National Park
2018-08-01,61.0,Bryce Canyon National Park
2018-09-01,61.0,Bryce Canyon National Park
2018-10-01,54.0,Bryce Canyon National Park
2018-11-01,37.0,Bryce Canyon National Park
2018-12-01,41.0,Bryce Canyon National Park
2019-01-01,41.0,Bryce Canyon National Park
2019-02-01,49.0,Bryce Canyon National Park
2019-03-01,67.0,Bryce Canyon National Park
2019-04-01,70.0,Bryce Canyon National Park
2019-05-01,84.0,Bryce Canyon National Park
2019-06-01,79.0,Bryce Canyon National Park
2019-07-01,70.0,Bryce Canyon National Park
2019-08-01,60.0,Bryce Canyon National Park
2019-09-01,70.0,Bryce Canyon National Park
2019-10-01,53.0,Bryce Canyon National Park
2019-11-01,40.0,Bryce Canyon National Park
2019-12-01,44.0,Bryce Canyon National Park
2020-01-01,51.0,Bryce Canyon National Park
2020-02-01,56.0,Bryce Canyon National Park
2020-03-01,44.0,Bryce Canyon National Park
2020-04-01,28.0,Bryce Canyon National Park
2020-05-01,69.0,Bryce Canyon National Park
2020-06-01,84.0,Bryce Canyon National Park
2020-07-01,76.0,Bryce Canyon National Park
2020-08-01,70.0,Bryce Canyon National Park
2020-09-01,83.0,Bryce Canyon National Park
2020-10-01,67.0,Bryce Canyon National Park
2020-11-01,40.0,Bryce Canyon National Park
2020-12-01,39.0,Bryce Canyon National Park
2021-01-01,45.0,Bryce Canyon National Park
2021-02-01,53.0,Bryce Canyon National Park
2021-03-01,76.0,Bryce Canyon National Park
2021-04-01,87.0,Bryce Canyon National Park
2021-05-01,97.0,Bryce Canyon National Park
2021-06-01,91.0,Bryce Canyon National Park
2021-07-01,72.0,Bryce Canyon National Park
2021-08-01,58.0,Bryce Canyon National Park
2021-09-01,67.0,Bryce Canyon National Park
2021-10-01,55.0,Bryce Canyon National Park
2021-11-01,41.0,Bryce Canyon National Park
2021-12-01,38.0,Bryce Canyon National Park
2022-01-01,66.0,Bryce Canyon National Park
2022-02-01,75.0,Bryce Canyon National Park
2022-03-01,100.0,Bryce Canyon National Park
2022-04-01,84.0,Bryce Canyon National Park
2022-05-01,89.0,Bryce Canyon National Park
2022-06-01,77.0,Bryce Canyon National Park
2022-07-01,70.0,Bryce Canyon National Park
2022-08-01,66.0,Bryce Canyon National Park
2022-09-01,68.0,Bryce Canyon National Park
2022-10-01,58.0,Bryce Canyon National Park
2022-11-01,41.0,Bryce Canyon National Park
2022-12-01,39.0,Bryce Canyon National Park
2023-01-01,57.0,Bryce Canyon National Park
2023-02-01,59.0,Bryce Canyon National Park
2023-03-01,73.0,Bryce Canyon National Park
2023-04-01,82.0,Bryce Canyon National Park
2023-05-01,93.0,Bryce Canyon National Park
2023-06-01,82.0,Bryce Canyon National Park
2023-07-01,73.0,Bryce Canyon National Park
2023-08-01,68.0,Bryce Canyon National Park
2023-09-01,76.0,Bryce Canyon National Park
2023-10-01,65.0,Bryce Canyon National Park
2023-11-01,47.0,Bryce Canyon National Park
2023-12-01,49.0,Bryce Canyon National Park
2024-01-01,62.0,Bryce Canyon National Park
2024-02-01,67.0,Bryce Canyon National Park
2024-03-01,79.0,Bryce Canyon National Park
2024-04-01,80.0,Bryce Canyon National Park
2024-05-01,90.0,Bryce Canyon National Park
2024-06-01,74.0,Bryce Canyon National Park
2024-07-01,61.0,Bryce Canyon National Park
2024-08-01,59.0,Bryce Canyon National Park
2024-09-01,63.0,Bryce Canyon National Park
2024-10-01,54.0,Bryce Canyon National Park
2024-11-01,44.0,Bryce Canyon National Park
2024-12-01,47.0,Bryce Canyon National Park
2025-01-01,56.0,Bryce Canyon National Park
2025-02-01,62.0,Bryce Canyon National Park
2025-03-01,74.0,Bryce Canyon National Park
2025-04-01,76.0,Bryce Canyon National Park
2025-05-01,84.0,Bryce Canyon National Park
2025-06-01,69.0,Bryce Canyon National Park
2025-07-01,66.0,Bryce Canyon National Park
2025-08-01,63.0,Bryce Canyon National Park
2025-09-01,71.0,Bryce Canyon National Park
2025-10-01,62.0,Bryce Canyon National Park
2025-11-01,52.0,Bryce Canyon National Park
2025-12-01,48.0,Bryce Canyon National Park
2010-01-01,36.0,Canyonlands National Park
2010-02-01,41.0,Canyonlands National Park
2010-03-01,67.0,Canyonlands National Park
2010-04-01,56.0,Canyonlands National Park
2010-05-01,74.0,Canyonlands National Park
2010-06-01,50.0,Canyonlands National Park
2010-07-01,35.0,Canyonlands National Park
2010-08-01,39.0,Canyonlands National Park
2010-09-01,37.0,Canyonlands National Park
2010-10-01,34.0,Canyonlands National Park
2010-11-01,26.0,Canyonlands National Park
2010-12-01,24.0,Canyonlands National Park
2011-01-01,36.0,Canyonlands National Park
2011-02-01,44.0,Canyonlands National Park
2011-03-01,58.0,Canyonlands National Park
2011-04-01,63.0,Canyonlands National Park
2011-05-01,64.0,Canyonlands National Park
2011-06-01,50.0,Canyonlands National Park
2011-07-01,47.0,Canyonlands National Park
2011-08-01,36.0,Canyonlands National Park
2011-09-01,45.0,Canyonlands National Park
2011-10-01,33.0,Canyonlands National Park
2011-11-01,28.0,Canyonlands National Park
2011-12-01,26.0,Canyonlands National Park
2012-01-01,37.0,Canyonlands National Park
2012-02-01,39.0,Canyonlands National Park
2012-03-01,59.0,Canyonlands National Park
2012-04-01,57.0,Canyonlands National Park
2012-05-01,58.0,Canyonlands National Park
2012-06-01,55.0,Canyonlands National Park
2012-07-01,47.0,Canyonlands National Park
2012-08-01,43.0,Canyonlands National Park
2012-09-01,52.0,Canyonlands National Park
2012-10-01,39.0,Canyonlands National Park
2012-11-01,31.0,Canyonlands National Park
2012-12-01,26.0,Canyonlands National Park
2013-01-01,33.0,Canyonlands National Park
2013-02-01,42.0,Canyonlands National Park
2013-03-01,63.0,Canyonlands National Park
2013-04-01,61.0,Canyonlands National Park
2013-05-01,71.0,Canyonlands National Park
2013-06-01,60.0,Canyonlands National Park
2013-07-01,56.0,Canyonlands National Park
2013-08-01,52.0,Canyonlands National Park
2013-09-01,55.0,Canyonlands National Park
2013-10-01,42.0,Canyonlands National Park
2013-11-01,33.0,Canyonlands National Park
2013-12-01,31.0,Canyonlands National Park
2014-01-01,45.0,Canyonlands National Park
2014-02-01,47.0,Canyonlands National Park
2014-03-01,65.0,Canyonlands National Park
2014-04-01,67.0,Canyonlands National Park
2014-05-01,72.0,Canyonlands National Park
2014-06-01,67.0,Canyonlands National Park
2014-07-01,62.0,Canyonlands National Park
2014-08-01,53.0,Canyonlands National Park
2014-09-01,53.0,Canyonlands National Park
2014-10-01,47.0,Canyonlands National Park
2014-11-01,33.0,Canyonlands National Park
2014-12-01,35.0,Canyonlands National Park
2015-01-01,44.0,Canyonlands National Park
2015-02-01,51.0,Canyonlands National Park
2015-03-01,74.0,Canyonlands National Park
2015-04-01,75.0,Canyonlands National Park
2015-05-01,72.0,Canyonlands National Park
2015-06-01,66.0,Canyonlands National Park
2015-07-01,63.0,Canyonlands National Park
2015-08-01,67.0,Canyonlands National Park
2015-09-01,62.0,Canyonlands National Park
2015-10-01,46.0,Canyonlands National Park
2015-11-01,34.0,Canyonlands National Park
2015-12-01,32.0,Canyonlands National Park
2016-01-01,41.0,Canyonlands National Park
2016-02-01,47.0,Canyonlands National Park
2016-03-01,70.0,Canyonlands National Park
2016-04-01,73.0,Canyonlands National Park
2016-05-01,80.0,Canyonlands National Park
2016-06-01,68.0,Canyonlands National Park
2016-07-01,56.0,Canyonlands National Park
2016-08-01,51.0,Canyonlands National Park
2016-09-01,56.0,Canyonlands National Park
2016-10-01,49.0,Canyonlands National Park
2016-11-01,39.0,Canyonlands National Park
2016-12-01,29.0,Canyonlands National Park
2017-01-01,41.0,Canyonlands National Park
2017-02-01,55.0,Canyonlands National Park
2017-03-01,78.0,Canyonlands National Park
2017-04-01,77.0,Canyonlands National Park
2017-05-01,75.0,Canyonlands National Park
2017-06-01,74.0,Canyonlands National Park
2017-07-01,69.0,Canyonlands National Park
2017-08-01,58.0,Canyonlands National Park
2017-09-01,58.0,Canyonlands National Park
2017-10-01,50.0,Canyonlands National Park
2017-11-01,43.0,Canyonlands National Park
2017-12-01,37.0,Canyonlands National Park
2018-01-01,50.0,Canyonlands National Park
2018-02-01,56.0,Canyonlands National Park
2018-03-01,81.0,Canyonlands National Park
2018-04-01,78.0,Canyonlands National Park
2018-05-01,77.0,Canyonlands National Park
2018-06-01,72.0,Canyonlands National Park
2018-07-01,67.0,Canyonlands National Park
2018-08-01,61.0,Canyonlands National Park
2018-09-01,57.0,Canyonlands National Park
2018-10-01,51.0,Canyonlands National Park
2018-11-01,38.0,Canyonlands National Park
2018-12-01,36.0,Canyonlands National Park
2019-01-01,43.0,Canyonlands National Park
2019-02-01,51.0,Canyonlands National Park
2019-03-01,76.0,Canyonlands National Park
2019-04-01,75.0,Canyonlands National Park
2019-05-01,81.0,Canyonlands National Park
2019-06-01,79.0,Canyonlands National Park
2019-07-01,64.0,Canyonlands National Park
2019-08-01,61.0,Canyonlands National Park
2019-09-01,68.0,Canyonlands National Park
2019-10-01,50.0,Canyonlands National Park
2019-11-01,38.0,Canyonlands National Park
2019-12-01,36.0,Canyonlands National Park
2020-01-01,45.0,Canyonlands National Park
2020-02-01,49.0,Canyonlands National Park
2020-03-01,55.0,Canyonlands National Park
2020-04-01,28.0,Canyonlands National Park
2020-05-01,63.0,Canyonlands National Park
2020-06-01,81.0,Canyonlands National Park
2020-07-01,79.0,Canyonlands National Park
2020-08-01,70.0,Canyonlands National Park
2020-09-01,91.0,Canyonlands National Park
2020-10-01,76.0,Canyonlands National Park
2020-11-01,49.0,Canyonlands National Park
2020-12-01,45.0,Canyonlands National Park
2021-01-01,44.0,Canyonlands National Park
2021-02-01,55.0,Canyonlands National Park
2021-03-01,83.0,Canyonlands National Park
2021-04-01,99.0,Canyonlands National Park
2021-05-01,100.0,Canyonlands National Park
2021-06-01,95.0,Canyonlands National Park
2021-07-01,74.0,Canyonlands National Park
2021-08-01,64.0,Canyonlands National Park
2021-09-01,73.0,Canyonlands National Park
2021-10-01,64.0,Canyonlands National Park
2021-11-01,41.0,Canyonlands National Park
2021-12-01,36.0,Canyonlands National Park
2022-01-01,59.0,Canyonlands National Park
2022-02-01,70.0,Canyonlands National Park
2022-03-01,93.0,Canyonlands National Park
2022-04-01,98.0,Canyonlands National Park
2022-05-01,96.0,Canyonlands National Park
2022-06-01,76.0,Canyonlands National Park
2022-07-01,67.0,Canyonlands National Park
2022-08-01,68.0,Canyonlands National Park
2022-09-01,71.0,Canyonlands National Park
2022-10-01,62.0,Canyonlands National Park
2022-11-01,44.0,Canyonlands National Park
2022-12-01,38.0,Canyonlands National Park
2023-01-01,53.0,Canyonlands National Park
2023-02-01,56.0,Canyonlands National Park
2023-03-01,74.0,Canyonlands National Park
2023-04-01,88.0,Canyonlands National Park
2023-05-01,94.0,Canyonlands National Park
2023-06-01,85.0,Canyonlands National Park
2023-07-01,70.0,Canyonlands National Park
2023-08-01,62.0,Canyonlands National Park
2023-09-01,72.0,Canyonlands National Park
2023-10-01,70.0,Canyonlands National Park
2023-11-01,44.0,Canyonlands National Park
2023-12-01,39.0,Canyonlands National Park
2024-01-01,50.0,Canyonlands National Park
2024-02-01,54.0,Canyonlands National Park
2024-03-01,83.0,Canyonlands National Park
2024-04-01,85.0,Canyonlands National Park
2024-05-01,90.0,Canyonlands National Park
2024-06-01,77.0,Canyonlands National Park
2024-07-01,71.0,Canyonlands National Park
2024-08-01,63.0,Canyonlands National Park
2024-09-01,69.0,Canyonlands National Park
2024-10-01,60.0,Canyonlands National Park
2024-11-01,42.0,Canyonlands National Park
2024-12-01,37.0,Canyonlands National Park
2025-01-01,57.0,Canyonlands National Park
2025-02-01,52.0,Canyonlands National Park
2025-03-01,74.0,Canyonlands National Park
2025-04-01,67.0,Canyonlands National Park
2025-05-01,74.0,Canyonlands National Park
2025-06-01,64.0,Canyonlands National Park
2025-07-01,56.0,Canyonlands National Park
2025-08-01,50.0,Canyonlands National Park
2025-09-01,64.0,Canyonlands National Park
2025-10-01,52.0,Canyonlands National Park
2025-11-01,41.0,Canyonlands National Park
2025-12-01,39.0,Canyonlands National Park
2010-01-01,25.0,Capitol Reef National Park
2010-02-01,26.0,Capitol Reef National Park
2010-03-01,35.0,Capitol Reef National Park
2010-04-01,54.0,Capitol Reef National Park
2010-05-01,41.0,Capitol Reef National Park
2010-06-01,31.0,Capitol Reef National Park
2010-07-01,29.0,Capitol Reef National Park
2010-08-01,27.0,Capitol Reef National Park
2010-09-01,28.0,Capitol Reef National Park
2010-10-01,24.0,Capitol Reef National Park
2010-11-01,13.0,Capitol Reef National Park
2010-12-01,11.0,Capitol Reef National Park
2011-01-01,21.0,Capitol Reef National Park
2011-02-01,18.0,Capitol Reef National Park
2011-03-01,29.0,Capitol Reef National Park
2011-04-01,38.0,Capitol Reef National Park
2011-05-01,36.0,Capitol Reef National Park
2011-06-01,30.0,Capitol Reef National Park
2011-07-01,28.0,Capitol Reef National Park
2011-08-01,30.0,Capitol Reef National Park
2011-09-01,28.0,Capitol Reef National Park
2011-10-01,23.0,Capitol Reef National Park
2011-11-01,17.0,Capitol Reef National Park
2011-12-01,17.0,Capitol Reef National Park
2012-01-01,19.0,Capitol Reef National Park
2012-02-01,26.0,Capitol Reef National Park
2012-03-01,31.0,Capitol Reef National Park
2012-04-01,39.0,Capitol Reef National Park
2012-05-01,45.0,Capitol Reef National Park
2012-06-01,35.0,Capitol Reef National Park
2012-07-01,38.0,Capitol Reef National Park
2012-08-01,31.0,Capitol Reef National Park
2012-09-01,42.0,Capitol Reef National Park
2012-10-01,27.0,Capitol Reef National Park
2012-11-01,17.0,Capitol Reef National Park
2012-12-01,16.0,Capitol Reef National Park
2013-01-01,18.0,Capitol Reef National Park
2013-02-01,23.0,Capitol Reef National Park
2013-03-01,47.0,Capitol Reef National Park
2013-04-01,49.0,Capitol Reef National Park
2013-05-01,47.0,Capitol Reef National Park
2013-06-01,45.0,Capitol Reef National Park
2013-07-01,37.0,Capitol Reef National Park
2013-08-01,35.0,Capitol Reef National Park
2013-09-01,38.0,Capitol Reef National Park
2013-10-01,29.0,Capitol Reef National Park
2013-11-01,21.0,Capitol Reef National Park
2013-12-01,17.0,Capitol Reef National Park
2014-01-01,25.0,Capitol Reef National Park
2014-02-01,30.0,Capitol Reef National Park
2014-03-01,51.0,Capitol Reef National Park
2014-04-01,67.0,Capitol Reef National Park
2014-05-01,65.0,Capitol Reef National Park
2014-06-01,51.0,Capitol Reef National Park
2014-07-01,52.0,Capitol Reef National Park
2014-08-01,42.0,Capitol Reef National Park
2014-09-01,42.0,Capitol Reef National Park
2014-10-01,35.0,Capitol Reef National Park
2014-11-01,21.0,Capitol Reef National Park
2014-12-01,21.0,Capitol Reef National Park
2015-01-01,30.0,Capitol Reef National Park
2015-02-01,34.0,Capitol Reef National Park
2015-03-01,66.0,Capitol Reef National Park
2015-04-01,66.0,Capitol Reef National Park
2015-05-01,64.0,Capitol Reef National Park
2015-06-01,49.0,Capitol Reef National Park
2015-07-01,53.0,Capitol Reef National Park
2015-08-01,47.0,Capitol Reef National Park
2015-09-01,52.0,Capitol Reef National Park
2015-10-01,36.0,Capitol Reef National Park
2015-11-01,22.0,Capitol Reef National Park
2015-12-01,21.0,Capitol Reef National Park
2016-01-01,26.0,Capitol Reef National Park
2016-02-01,35.0,Capitol Reef National Park
2016-03-01,59.0,Capitol Reef National Park
2016-04-01,53.0,Capitol Reef National Park
2016-05-01,55.0,Capitol Reef National Park
2016-06-01,52.0,Capitol Reef National Park
2016-07-01,46.0,Capitol Reef National Park
2016-08-01,43.0,Capitol Reef National Park
2016-09-01,45.0,Capitol Reef National Park
2016-10-01,39.0,Capitol Reef National Park
2016-11-01,26.0,Capitol Reef National Park
2016-12-01,26.0,Capitol Reef National Park
2017-01-01,35.0,Capitol Reef National Park
2017-02-01,38.0,Capitol Reef National Park
2017-03-01,63.0,Capitol Reef National Park
2017-04-01,63.0,Capitol Reef National Park
2017-05-01,70.0,Capitol Reef National Park
2017-06-01,54.0,Capitol Reef National Park
2017-07-01,51.0,Capitol Reef National Park
2017-08-01,45.0,Capitol Reef National Park
2017-09-01,52.0,Capitol Reef National Park
2017-10-01,51.0,Capitol Reef National Park
2017-11-01,31.0,Capitol Reef National Park
2017-12-01,29.0,Capitol Reef National Park
2018-01-01,38.0,Capitol Reef National Park
2018-02-01,46.0,Capitol Reef National Park
2018-03-01,62.0,Capitol Reef National Park
2018-04-01,65.0,Capitol Reef National Park
2018-05-01,69.0,Capitol Reef National Park
2018-06-01,55.0,Capitol Reef National Park
2018-07-01,54.0,Capitol Reef National Park
2018-08-01,54.0,Capitol Reef National Park
2018-09-01,55.0,Capitol Reef National Park
2018-10-01,48.0,Capitol Reef National Park
2018-11-01,33.0,Capitol Reef National Park
2018-12-01,30.0,Capitol Reef National Park
2019-01-01,36.0,Capitol Reef National Park
2019-02-01,40.0,Capitol Reef National Park
2019-03-01,59.0,Capitol Reef National Park
2019-04-01,66.0,Capitol Reef National Park
2019-05-01,69.0,Capitol Reef National Park
2019-06-01,63.0,Capitol Reef National Park
2019-07-01,64.0,Capitol Reef National Park
2019-08-01,57.0,Capitol Reef National Park
2019-09-01,58.0,Capitol Reef National Park
2019-10-01,53.0,Capitol Reef National Park
2019-11-01,38.0,Capitol Reef National Park
2019-12-01,33.0,Capitol Reef National Park
2020-01-01,41.0,Capitol Reef National Park
2020-02-01,48.0,Capitol Reef National Park
2020-03-01,50.0,Capitol Reef National Park
2020-04-01,32.0,Capitol Reef National Park
2020-05-01,69.0,Capitol Reef National Park
2020-06-01,80.0,Capitol Reef National Park
2020-07-01,71.0,Capitol Reef National Park
2020-08-01,59.0,Capitol Reef National Park
2020-09-01,75.0,Capitol Reef National Park
2020-10-01,60.0,Capitol Reef National Park
2020-11-01,37.0,Capitol Reef National Park
2020-12-01,36.0,Capitol Reef National Park
2021-01-01,41.0,Capitol Reef National Park
2021-02-01,51.0,Capitol Reef National Park
2021-03-01,76.0,Capitol Reef National Park
2021-04-01,90.0,Capitol Reef National Park
2021-05-01,100.0,Capitol Reef National Park
2021-06-01,82.0,Capitol Reef National Park
2021-07-01,66.0,Capitol Reef National Park
2021-08-01,54.0,Capitol Reef National Park
2021-09-01,69.0,Capitol Reef National Park
2021-10-01,50.0,Capitol Reef National Park
2021-11-01,34.0,Capitol Reef National Park
2021-12-01,31.0,Capitol Reef National Park
2022-01-01,53.0,Capitol Reef National Park
2022-02-01,67.0,Capitol Reef National Park
2022-03-01,86.0,Capitol Reef National Park
2022-04-01,91.0,Capitol Reef National Park
2022-05-01,91.0,Capitol Reef National Park
2022-06-01,86.0,Capitol Reef National Park
2022-07-01,70.0,Capitol Reef National Park
2022-08-01,57.0,Capitol Reef National Park
2022-09-01,63.0,Capitol Reef National Park
2022-10-01,53.0,Capitol Reef National Park
2022-11-01,39.0,Capitol Reef National Park
2022-12-01,32.0,Capitol Reef National Park
2023-01-01,49.0,Capitol Reef National Park
2023-02-01,52.0,Capitol Reef National Park
2023-03-01,64.0,Capitol Reef National Park
2023-04-01,75.0,Capitol Reef National Park
2023-05-01,79.0,Capitol Reef National Park
2023-06-01,73.0,Capitol Reef National Park
2023-07-01,58.0,Capitol Reef National Park
2023-08-01,63.0,Capitol Reef National Park
2023-09-01,64.0,Capitol Reef National Park
2023-10-01,55.0,Capitol Reef National Park
2023-11-01,39.0,Capitol Reef National Park
2023-12-01,39.0,Capitol Reef National Park
2024-01-01,47.0,Capitol Reef National Park
2024-02-01,52.0,Capitol Reef National Park
2024-03-01,72.0,Capitol Reef National Park
2024-04-01,82.0,Capitol Reef National Park
2024-05-01,79.0,Capitol Reef National Park
2024-06-01,66.0,Capitol Reef National Park
2024-07-01,55.0,Capitol Reef National Park
2024-08-01,56.0,Capitol Reef National Park
2024-09-01,59.0,Capitol Reef National Park
2024-10-01,62.0,Capitol Reef National Park
2024-11-01,42.0,Capitol Reef National Park
2024-12-01,39.0,Capitol Reef National Park
2025-01-01,47.0,Capitol Reef National Park
2025-02-01,55.0,Capitol Reef National Park
2025-03-01,80.0,Capitol Reef National Park
2025-04-01,76.0,Capitol Reef National Park
2025-05-01,87.0,Capitol Reef National Park
2025-06-01,64.0,Capitol Reef National Park
2025-07-01,63.0,Capitol Reef National Park
2025-08-01,64.0,Capitol Reef National Park
2025-09-01,60.0,Capitol Reef National Park
2025-10-01,65.0,Capitol Reef National Park
2025-11-01,42.0,Capitol Reef National Park
2025-12-01,42.0,Capitol Reef National Park
2010-01-01,45.0,Carlsbad Caverns National Park
2010-02-01,62.0,Carlsbad Caverns National Park
2010-03-01,58.0,Carlsbad Caverns National Park
2010-04-01,48.0,Carlsbad Caverns National Park
2010-05-01,60.0,Carlsbad Caverns National Park
2010-06-01,41.0,Carlsbad Caverns National Park
2010-07-01,66.0,Carlsbad Caverns National Park
2010-08-01,27.0,Carlsbad Caverns National Park
2010-09-01,27.0,Carlsbad Caverns National Park
2010-10-01,26.0,Carlsbad Caverns National Park
2010-11-01,26.0,Carlsbad Caverns National Park
2010-12-01,23.0,Carlsbad Caverns National Park
2011-01-01,34.0,Carlsbad Caverns National Park
2011-02-01,31.0,Carlsbad Caverns National Park
2011-03-01,46.0,Carlsbad Caverns National Park
2011-04-01,41.0,Carlsbad Caverns National Park
2011-05-01,51.0,Carlsbad Caverns National Park
2011-06-01,52.0,Carlsbad Caverns National Park
2011-07-01,34.0,Carlsbad Caverns National Park
2011-08-01,24.0,Carlsbad Caverns National Park
2011-09-01,25.0,Carlsbad Caverns National Park
2011-10-01,21.0,Carlsbad Caverns National Park
2011-11-01,23.0,Carlsbad Caverns National Park
2011-12-01,28.0,Carlsbad Caverns National Park
2012-01-01,23.0,Carlsbad Caverns National Park
2012-02-01,35.0,Carlsbad Caverns National Park
2012-03-01,27.0,Carlsbad Caverns National Park
2012-04-01,29.0,Carlsbad Caverns National Park
2012-05-01,43.0,Carlsbad Caverns National Park
2012-06-01,31.0,Carlsbad Caverns National Park
2012-07-01,27.0,Carlsbad Caverns National Park
2012-08-01,26.0,Carlsbad Caverns National Park
2012-09-01,25.0,Carlsbad Caverns National Park
2012-10-01,23.0,Carlsbad Caverns National Park
2012-11-01,26.0,Carlsbad Caverns National Park
2012-12-01,23.0,Carlsbad Caverns National Park
2013-01-01,28.0,Carlsbad Caverns National Park
2013-02-01,33.0,Carlsbad Caverns National Park
2013-03-01,38.0,Carlsbad Caverns National Park
2013-04-01,33.0,Carlsbad Caverns National Park
2013-05-01,41.0,Carlsbad Caverns National Park
2013-06-01,35.0,Carlsbad Caverns National Park
2013-07-01,41.0,Carlsbad Caverns National Park
2013-08-01,33.0,Carlsbad Caverns National Park
2013-09-01,30.0,Carlsbad Caverns National Park
2013-10-01,22.0,Carlsbad Caverns National Park
2013-11-01,29.0,Carlsbad Caverns National Park
2013-12-01,32.0,Carlsbad Caverns National Park
2014-01-01,32.0,Carlsbad Caverns National Park
2014-02-01,31.0,Carlsbad Caverns National Park
2014-03-01,41.0,Carlsbad Caverns National Park
2014-04-01,31.0,Carlsbad Caverns National Park
2014-05-01,41.0,Carlsbad Caverns National Park
2014-06-01,30.0,Carlsbad Caverns National Park
2014-07-01,32.0,Carlsbad Caverns National Park
2014-08-01,25.0,Carlsbad Caverns National Park
2014-09-01,28.0,Carlsbad Caverns National Park
2014-10-01,29.0,Carlsbad Caverns National Park
2014-11-01,24.0,Carlsbad Caverns National Park
2014-12-01,45.0,Carlsbad Caverns National Park
2015-01-01,57.0,Carlsbad Caverns National Park
2015-02-01,58.0,Carlsbad Caverns National Park
2015-03-01,43.0,Carlsbad Caverns National Park
2015-04-01,39.0,Carlsbad Caverns National Park
2015-05-01,47.0,Carlsbad Caverns National Park
2015-06-01,40.0,Carlsbad Caverns National Park
2015-07-01,42.0,Carlsbad Caverns National Park
2015-08-01,38.0,Carlsbad Caverns National Park
2015-09-01,33.0,Carlsbad Caverns National Park
2015-10-01,28.0,Carlsbad Caverns National Park
2015-11-01,34.0,Carlsbad Caverns National Park
2015-12-01,33.0,Carlsbad Caverns National Park
2016-01-01,32.0,Carlsbad Caverns National Park
2016-02-01,30.0,Carlsbad Caverns National Park
2016-03-01,43.0,Carlsbad Caverns National Park
2016-04-01,47.0,Carlsbad Caverns National Park
2016-05-01,60.0,Carlsbad Caverns National Park
2016-06-01,52.0,Carlsbad Caverns National Park
2016-07-01,45.0,Carlsbad Caverns National Park
2016-08-01,26.0,Carlsbad Caverns National Park
2016-09-01,33.0,Carlsbad Caverns National Park
2016-10-01,35.0,Carlsbad Caverns National Park
2016-11-01,35.0,Carlsbad Caverns National Park
2016-12-01,36.0,Carlsbad Caverns National Park
2017-01-01,38.0,Carlsbad Caverns National Park
2017-02-01,50.0,Carlsbad Caverns National Park
2017-03-01,50.0,Carlsbad Caverns National Park
2017-04-01,43.0,Carlsbad Caverns National Park
2017-05-01,51.0,Carlsbad Caverns National Park
2017-06-01,46.0,Carlsbad Caverns National Park
2017-07-01,52.0,Carlsbad Caverns National Park
2017-08-01,40.0,Carlsbad Caverns National Park
2017-09-01,32.0,Carlsbad Caverns National Park
2017-10-01,34.0,Carlsbad Caverns National Park
2017-11-01,38.0,Carlsbad Caverns National Park
2017-12-01,38.0,Carlsbad Caverns National Park
2018-01-01,37.0,Carlsbad Caverns National Park
2018-02-01,43.0,Carlsbad Caverns National Park
2018-03-01,43.0,Carlsbad Caverns National Park
2018-04-01,42.0,Carlsbad Caverns National Park
2018-05-01,49.0,Carlsbad Caverns National Park
2018-06-01,37.0,Carlsbad Caverns National Park
2018-07-01,45.0,Carlsbad Caverns National Park
2018-08-01,32.0,Carlsbad Caverns National Park
2018-09-01,32.0,Carlsbad Caverns National Park
2018-10-01,41.0,Carlsbad Caverns National Park
2018-11-01,33.0,Carlsbad Caverns National Park
2018-12-01,41.0,Carlsbad Caverns National Park
2019-01-01,40.0,Carlsbad Caverns National Park
2019-02-01,38.0,Carlsbad Caverns National Park
2019-03-01,51.0,Carlsbad Caverns National Park
2019-04-01,45.0,Carlsbad Caverns National Park
2019-05-01,68.0,Carlsbad Caverns National Park
2019-06-01,62.0,Carlsbad Caverns National Park
2019-07-01,74.0,Carlsbad Caverns National Park
2019-08-01,43.0,Carlsbad Caverns National Park
2019-09-01,54.0,Carlsbad Caverns National Park
2019-10-01,50.0,Carlsbad Caverns National Park
2019-11-01,51.0,Carlsbad Caverns National Park
2019-12-01,55.0,Carlsbad Caverns National Park
2020-01-01,62.0,Carlsbad Caverns National Park
2020-02-01,62.0,Carlsbad Caverns National Park
2020-03-01,59.0,Carlsbad Caverns National Park
2020-04-01,32.0,Carlsbad Caverns National Park
2020-05-01,67.0,Carlsbad Caverns National Park
2020-06-01,71.0,Carlsbad Caverns National Park
2020-07-01,66.0,Carlsbad Caverns National Park
2020-08-01,64.0,Carlsbad Caverns National Park
2020-09-01,57.0,Carlsbad Caverns National Park
2020-10-01,57.0,Carlsbad Caverns National Park
2020-11-01,53.0,Carlsbad Caverns National Park
2020-12-01,42.0,Carlsbad Caverns National Park
2021-01-01,57.0,Carlsbad Caverns National Park
2021-02-01,51.0,Carlsbad Caverns National Park
2021-03-01,77.0,Carlsbad Caverns National Park
2021-04-01,69.0,Carlsbad Caverns National Park
2021-05-01,75.0,Carlsbad Caverns National Park
2021-06-01,73.0,Carlsbad Caverns National Park
2021-07-01,68.0,Carlsbad Caverns National Park
2021-08-01,51.0,Carlsbad Caverns National Park
2021-09-01,54.0,Carlsbad Caverns National Park
2021-10-01,52.0,Carlsbad Caverns National Park
2021-11-01,47.0,Carlsbad Caverns National Park
2021-12-01,53.0,Carlsbad Caverns National Park
2022-01-01,81.0,Carlsbad Caverns National Park
2022-02-01,89.0,Carlsbad Caverns National Park
2022-03-01,98.0,Carlsbad Caverns National Park
2022-04-01,78.0,Carlsbad Caverns National Park
2022-05-01,84.0,Carlsbad Caverns National Park
2022-06-01,69.0,Carlsbad Caverns National Park
2022-07-01,68.0,Carlsbad Caverns National Park
2022-08-01,76.0,Carlsbad Caverns National Park
2022-09-01,61.0,Carlsbad Caverns National Park
2022-10-01,66.0,Carlsbad Caverns National Park
2022-11-01,61.0,Carlsbad Caverns National Park
2022-12-01,70.0,Carlsbad Caverns National Park
2023-01-01,75.0,Carlsbad Caverns National Park
2023-02-01,83.0,Carlsbad Caverns National Park
2023-03-01,89.0,Carlsbad Caverns National Park
2023-04-01,78.0,Carlsbad Caverns National Park
2023-05-01,87.0,Carlsbad Caverns National Park
2023-06-01,85.0,Carlsbad Caverns National Park
2023-07-01,76.0,Carlsbad Caverns National Park
2023-08-01,64.0,Carlsbad Caverns National Park
2023-09-01,65.0,Carlsbad Caverns National Park
2023-10-01,68.0,Carlsbad Caverns National Park
2023-11-01,65.0,Carlsbad Caverns National Park
2023-12-01,70.0,Carlsbad Caverns National Park
2024-01-01,77.0,Carlsbad Caverns National Park
2024-02-01,85.0,Carlsbad Caverns National Park
2024-03-01,96.0,Carlsbad Caverns National Park
2024-04-01,92.0,Carlsbad Caverns National Park
2024-05-01,96.0,Carlsbad Caverns National Park
2024-06-01,69.0,Carlsbad Caverns National Park
2024-07-01,81.0,Carlsbad Caverns National Park
2024-08-01,65.0,Carlsbad Caverns National Park
2024-09-01,85.0,Carlsbad Caverns National Park
2024-10-01,75.0,Carlsbad Caverns National Park
2024-11-01,66.0,Carlsbad Caverns National Park
2024-12-01,88.0,Carlsbad Caverns National Park
2025-01-01,80.0,Carlsbad Caverns National Park
2025-02-01,89.0,Carlsbad Caverns National Park
2025-03-01,100.0,Carlsbad Caverns National Park
2025-04-01,69.0,Carlsbad Caverns National Park
2025-05-01,81.0,Carlsbad Caverns National Park
2025-06-01,76.0,Carlsbad Caverns National Park
2025-07-01,72.0,Carlsbad Caverns National Park
2025-08-01,63.0,Carlsbad Caverns National Park
2025-09-01,66.0,Carlsbad Caverns National Park
2025-10-01,76.0,Carlsbad Caverns National Park
2025-11-01,75.0,Carlsbad Caverns National Park
2025-12-01,87.0,Carlsbad Caverns National Park
2010-01-01,59.0,Channel Islands National Park
2010-02-01,58.0,Channel Islands National Park
2010-03-01,72.0,Channel Islands National Park
2010-04-01,95.0,Channel Islands National Park
2010-05-01,82.0,Channel Islands National Park
2010-06-01,65.0,Channel Islands National Park
2010-07-01,68.0,Channel Islands National Park
2010-08-01,61.0,Channel Islands National Park
2010-09-01,42.0,Channel Islands National Park
2010-10-01,43.0,Channel Islands National Park
2010-11-01,40.0,Channel Islands National Park
2010-12-01,38.0,Channel Islands National Park
2011-01-01,43.0,Channel Islands National Park
2011-02-01,62.0,Channel Islands National Park
2011-03-01,52.0,Channel Islands National Park
2011-04-01,58.0,Channel Islands National Park
2011-05-01,61.0,Channel Islands National Park
2011-06-01,59.0,Channel Islands National Park
2011-07-01,60.0,Channel Islands National Park
2011-08-01,51.0,Channel Islands National Park
2011-09-01,41.0,Channel Islands National Park
2011-10-01,39.0,Channel Islands National Park
2011-11-01,40.0,Channel Islands National Park
2011-12-01,41.0,Channel Islands National Park
2012-01-01,47.0,Channel Islands National Park
2012-02-01,46.0,Channel Islands National Park
2012-03-01,51.0,Channel Islands National Park
2012-04-01,58.0,Channel Islands National Park
2012-05-01,59.0,Channel Islands National Park
2012-06-01,58.0,Channel Islands National Park
2012-07-01,59.0,Channel Islands National Park
2012-08-01,56.0,Channel Islands National Park
2012-09-01,42.0,Channel Islands National Park
2012-10-01,42.0,Channel Islands National Park
2012-11-01,31.0,Channel Islands National Park
2012-12-01,35.0,Channel Islands National Park
2013-01-01,31.0,Channel Islands National Park
2013-02-01,37.0,Channel Islands National Park
2013-03-01,41.0,Channel Islands National Park
2013-04-01,50.0,Channel Islands National Park
2013-05-01,60.0,Channel Islands National Park
2013-06-01,68.0,Channel Islands National Park
2013-07-01,58.0,Channel Islands National Park
2013-08-01,52.0,Channel Islands National Park
2013-09-01,36.0,Channel Islands National Park
2013-10-01,36.0,Channel Islands National Park
2013-11-01,35.0,Channel Islands National Park
2013-12-01,34.0,Channel Islands National Park
2014-01-01,40.0,Channel Islands National Park
2014-02-01,41.0,Channel Islands National Park
2014-03-01,80.0,Channel Islands National Park
2014-04-01,64.0,Channel Islands National Park
2014-05-01,74.0,Channel Islands National Park
2014-06-01,57.0,Channel Islands National Park
2014-07-01,60.0,Channel Islands National Park
2014-08-01,48.0,Channel Islands National Park
2014-09-01,39.0,Channel Islands National Park
2014-10-01,32.0,Channel Islands National Park
2014-11-01,38.0,Channel Islands National Park
2014-12-01,32.0,Channel Islands National Park
2015-01-01,36.0,Channel Islands National Park
2015-02-01,38.0,Channel Islands National Park
2015-03-01,47.0,Channel Islands National Park
2015-04-01,57.0,Channel Islands National Park
2015-05-01,56.0,Channel Islands National Park
2015-06-01,50.0,Channel Islands National Park
2015-07-01,53.0,Channel Islands National Park
2015-08-01,58.0,Channel Islands National Park
2015-09-01,41.0,Channel Islands National Park
2015-10-01,35.0,Channel Islands National Park
2015-11-01,40.0,Channel Islands National Park
2015-12-01,31.0,Channel Islands National Park
2016-01-01,43.0,Channel Islands National Park
2016-02-01,44.0,Channel Islands National Park
2016-03-01,52.0,Channel Islands National Park
2016-04-01,62.0,Channel Islands National Park
2016-05-01,82.0,Channel Islands National Park
2016-06-01,67.0,Channel Islands National Park
2016-07-01,71.0,Channel Islands National Park
2016-08-01,67.0,Channel Islands National Park
2016-09-01,62.0,Channel Islands National Park
2016-10-01,53.0,Channel Islands National Park
2016-11-01,52.0,Channel Islands National Park
2016-12-01,52.0,Channel Islands National Park
2017-01-01,57.0,Channel Islands National Park
2017-02-01,57.0,Channel Islands National Park
2017-03-01,67.0,Channel Islands National Park
2017-04-01,77.0,Channel Islands National Park
2017-05-01,75.0,Channel Islands National Park
2017-06-01,78.0,Channel Islands National Park
2017-07-01,73.0,Channel Islands National Park
2017-08-01,56.0,Channel Islands National Park
2017-09-01,51.0,Channel Islands National Park
2017-10-01,44.0,Channel Islands National Park
2017-11-01,48.0,Channel Islands National Park
2017-12-01,46.0,Channel Islands National Park
2018-01-01,55.0,Channel Islands National Park
2018-02-01,61.0,Channel Islands National Park
2018-03-01,67.0,Channel Islands National Park
2018-04-01,67.0,Channel Islands National Park
2018-05-01,68.0,Channel Islands National Park
2018-06-01,65.0,Channel Islands National Park
2018-07-01,69.0,Channel Islands National Park
2018-08-01,60.0,Channel Islands National Park
2018-09-01,50.0,Channel Islands National Park
2018-10-01,50.0,Channel Islands National Park
2018-11-01,39.0,Channel Islands National Park
2018-12-01,51.0,Channel Islands National Park
2019-01-01,47.0,Channel Islands National Park
2019-02-01,51.0,Channel Islands National Park
2019-03-01,62.0,Channel Islands National Park
2019-04-01,66.0,Channel Islands National Park
2019-05-01,71.0,Channel Islands National Park
2019-06-01,65.0,Channel Islands National Park
2019-07-01,62.0,Channel Islands National Park
2019-08-01,57.0,Channel Islands National Park
2019-09-01,52.0,Channel Islands National Park
2019-10-01,43.0,Channel Islands National Park
2019-11-01,45.0,Channel Islands National Park
2019-12-01,42.0,Channel Islands National Park
2020-01-01,49.0,Channel Islands National Park
2020-02-01,44.0,Channel Islands National Park
2020-03-01,34.0,Channel Islands National Park
2020-04-01,23.0,Channel Islands National Park
2020-05-01,39.0,Channel Islands National Park
2020-06-01,53.0,Channel Islands National Park
2020-07-01,45.0,Channel Islands National Park
2020-08-01,49.0,Channel Islands National Park
2020-09-01,48.0,Channel Islands National Park
2020-10-01,43.0,Channel Islands National Park
2020-11-01,38.0,Channel Islands National Park
2020-12-01,34.0,Channel Islands National Park
2021-01-01,37.0,Channel Islands National Park
2021-02-01,51.0,Channel Islands National Park
2021-03-01,59.0,Channel Islands National Park
2021-04-01,73.0,Channel Islands National Park
2021-05-01,71.0,Channel Islands National Park
2021-06-01,82.0,Channel Islands National Park
2021-07-01,71.0,Channel Islands National Park
2021-08-01,55.0,Channel Islands National Park
2021-09-01,60.0,Channel Islands National Park
2021-10-01,54.0,Channel Islands National Park
2021-11-01,47.0,Channel Islands National Park
2021-12-01,43.0,Channel Islands National Park
2022-01-01,81.0,Channel Islands National Park
2022-02-01,66.0,Channel Islands National Park
2022-03-01,72.0,Channel Islands National Park
2022-04-01,75.0,Channel Islands National Park
2022-05-01,78.0,Channel Islands National Park
2022-06-01,57.0,Channel Islands National Park
2022-07-01,65.0,Channel Islands National Park
2022-08-01,59.0,Channel Islands National Park
2022-09-01,49.0,Channel Islands National Park
2022-10-01,54.0,Channel Islands National Park
2022-11-01,50.0,Channel Islands National Park
2022-12-01,52.0,Channel Islands National Park
2023-01-01,57.0,Channel Islands National Park
2023-02-01,64.0,Channel Islands National Park
2023-03-01,59.0,Channel Islands National Park
2023-04-01,67.0,Channel Islands National Park
2023-05-01,84.0,Channel Islands National Park
2023-06-01,98.0,Channel Islands National Park
2023-07-01,79.0,Channel Islands National Park
2023-08-01,68.0,Channel Islands National Park
2023-09-01,62.0,Channel Islands National Park
2023-10-01,60.0,Channel Islands National Park
2023-11-01,61.0,Channel Islands National Park
2023-12-01,59.0,Channel Islands National Park
2024-01-01,80.0,Channel Islands National Park
2024-02-01,73.0,Channel Islands National Park
2024-03-01,78.0,Channel Islands National Park
2024-04-01,83.0,Channel Islands National Park
2024-05-01,87.0,Channel Islands National Park
2024-06-01,86.0,Channel Islands National Park
2024-07-01,74.0,Channel Islands National Park
2024-08-01,76.0,Channel Islands National Park
2024-09-01,73.0,Channel Islands National Park
2024-10-01,59.0,Channel Islands National Park
2024-11-01,62.0,Channel Islands National Park
2024-12-01,71.0,Channel Islands National Park
2025-01-01,68.0,Channel Islands National Park
2025-02-01,81.0,Channel Islands National Park
2025-03-01,89.0,Channel Islands National Park
2025-04-01,83.0,Channel Islands National Park
2025-05-01,99.0,Channel Islands National Park
2025-06-01,100.0,Channel Islands National Park
2025-07-01,97.0,Channel Islands National Park
2025-08-01,82.0,Channel Islands National Park
2025-09-01,76.0,Channel Islands National Park
2025-10-01,63.0,Channel Islands National Park
2025-11-01,70.0,Channel Islands National Park
2025-12-01,75.0,Channel Islands National Park
2010-01-01,20.0,Congaree National Park
2010-02-01,18.0,Congaree National Park
2010-03-01,25.0,Congaree National Park
2010-04-01,49.0,Congaree National Park
2010-05-01,34.0,Congaree National Park
2010-06-01,21.0,Congaree National Park
2010-07-01,16.0,Congaree National Park
2010-08-01,17.0,Congaree National Park
2010-09-01,18.0,Congaree National Park
2010-10-01,20.0,Congaree National Park
2010-11-01,16.0,Congaree National Park
2010-12-01,13.0,Congaree National Park
2011-01-01,19.0,Congaree National Park
2011-02-01,19.0,Congaree National Park
2011-03-01,26.0,Congaree National Park
2011-04-01,28.0,Congaree National Park
2011-05-01,23.0,Congaree National Park
2011-06-01,23.0,Congaree National Park
2011-07-01,17.0,Congaree National Park
2011-08-01,20.0,Congaree National Park
2011-09-01,23.0,Congaree National Park
2011-10-01,20.0,Congaree National Park
2011-11-01,20.0,Congaree National Park
2011-12-01,15.0,Congaree National Park
2012-01-01,24.0,Congaree National Park
2012-02-01,23.0,Congaree National Park
2012-03-01,21.0,Congaree National Park
2012-04-01,29.0,Congaree National Park
2012-05-01,23.0,Congaree National Park
2012-06-01,22.0,Congaree National Park
2012-07-01,19.0,Congaree National Park
2012-08-01,16.0,Congaree National Park
2012-09-01,19.0,Congaree National Park
2012-10-01,19.0,Congaree National Park
2012-11-01,16.0,Congaree National Park
2012-12-01,16.0,Congaree National Park
2013-01-01,17.0,Congaree National Park
2013-02-01,19.0,Congaree National Park
2013-03-01,30.0,Congaree National Park
2013-04-01,27.0,Congaree National Park
2013-05-01,26.0,Congaree National Park
2013-06-01,26.0,Congaree National Park
2013-07-01,20.0,Congaree National Park
2013-08-01,18.0,Congaree National Park
2013-09-01,21.0,Congaree National Park
2013-10-01,24.0,Congaree National Park
2013-11-01,20.0,Congaree National Park
2013-12-01,16.0,Congaree National Park
2014-01-01,20.0,Congaree National Park
2014-02-01,25.0,Congaree National Park
2014-03-01,23.0,Congaree National Park
2014-04-01,58.0,Congaree National Park
2014-05-01,33.0,Congaree National Park
2014-06-01,20.0,Congaree National Park
2014-07-01,21.0,Congaree National Park
2014-08-01,21.0,Congaree National Park
2014-09-01,19.0,Congaree National Park
2014-10-01,20.0,Congaree National Park
2014-11-01,15.0,Congaree National Park
2014-12-01,16.0,Congaree National Park
2015-01-01,26.0,Congaree National Park
2015-02-01,30.0,Congaree National Park
2015-03-01,35.0,Congaree National Park
2015-04-01,33.0,Congaree National Park
2015-05-01,34.0,Congaree National Park
2015-06-01,24.0,Congaree National Park
2015-07-01,21.0,Congaree National Park
2015-08-01,27.0,Congaree National Park
2015-09-01,27.0,Congaree National Park
2015-10-01,25.0,Congaree National Park
2015-11-01,19.0,Congaree National Park
2015-12-01,21.0,Congaree National Park
2016-01-01,20.0,Congaree National Park
2016-02-01,25.0,Congaree National Park
2016-03-01,29.0,Congaree National Park
2016-04-01,36.0,Congaree National Park
2016-05-01,44.0,Congaree National Park
2016-06-01,33.0,Congaree National Park
2016-07-01,29.0,Congaree National Park
2016-08-01,31.0,Congaree National Park
2016-09-01,30.0,Congaree National Park
2016-10-01,25.0,Congaree National Park
2016-11-01,28.0,Congaree National Park
2016-12-01,23.0,Congaree National Park
2017-01-01,29.0,Congaree National Park
2017-02-01,35.0,Congaree National Park
2017-03-01,39.0,Congaree National Park
2017-04-01,44.0,Congaree National Park
2017-05-01,47.0,Congaree National Park
2017-06-01,42.0,Congaree National Park
2017-07-01,33.0,Congaree National Park
2017-08-01,41.0,Congaree National Park
2017-09-01,26.0,Congaree National Park
2017-10-01,29.0,Congaree National Park
2017-11-01,25.0,Congaree National Park
2017-12-01,26.0,Congaree National Park
2018-01-01,30.0,Congaree National Park
2018-02-01,36.0,Congaree National Park
2018-03-01,40.0,Congaree National Park
2018-04-01,42.0,Congaree National Park
2018-05-01,66.0,Congaree National Park
2018-06-01,39.0,Congaree National Park
2018-07-01,36.0,Congaree National Park
2018-08-01,29.0,Congaree National Park
2018-09-01,27.0,Congaree National Park
2018-10-01,30.0,Congaree National Park
2018-11-01,28.0,Congaree National Park
2018-12-01,24.0,Congaree National Park
2019-01-01,30.0,Congaree National Park
2019-02-01,36.0,Congaree National Park
2019-03-01,44.0,Congaree National Park
2019-04-01,46.0,Congaree National Park
2019-05-01,56.0,Congaree National Park
2019-06-01,37.0,Congaree National Park
2019-07-01,36.0,Congaree National Park
2019-08-01,33.0,Congaree National Park
2019-09-01,33.0,Congaree National Park
2019-10-01,36.0,Congaree National Park
2019-11-01,31.0,Congaree National Park
2019-12-01,30.0,Congaree National Park
2020-01-01,38.0,Congaree National Park
2020-02-01,42.0,Congaree National Park
2020-03-01,37.0,Congaree National Park
2020-04-01,22.0,Congaree National Park
2020-05-01,43.0,Congaree National Park
2020-06-01,50.0,Congaree National Park
2020-07-01,43.0,Congaree National Park
2020-08-01,39.0,Congaree National Park
2020-09-01,43.0,Congaree National Park
2020-10-01,46.0,Congaree National Park
2020-11-01,45.0,Congaree National Park
2020-12-01,37.0,Congaree National Park
2021-01-01,45.0,Congaree National Park
2021-02-01,45.0,Congaree National Park
2021-03-01,53.0,Congaree National Park
2021-04-01,62.0,Congaree National Park
2021-05-01,55.0,Congaree National Park
2021-06-01,69.0,Congaree National Park
2021-07-01,50.0,Congaree National Park
2021-08-01,37.0,Congaree National Park
2021-09-01,38.0,Congaree National Park
2021-10-01,38.0,Congaree National Park
2021-11-01,33.0,Congaree National Park
2021-12-01,36.0,Congaree National Park
2022-01-01,53.0,Congaree National Park
2022-02-01,65.0,Congaree National Park
2022-03-01,69.0,Congaree National Park
2022-04-01,69.0,Congaree National Park
2022-05-01,61.0,Congaree National Park
2022-06-01,46.0,Congaree National Park
2022-07-01,47.0,Congaree National Park
2022-08-01,48.0,Congaree National Park
2022-09-01,43.0,Congaree National Park
2022-10-01,44.0,Congaree National Park
2022-11-01,42.0,Congaree National Park
2022-12-01,40.0,Congaree National Park
2023-01-01,54.0,Congaree National Park
2023-02-01,53.0,Congaree National Park
2023-03-01,74.0,Congaree National Park
2023-04-01,87.0,Congaree National Park
2023-05-01,62.0,Congaree National Park
2023-06-01,61.0,Congaree National Park
2023-07-01,56.0,Congaree National Park
2023-08-01,49.0,Congaree National Park
2023-09-01,72.0,Congaree National Park
2023-10-01,50.0,Congaree National Park
2023-11-01,46.0,Congaree National Park
2023-12-01,48.0,Congaree National Park
2024-01-01,60.0,Congaree National Park
2024-02-01,64.0,Congaree National Park
2024-03-01,100.0,Congaree National Park
2024-04-01,86.0,Congaree National Park
2024-05-01,92.0,Congaree National Park
2024-06-01,61.0,Congaree National Park
2024-07-01,61.0,Congaree National Park
2024-08-01,55.0,Congaree National Park
2024-09-01,52.0,Congaree National Park
2024-10-01,51.0,Congaree National Park
2024-11-01,45.0,Congaree National Park
2024-12-01,48.0,Congaree National Park
2025-01-01,53.0,Congaree National Park
2025-02-01,58.0,Congaree National Park
2025-03-01,84.0,Congaree National Park
2025-04-01,75.0,Congaree National Park
2025-05-01,81.0,Congaree National Park
2025-06-01,64.0,Congaree National Park
2025-07-01,61.0,Congaree National Park
2025-08-01,55.0,Congaree National Park
2025-09-01,47.0,Congaree National Park
2025-10-01,55.0,Congaree National Park
2025-11-01,46.0,Congaree National Park
2025-12-01,55.0,Congaree National Park
2010-01-01,36.0,Crater Lake National Park
2010-02-01,29.0,Crater Lake National Park
2010-03-01,34.0,Crater Lake National Park
2010-04-01,36.0,Crater Lake National Park
2010-05-01,46.0,Crater Lake National Park
2010-06-01,46.0,Crater Lake National Park
2010-07-01,41.0,Crater Lake National Park
2010-08-01,36.0,Crater Lake National Park
2010-09-01,23.0,Crater Lake National Park
2010-10-01,20.0,Crater Lake National Park
2010-11-01,14.0,Crater Lake National Park
2010-12-01,20.0,Crater Lake National Park
2011-01-01,22.0,Crater Lake National Park
2011-02-01,17.0,Crater Lake National Park
2011-03-01,22.0,Crater Lake National Park
2011-04-01,25.0,Crater Lake National Park
2011-05-01,32.0,Crater Lake National Park
2011-06-01,45.0,Crater Lake National Park
2011-07-01,45.0,Crater Lake National Park
2011-08-01,37.0,Crater Lake National Park
2011-09-01,26.0,Crater Lake National Park
2011-10-01,18.0,Crater Lake National Park
2011-11-01,13.0,Crater Lake National Park
2011-12-01,15.0,Crater Lake National Park
2012-01-01,18.0,Crater Lake National Park
2012-02-01,23.0,Crater Lake National Park
2012-03-01,19.0,Crater Lake National Park
2012-04-01,29.0,Crater Lake National Park
2012-05-01,35.0,Crater Lake National Park
2012-06-01,40.0,Crater Lake National Park
2012-07-01,42.0,Crater Lake National Park
2012-08-01,35.0,Crater Lake National Park
2012-09-01,32.0,Crater Lake National Park
2012-10-01,20.0,Crater Lake National Park
2012-11-01,17.0,Crater Lake National Park
2012-12-01,19.0,Crater Lake National Park
2013-01-01,19.0,Crater Lake National Park
2013-02-01,23.0,Crater Lake National Park
2013-03-01,24.0,Crater Lake National Park
2013-04-01,23.0,Crater Lake National Park
2013-05-01,34.0,Crater Lake National Park
2013-06-01,40.0,Crater Lake National Park
2013-07-01,41.0,Crater Lake National Park
2013-08-01,42.0,Crater Lake National Park
2013-09-01,29.0,Crater Lake National Park
2013-10-01,27.0,Crater Lake National Park
2013-11-01,29.0,Crater Lake National Park
2013-12-01,33.0,Crater Lake National Park
2014-01-01,34.0,Crater Lake National Park
2014-02-01,21.0,Crater Lake National Park
2014-03-01,23.0,Crater Lake National Park
2014-04-01,29.0,Crater Lake National Park
2014-05-01,41.0,Crater Lake National Park
2014-06-01,43.0,Crater Lake National Park
2014-07-01,46.0,Crater Lake National Park
2014-08-01,37.0,Crater Lake National Park
2014-09-01,28.0,Crater Lake National Park
2014-10-01,29.0,Crater Lake National Park
2014-11-01,26.0,Crater Lake National Park
2014-12-01,28.0,Crater Lake National Park
2015-01-01,32.0,Crater Lake National Park
2015-02-01,35.0,Crater Lake National Park
2015-03-01,33.0,Crater Lake National Park
2015-04-01,33.0,Crater Lake National Park
2015-05-01,46.0,Crater Lake National Park
2015-06-01,54.0,Crater Lake National Park
2015-07-01,48.0,Crater Lake National Park
2015-08-01,49.0,Crater Lake National Park
2015-09-01,29.0,Crater Lake National Park
2015-10-01,28.0,Crater Lake National Park
2015-11-01,29.0,Crater Lake National Park
2015-12-01,31.0,Crater Lake National Park
2016-01-01,31.0,Crater Lake National Park
2016-02-01,29.0,Crater Lake National Park
2016-03-01,33.0,Crater Lake National Park
2016-04-01,38.0,Crater Lake National Park
2016-05-01,54.0,Crater Lake National Park
2016-06-01,57.0,Crater Lake National Park
2016-07-01,64.0,Crater Lake National Park
2016-08-01,49.0,Crater Lake National Park
2016-09-01,28.0,Crater Lake National Park
2016-10-01,30.0,Crater Lake National Park
2016-11-01,30.0,Crater Lake National Park
2016-12-01,21.0,Crater Lake National Park
2017-01-01,25.0,Crater Lake National Park
2017-02-01,27.0,Crater Lake National Park
2017-03-01,34.0,Crater Lake National Park
2017-04-01,29.0,Crater Lake National Park
2017-05-01,41.0,Crater Lake National Park
2017-06-01,53.0,Crater Lake National Park
2017-07-01,53.0,Crater Lake National Park
2017-08-01,49.0,Crater Lake National Park
2017-09-01,35.0,Crater Lake National Park
2017-10-01,30.0,Crater Lake National Park
2017-11-01,24.0,Crater Lake National Park
2017-12-01,24.0,Crater Lake National Park
2018-01-01,26.0,Crater Lake National Park
2018-02-01,27.0,Crater Lake National Park
2018-03-01,32.0,Crater Lake National Park
2018-04-01,37.0,Crater Lake National Park
2018-05-01,45.0,Crater Lake National Park
2018-06-01,49.0,Crater Lake National Park
2018-07-01,54.0,Crater Lake National Park
2018-08-01,45.0,Crater Lake National Park
2018-09-01,32.0,Crater Lake National Park
2018-10-01,26.0,Crater Lake National Park
2018-11-01,22.0,Crater Lake National Park
2018-12-01,20.0,Crater Lake National Park
2019-01-01,25.0,Crater Lake National Park
2019-02-01,24.0,Crater Lake National Park
2019-03-01,27.0,Crater Lake National Park
2019-04-01,32.0,Crater Lake National Park
2019-05-01,57.0,Crater Lake National Park
2019-06-01,63.0,Crater Lake National Park
2019-07-01,66.0,Crater Lake National Park
2019-08-01,57.0,Crater Lake National Park
2019-09-01,39.0,Crater Lake National Park
2019-10-01,32.0,Crater Lake National Park
2019-11-01,22.0,Crater Lake National Park
2019-12-01,26.0,Crater Lake National Park
2020-01-01,32.0,Crater Lake National Park
2020-02-01,30.0,Crater Lake National Park
2020-03-01,22.0,Crater Lake National Park
2020-04-01,22.0,Crater Lake National Park
2020-05-01,43.0,Crater Lake National Park
2020-06-01,66.0,Crater Lake National Park
2020-07-01,83.0,Crater Lake National Park
2020-08-01,57.0,Crater Lake National Park
2020-09-01,47.0,Crater Lake National Park
2020-10-01,36.0,Crater Lake National Park
2020-11-01,20.0,Crater Lake National Park
2020-12-01,25.0,Crater Lake National Park
2021-01-01,27.0,Crater Lake National Park
2021-02-01,25.0,Crater Lake National Park
2021-03-01,36.0,Crater Lake National Park
2021-04-01,45.0,Crater Lake National Park
2021-05-01,60.0,Crater Lake National Park
2021-06-01,71.0,Crater Lake National Park
2021-07-01,79.0,Crater Lake National Park
2021-08-01,58.0,Crater Lake National Park
2021-09-01,40.0,Crater Lake National Park
2021-10-01,31.0,Crater Lake National Park
2021-11-01,24.0,Crater Lake National Park
2021-12-01,24.0,Crater Lake National Park
2022-01-01,38.0,Crater Lake National Park
2022-02-01,40.0,Crater Lake National Park
2022-03-01,43.0,Crater Lake National Park
2022-04-01,50.0,Crater Lake National Park
2022-05-01,64.0,Crater Lake National Park
2022-06-01,67.0,Crater Lake National Park
2022-07-01,76.0,Crater Lake National Park
2022-08-01,61.0,Crater Lake National Park
2022-09-01,48.0,Crater Lake National Park
2022-10-01,33.0,Crater Lake National Park
2022-11-01,23.0,Crater Lake National Park
2022-12-01,26.0,Crater Lake National Park
2023-01-01,37.0,Crater Lake National Park
2023-02-01,38.0,Crater Lake National Park
2023-03-01,37.0,Crater Lake National Park
2023-04-01,41.0,Crater Lake National Park
2023-05-01,61.0,Crater Lake National Park
2023-06-01,79.0,Crater Lake National Park
2023-07-01,84.0,Crater Lake National Park
2023-08-01,62.0,Crater Lake National Park
2023-09-01,49.0,Crater Lake National Park
2023-10-01,37.0,Crater Lake National Park
2023-11-01,28.0,Crater Lake National Park
2023-12-01,31.0,Crater Lake National Park
2024-01-01,44.0,Crater Lake National Park
2024-02-01,40.0,Crater Lake National Park
2024-03-01,41.0,Crater Lake National Park
2024-04-01,49.0,Crater Lake National Park
2024-05-01,66.0,Crater Lake National Park
2024-06-01,79.0,Crater Lake National Park
2024-07-01,83.0,Crater Lake National Park
2024-08-01,64.0,Crater Lake National Park
2024-09-01,56.0,Crater Lake National Park
2024-10-01,39.0,Crater Lake National Park
2024-11-01,32.0,Crater Lake National Park
2024-12-01,30.0,Crater Lake National Park
2025-01-01,39.0,Crater Lake National Park
2025-02-01,45.0,Crater Lake National Park
2025-03-01,45.0,Crater Lake National Park
2025-04-01,66.0,Crater Lake National Park
2025-05-01,74.0,Crater Lake National Park
2025-06-01,93.0,Crater Lake National Park
2025-07-01,100.0,Crater Lake National Park
2025-08-01,84.0,Crater Lake National Park
2025-09-01,53.0,Crater Lake National Park
2025-10-01,37.0,Crater Lake National Park
2025-11-01,26.0,Crater Lake National Park
2025-12-01,31.0,Crater Lake National Park
2010-01-01,22.0,Cuyahoga Valley National Park
2010-02-01,20.0,Cuyahoga Valley National Park
2010-03-01,28.0,Cuyahoga Valley National Park
2010-04-01,33.0,Cuyahoga Valley National Park
2010-05-01,42.0,Cuyahoga Valley National Park
2010-06-01,42.0,Cuyahoga Valley National Park
2010-07-01,48.0,Cuyahoga Valley National Park
2010-08-01,42.0,Cuyahoga Valley National Park
2010-09-01,37.0,Cuyahoga Valley National Park
2010-10-01,37.0,Cuyahoga Valley National Park
2010-11-01,17.0,Cuyahoga Valley National Park
2010-12-01,15.0,Cuyahoga Valley National Park
2011-01-01,20.0,Cuyahoga Valley National Park
2011-02-01,15.0,Cuyahoga Valley National Park
2011-03-01,22.0,Cuyahoga Valley National Park
2011-04-01,35.0,Cuyahoga Valley National Park
2011-05-01,44.0,Cuyahoga Valley National Park
2011-06-01,49.0,Cuyahoga Valley National Park
2011-07-01,50.0,Cuyahoga Valley National Park
2011-08-01,40.0,Cuyahoga Valley National Park
2011-09-01,40.0,Cuyahoga Valley National Park
2011-10-01,36.0,Cuyahoga Valley National Park
2011-11-01,31.0,Cuyahoga Valley National Park
2011-12-01,18.0,Cuyahoga Valley National Park
2012-01-01,21.0,Cuyahoga Valley National Park
2012-02-01,20.0,Cuyahoga Valley National Park
2012-03-01,26.0,Cuyahoga Valley National Park
2012-04-01,33.0,Cuyahoga Valley National Park
2012-05-01,45.0,Cuyahoga Valley National Park
2012-06-01,47.0,Cuyahoga Valley National Park
2012-07-01,44.0,Cuyahoga Valley National Park
2012-08-01,47.0,Cuyahoga Valley National Park
2012-09-01,40.0,Cuyahoga Valley National Park
2012-10-01,28.0,Cuyahoga Valley National Park
2012-11-01,16.0,Cuyahoga Valley National Park
2012-12-01,15.0,Cuyahoga Valley National Park
2013-01-01,17.0,Cuyahoga Valley National Park
2013-02-01,20.0,Cuyahoga Valley National Park
2013-03-01,24.0,Cuyahoga Valley National Park
2013-04-01,31.0,Cuyahoga Valley National Park
2013-05-01,43.0,Cuyahoga Valley National Park
2013-06-01,45.0,Cuyahoga Valley National Park
2013-07-01,44.0,Cuyahoga Valley National Park
2013-08-01,41.0,Cuyahoga Valley National Park
2013-09-01,42.0,Cuyahoga Valley National Park
2013-10-01,41.0,Cuyahoga Valley National Park
2013-11-01,20.0,Cuyahoga Valley National Park
2013-12-01,17.0,Cuyahoga Valley National Park
2014-01-01,18.0,Cuyahoga Valley National Park
2014-02-01,18.0,Cuyahoga Valley National Park
2014-03-01,24.0,Cuyahoga Valley National Park
2014-04-01,32.0,Cuyahoga Valley National Park
2014-05-01,45.0,Cuyahoga Valley National Park
2014-06-01,41.0,Cuyahoga Valley National Park
2014-07-01,47.0,Cuyahoga Valley National Park
2014-08-01,52.0,Cuyahoga Valley National Park
2014-09-01,37.0,Cuyahoga Valley National Park
2014-10-01,35.0,Cuyahoga Valley National Park
2014-11-01,18.0,Cuyahoga Valley National Park
2014-12-01,16.0,Cuyahoga Valley National Park
2015-01-01,18.0,Cuyahoga Valley National Park
2015-02-01,16.0,Cuyahoga Valley National Park
2015-03-01,27.0,Cuyahoga Valley National Park
2015-04-01,39.0,Cuyahoga Valley National Park
2015-05-01,45.0,Cuyahoga Valley National Park
2015-06-01,50.0,Cuyahoga Valley National Park
2015-07-01,58.0,Cuyahoga Valley National Park
2015-08-01,53.0,Cuyahoga Valley National Park
2015-09-01,41.0,Cuyahoga Valley National Park
2015-10-01,40.0,Cuyahoga Valley National Park
2015-11-01,22.0,Cuyahoga Valley National Park
2015-12-01,20.0,Cuyahoga Valley National Park
2016-01-01,19.0,Cuyahoga Valley National Park
2016-02-01,25.0,Cuyahoga Valley National Park
2016-03-01,34.0,Cuyahoga Valley National Park
2016-04-01,42.0,Cuyahoga Valley National Park
2016-05-01,57.0,Cuyahoga Valley National Park
2016-06-01,66.0,Cuyahoga Valley National Park
2016-07-01,72.0,Cuyahoga Valley National Park
2016-08-01,57.0,Cuyahoga Valley National Park
2016-09-01,45.0,Cuyahoga Valley National Park
2016-10-01,43.0,Cuyahoga Valley National Park
2016-11-01,26.0,Cuyahoga Valley National Park
2016-12-01,18.0,Cuyahoga Valley National Park
2017-01-01,27.0,Cuyahoga Valley National Park
2017-02-01,34.0,Cuyahoga Valley National Park
2017-03-01,32.0,Cuyahoga Valley National Park
2017-04-01,50.0,Cuyahoga Valley National Park
2017-05-01,55.0,Cuyahoga Valley National Park
2017-06-01,70.0,Cuyahoga Valley National Park
2017-07-01,70.0,Cuyahoga Valley National Park
2017-08-01,58.0,Cuyahoga Valley National Park
2017-09-01,44.0,Cuyahoga Valley National Park
2017-10-01,44.0,Cuyahoga Valley National Park
2017-11-01,26.0,Cuyahoga Valley National Park
2017-12-01,21.0,Cuyahoga Valley National Park
2018-01-01,26.0,Cuyahoga Valley National Park
2018-02-01,27.0,Cuyahoga Valley National Park
2018-03-01,36.0,Cuyahoga Valley National Park
2018-04-01,42.0,Cuyahoga Valley National Park
2018-05-01,63.0,Cuyahoga Valley National Park
2018-06-01,66.0,Cuyahoga Valley National Park
2018-07-01,79.0,Cuyahoga Valley National Park
2018-08-01,60.0,Cuyahoga Valley National Park
2018-09-01,47.0,Cuyahoga Valley National Park
2018-10-01,48.0,Cuyahoga Valley National Park
2018-11-01,29.0,Cuyahoga Valley National Park
2018-12-01,27.0,Cuyahoga Valley National Park
2019-01-01,27.0,Cuyahoga Valley National Park
2019-02-01,31.0,Cuyahoga Valley National Park
2019-03-01,42.0,Cuyahoga Valley National Park
2019-04-01,51.0,Cuyahoga Valley National Park
2019-05-01,65.0,Cuyahoga Valley National Park
2019-06-01,80.0,Cuyahoga Valley National Park
2019-07-01,78.0,Cuyahoga Valley National Park
2019-08-01,76.0,Cuyahoga Valley National Park
2019-09-01,60.0,Cuyahoga Valley National Park
2019-10-01,60.0,Cuyahoga Valley National Park
2019-11-01,31.0,Cuyahoga Valley National Park
2019-12-01,30.0,Cuyahoga Valley National Park
2020-01-01,32.0,Cuyahoga Valley National Park
2020-02-01,34.0,Cuyahoga Valley National Park
2020-03-01,38.0,Cuyahoga Valley National Park
2020-04-01,38.0,Cuyahoga Valley National Park
2020-05-01,66.0,Cuyahoga Valley National Park
2020-06-01,86.0,Cuyahoga Valley National Park
2020-07-01,81.0,Cuyahoga Valley National Park
2020-08-01,79.0,Cuyahoga Valley National Park
2020-09-01,68.0,Cuyahoga Valley National Park
2020-10-01,75.0,Cuyahoga Valley National Park
2020-11-01,37.0,Cuyahoga Valley National Park
2020-12-01,27.0,Cuyahoga Valley National Park
2021-01-01,35.0,Cuyahoga Valley National Park
2021-02-01,35.0,Cuyahoga Valley National Park
2021-03-01,53.0,Cuyahoga Valley National Park
2021-04-01,59.0,Cuyahoga Valley National Park
2021-05-01,74.0,Cuyahoga Valley National Park
2021-06-01,90.0,Cuyahoga Valley National Park
2021-07-01,90.0,Cuyahoga Valley National Park
2021-08-01,70.0,Cuyahoga Valley National Park
2021-09-01,67.0,Cuyahoga Valley National Park
2021-10-01,62.0,Cuyahoga Valley National Park
2021-11-01,35.0,Cuyahoga Valley National Park
2021-12-01,28.0,Cuyahoga Valley National Park
2022-01-01,41.0,Cuyahoga Valley National Park
2022-02-01,39.0,Cuyahoga Valley National Park
2022-03-01,55.0,Cuyahoga Valley National Park
2022-04-01,75.0,Cuyahoga Valley National Park
2022-05-01,76.0,Cuyahoga Valley National Park
2022-06-01,81.0,Cuyahoga Valley National Park
2022-07-01,89.0,Cuyahoga Valley National Park
2022-08-01,78.0,Cuyahoga Valley National Park
2022-09-01,55.0,Cuyahoga Valley National Park
2022-10-01,67.0,Cuyahoga Valley National Park
2022-11-01,35.0,Cuyahoga Valley National Park
2022-12-01,30.0,Cuyahoga Valley National Park
2023-01-01,48.0,Cuyahoga Valley National Park
2023-02-01,47.0,Cuyahoga Valley National Park
2023-03-01,60.0,Cuyahoga Valley National Park
2023-04-01,74.0,Cuyahoga Valley National Park
2023-05-01,85.0,Cuyahoga Valley National Park
2023-06-01,85.0,Cuyahoga Valley National Park
2023-07-01,91.0,Cuyahoga Valley National Park
2023-08-01,77.0,Cuyahoga Valley National Park
2023-09-01,79.0,Cuyahoga Valley National Park
2023-10-01,69.0,Cuyahoga Valley National Park
2023-11-01,42.0,Cuyahoga Valley National Park
2023-12-01,39.0,Cuyahoga Valley National Park
2024-01-01,47.0,Cuyahoga Valley National Park
2024-02-01,52.0,Cuyahoga Valley National Park
2024-03-01,69.0,Cuyahoga Valley National Park
2024-04-01,81.0,Cuyahoga Valley National Park
2024-05-01,87.0,Cuyahoga Valley National Park
2024-06-01,96.0,Cuyahoga Valley National Park
2024-07-01,100.0,Cuyahoga Valley National Park
2024-08-01,82.0,Cuyahoga Valley National Park
2024-09-01,82.0,Cuyahoga Valley National Park
2024-10-01,79.0,Cuyahoga Valley National Park
2024-11-01,54.0,Cuyahoga Valley National Park
2024-12-01,41.0,Cuyahoga Valley National Park
2025-01-01,41.0,Cuyahoga Valley National Park
2025-02-01,46.0,Cuyahoga Valley National Park
2025-03-01,60.0,Cuyahoga Valley National Park
2025-04-01,65.0,Cuyahoga Valley National Park
2025-05-01,99.0,Cuyahoga Valley National Park
2025-06-01,93.0,Cuyahoga Valley National Park
2025-07-01,99.0,Cuyahoga Valley National Park
2025-08-01,94.0,Cuyahoga Valley National Park
2025-09-01,84.0,Cuyahoga Valley National Park
2025-10-01,82.0,Cuyahoga Valley National Park
2025-11-01,43.0,Cuyahoga Valley National Park
2025-12-01,43.0,Cuyahoga Valley National Park
2010-01-01,64.0,Death Valley National Park
2010-02-01,64.0,Death Valley National Park
2010-03-01,88.0,Death Valley National Park
2010-04-01,62.0,Death Valley National Park
2010-05-01,55.0,Death Valley National Park
2010-06-01,30.0,Death Valley National Park
2010-07-01,27.0,Death Valley National Park
2010-08-01,25.0,Death Valley National Park
2010-09-01,31.0,Death Valley National Park
2010-10-01,36.0,Death Valley National Park
2010-11-01,40.0,Death Valley National Park
2010-12-01,43.0,Death Valley National Park
2011-01-01,46.0,Death Valley National Park
2011-02-01,48.0,Death Valley National Park
2011-03-01,52.0,Death Valley National Park
2011-04-01,51.0,Death Valley National Park
2011-05-01,39.0,Death Valley National Park
2011-06-01,31.0,Death Valley National Park
2011-07-01,29.0,Death Valley National Park
2011-08-01,34.0,Death Valley National Park
2011-09-01,35.0,Death Valley National Park
2011-10-01,29.0,Death Valley National Park
2011-11-01,33.0,Death Valley National Park
2011-12-01,36.0,Death Valley National Park
2012-01-01,39.0,Death Valley National Park
2012-02-01,46.0,Death Valley National Park
2012-03-01,46.0,Death Valley National Park
2012-04-01,46.0,Death Valley National Park
2012-05-01,41.0,Death Valley National Park
2012-06-01,31.0,Death Valley National Park
2012-07-01,32.0,Death Valley National Park
2012-08-01,33.0,Death Valley National Park
2012-09-01,40.0,Death Valley National Park
2012-10-01,32.0,Death Valley National Park
2012-11-01,39.0,Death Valley National Park
2012-12-01,41.0,Death Valley National Park
2013-01-01,40.0,Death Valley National Park
2013-02-01,44.0,Death Valley National Park
2013-03-01,54.0,Death Valley National Park
2013-04-01,40.0,Death Valley National Park
2013-05-01,36.0,Death Valley National Park
2013-06-01,48.0,Death Valley National Park
2013-07-01,45.0,Death Valley National Park
2013-08-01,30.0,Death Valley National Park
2013-09-01,28.0,Death Valley National Park
2013-10-01,43.0,Death Valley National Park
2013-11-01,46.0,Death Valley National Park
2013-12-01,53.0,Death Valley National Park
2014-01-01,50.0,Death Valley National Park
2014-02-01,50.0,Death Valley National Park
2014-03-01,51.0,Death Valley National Park
2014-04-01,52.0,Death Valley National Park
2014-05-01,46.0,Death Valley National Park
2014-06-01,37.0,Death Valley National Park
2014-07-01,38.0,Death Valley National Park
2014-08-01,38.0,Death Valley National Park
2014-09-01,41.0,Death Valley National Park
2014-10-01,39.0,Death Valley National Park
2014-11-01,50.0,Death Valley National Park
2014-12-01,55.0,Death Valley National Park
2015-01-01,52.0,Death Valley National Park
2015-02-01,55.0,Death Valley National Park
2015-03-01,52.0,Death Valley National Park
2015-04-01,46.0,Death Valley National Park
2015-05-01,49.0,Death Valley National Park
2015-06-01,37.0,Death Valley National Park
2015-07-01,38.0,Death Valley National Park
2015-08-01,35.0,Death Valley National Park
2015-09-01,36.0,Death Valley National Park
2015-10-01,50.0,Death Valley National Park
2015-11-01,51.0,Death Valley National Park
2015-12-01,56.0,Death Valley National Park
2016-01-01,50.0,Death Valley National Park
2016-02-01,88.0,Death Valley National Park
2016-03-01,100.0,Death Valley National Park
2016-04-01,41.0,Death Valley National Park
2016-05-01,43.0,Death Valley National Park
2016-06-01,35.0,Death Valley National Park
2016-07-01,39.0,Death Valley National Park
2016-08-01,39.0,Death Valley National Park
2016-09-01,43.0,Death Valley National Park
2016-10-01,44.0,Death Valley National Park
2016-11-01,53.0,Death Valley National Park
2016-12-01,58.0,Death Valley National Park
2017-01-01,58.0,Death Valley National Park
2017-02-01,56.0,Death Valley National Park
2017-03-01,65.0,Death Valley National Park
2017-04-01,50.0,Death Valley National Park
2017-05-01,46.0,Death Valley National Park
2017-06-01,41.0,Death Valley National Park
2017-07-01,35.0,Death Valley National Park
2017-08-01,37.0,Death Valley National Park
2017-09-01,37.0,Death Valley National Park
2017-10-01,41.0,Death Valley National Park
2017-11-01,54.0,Death Valley National Park
2017-12-01,57.0,Death Valley National Park
2018-01-01,60.0,Death Valley National Park
2018-02-01,58.0,Death Valley National Park
2018-03-01,60.0,Death Valley National Park
2018-04-01,49.0,Death Valley National Park
2018-05-01,48.0,Death Valley National Park
2018-06-01,40.0,Death Valley National Park
2018-07-01,41.0,Death Valley National Park
2018-08-01,38.0,Death Valley National Park
2018-09-01,36.0,Death Valley National Park
2018-10-01,35.0,Death Valley National Park
2018-11-01,40.0,Death Valley National Park
2018-12-01,45.0,Death Valley National Park
2019-01-01,40.0,Death Valley National Park
2019-02-01,44.0,Death Valley National Park
2019-03-01,47.0,Death Valley National Park
2019-04-01,37.0,Death Valley National Park
2019-05-01,45.0,Death Valley National Park
2019-06-01,36.0,Death Valley National Park
2019-07-01,40.0,Death Valley National Park
2019-08-01,35.0,Death Valley National Park
2019-09-01,38.0,Death Valley National Park
2019-10-01,40.0,Death Valley National Park
2019-11-01,45.0,Death Valley National Park
2019-12-01,49.0,Death Valley National Park
2020-01-01,46.0,Death Valley National Park
2020-02-01,45.0,Death Valley National Park
2020-03-01,40.0,Death Valley National Park
2020-04-01,21.0,Death Valley National Park
2020-05-01,30.0,Death Valley National Park
2020-06-01,29.0,Death Valley National Park
2020-07-01,30.0,Death Valley National Park
2020-08-01,37.0,Death Valley National Park
2020-09-01,32.0,Death Valley National Park
2020-10-01,35.0,Death Valley National Park
2020-11-01,41.0,Death Valley National Park
2020-12-01,37.0,Death Valley National Park
2021-01-01,37.0,Death Valley National Park
2021-02-01,42.0,Death Valley National Park
2021-03-01,52.0,Death Valley National Park
2021-04-01,49.0,Death Valley National Park
2021-05-01,38.0,Death Valley National Park
2021-06-01,36.0,Death Valley National Park
2021-07-01,35.0,Death Valley National Park
2021-08-01,24.0,Death Valley National Park
2021-09-01,31.0,Death Valley National Park
2021-10-01,36.0,Death Valley National Park
2021-11-01,39.0,Death Valley National Park
2021-12-01,47.0,Death Valley National Park
2022-01-01,60.0,Death Valley National Park
2022-02-01,66.0,Death Valley National Park
2022-03-01,57.0,Death Valley National Park
2022-04-01,50.0,Death Valley National Park
2022-05-01,43.0,Death Valley National Park
2022-06-01,40.0,Death Valley National Park
2022-07-01,34.0,Death Valley National Park
2022-08-01,82.0,Death Valley National Park
2022-09-01,41.0,Death Valley National Park
2022-10-01,43.0,Death Valley National Park
2022-11-01,47.0,Death Valley National Park
2022-12-01,54.0,Death Valley National Park
2023-01-01,59.0,Death Valley National Park
2023-02-01,58.0,Death Valley National Park
2023-03-01,58.0,Death Valley National Park
2023-04-01,46.0,Death Valley National Park
2023-05-01,45.0,Death Valley National Park
2023-06-01,34.0,Death Valley National Park
2023-07-01,38.0,Death Valley National Park
2023-08-01,41.0,Death Valley National Park
2023-09-01,40.0,Death Valley National Park
2023-10-01,50.0,Death Valley National Park
2023-11-01,49.0,Death Valley National Park
2023-12-01,51.0,Death Valley National Park
2024-01-01,59.0,Death Valley National Park
2024-02-01,65.0,Death Valley National Park
2024-03-01,63.0,Death Valley National Park
2024-04-01,53.0,Death Valley National Park
2024-05-01,49.0,Death Valley National Park
2024-06-01,34.0,Death Valley National Park
2024-07-01,37.0,Death Valley National Park
2024-08-01,32.0,Death Valley National Park
2024-09-01,38.0,Death Valley National Park
2024-10-01,39.0,Death Valley National Park
2024-11-01,47.0,Death Valley National Park
2024-12-01,56.0,Death Valley National Park
2025-01-01,55.0,Death Valley National Park
2025-02-01,50.0,Death Valley National Park
2025-03-01,52.0,Death Valley National Park
2025-04-01,42.0,Death Valley National Park
2025-05-01,40.0,Death Valley National Park
2025-06-01,32.0,Death Valley National Park
2025-07-01,33.0,Death Valley National Park
2025-08-01,34.0,Death Valley National Park
2025-09-01,39.0,Death Valley National Park
2025-10-01,48.0,Death Valley National Park
2025-11-01,54.0,Death Valley National Park
2025-12-01,66.0,Death Valley National Park
2010-01-01,45.0,Denali National Park
2010-02-01,44.0,Denali National Park
2010-03-01,44.0,Denali National Park
2010-04-01,52.0,Denali National Park
2010-05-01,75.0,Denali National Park
2010-06-01,87.0,Denali National Park
2010-07-01,63.0,Denali National Park
2010-08-01,65.0,Denali National Park
2010-09-01,44.0,Denali National Park
2010-10-01,31.0,Denali National Park
2010-11-01,32.0,Denali National Park
2010-12-01,30.0,Denali National Park
2011-01-01,45.0,Denali National Park
2011-02-01,40.0,Denali National Park
2011-03-01,43.0,Denali National Park
2011-04-01,45.0,Denali National Park
2011-05-01,63.0,Denali National Park
2011-06-01,79.0,Denali National Park
2011-07-01,71.0,Denali National Park
2011-08-01,57.0,Denali National Park
2011-09-01,43.0,Denali National Park
2011-10-01,29.0,Denali National Park
2011-11-01,29.0,Denali National Park
2011-12-01,27.0,Denali National Park
2012-01-01,38.0,Denali National Park
2012-02-01,36.0,Denali National Park
2012-03-01,39.0,Denali National Park
2012-04-01,43.0,Denali National Park
2012-05-01,64.0,Denali National Park
2012-06-01,73.0,Denali National Park
2012-07-01,72.0,Denali National Park
2012-08-01,87.0,Denali National Park
2012-09-01,49.0,Denali National Park
2012-10-01,27.0,Denali National Park
2012-11-01,28.0,Denali National Park
2012-12-01,29.0,Denali National Park
2013-01-01,36.0,Denali National Park
2013-02-01,38.0,Denali National Park
2013-03-01,37.0,Denali National Park
2013-04-01,44.0,Denali National Park
2013-05-01,62.0,Denali National Park
2013-06-01,76.0,Denali National Park
2013-07-01,75.0,Denali National Park
2013-08-01,64.0,Denali National Park
2013-09-01,40.0,Denali National Park
2013-10-01,26.0,Denali National Park
2013-11-01,27.0,Denali National Park
2013-12-01,26.0,Denali National Park
2014-01-01,40.0,Denali National Park
2014-02-01,35.0,Denali National Park
2014-03-01,38.0,Denali National Park
2014-04-01,42.0,Denali National Park
2014-05-01,64.0,Denali National Park
2014-06-01,77.0,Denali National Park
2014-07-01,69.0,Denali National Park
2014-08-01,54.0,Denali National Park
2014-09-01,38.0,Denali National Park
2014-10-01,26.0,Denali National Park
2014-11-01,26.0,Denali National Park
2014-12-01,25.0,Denali National Park
2015-01-01,36.0,Denali National Park
2015-02-01,33.0,Denali National Park
2015-03-01,36.0,Denali National Park
2015-04-01,44.0,Denali National Park
2015-05-01,58.0,Denali National Park
2015-06-01,69.0,Denali National Park
2015-07-01,69.0,Denali National Park
2015-08-01,69.0,Denali National Park
2015-09-01,52.0,Denali National Park
2015-10-01,27.0,Denali National Park
2015-11-01,26.0,Denali National Park
2015-12-01,30.0,Denali National Park
2016-01-01,35.0,Denali National Park
2016-02-01,29.0,Denali National Park
2016-03-01,36.0,Denali National Park
2016-04-01,45.0,Denali National Park
2016-05-01,63.0,Denali National Park
2016-06-01,72.0,Denali National Park
2016-07-01,69.0,Denali National Park
2016-08-01,56.0,Denali National Park
2016-09-01,46.0,Denali National Park
2016-10-01,34.0,Denali National Park
2016-11-01,26.0,Denali National Park
2016-12-01,27.0,Denali National Park
2017-01-01,34.0,Denali National Park
2017-02-01,34.0,Denali National Park
2017-03-01,37.0,Denali National Park
2017-04-01,43.0,Denali National Park
2017-05-01,58.0,Denali National Park
2017-06-01,68.0,Denali National Park
2017-07-01,69.0,Denali National Park
2017-08-01,55.0,Denali National Park
2017-09-01,38.0,Denali National Park
2017-10-01,27.0,Denali National Park
2017-11-01,32.0,Denali National Park
2017-12-01,31.0,Denali National Park
2018-01-01,36.0,Denali National Park
2018-02-01,36.0,Denali National Park
2018-03-01,38.0,Denali National Park
2018-04-01,44.0,Denali National Park
2018-05-01,61.0,Denali National Park
2018-06-01,72.0,Denali National Park
2018-07-01,81.0,Denali National Park
2018-08-01,72.0,Denali National Park
2018-09-01,46.0,Denali National Park
2018-10-01,32.0,Denali National Park
2018-11-01,27.0,Denali National Park
2018-12-01,27.0,Denali National Park
2019-01-01,41.0,Denali National Park
2019-02-01,39.0,Denali National Park
2019-03-01,40.0,Denali National Park
2019-04-01,38.0,Denali National Park
2019-05-01,61.0,Denali National Park
2019-06-01,79.0,Denali National Park
2019-07-01,80.0,Denali National Park
2019-08-01,78.0,Denali National Park
2019-09-01,45.0,Denali National Park
2019-10-01,31.0,Denali National Park
2019-11-01,24.0,Denali National Park
2019-12-01,29.0,Denali National Park
2020-01-01,39.0,Denali National Park
2020-02-01,36.0,Denali National Park
2020-03-01,23.0,Denali National Park
2020-04-01,24.0,Denali National Park
2020-05-01,37.0,Denali National Park
2020-06-01,44.0,Denali National Park
2020-07-01,41.0,Denali National Park
2020-08-01,38.0,Denali National Park
2020-09-01,31.0,Denali National Park
2020-10-01,21.0,Denali National Park
2020-11-01,16.0,Denali National Park
2020-12-01,20.0,Denali National Park
2021-01-01,24.0,Denali National Park
2021-02-01,26.0,Denali National Park
2021-03-01,32.0,Denali National Park
2021-04-01,43.0,Denali National Park
2021-05-01,64.0,Denali National Park
2021-06-01,71.0,Denali National Park
2021-07-01,69.0,Denali National Park
2021-08-01,60.0,Denali National Park
2021-09-01,39.0,Denali National Park
2021-10-01,26.0,Denali National Park
2021-11-01,24.0,Denali National Park
2021-12-01,25.0,Denali National Park
2022-01-01,42.0,Denali National Park
2022-02-01,39.0,Denali National Park
2022-03-01,42.0,Denali National Park
2022-04-01,47.0,Denali National Park
2022-05-01,71.0,Denali National Park
2022-06-01,63.0,Denali National Park
2022-07-01,67.0,Denali National Park
2022-08-01,68.0,Denali National Park
2022-09-01,42.0,Denali National Park
2022-10-01,36.0,Denali National Park
2022-11-01,31.0,Denali National Park
2022-12-01,29.0,Denali National Park
2023-01-01,43.0,Denali National Park
2023-02-01,41.0,Denali National Park
2023-03-01,40.0,Denali National Park
2023-04-01,43.0,Denali National Park
2023-05-01,68.0,Denali National Park
2023-06-01,71.0,Denali National Park
2023-07-01,74.0,Denali National Park
2023-08-01,59.0,Denali National Park
2023-09-01,43.0,Denali National Park
2023-10-01,31.0,Denali National Park
2023-11-01,29.0,Denali National Park
2023-12-01,31.0,Denali National Park
2024-01-01,44.0,Denali National Park
2024-02-01,39.0,Denali National Park
2024-03-01,38.0,Denali National Park
2024-04-01,52.0,Denali National Park
2024-05-01,79.0,Denali National Park
2024-06-01,74.0,Denali National Park
2024-07-01,100.0,Denali National Park
2024-08-01,62.0,Denali National Park
2024-09-01,47.0,Denali National Park
2024-10-01,32.0,Denali National Park
2024-11-01,26.0,Denali National Park
2024-12-01,31.0,Denali National Park
2025-01-01,51.0,Denali National Park
2025-02-01,45.0,Denali National Park
2025-03-01,43.0,Denali National Park
2025-04-01,42.0,Denali National Park
2025-05-01,60.0,Denali National Park
2025-06-01,74.0,Denali National Park
2025-07-01,73.0,Denali National Park
2025-08-01,67.0,Denali National Park
2025-09-01,44.0,Denali National Park
2025-10-01,30.0,Denali National Park
2025-11-01,30.0,Denali National Park
2025-12-01,31.0,Denali National Park
2010-01-01,11.0,Dry Tortugas National Park
2010-02-01,11.0,Dry Tortugas National Park
2010-03-01,15.0,Dry Tortugas National Park
2010-04-01,10.0,Dry Tortugas National Park
2010-05-01,16.0,Dry Tortugas National Park
2010-06-01,7.0,Dry Tortugas National Park
2010-07-01,16.0,Dry Tortugas National Park
2010-08-01,13.0,Dry Tortugas National Park
2010-09-01,10.0,Dry Tortugas National Park
2010-10-01,11.0,Dry Tortugas National Park
2010-11-01,14.0,Dry Tortugas National Park
2010-12-01,14.0,Dry Tortugas National Park
2011-01-01,16.0,Dry Tortugas National Park
2011-02-01,18.0,Dry Tortugas National Park
2011-03-01,21.0,Dry Tortugas National Park
2011-04-01,18.0,Dry Tortugas National Park
2011-05-01,17.0,Dry Tortugas National Park
2011-06-01,16.0,Dry Tortugas National Park
2011-07-01,22.0,Dry Tortugas National Park
2011-08-01,14.0,Dry Tortugas National Park
2011-09-01,10.0,Dry Tortugas National Park
2011-10-01,10.0,Dry Tortugas National Park
2011-11-01,17.0,Dry Tortugas National Park
2011-12-01,12.0,Dry Tortugas National Park
2012-01-01,16.0,Dry Tortugas National Park
2012-02-01,18.0,Dry Tortugas National Park
2012-03-01,8.0,Dry Tortugas National Park
2012-04-01,7.0,Dry Tortugas National Park
2012-05-01,11.0,Dry Tortugas National Park
2012-06-01,5.0,Dry Tortugas National Park
2012-07-01,7.0,Dry Tortugas National Park
2012-08-01,7.0,Dry Tortugas National Park
2012-09-01,10.0,Dry Tortugas National Park
2012-10-01,10.0,Dry Tortugas National Park
2012-11-01,12.0,Dry Tortugas National Park
2012-12-01,16.0,Dry Tortugas National Park
2013-01-01,20.0,Dry Tortugas National Park
2013-02-01,20.0,Dry Tortugas National Park
2013-03-01,14.0,Dry Tortugas National Park
2013-04-01,16.0,Dry Tortugas National Park
2013-05-01,20.0,Dry Tortugas National Park
2013-06-01,21.0,Dry Tortugas National Park
2013-07-01,20.0,Dry Tortugas National Park
2013-08-01,17.0,Dry Tortugas National Park
2013-09-01,14.0,Dry Tortugas National Park
2013-10-01,17.0,Dry Tortugas National Park
2013-11-01,16.0,Dry Tortugas National Park
2013-12-01,22.0,Dry Tortugas National Park
2014-01-01,24.0,Dry Tortugas National Park
2014-02-01,22.0,Dry Tortugas National Park
2014-03-01,17.0,Dry Tortugas National Park
2014-04-01,19.0,Dry Tortugas National Park
2014-05-01,21.0,Dry Tortugas National Park
2014-06-01,14.0,Dry Tortugas National Park
2014-07-01,14.0,Dry Tortugas National Park
2014-08-01,14.0,Dry Tortugas National Park
2014-09-01,11.0,Dry Tortugas National Park
2014-10-01,9.0,Dry Tortugas National Park
2014-11-01,14.0,Dry Tortugas National Park
2014-12-01,25.0,Dry Tortugas National Park
2015-01-01,34.0,Dry Tortugas National Park
2015-02-01,30.0,Dry Tortugas National Park
2015-03-01,24.0,Dry Tortugas National Park
2015-04-01,18.0,Dry Tortugas National Park
2015-05-01,19.0,Dry Tortugas National Park
2015-06-01,16.0,Dry Tortugas National Park
2015-07-01,21.0,Dry Tortugas National Park
2015-08-01,17.0,Dry Tortugas National Park
2015-09-01,15.0,Dry Tortugas National Park
2015-10-01,14.0,Dry Tortugas National Park
2015-11-01,12.0,Dry Tortugas National Park
2015-12-01,16.0,Dry Tortugas National Park
2016-01-01,22.0,Dry Tortugas National Park
2016-02-01,19.0,Dry Tortugas National Park
2016-03-01,17.0,Dry Tortugas National Park
2016-04-01,15.0,Dry Tortugas National Park
2016-05-01,20.0,Dry Tortugas National Park
2016-06-01,35.0,Dry Tortugas National Park
2016-07-01,26.0,Dry Tortugas National Park
2016-08-01,31.0,Dry Tortugas National Park
2016-09-01,20.0,Dry Tortugas National Park
2016-10-01,22.0,Dry Tortugas National Park
2016-11-01,24.0,Dry Tortugas National Park
2016-12-01,22.0,Dry Tortugas National Park
2017-01-01,26.0,Dry Tortugas National Park
2017-02-01,27.0,Dry Tortugas National Park
2017-03-01,26.0,Dry Tortugas National Park
2017-04-01,17.0,Dry Tortugas National Park
2017-05-01,24.0,Dry Tortugas National Park
2017-06-01,31.0,Dry Tortugas National Park
2017-07-01,36.0,Dry Tortugas National Park
2017-08-01,22.0,Dry Tortugas National Park
2017-09-01,16.0,Dry Tortugas National Park
2017-10-01,16.0,Dry Tortugas National Park
2017-11-01,29.0,Dry Tortugas National Park
2017-12-01,22.0,Dry Tortugas National Park
2018-01-01,26.0,Dry Tortugas National Park
2018-02-01,21.0,Dry Tortugas National Park
2018-03-01,21.0,Dry Tortugas National Park
2018-04-01,22.0,Dry Tortugas National Park
2018-05-01,17.0,Dry Tortugas National Park
2018-06-01,17.0,Dry Tortugas National Park
2018-07-01,16.0,Dry Tortugas National Park
2018-08-01,16.0,Dry Tortugas National Park
2018-09-01,12.0,Dry Tortugas National Park
2018-10-01,12.0,Dry Tortugas National Park
2018-11-01,13.0,Dry Tortugas National Park
2018-12-01,14.0,Dry Tortugas National Park
2019-01-01,17.0,Dry Tortugas National Park
2019-02-01,16.0,Dry Tortugas National Park
2019-03-01,15.0,Dry Tortugas National Park
2019-04-01,18.0,Dry Tortugas National Park
2019-05-01,24.0,Dry Tortugas National Park
2019-06-01,27.0,Dry Tortugas National Park
2019-07-01,26.0,Dry Tortugas National Park
2019-08-01,24.0,Dry Tortugas National Park
2019-09-01,19.0,Dry Tortugas National Park
2019-10-01,20.0,Dry Tortugas National Park
2019-11-01,20.0,Dry Tortugas National Park
2019-12-01,23.0,Dry Tortugas National Park
2020-01-01,28.0,Dry Tortugas National Park
2020-02-01,27.0,Dry Tortugas National Park
2020-03-01,19.0,Dry Tortugas National Park
2020-04-01,15.0,Dry Tortugas National Park
2020-05-01,20.0,Dry Tortugas National Park
2020-06-01,27.0,Dry Tortugas National Park
2020-07-01,20.0,Dry Tortugas National Park
2020-08-01,18.0,Dry Tortugas National Park
2020-09-01,20.0,Dry Tortugas National Park
2020-10-01,24.0,Dry Tortugas National Park
2020-11-01,22.0,Dry Tortugas National Park
2020-12-01,21.0,Dry Tortugas National Park
2021-01-01,27.0,Dry Tortugas National Park
2021-02-01,24.0,Dry Tortugas National Park
2021-03-01,31.0,Dry Tortugas National Park
2021-04-01,36.0,Dry Tortugas National Park
2021-05-01,35.0,Dry Tortugas National Park
2021-06-01,36.0,Dry Tortugas National Park
2021-07-01,30.0,Dry Tortugas National Park
2021-08-01,26.0,Dry Tortugas National Park
2021-09-01,26.0,Dry Tortugas National Park
2021-10-01,29.0,Dry Tortugas National Park
2021-11-01,27.0,Dry Tortugas National Park
2021-12-01,30.0,Dry Tortugas National Park
2022-01-01,44.0,Dry Tortugas National Park
2022-02-01,50.0,Dry Tortugas National Park
2022-03-01,44.0,Dry Tortugas National Park
2022-04-01,45.0,Dry Tortugas National Park
2022-05-01,64.0,Dry Tortugas National Park
2022-06-01,42.0,Dry Tortugas National Park
2022-07-01,41.0,Dry Tortugas National Park
2022-08-01,36.0,Dry Tortugas National Park
2022-09-01,39.0,Dry Tortugas National Park
2022-10-01,39.0,Dry Tortugas National Park
2022-11-01,30.0,Dry Tortugas National Park
2022-12-01,37.0,Dry Tortugas National Park
2023-01-01,100.0,Dry Tortugas National Park
2023-02-01,51.0,Dry Tortugas National Park
2023-03-01,50.0,Dry Tortugas National Park
2023-04-01,45.0,Dry Tortugas National Park
2023-05-01,51.0,Dry Tortugas National Park
2023-06-01,45.0,Dry Tortugas National Park
2023-07-01,51.0,Dry Tortugas National Park
2023-08-01,35.0,Dry Tortugas National Park
2023-09-01,33.0,Dry Tortugas National Park
2023-10-01,30.0,Dry Tortugas National Park
2023-11-01,32.0,Dry Tortugas National Park
2023-12-01,40.0,Dry Tortugas National Park
2024-01-01,50.0,Dry Tortugas National Park
2024-02-01,41.0,Dry Tortugas National Park
2024-03-01,42.0,Dry Tortugas National Park
2024-04-01,44.0,Dry Tortugas National Park
2024-05-01,52.0,Dry Tortugas National Park
2024-06-01,43.0,Dry Tortugas National Park
2024-07-01,42.0,Dry Tortugas National Park
2024-08-01,40.0,Dry Tortugas National Park
2024-09-01,38.0,Dry Tortugas National Park
2024-10-01,35.0,Dry Tortugas National Park
2024-11-01,35.0,Dry Tortugas National Park
2024-12-01,48.0,Dry Tortugas National Park
2025-01-01,44.0,Dry Tortugas National Park
2025-02-01,39.0,Dry Tortugas National Park
2025-03-01,43.0,Dry Tortugas National Park
2025-04-01,40.0,Dry Tortugas National Park
2025-05-01,40.0,Dry Tortugas National Park
2025-06-01,39.0,Dry Tortugas National Park
2025-07-01,35.0,Dry Tortugas National Park
2025-08-01,31.0,Dry Tortugas National Park
2025-09-01,29.0,Dry Tortugas National Park
2025-10-01,33.0,Dry Tortugas National Park
2025-11-01,38.0,Dry Tortugas National Park
2025-12-01,45.0,Dry Tortugas National Park
2010-01-01,100.0,Everglades National Park
2010-02-01,92.0,Everglades National Park
2010-03-01,94.0,Everglades National Park
2010-04-01,78.0,Everglades National Park
2010-05-01,65.0,Everglades National Park
2010-06-01,45.0,Everglades National Park
2010-07-01,34.0,Everglades National Park
2010-08-01,33.0,Everglades National Park
2010-09-01,40.0,Everglades National Park
2010-10-01,48.0,Everglades National Park
2010-11-01,57.0,Everglades National Park
2010-12-01,62.0,Everglades National Park
2011-01-01,80.0,Everglades National Park
2011-02-01,80.0,Everglades National Park
2011-03-01,74.0,Everglades National Park
2011-04-01,62.0,Everglades National Park
2011-05-01,56.0,Everglades National Park
2011-06-01,48.0,Everglades National Park
2011-07-01,43.0,Everglades National Park
2011-08-01,37.0,Everglades National Park
2011-09-01,38.0,Everglades National Park
2011-10-01,46.0,Everglades National Park
2011-11-01,59.0,Everglades National Park
2011-12-01,74.0,Everglades National Park
2012-01-01,89.0,Everglades National Park
2012-02-01,85.0,Everglades National Park
2012-03-01,72.0,Everglades National Park
2012-04-01,64.0,Everglades National Park
2012-05-01,59.0,Everglades National Park
2012-06-01,45.0,Everglades National Park
2012-07-01,51.0,Everglades National Park
2012-08-01,39.0,Everglades National Park
2012-09-01,33.0,Everglades National Park
2012-10-01,36.0,Everglades National Park
2012-11-01,46.0,Everglades National Park
2012-12-01,66.0,Everglades National Park
2013-01-01,78.0,Everglades National Park
2013-02-01,64.0,Everglades National Park
2013-03-01,58.0,Everglades National Park
2013-04-01,42.0,Everglades National Park
2013-05-01,50.0,Everglades National Park
2013-06-01,42.0,Everglades National Park
2013-07-01,34.0,Everglades National Park
2013-08-01,28.0,Everglades National Park
2013-09-01,31.0,Everglades National Park
2013-10-01,51.0,Everglades National Park
2013-11-01,55.0,Everglades National Park
2013-12-01,79.0,Everglades National Park
2014-01-01,72.0,Everglades National Park
2014-02-01,59.0,Everglades National Park
2014-03-01,60.0,Everglades National Park
2014-04-01,52.0,Everglades National Park
2014-05-01,49.0,Everglades National Park
2014-06-01,38.0,Everglades National Park
2014-07-01,38.0,Everglades National Park
2014-08-01,36.0,Everglades National Park
2014-09-01,39.0,Everglades National Park
2014-10-01,47.0,Everglades National Park
2014-11-01,55.0,Everglades National Park
2014-12-01,81.0,Everglades National Park
2015-01-01,76.0,Everglades National Park
2015-02-01,73.0,Everglades National Park
2015-03-01,61.0,Everglades National Park
2015-04-01,52.0,Everglades National Park
2015-05-01,43.0,Everglades National Park
2015-06-01,34.0,Everglades National Park
2015-07-01,33.0,Everglades National Park
2015-08-01,31.0,Everglades National Park
2015-09-01,35.0,Everglades National Park
2015-10-01,38.0,Everglades National Park
2015-11-01,45.0,Everglades National Park
2015-12-01,54.0,Everglades National Park
2016-01-01,57.0,Everglades National Park
2016-02-01,51.0,Everglades National Park
2016-03-01,58.0,Everglades National Park
2016-04-01,45.0,Everglades National Park
2016-05-01,50.0,Everglades National Park
2016-06-01,36.0,Everglades National Park
2016-07-01,39.0,Everglades National Park
2016-08-01,30.0,Everglades National Park
2016-09-01,30.0,Everglades National Park
2016-10-01,39.0,Everglades National Park
2016-11-01,46.0,Everglades National Park
2016-12-01,58.0,Everglades National Park
2017-01-01,58.0,Everglades National Park
2017-02-01,54.0,Everglades National Park
2017-03-01,50.0,Everglades National Park
2017-04-01,45.0,Everglades National Park
2017-05-01,47.0,Everglades National Park
2017-06-01,38.0,Everglades National Park
2017-07-01,40.0,Everglades National Park
2017-08-01,31.0,Everglades National Park
2017-09-01,28.0,Everglades National Park
2017-10-01,37.0,Everglades National Park
2017-11-01,46.0,Everglades National Park
2017-12-01,59.0,Everglades National Park
2018-01-01,61.0,Everglades National Park
2018-02-01,55.0,Everglades National Park
2018-03-01,55.0,Everglades National Park
2018-04-01,47.0,Everglades National Park
2018-05-01,45.0,Everglades National Park
2018-06-01,41.0,Everglades National Park
2018-07-01,38.0,Everglades National Park
2018-08-01,33.0,Everglades National Park
2018-09-01,29.0,Everglades National Park
2018-10-01,37.0,Everglades National Park
2018-11-01,44.0,Everglades National Park
2018-12-01,60.0,Everglades National Park
2019-01-01,61.0,Everglades National Park
2019-02-01,67.0,Everglades National Park
2019-03-01,63.0,Everglades National Park
2019-04-01,56.0,Everglades National Park
2019-05-01,50.0,Everglades National Park
2019-06-01,43.0,Everglades National Park
2019-07-01,43.0,Everglades National Park
2019-08-01,37.0,Everglades National Park
2019-09-01,34.0,Everglades National Park
2019-10-01,39.0,Everglades National Park
2019-11-01,47.0,Everglades National Park
2019-12-01,64.0,Everglades National Park
2020-01-01,63.0,Everglades National Park
2020-02-01,61.0,Everglades National Park
2020-03-01,43.0,Everglades National Park
2020-04-01,27.0,Everglades National Park
2020-05-01,35.0,Everglades National Park
2020-06-01,30.0,Everglades National Park
2020-07-01,24.0,Everglades National Park
2020-08-01,22.0,Everglades National Park
2020-09-01,31.0,Everglades National Park
2020-10-01,33.0,Everglades National Park
2020-11-01,33.0,Everglades National Park
2020-12-01,52.0,Everglades National Park
2021-01-01,55.0,Everglades National Park
2021-02-01,55.0,Everglades National Park
2021-03-01,75.0,Everglades National Park
2021-04-01,53.0,Everglades National Park
2021-05-01,53.0,Everglades National Park
2021-06-01,50.0,Everglades National Park
2021-07-01,48.0,Everglades National Park
2021-08-01,34.0,Everglades National Park
2021-09-01,31.0,Everglades National Park
2021-10-01,38.0,Everglades National Park
2021-11-01,46.0,Everglades National Park
2021-12-01,59.0,Everglades National Park
2022-01-01,78.0,Everglades National Park
2022-02-01,77.0,Everglades National Park
2022-03-01,72.0,Everglades National Park
2022-04-01,69.0,Everglades National Park
2022-05-01,66.0,Everglades National Park
2022-06-01,47.0,Everglades National Park
2022-07-01,46.0,Everglades National Park
2022-08-01,42.0,Everglades National Park
2022-09-01,38.0,Everglades National Park
2022-10-01,44.0,Everglades National Park
2022-11-01,47.0,Everglades National Park
2022-12-01,64.0,Everglades National Park
2023-01-01,77.0,Everglades National Park
2023-02-01,72.0,Everglades National Park
2023-03-01,67.0,Everglades National Park
2023-04-01,56.0,Everglades National Park
2023-05-01,58.0,Everglades National Park
2023-06-01,49.0,Everglades National Park
2023-07-01,42.0,Everglades National Park
2023-08-01,37.0,Everglades National Park
2023-09-01,40.0,Everglades National Park
2023-10-01,43.0,Everglades National Park
2023-11-01,55.0,Everglades National Park
2023-12-01,74.0,Everglades National Park
2024-01-01,81.0,Everglades National Park
2024-02-01,78.0,Everglades National Park
2024-03-01,78.0,Everglades National Park
2024-04-01,72.0,Everglades National Park
2024-05-01,71.0,Everglades National Park
2024-06-01,47.0,Everglades National Park
2024-07-01,42.0,Everglades National Park
2024-08-01,38.0,Everglades National Park
2024-09-01,41.0,Everglades National Park
2024-10-01,47.0,Everglades National Park
2024-11-01,52.0,Everglades National Park
2024-12-01,72.0,Everglades National Park
2025-01-01,74.0,Everglades National Park
2025-02-01,73.0,Everglades National Park
2025-03-01,73.0,Everglades National Park
2025-04-01,62.0,Everglades National Park
2025-05-01,65.0,Everglades National Park
2025-06-01,43.0,Everglades National Park
2025-07-01,49.0,Everglades National Park
2025-08-01,40.0,Everglades National Park
2025-09-01,39.0,Everglades National Park
2025-10-01,48.0,Everglades National Park
2025-11-01,58.0,Everglades National Park
2025-12-01,75.0,Everglades National Park
2010-01-01,44.0,Gates Of The Arctic National Park
2010-02-01,46.0,Gates Of The Arctic National Park
2010-03-01,0.0,Gates Of The Arctic National Park
2010-04-01,43.0,Gates Of The Arctic National Park
2010-05-01,46.0,Gates Of The Arctic National Park
2010-06-01,0.0,Gates Of The Arctic National Park
2010-07-01,44.0,Gates Of The Arctic National Park
2010-08-01,32.0,Gates Of The Arctic National Park
2010-09-01,28.0,Gates Of The Arctic National Park
2010-10-01,34.0,Gates Of The Arctic National Park
2010-11-01,32.0,Gates Of The Arctic National Park
2010-12-01,0.0,Gates Of The Arctic National Park
2011-01-01,32.0,Gates Of The Arctic National Park
2011-02-01,46.0,Gates Of The Arctic National Park
2011-03-01,21.0,Gates Of The Arctic National Park
2011-04-01,0.0,Gates Of The Arctic National Park
2011-05-01,29.0,Gates Of The Arctic National Park
2011-06-01,0.0,Gates Of The Arctic National Park
2011-07-01,0.0,Gates Of The Arctic National Park
2011-08-01,23.0,Gates Of The Arctic National Park
2011-09-01,0.0,Gates Of The Arctic National Park
2011-10-01,24.0,Gates Of The Arctic National Park
2011-11-01,30.0,Gates Of The Arctic National Park
2011-12-01,20.0,Gates Of The Arctic National Park
2012-01-01,35.0,Gates Of The Arctic National Park
2012-02-01,29.0,Gates Of The Arctic National Park
2012-03-01,21.0,Gates Of The Arctic National Park
2012-04-01,23.0,Gates Of The Arctic National Park
2012-05-01,18.0,Gates Of The Arctic National Park
2012-06-01,0.0,Gates Of The Arctic National Park
2012-07-01,21.0,Gates Of The Arctic National Park
2012-08-01,0.0,Gates Of The Arctic National Park
2012-09-01,22.0,Gates Of The Arctic National Park
2012-10-01,15.0,Gates Of The Arctic National Park
2012-11-01,17.0,Gates Of The Arctic National Park
2012-12-01,32.0,Gates Of The Arctic National Park
2013-01-01,16.0,Gates Of The Arctic National Park
2013-02-01,18.0,Gates Of The Arctic National Park
2013-03-01,16.0,Gates Of The Arctic National Park
2013-04-01,19.0,Gates Of The Arctic National Park
2013-05-01,29.0,Gates Of The Arctic National Park
2013-06-01,41.0,Gates Of The Arctic National Park
2013-07-01,0.0,Gates Of The Arctic National Park
2013-08-01,18.0,Gates Of The Arctic National Park
2013-09-01,20.0,Gates Of The Arctic National Park
2013-10-01,30.0,Gates Of The Arctic National Park
2013-11-01,22.0,Gates Of The Arctic National Park
2013-12-01,19.0,Gates Of The Arctic National Park
2014-01-01,25.0,Gates Of The Arctic National Park
2014-02-01,31.0,Gates Of The Arctic National Park
2014-03-01,23.0,Gates Of The Arctic National Park
2014-04-01,34.0,Gates Of The Arctic National Park
2014-05-01,29.0,Gates Of The Arctic National Park
2014-06-01,34.0,Gates Of The Arctic National Park
2014-07-01,25.0,Gates Of The Arctic National Park
2014-08-01,29.0,Gates Of The Arctic National Park
2014-09-01,20.0,Gates Of The Arctic National Park
2014-10-01,33.0,Gates Of The Arctic National Park
2014-11-01,23.0,Gates Of The Arctic National Park
2014-12-01,28.0,Gates Of The Arctic National Park
2015-01-01,39.0,Gates Of The Arctic National Park
2015-02-01,25.0,Gates Of The Arctic National Park
2015-03-01,29.0,Gates Of The Arctic National Park
2015-04-01,25.0,Gates Of The Arctic National Park
2015-05-01,20.0,Gates Of The Arctic National Park
2015-06-01,23.0,Gates Of The Arctic National Park
2015-07-01,31.0,Gates Of The Arctic National Park
2015-08-01,22.0,Gates Of The Arctic National Park
2015-09-01,24.0,Gates Of The Arctic National Park
2015-10-01,23.0,Gates Of The Arctic National Park
2015-11-01,37.0,Gates Of The Arctic National Park
2015-12-01,32.0,Gates Of The Arctic National Park
2016-01-01,21.0,Gates Of The Arctic National Park
2016-02-01,33.0,Gates Of The Arctic National Park
2016-03-01,24.0,Gates Of The Arctic National Park
2016-04-01,32.0,Gates Of The Arctic National Park
2016-05-01,39.0,Gates Of The Arctic National Park
2016-06-01,24.0,Gates Of The Arctic National Park
2016-07-01,27.0,Gates Of The Arctic National Park
2016-08-01,39.0,Gates Of The Arctic National Park
2016-09-01,33.0,Gates Of The Arctic National Park
2016-10-01,34.0,Gates Of The Arctic National Park
2016-11-01,24.0,Gates Of The Arctic National Park
2016-12-01,35.0,Gates Of The Arctic National Park
2017-01-01,41.0,Gates Of The Arctic National Park
2017-02-01,47.0,Gates Of The Arctic National Park
2017-03-01,34.0,Gates Of The Arctic National Park
2017-04-01,32.0,Gates Of The Arctic National Park
2017-05-01,38.0,Gates Of The Arctic National Park
2017-06-01,48.0,Gates Of The Arctic National Park
2017-07-01,39.0,Gates Of The Arctic National Park
2017-08-01,39.0,Gates Of The Arctic National Park
2017-09-01,29.0,Gates Of The Arctic National Park
2017-10-01,36.0,Gates Of The Arctic National Park
2017-11-01,29.0,Gates Of The Arctic National Park
2017-12-01,32.0,Gates Of The Arctic National Park
2018-01-01,37.0,Gates Of The Arctic National Park
2018-02-01,39.0,Gates Of The Arctic National Park
2018-03-01,26.0,Gates Of The Arctic National Park
2018-04-01,51.0,Gates Of The Arctic National Park
2018-05-01,41.0,Gates Of The Arctic National Park
2018-06-01,27.0,Gates Of The Arctic National Park
2018-07-01,42.0,Gates Of The Arctic National Park
2018-08-01,38.0,Gates Of The Arctic National Park
2018-09-01,34.0,Gates Of The Arctic National Park
2018-10-01,25.0,Gates Of The Arctic National Park
2018-11-01,39.0,Gates Of The Arctic National Park
2018-12-01,54.0,Gates Of The Arctic National Park
2019-01-01,46.0,Gates Of The Arctic National Park
2019-02-01,32.0,Gates Of The Arctic National Park
2019-03-01,36.0,Gates Of The Arctic National Park
2019-04-01,44.0,Gates Of The Arctic National Park
2019-05-01,49.0,Gates Of The Arctic National Park
2019-06-01,43.0,Gates Of The Arctic National Park
2019-07-01,34.0,Gates Of The Arctic National Park
2019-08-01,51.0,Gates Of The Arctic National Park
2019-09-01,36.0,Gates Of The Arctic National Park
2019-10-01,46.0,Gates Of The Arctic National Park
2019-11-01,44.0,Gates Of The Arctic National Park
2019-12-01,62.0,Gates Of The Arctic National Park
2020-01-01,41.0,Gates Of The Arctic National Park
2020-02-01,47.0,Gates Of The Arctic National Park
2020-03-01,38.0,Gates Of The Arctic National Park
2020-04-01,36.0,Gates Of The Arctic National Park
2020-05-01,41.0,Gates Of The Arctic National Park
2020-06-01,63.0,Gates Of The Arctic National Park
2020-07-01,56.0,Gates Of The Arctic National Park
2020-08-01,49.0,Gates Of The Arctic National Park
2020-09-01,39.0,Gates Of The Arctic National Park
2020-10-01,33.0,Gates Of The Arctic National Park
2020-11-01,24.0,Gates Of The Arctic National Park
2020-12-01,44.0,Gates Of The Arctic National Park
2021-01-01,47.0,Gates Of The Arctic National Park
2021-02-01,35.0,Gates Of The Arctic National Park
2021-03-01,37.0,Gates Of The Arctic National Park
2021-04-01,34.0,Gates Of The Arctic National Park
2021-05-01,54.0,Gates Of The Arctic National Park
2021-06-01,71.0,Gates Of The Arctic National Park
2021-07-01,37.0,Gates Of The Arctic National Park
2021-08-01,42.0,Gates Of The Arctic National Park
2021-09-01,31.0,Gates Of The Arctic National Park
2021-10-01,37.0,Gates Of The Arctic National Park
2021-11-01,44.0,Gates Of The Arctic National Park
2021-12-01,44.0,Gates Of The Arctic National Park
2022-01-01,55.0,Gates Of The Arctic National Park
2022-02-01,69.0,Gates Of The Arctic National Park
2022-03-01,42.0,Gates Of The Arctic National Park
2022-04-01,66.0,Gates Of The Arctic National Park
2022-05-01,91.0,Gates Of The Arctic National Park
2022-06-01,64.0,Gates Of The Arctic National Park
2022-07-01,71.0,Gates Of The Arctic National Park
2022-08-01,95.0,Gates Of The Arctic National Park
2022-09-01,60.0,Gates Of The Arctic National Park
2022-10-01,56.0,Gates Of The Arctic National Park
2022-11-01,47.0,Gates Of The Arctic National Park
2022-12-01,53.0,Gates Of The Arctic National Park
2023-01-01,53.0,Gates Of The Arctic National Park
2023-02-01,46.0,Gates Of The Arctic National Park
2023-03-01,62.0,Gates Of The Arctic National Park
2023-04-01,56.0,Gates Of The Arctic National Park
2023-05-01,84.0,Gates Of The Arctic National Park
2023-06-01,59.0,Gates Of The Arctic National Park
2023-07-01,69.0,Gates Of The Arctic National Park
2023-08-01,53.0,Gates Of The Arctic National Park
2023-09-01,61.0,Gates Of The Arctic National Park
2023-10-01,58.0,Gates Of The Arctic National Park
2023-11-01,52.0,Gates Of The Arctic National Park
2023-12-01,59.0,Gates Of The Arctic National Park
2024-01-01,65.0,Gates Of The Arctic National Park
2024-02-01,81.0,Gates Of The Arctic National Park
2024-03-01,61.0,Gates Of The Arctic National Park
2024-04-01,65.0,Gates Of The Arctic National Park
2024-05-01,92.0,Gates Of The Arctic National Park
2024-06-01,78.0,Gates Of The Arctic National Park
2024-07-01,76.0,Gates Of The Arctic National Park
2024-08-01,60.0,Gates Of The Arctic National Park
2024-09-01,67.0,Gates Of The Arctic National Park
2024-10-01,50.0,Gates Of The Arctic National Park
2024-11-01,56.0,Gates Of The Arctic National Park
2024-12-01,68.0,Gates Of The Arctic National Park
2025-01-01,64.0,Gates Of The Arctic National Park
2025-02-01,71.0,Gates Of The Arctic National Park
2025-03-01,90.0,Gates Of The Arctic National Park
2025-04-01,74.0,Gates Of The Arctic National Park
2025-05-01,100.0,Gates Of The Arctic National Park
2025-06-01,67.0,Gates Of The Arctic National Park
2025-07-01,76.0,Gates Of The Arctic National Park
2025-08-01,64.0,Gates Of The Arctic National Park
2025-09-01,62.0,Gates Of The Arctic National Park
2025-10-01,72.0,Gates Of The Arctic National Park
2025-11-01,69.0,Gates Of The Arctic National Park
2025-12-01,70.0,Gates Of The Arctic National Park
2010-01-01,0.0,Gateway Arch National Park
2010-02-01,0.0,Gateway Arch National Park
2010-03-01,0.0,Gateway Arch National Park
2010-04-01,0.0,Gateway Arch National Park
2010-05-01,20.0,Gateway Arch National Park
2010-06-01,0.0,Gateway Arch National Park
2010-07-01,0.0,Gateway Arch National Park
2010-08-01,0.0,Gateway Arch National Park
2010-09-01,0.0,Gateway Arch National Park
2010-10-01,0.0,Gateway Arch National Park
2010-11-01,0.0,Gateway Arch National Park
2010-12-01,12.0,Gateway Arch National Park
2011-01-01,0.0,Gateway Arch National Park
2011-02-01,0.0,Gateway Arch National Park
2011-03-01,0.0,Gateway Arch National Park
2011-04-01,0.0,Gateway Arch National Park
2011-05-01,0.0,Gateway Arch National Park
2011-06-01,0.0,Gateway Arch National Park
2011-07-01,0.0,Gateway Arch National Park
2011-08-01,0.0,Gateway Arch National Park
2011-09-01,0.0,Gateway Arch National Park
2011-10-01,0.0,Gateway Arch National Park
2011-11-01,0.0,Gateway Arch National Park
2011-12-01,0.0,Gateway Arch National Park
2012-01-01,0.0,Gateway Arch National Park
2012-02-01,0.0,Gateway Arch National Park
2012-03-01,0.0,Gateway Arch National Park
2012-04-01,0.0,Gateway Arch National Park
2012-05-01,0.0,Gateway Arch National Park
2012-06-01,0.0,Gateway Arch National Park
2012-07-01,0.0,Gateway Arch National Park
2012-08-01,0.0,Gateway Arch National Park
2012-09-01,0.0,Gateway Arch National Park
2012-10-01,0.0,Gateway Arch National Park
2012-11-01,0.0,Gateway Arch National Park
2012-12-01,0.0,Gateway Arch National Park
2013-01-01,0.0,Gateway Arch National Park
2013-02-01,0.0,Gateway Arch National Park
2013-03-01,0.0,Gateway Arch National Park
2013-04-01,0.0,Gateway Arch National Park
2013-05-01,0.0,Gateway Arch National Park
2013-06-01,0.0,Gateway Arch National Park
2013-07-01,0.0,Gateway Arch National Park
2013-08-01,0.0,Gateway Arch National Park
2013-09-01,0.0,Gateway Arch National Park
2013-10-01,0.0,Gateway Arch National Park
2013-11-01,0.0,Gateway Arch National Park
2013-12-01,0.0,Gateway Arch National Park
2014-01-01,0.0,Gateway Arch National Park
2014-02-01,0.0,Gateway Arch National Park
2014-03-01,0.0,Gateway Arch National Park
2014-04-01,0.0,Gateway Arch National Park
2014-05-01,0.0,Gateway Arch National Park
2014-06-01,11.0,Gateway Arch National Park
2014-07-01,0.0,Gateway Arch National Park
2014-08-01,0.0,Gateway Arch National Park
2014-09-01,0.0,Gateway Arch National Park
2014-10-01,0.0,Gateway Arch National Park
2014-11-01,0.0,Gateway Arch National Park
2014-12-01,0.0,Gateway Arch National Park
2015-01-01,0.0,Gateway Arch National Park
2015-02-01,0.0,Gateway Arch National Park
2015-03-01,7.0,Gateway Arch National Park
2015-04-01,6.0,Gateway Arch National Park
2015-05-01,8.0,Gateway Arch National Park
2015-06-01,0.0,Gateway Arch National Park
2015-07-01,0.0,Gateway Arch National Park
2015-08-01,13.0,Gateway Arch National Park
2015-09-01,0.0,Gateway Arch National Park
2015-10-01,0.0,Gateway Arch National Park
2015-11-01,6.0,Gateway Arch National Park
2015-12-01,0.0,Gateway Arch National Park
2016-01-01,0.0,Gateway Arch National Park
2016-02-01,0.0,Gateway Arch National Park
2016-03-01,0.0,Gateway Arch National Park
2016-04-01,6.0,Gateway Arch National Park
2016-05-01,5.0,Gateway Arch National Park
2016-06-01,9.0,Gateway Arch National Park
2016-07-01,0.0,Gateway Arch National Park
2016-08-01,0.0,Gateway Arch National Park
2016-09-01,0.0,Gateway Arch National Park
2016-10-01,0.0,Gateway Arch National Park
2016-11-01,0.0,Gateway Arch National Park
2016-12-01,0.0,Gateway Arch National Park
2017-01-01,0.0,Gateway Arch National Park
2017-02-01,0.0,Gateway Arch National Park
2017-03-01,0.0,Gateway Arch National Park
2017-04-01,0.0,Gateway Arch National Park
2017-05-01,5.0,Gateway Arch National Park
2017-06-01,0.0,Gateway Arch National Park
2017-07-01,0.0,Gateway Arch National Park
2017-08-01,0.0,Gateway Arch National Park
2017-09-01,0.0,Gateway Arch National Park
2017-10-01,4.0,Gateway Arch National Park
2017-11-01,0.0,Gateway Arch National Park
2017-12-01,0.0,Gateway Arch National Park
2018-01-01,0.0,Gateway Arch National Park
2018-02-01,9.0,Gateway Arch National Park
2018-03-01,15.0,Gateway Arch National Park
2018-04-01,25.0,Gateway Arch National Park
2018-05-01,24.0,Gateway Arch National Park
2018-06-01,27.0,Gateway Arch National Park
2018-07-01,39.0,Gateway Arch National Park
2018-08-01,25.0,Gateway Arch National Park
2018-09-01,18.0,Gateway Arch National Park
2018-10-01,20.0,Gateway Arch National Park
2018-11-01,16.0,Gateway Arch National Park
2018-12-01,20.0,Gateway Arch National Park
2019-01-01,20.0,Gateway Arch National Park
2019-02-01,27.0,Gateway Arch National Park
2019-03-01,30.0,Gateway Arch National Park
2019-04-01,31.0,Gateway Arch National Park
2019-05-01,41.0,Gateway Arch National Park
2019-06-01,38.0,Gateway Arch National Park
2019-07-01,39.0,Gateway Arch National Park
2019-08-01,35.0,Gateway Arch National Park
2019-09-01,33.0,Gateway Arch National Park
2019-10-01,27.0,Gateway Arch National Park
2019-11-01,24.0,Gateway Arch National Park
2019-12-01,24.0,Gateway Arch National Park
2020-01-01,27.0,Gateway Arch National Park
2020-02-01,28.0,Gateway Arch National Park
2020-03-01,27.0,Gateway Arch National Park
2020-04-01,20.0,Gateway Arch National Park
2020-05-01,37.0,Gateway Arch National Park
2020-06-01,42.0,Gateway Arch National Park
2020-07-01,44.0,Gateway Arch National Park
2020-08-01,37.0,Gateway Arch National Park
2020-09-01,46.0,Gateway Arch National Park
2020-10-01,35.0,Gateway Arch National Park
2020-11-01,25.0,Gateway Arch National Park
2020-12-01,26.0,Gateway Arch National Park
2021-01-01,25.0,Gateway Arch National Park
2021-02-01,32.0,Gateway Arch National Park
2021-03-01,36.0,Gateway Arch National Park
2021-04-01,41.0,Gateway Arch National Park
2021-05-01,47.0,Gateway Arch National Park
2021-06-01,60.0,Gateway Arch National Park
2021-07-01,57.0,Gateway Arch National Park
2021-08-01,42.0,Gateway Arch National Park
2021-09-01,36.0,Gateway Arch National Park
2021-10-01,42.0,Gateway Arch National Park
2021-11-01,29.0,Gateway Arch National Park
2021-12-01,33.0,Gateway Arch National Park
2022-01-01,39.0,Gateway Arch National Park
2022-02-01,50.0,Gateway Arch National Park
2022-03-01,50.0,Gateway Arch National Park
2022-04-01,60.0,Gateway Arch National Park
2022-05-01,86.0,Gateway Arch National Park
2022-06-01,100.0,Gateway Arch National Park
2022-07-01,81.0,Gateway Arch National Park
2022-08-01,55.0,Gateway Arch National Park
2022-09-01,50.0,Gateway Arch National Park
2022-10-01,47.0,Gateway Arch National Park
2022-11-01,37.0,Gateway Arch National Park
2022-12-01,40.0,Gateway Arch National Park
2023-01-01,46.0,Gateway Arch National Park
2023-02-01,50.0,Gateway Arch National Park
2023-03-01,56.0,Gateway Arch National Park
2023-04-01,63.0,Gateway Arch National Park
2023-05-01,78.0,Gateway Arch National Park
2023-06-01,78.0,Gateway Arch National Park
2023-07-01,80.0,Gateway Arch National Park
2023-08-01,60.0,Gateway Arch National Park
2023-09-01,51.0,Gateway Arch National Park
2023-10-01,49.0,Gateway Arch National Park
2023-11-01,50.0,Gateway Arch National Park
2023-12-01,49.0,Gateway Arch National Park
2024-01-01,62.0,Gateway Arch National Park
2024-02-01,59.0,Gateway Arch National Park
2024-03-01,78.0,Gateway Arch National Park
2024-04-01,86.0,Gateway Arch National Park
2024-05-01,82.0,Gateway Arch National Park
2024-06-01,93.0,Gateway Arch National Park
2024-07-01,91.0,Gateway Arch National Park
2024-08-01,70.0,Gateway Arch National Park
2024-09-01,80.0,Gateway Arch National Park
2024-10-01,65.0,Gateway Arch National Park
2024-11-01,61.0,Gateway Arch National Park
2024-12-01,54.0,Gateway Arch National Park
2025-01-01,54.0,Gateway Arch National Park
2025-02-01,53.0,Gateway Arch National Park
2025-03-01,79.0,Gateway Arch National Park
2025-04-01,69.0,Gateway Arch National Park
2025-05-01,76.0,Gateway Arch National Park
2025-06-01,70.0,Gateway Arch National Park
2025-07-01,68.0,Gateway Arch National Park
2025-08-01,69.0,Gateway Arch National Park
2025-09-01,64.0,Gateway Arch National Park
2025-10-01,56.0,Gateway Arch National Park
2025-11-01,50.0,Gateway Arch National Park
2025-12-01,49.0,Gateway Arch National Park
2010-01-01,51.0,Glacier Bay National Park
2010-02-01,57.0,Glacier Bay National Park
2010-03-01,45.0,Glacier Bay National Park
2010-04-01,35.0,Glacier Bay National Park
2010-05-01,64.0,Glacier Bay National Park
2010-06-01,57.0,Glacier Bay National Park
2010-07-01,53.0,Glacier Bay National Park
2010-08-01,34.0,Glacier Bay National Park
2010-09-01,40.0,Glacier Bay National Park
2010-10-01,35.0,Glacier Bay National Park
2010-11-01,32.0,Glacier Bay National Park
2010-12-01,29.0,Glacier Bay National Park
2011-01-01,34.0,Glacier Bay National Park
2011-02-01,34.0,Glacier Bay National Park
2011-03-01,43.0,Glacier Bay National Park
2011-04-01,41.0,Glacier Bay National Park
2011-05-01,32.0,Glacier Bay National Park
2011-06-01,48.0,Glacier Bay National Park
2011-07-01,50.0,Glacier Bay National Park
2011-08-01,46.0,Glacier Bay National Park
2011-09-01,35.0,Glacier Bay National Park
2011-10-01,25.0,Glacier Bay National Park
2011-11-01,31.0,Glacier Bay National Park
2011-12-01,33.0,Glacier Bay National Park
2012-01-01,37.0,Glacier Bay National Park
2012-02-01,38.0,Glacier Bay National Park
2012-03-01,34.0,Glacier Bay National Park
2012-04-01,50.0,Glacier Bay National Park
2012-05-01,43.0,Glacier Bay National Park
2012-06-01,41.0,Glacier Bay National Park
2012-07-01,57.0,Glacier Bay National Park
2012-08-01,36.0,Glacier Bay National Park
2012-09-01,44.0,Glacier Bay National Park
2012-10-01,33.0,Glacier Bay National Park
2012-11-01,31.0,Glacier Bay National Park
2012-12-01,30.0,Glacier Bay National Park
2013-01-01,33.0,Glacier Bay National Park
2013-02-01,34.0,Glacier Bay National Park
2013-03-01,38.0,Glacier Bay National Park
2013-04-01,33.0,Glacier Bay National Park
2013-05-01,43.0,Glacier Bay National Park
2013-06-01,48.0,Glacier Bay National Park
2013-07-01,49.0,Glacier Bay National Park
2013-08-01,47.0,Glacier Bay National Park
2013-09-01,40.0,Glacier Bay National Park
2013-10-01,34.0,Glacier Bay National Park
2013-11-01,34.0,Glacier Bay National Park
2013-12-01,29.0,Glacier Bay National Park
2014-01-01,37.0,Glacier Bay National Park
2014-02-01,29.0,Glacier Bay National Park
2014-03-01,31.0,Glacier Bay National Park
2014-04-01,42.0,Glacier Bay National Park
2014-05-01,51.0,Glacier Bay National Park
2014-06-01,50.0,Glacier Bay National Park
2014-07-01,45.0,Glacier Bay National Park
2014-08-01,39.0,Glacier Bay National Park
2014-09-01,34.0,Glacier Bay National Park
2014-10-01,32.0,Glacier Bay National Park
2014-11-01,27.0,Glacier Bay National Park
2014-12-01,26.0,Glacier Bay National Park
2015-01-01,40.0,Glacier Bay National Park
2015-02-01,31.0,Glacier Bay National Park
2015-03-01,47.0,Glacier Bay National Park
2015-04-01,51.0,Glacier Bay National Park
2015-05-01,51.0,Glacier Bay National Park
2015-06-01,43.0,Glacier Bay National Park
2015-07-01,44.0,Glacier Bay National Park
2015-08-01,54.0,Glacier Bay National Park
2015-09-01,44.0,Glacier Bay National Park
2015-10-01,35.0,Glacier Bay National Park
2015-11-01,29.0,Glacier Bay National Park
2015-12-01,30.0,Glacier Bay National Park
2016-01-01,34.0,Glacier Bay National Park
2016-02-01,28.0,Glacier Bay National Park
2016-03-01,28.0,Glacier Bay National Park
2016-04-01,47.0,Glacier Bay National Park
2016-05-01,52.0,Glacier Bay National Park
2016-06-01,47.0,Glacier Bay National Park
2016-07-01,47.0,Glacier Bay National Park
2016-08-01,43.0,Glacier Bay National Park
2016-09-01,47.0,Glacier Bay National Park
2016-10-01,41.0,Glacier Bay National Park
2016-11-01,82.0,Glacier Bay National Park
2016-12-01,39.0,Glacier Bay National Park
2017-01-01,39.0,Glacier Bay National Park
2017-02-01,40.0,Glacier Bay National Park
2017-03-01,45.0,Glacier Bay National Park
2017-04-01,45.0,Glacier Bay National Park
2017-05-01,59.0,Glacier Bay National Park
2017-06-01,54.0,Glacier Bay National Park
2017-07-01,52.0,Glacier Bay National Park
2017-08-01,40.0,Glacier Bay National Park
2017-09-01,38.0,Glacier Bay National Park
2017-10-01,36.0,Glacier Bay National Park
2017-11-01,30.0,Glacier Bay National Park
2017-12-01,28.0,Glacier Bay National Park
2018-01-01,37.0,Glacier Bay National Park
2018-02-01,41.0,Glacier Bay National Park
2018-03-01,36.0,Glacier Bay National Park
2018-04-01,71.0,Glacier Bay National Park
2018-05-01,58.0,Glacier Bay National Park
2018-06-01,56.0,Glacier Bay National Park
2018-07-01,59.0,Glacier Bay National Park
2018-08-01,69.0,Glacier Bay National Park
2018-09-01,34.0,Glacier Bay National Park
2018-10-01,34.0,Glacier Bay National Park
2018-11-01,35.0,Glacier Bay National Park
2018-12-01,36.0,Glacier Bay National Park
2019-01-01,41.0,Glacier Bay National Park
2019-02-01,39.0,Glacier Bay National Park
2019-03-01,37.0,Glacier Bay National Park
2019-04-01,45.0,Glacier Bay National Park
2019-05-01,60.0,Glacier Bay National Park
2019-06-01,52.0,Glacier Bay National Park
2019-07-01,56.0,Glacier Bay National Park
2019-08-01,54.0,Glacier Bay National Park
2019-09-01,43.0,Glacier Bay National Park
2019-10-01,35.0,Glacier Bay National Park
2019-11-01,28.0,Glacier Bay National Park
2019-12-01,29.0,Glacier Bay National Park
2020-01-01,42.0,Glacier Bay National Park
2020-02-01,43.0,Glacier Bay National Park
2020-03-01,28.0,Glacier Bay National Park
2020-04-01,29.0,Glacier Bay National Park
2020-05-01,30.0,Glacier Bay National Park
2020-06-01,37.0,Glacier Bay National Park
2020-07-01,31.0,Glacier Bay National Park
2020-08-01,30.0,Glacier Bay National Park
2020-09-01,25.0,Glacier Bay National Park
2020-10-01,21.0,Glacier Bay National Park
2020-11-01,15.0,Glacier Bay National Park
2020-12-01,20.0,Glacier Bay National Park
2021-01-01,23.0,Glacier Bay National Park
2021-02-01,25.0,Glacier Bay National Park
2021-03-01,44.0,Glacier Bay National Park
2021-04-01,40.0,Glacier Bay National Park
2021-05-01,41.0,Glacier Bay National Park
2021-06-01,45.0,Glacier Bay National Park
2021-07-01,39.0,Glacier Bay National Park
2021-08-01,36.0,Glacier Bay National Park
2021-09-01,31.0,Glacier Bay National Park
2021-10-01,20.0,Glacier Bay National Park
2021-11-01,18.0,Glacier Bay National Park
2021-12-01,24.0,Glacier Bay National Park
2022-01-01,32.0,Glacier Bay National Park
2022-02-01,42.0,Glacier Bay National Park
2022-03-01,41.0,Glacier Bay National Park
2022-04-01,48.0,Glacier Bay National Park
2022-05-01,66.0,Glacier Bay National Park
2022-06-01,59.0,Glacier Bay National Park
2022-07-01,61.0,Glacier Bay National Park
2022-08-01,56.0,Glacier Bay National Park
2022-09-01,48.0,Glacier Bay National Park
2022-10-01,35.0,Glacier Bay National Park
2022-11-01,33.0,Glacier Bay National Park
2022-12-01,36.0,Glacier Bay National Park
2023-01-01,57.0,Glacier Bay National Park
2023-02-01,52.0,Glacier Bay National Park
2023-03-01,49.0,Glacier Bay National Park
2023-04-01,46.0,Glacier Bay National Park
2023-05-01,71.0,Glacier Bay National Park
2023-06-01,68.0,Glacier Bay National Park
2023-07-01,71.0,Glacier Bay National Park
2023-08-01,67.0,Glacier Bay National Park
2023-09-01,53.0,Glacier Bay National Park
2023-10-01,49.0,Glacier Bay National Park
2023-11-01,47.0,Glacier Bay National Park
2023-12-01,42.0,Glacier Bay National Park
2024-01-01,60.0,Glacier Bay National Park
2024-02-01,54.0,Glacier Bay National Park
2024-03-01,59.0,Glacier Bay National Park
2024-04-01,60.0,Glacier Bay National Park
2024-05-01,100.0,Glacier Bay National Park
2024-06-01,87.0,Glacier Bay National Park
2024-07-01,76.0,Glacier Bay National Park
2024-08-01,68.0,Glacier Bay National Park
2024-09-01,60.0,Glacier Bay National Park
2024-10-01,47.0,Glacier Bay National Park
2024-11-01,45.0,Glacier Bay National Park
2024-12-01,55.0,Glacier Bay National Park
2025-01-01,55.0,Glacier Bay National Park
2025-02-01,55.0,Glacier Bay National Park
2025-03-01,52.0,Glacier Bay National Park
2025-04-01,64.0,Glacier Bay National Park
2025-05-01,89.0,Glacier Bay National Park
2025-06-01,68.0,Glacier Bay National Park
2025-07-01,75.0,Glacier Bay National Park
2025-08-01,68.0,Glacier Bay National Park
2025-09-01,59.0,Glacier Bay National Park
2025-10-01,42.0,Glacier Bay National Park
2025-11-01,44.0,Glacier Bay National Park
2025-12-01,49.0,Glacier Bay National Park
2010-01-01,29.0,Glacier National Park
2010-02-01,25.0,Glacier National Park
2010-03-01,29.0,Glacier National Park
2010-04-01,36.0,Glacier National Park
2010-05-01,43.0,Glacier National Park
2010-06-01,54.0,Glacier National Park
2010-07-01,50.0,Glacier National Park
2010-08-01,40.0,Glacier National Park
2010-09-01,27.0,Glacier National Park
2010-10-01,19.0,Glacier National Park
2010-11-01,17.0,Glacier National Park
2010-12-01,17.0,Glacier National Park
2011-01-01,25.0,Glacier National Park
2011-02-01,24.0,Glacier National Park
2011-03-01,24.0,Glacier National Park
2011-04-01,26.0,Glacier National Park
2011-05-01,32.0,Glacier National Park
2011-06-01,47.0,Glacier National Park
2011-07-01,67.0,Glacier National Park
2011-08-01,44.0,Glacier National Park
2011-09-01,33.0,Glacier National Park
2011-10-01,21.0,Glacier National Park
2011-11-01,16.0,Glacier National Park
2011-12-01,16.0,Glacier National Park
2012-01-01,22.0,Glacier National Park
2012-02-01,25.0,Glacier National Park
2012-03-01,21.0,Glacier National Park
2012-04-01,26.0,Glacier National Park
2012-05-01,29.0,Glacier National Park
2012-06-01,45.0,Glacier National Park
2012-07-01,55.0,Glacier National Park
2012-08-01,43.0,Glacier National Park
2012-09-01,27.0,Glacier National Park
2012-10-01,22.0,Glacier National Park
2012-11-01,17.0,Glacier National Park
2012-12-01,17.0,Glacier National Park
2013-01-01,22.0,Glacier National Park
2013-02-01,22.0,Glacier National Park
2013-03-01,22.0,Glacier National Park
2013-04-01,24.0,Glacier National Park
2013-05-01,30.0,Glacier National Park
2013-06-01,53.0,Glacier National Park
2013-07-01,55.0,Glacier National Park
2013-08-01,49.0,Glacier National Park
2013-09-01,32.0,Glacier National Park
2013-10-01,20.0,Glacier National Park
2013-11-01,18.0,Glacier National Park
2013-12-01,19.0,Glacier National Park
2014-01-01,23.0,Glacier National Park
2014-02-01,22.0,Glacier National Park
2014-03-01,24.0,Glacier National Park
2014-04-01,26.0,Glacier National Park
2014-05-01,34.0,Glacier National Park
2014-06-01,52.0,Glacier National Park
2014-07-01,57.0,Glacier National Park
2014-08-01,48.0,Glacier National Park
2014-09-01,29.0,Glacier National Park
2014-10-01,18.0,Glacier National Park
2014-11-01,17.0,Glacier National Park
2014-12-01,18.0,Glacier National Park
2015-01-01,25.0,Glacier National Park
2015-02-01,21.0,Glacier National Park
2015-03-01,29.0,Glacier National Park
2015-04-01,28.0,Glacier National Park
2015-05-01,40.0,Glacier National Park
2015-06-01,57.0,Glacier National Park
2015-07-01,91.0,Glacier National Park
2015-08-01,60.0,Glacier National Park
2015-09-01,36.0,Glacier National Park
2015-10-01,21.0,Glacier National Park
2015-11-01,20.0,Glacier National Park
2015-12-01,21.0,Glacier National Park
2016-01-01,25.0,Glacier National Park
2016-02-01,25.0,Glacier National Park
2016-03-01,27.0,Glacier National Park
2016-04-01,33.0,Glacier National Park
2016-05-01,43.0,Glacier National Park
2016-06-01,58.0,Glacier National Park
2016-07-01,69.0,Glacier National Park
2016-08-01,58.0,Glacier National Park
2016-09-01,38.0,Glacier National Park
2016-10-01,25.0,Glacier National Park
2016-11-01,20.0,Glacier National Park
2016-12-01,19.0,Glacier National Park
2017-01-01,33.0,Glacier National Park
2017-02-01,30.0,Glacier National Park
2017-03-01,32.0,Glacier National Park
2017-04-01,35.0,Glacier National Park
2017-05-01,46.0,Glacier National Park
2017-06-01,67.0,Glacier National Park
2017-07-01,76.0,Glacier National Park
2017-08-01,61.0,Glacier National Park
2017-09-01,53.0,Glacier National Park
2017-10-01,21.0,Glacier National Park
2017-11-01,19.0,Glacier National Park
2017-12-01,20.0,Glacier National Park
2018-01-01,32.0,Glacier National Park
2018-02-01,30.0,Glacier National Park
2018-03-01,32.0,Glacier National Park
2018-04-01,38.0,Glacier National Park
2018-05-01,47.0,Glacier National Park
2018-06-01,69.0,Glacier National Park
2018-07-01,81.0,Glacier National Park
2018-08-01,100.0,Glacier National Park
2018-09-01,40.0,Glacier National Park
2018-10-01,26.0,Glacier National Park
2018-11-01,20.0,Glacier National Park
2018-12-01,23.0,Glacier National Park
2019-01-01,35.0,Glacier National Park
2019-02-01,33.0,Glacier National Park
2019-03-01,33.0,Glacier National Park
2019-04-01,36.0,Glacier National Park
2019-05-01,47.0,Glacier National Park
2019-06-01,75.0,Glacier National Park
2019-07-01,82.0,Glacier National Park
2019-08-01,74.0,Glacier National Park
2019-09-01,49.0,Glacier National Park
2019-10-01,26.0,Glacier National Park
2019-11-01,20.0,Glacier National Park
2019-12-01,22.0,Glacier National Park
2020-01-01,38.0,Glacier National Park
2020-02-01,35.0,Glacier National Park
2020-03-01,24.0,Glacier National Park
2020-04-01,21.0,Glacier National Park
2020-05-01,41.0,Glacier National Park
2020-06-01,73.0,Glacier National Park
2020-07-01,83.0,Glacier National Park
2020-08-01,73.0,Glacier National Park
2020-09-01,59.0,Glacier National Park
2020-10-01,32.0,Glacier National Park
2020-11-01,19.0,Glacier National Park
2020-12-01,23.0,Glacier National Park
2021-01-01,35.0,Glacier National Park
2021-02-01,36.0,Glacier National Park
2021-03-01,41.0,Glacier National Park
2021-04-01,53.0,Glacier National Park
2021-05-01,72.0,Glacier National Park
2021-06-01,95.0,Glacier National Park
2021-07-01,92.0,Glacier National Park
2021-08-01,77.0,Glacier National Park
2021-09-01,54.0,Glacier National Park
2021-10-01,30.0,Glacier National Park
2021-11-01,19.0,Glacier National Park
2021-12-01,24.0,Glacier National Park
2022-01-01,45.0,Glacier National Park
2022-02-01,44.0,Glacier National Park
2022-03-01,45.0,Glacier National Park
2022-04-01,49.0,Glacier National Park
2022-05-01,60.0,Glacier National Park
2022-06-01,85.0,Glacier National Park
2022-07-01,88.0,Glacier National Park
2022-08-01,76.0,Glacier National Park
2022-09-01,50.0,Glacier National Park
2022-10-01,28.0,Glacier National Park
2022-11-01,23.0,Glacier National Park
2022-12-01,28.0,Glacier National Park
2023-01-01,47.0,Glacier National Park
2023-02-01,40.0,Glacier National Park
2023-03-01,41.0,Glacier National Park
2023-04-01,40.0,Glacier National Park
2023-05-01,56.0,Glacier National Park
2023-06-01,79.0,Glacier National Park
2023-07-01,87.0,Glacier National Park
2023-08-01,70.0,Glacier National Park
2023-09-01,52.0,Glacier National Park
2023-10-01,31.0,Glacier National Park
2023-11-01,24.0,Glacier National Park
2023-12-01,32.0,Glacier National Park
2024-01-01,45.0,Glacier National Park
2024-02-01,42.0,Glacier National Park
2024-03-01,42.0,Glacier National Park
2024-04-01,45.0,Glacier National Park
2024-05-01,61.0,Glacier National Park
2024-06-01,84.0,Glacier National Park
2024-07-01,88.0,Glacier National Park
2024-08-01,79.0,Glacier National Park
2024-09-01,55.0,Glacier National Park
2024-10-01,31.0,Glacier National Park
2024-11-01,25.0,Glacier National Park
2024-12-01,29.0,Glacier National Park
2025-01-01,41.0,Glacier National Park
2025-02-01,39.0,Glacier National Park
2025-03-01,42.0,Glacier National Park
2025-04-01,41.0,Glacier National Park
2025-05-01,60.0,Glacier National Park
2025-06-01,80.0,Glacier National Park
2025-07-01,93.0,Glacier National Park
2025-08-01,77.0,Glacier National Park
2025-09-01,48.0,Glacier National Park
2025-10-01,31.0,Glacier National Park
2025-11-01,26.0,Glacier National Park
2025-12-01,29.0,Glacier National Park
2010-01-01,83.0,Grand Canyon National Park
2010-02-01,75.0,Grand Canyon National Park
2010-03-01,100.0,Grand Canyon National Park
2010-04-01,96.0,Grand Canyon National Park
2010-05-01,97.0,Grand Canyon National Park
2010-06-01,72.0,Grand Canyon National Park
2010-07-01,64.0,Grand Canyon National Park
2010-08-01,55.0,Grand Canyon National Park
2010-09-01,45.0,Grand Canyon National Park
2010-10-01,40.0,Grand Canyon National Park
2010-11-01,40.0,Grand Canyon National Park
2010-12-01,38.0,Grand Canyon National Park
2011-01-01,62.0,Grand Canyon National Park
2011-02-01,55.0,Grand Canyon National Park
2011-03-01,60.0,Grand Canyon National Park
2011-04-01,64.0,Grand Canyon National Park
2011-05-01,65.0,Grand Canyon National Park
2011-06-01,68.0,Grand Canyon National Park
2011-07-01,69.0,Grand Canyon National Park
2011-08-01,48.0,Grand Canyon National Park
2011-09-01,46.0,Grand Canyon National Park
2011-10-01,38.0,Grand Canyon National Park
2011-11-01,38.0,Grand Canyon National Park
2011-12-01,36.0,Grand Canyon National Park
2012-01-01,49.0,Grand Canyon National Park
2012-02-01,50.0,Grand Canyon National Park
2012-03-01,55.0,Grand Canyon National Park
2012-04-01,56.0,Grand Canyon National Park
2012-05-01,60.0,Grand Canyon National Park
2012-06-01,64.0,Grand Canyon National Park
2012-07-01,59.0,Grand Canyon National Park
2012-08-01,48.0,Grand Canyon National Park
2012-09-01,47.0,Grand Canyon National Park
2012-10-01,37.0,Grand Canyon National Park
2012-11-01,33.0,Grand Canyon National Park
2012-12-01,37.0,Grand Canyon National Park
2013-01-01,46.0,Grand Canyon National Park
2013-02-01,44.0,Grand Canyon National Park
2013-03-01,56.0,Grand Canyon National Park
2013-04-01,54.0,Grand Canyon National Park
2013-05-01,57.0,Grand Canyon National Park
2013-06-01,60.0,Grand Canyon National Park
2013-07-01,69.0,Grand Canyon National Park
2013-08-01,58.0,Grand Canyon National Park
2013-09-01,46.0,Grand Canyon National Park
2013-10-01,61.0,Grand Canyon National Park
2013-11-01,41.0,Grand Canyon National Park
2013-12-01,62.0,Grand Canyon National Park
2014-01-01,76.0,Grand Canyon National Park
2014-02-01,54.0,Grand Canyon National Park
2014-03-01,58.0,Grand Canyon National Park
2014-04-01,59.0,Grand Canyon National Park
2014-05-01,66.0,Grand Canyon National Park
2014-06-01,62.0,Grand Canyon National Park
2014-07-01,64.0,Grand Canyon National Park
2014-08-01,53.0,Grand Canyon National Park
2014-09-01,65.0,Grand Canyon National Park
2014-10-01,58.0,Grand Canyon National Park
2014-11-01,53.0,Grand Canyon National Park
2014-12-01,62.0,Grand Canyon National Park
2015-01-01,74.0,Grand Canyon National Park
2015-02-01,87.0,Grand Canyon National Park
2015-03-01,74.0,Grand Canyon National Park
2015-04-01,61.0,Grand Canyon National Park
2015-05-01,72.0,Grand Canyon National Park
2015-06-01,67.0,Grand Canyon National Park
2015-07-01,71.0,Grand Canyon National Park
2015-08-01,61.0,Grand Canyon National Park
2015-09-01,54.0,Grand Canyon National Park
2015-10-01,51.0,Grand Canyon National Park
2015-11-01,43.0,Grand Canyon National Park
2015-12-01,47.0,Grand Canyon National Park
2016-01-01,54.0,Grand Canyon National Park
2016-02-01,58.0,Grand Canyon National Park
2016-03-01,63.0,Grand Canyon National Park
2016-04-01,58.0,Grand Canyon National Park
2016-05-01,69.0,Grand Canyon National Park
2016-06-01,63.0,Grand Canyon National Park
2016-07-01,61.0,Grand Canyon National Park
2016-08-01,53.0,Grand Canyon National Park
2016-09-01,54.0,Grand Canyon National Park
2016-10-01,52.0,Grand Canyon National Park
2016-11-01,48.0,Grand Canyon National Park
2016-12-01,50.0,Grand Canyon National Park
2017-01-01,58.0,Grand Canyon National Park
2017-02-01,57.0,Grand Canyon National Park
2017-03-01,67.0,Grand Canyon National Park
2017-04-01,62.0,Grand Canyon National Park
2017-05-01,69.0,Grand Canyon National Park
2017-06-01,67.0,Grand Canyon National Park
2017-07-01,72.0,Grand Canyon National Park
2017-08-01,64.0,Grand Canyon National Park
2017-09-01,58.0,Grand Canyon National Park
2017-10-01,56.0,Grand Canyon National Park
2017-11-01,56.0,Grand Canyon National Park
2017-12-01,57.0,Grand Canyon National Park
2018-01-01,68.0,Grand Canyon National Park
2018-02-01,65.0,Grand Canyon National Park
2018-03-01,69.0,Grand Canyon National Park
2018-04-01,64.0,Grand Canyon National Park
2018-05-01,64.0,Grand Canyon National Park
2018-06-01,69.0,Grand Canyon National Park
2018-07-01,68.0,Grand Canyon National Park
2018-08-01,60.0,Grand Canyon National Park
2018-09-01,58.0,Grand Canyon National Park
2018-10-01,49.0,Grand Canyon National Park
2018-11-01,47.0,Grand Canyon National Park
2018-12-01,50.0,Grand Canyon National Park
2019-01-01,62.0,Grand Canyon National Park
2019-02-01,63.0,Grand Canyon National Park
2019-03-01,64.0,Grand Canyon National Park
2019-04-01,66.0,Grand Canyon National Park
2019-05-01,66.0,Grand Canyon National Park
2019-06-01,67.0,Grand Canyon National Park
2019-07-01,64.0,Grand Canyon National Park
2019-08-01,56.0,Grand Canyon National Park
2019-09-01,57.0,Grand Canyon National Park
2019-10-01,56.0,Grand Canyon National Park
2019-11-01,49.0,Grand Canyon National Park
2019-12-01,48.0,Grand Canyon National Park
2020-01-01,58.0,Grand Canyon National Park
2020-02-01,57.0,Grand Canyon National Park
2020-03-01,54.0,Grand Canyon National Park
2020-04-01,38.0,Grand Canyon National Park
2020-05-01,77.0,Grand Canyon National Park
2020-06-01,73.0,Grand Canyon National Park
2020-07-01,62.0,Grand Canyon National Park
2020-08-01,57.0,Grand Canyon National Park
2020-09-01,58.0,Grand Canyon National Park
2020-10-01,54.0,Grand Canyon National Park
2020-11-01,39.0,Grand Canyon National Park
2020-12-01,41.0,Grand Canyon National Park
2021-01-01,48.0,Grand Canyon National Park
2021-02-01,55.0,Grand Canyon National Park
2021-03-01,69.0,Grand Canyon National Park
2021-04-01,67.0,Grand Canyon National Park
2021-05-01,76.0,Grand Canyon National Park
2021-06-01,69.0,Grand Canyon National Park
2021-07-01,65.0,Grand Canyon National Park
2021-08-01,50.0,Grand Canyon National Park
2021-09-01,54.0,Grand Canyon National Park
2021-10-01,50.0,Grand Canyon National Park
2021-11-01,45.0,Grand Canyon National Park
2021-12-01,44.0,Grand Canyon National Park
2022-01-01,71.0,Grand Canyon National Park
2022-02-01,72.0,Grand Canyon National Park
2022-03-01,73.0,Grand Canyon National Park
2022-04-01,70.0,Grand Canyon National Park
2022-05-01,72.0,Grand Canyon National Park
2022-06-01,65.0,Grand Canyon National Park
2022-07-01,61.0,Grand Canyon National Park
2022-08-01,64.0,Grand Canyon National Park
2022-09-01,63.0,Grand Canyon National Park
2022-10-01,60.0,Grand Canyon National Park
2022-11-01,49.0,Grand Canyon National Park
2022-12-01,53.0,Grand Canyon National Park
2023-01-01,64.0,Grand Canyon National Park
2023-02-01,61.0,Grand Canyon National Park
2023-03-01,67.0,Grand Canyon National Park
2023-04-01,66.0,Grand Canyon National Park
2023-05-01,72.0,Grand Canyon National Park
2023-06-01,70.0,Grand Canyon National Park
2023-07-01,69.0,Grand Canyon National Park
2023-08-01,66.0,Grand Canyon National Park
2023-09-01,61.0,Grand Canyon National Park
2023-10-01,58.0,Grand Canyon National Park
2023-11-01,54.0,Grand Canyon National Park
2023-12-01,62.0,Grand Canyon National Park
2024-01-01,65.0,Grand Canyon National Park
2024-02-01,69.0,Grand Canyon National Park
2024-03-01,76.0,Grand Canyon National Park
2024-04-01,69.0,Grand Canyon National Park
2024-05-01,74.0,Grand Canyon National Park
2024-06-01,68.0,Grand Canyon National Park
2024-07-01,54.0,Grand Canyon National Park
2024-08-01,56.0,Grand Canyon National Park
2024-09-01,56.0,Grand Canyon National Park
2024-10-01,53.0,Grand Canyon National Park
2024-11-01,43.0,Grand Canyon National Park
2024-12-01,47.0,Grand Canyon National Park
2025-01-01,56.0,Grand Canyon National Park
2025-02-01,61.0,Grand Canyon National Park
2025-03-01,62.0,Grand Canyon National Park
2025-04-01,59.0,Grand Canyon National Park
2025-05-01,61.0,Grand Canyon National Park
2025-06-01,52.0,Grand Canyon National Park
2025-07-01,57.0,Grand Canyon National Park
2025-08-01,47.0,Grand Canyon National Park
2025-09-01,48.0,Grand Canyon National Park
2025-10-01,55.0,Grand Canyon National Park
2025-11-01,44.0,Grand Canyon National Park
2025-12-01,53.0,Grand Canyon National Park
2010-01-01,19.0,Grand Teton National Park
2010-02-01,16.0,Grand Teton National Park
2010-03-01,20.0,Grand Teton National Park
2010-04-01,19.0,Grand Teton National Park
2010-05-01,27.0,Grand Teton National Park
2010-06-01,30.0,Grand Teton National Park
2010-07-01,34.0,Grand Teton National Park
2010-08-01,26.0,Grand Teton National Park
2010-09-01,16.0,Grand Teton National Park
2010-10-01,11.0,Grand Teton National Park
2010-11-01,10.0,Grand Teton National Park
2010-12-01,8.0,Grand Teton National Park
2011-01-01,16.0,Grand Teton National Park
2011-02-01,14.0,Grand Teton National Park
2011-03-01,13.0,Grand Teton National Park
2011-04-01,15.0,Grand Teton National Park
2011-05-01,20.0,Grand Teton National Park
2011-06-01,30.0,Grand Teton National Park
2011-07-01,35.0,Grand Teton National Park
2011-08-01,26.0,Grand Teton National Park
2011-09-01,18.0,Grand Teton National Park
2011-10-01,10.0,Grand Teton National Park
2011-11-01,10.0,Grand Teton National Park
2011-12-01,10.0,Grand Teton National Park
2012-01-01,13.0,Grand Teton National Park
2012-02-01,14.0,Grand Teton National Park
2012-03-01,14.0,Grand Teton National Park
2012-04-01,18.0,Grand Teton National Park
2012-05-01,26.0,Grand Teton National Park
2012-06-01,32.0,Grand Teton National Park
2012-07-01,32.0,Grand Teton National Park
2012-08-01,26.0,Grand Teton National Park
2012-09-01,18.0,Grand Teton National Park
2012-10-01,11.0,Grand Teton National Park
2012-11-01,8.0,Grand Teton National Park
2012-12-01,11.0,Grand Teton National Park
2013-01-01,15.0,Grand Teton National Park
2013-02-01,14.0,Grand Teton National Park
2013-03-01,14.0,Grand Teton National Park
2013-04-01,17.0,Grand Teton National Park
2013-05-01,26.0,Grand Teton National Park
2013-06-01,36.0,Grand Teton National Park
2013-07-01,35.0,Grand Teton National Park
2013-08-01,29.0,Grand Teton National Park
2013-09-01,20.0,Grand Teton National Park
2013-10-01,12.0,Grand Teton National Park
2013-11-01,10.0,Grand Teton National Park
2013-12-01,10.0,Grand Teton National Park
2014-01-01,16.0,Grand Teton National Park
2014-02-01,16.0,Grand Teton National Park
2014-03-01,16.0,Grand Teton National Park
2014-04-01,18.0,Grand Teton National Park
2014-05-01,26.0,Grand Teton National Park
2014-06-01,34.0,Grand Teton National Park
2014-07-01,38.0,Grand Teton National Park
2014-08-01,28.0,Grand Teton National Park
2014-09-01,21.0,Grand Teton National Park
2014-10-01,13.0,Grand Teton National Park
2014-11-01,11.0,Grand Teton National Park
2014-12-01,13.0,Grand Teton National Park
2015-01-01,19.0,Grand Teton National Park
2015-02-01,17.0,Grand Teton National Park
2015-03-01,20.0,Grand Teton National Park
2015-04-01,23.0,Grand Teton National Park
2015-05-01,25.0,Grand Teton National Park
2015-06-01,28.0,Grand Teton National Park
2015-07-01,31.0,Grand Teton National Park
2015-08-01,27.0,Grand Teton National Park
2015-09-01,21.0,Grand Teton National Park
2015-10-01,14.0,Grand Teton National Park
2015-11-01,11.0,Grand Teton National Park
2015-12-01,11.0,Grand Teton National Park
2016-01-01,14.0,Grand Teton National Park
2016-02-01,15.0,Grand Teton National Park
2016-03-01,16.0,Grand Teton National Park
2016-04-01,18.0,Grand Teton National Park
2016-05-01,25.0,Grand Teton National Park
2016-06-01,31.0,Grand Teton National Park
2016-07-01,31.0,Grand Teton National Park
2016-08-01,29.0,Grand Teton National Park
2016-09-01,18.0,Grand Teton National Park
2016-10-01,12.0,Grand Teton National Park
2016-11-01,11.0,Grand Teton National Park
2016-12-01,12.0,Grand Teton National Park
2017-01-01,17.0,Grand Teton National Park
2017-02-01,16.0,Grand Teton National Park
2017-03-01,15.0,Grand Teton National Park
2017-04-01,17.0,Grand Teton National Park
2017-05-01,24.0,Grand Teton National Park
2017-06-01,32.0,Grand Teton National Park
2017-07-01,32.0,Grand Teton National Park
2017-08-01,34.0,Grand Teton National Park
2017-09-01,22.0,Grand Teton National Park
2017-10-01,13.0,Grand Teton National Park
2017-11-01,11.0,Grand Teton National Park
2017-12-01,12.0,Grand Teton National Park
2018-01-01,18.0,Grand Teton National Park
2018-02-01,17.0,Grand Teton National Park
2018-03-01,16.0,Grand Teton National Park
2018-04-01,19.0,Grand Teton National Park
2018-05-01,30.0,Grand Teton National Park
2018-06-01,36.0,Grand Teton National Park
2018-07-01,38.0,Grand Teton National Park
2018-08-01,31.0,Grand Teton National Park
2018-09-01,21.0,Grand Teton National Park
2018-10-01,13.0,Grand Teton National Park
2018-11-01,9.0,Grand Teton National Park
2018-12-01,11.0,Grand Teton National Park
2019-01-01,15.0,Grand Teton National Park
2019-02-01,15.0,Grand Teton National Park
2019-03-01,16.0,Grand Teton National Park
2019-04-01,18.0,Grand Teton National Park
2019-05-01,27.0,Grand Teton National Park
2019-06-01,35.0,Grand Teton National Park
2019-07-01,38.0,Grand Teton National Park
2019-08-01,30.0,Grand Teton National Park
2019-09-01,25.0,Grand Teton National Park
2019-10-01,13.0,Grand Teton National Park
2019-11-01,10.0,Grand Teton National Park
2019-12-01,12.0,Grand Teton National Park
2020-01-01,18.0,Grand Teton National Park
2020-02-01,18.0,Grand Teton National Park
2020-03-01,12.0,Grand Teton National Park
2020-04-01,11.0,Grand Teton National Park
2020-05-01,27.0,Grand Teton National Park
2020-06-01,47.0,Grand Teton National Park
2020-07-01,56.0,Grand Teton National Park
2020-08-01,44.0,Grand Teton National Park
2020-09-01,38.0,Grand Teton National Park
2020-10-01,25.0,Grand Teton National Park
2020-11-01,13.0,Grand Teton National Park
2020-12-01,16.0,Grand Teton National Park
2021-01-01,23.0,Grand Teton National Park
2021-02-01,23.0,Grand Teton National Park
2021-03-01,26.0,Grand Teton National Park
2021-04-01,33.0,Grand Teton National Park
2021-05-01,40.0,Grand Teton National Park
2021-06-01,54.0,Grand Teton National Park
2021-07-01,45.0,Grand Teton National Park
2021-08-01,39.0,Grand Teton National Park
2021-09-01,100.0,Grand Teton National Park
2021-10-01,24.0,Grand Teton National Park
2021-11-01,14.0,Grand Teton National Park
2021-12-01,16.0,Grand Teton National Park
2022-01-01,29.0,Grand Teton National Park
2022-02-01,28.0,Grand Teton National Park
2022-03-01,27.0,Grand Teton National Park
2022-04-01,28.0,Grand Teton National Park
2022-05-01,36.0,Grand Teton National Park
2022-06-01,50.0,Grand Teton National Park
2022-07-01,38.0,Grand Teton National Park
2022-08-01,35.0,Grand Teton National Park
2022-09-01,29.0,Grand Teton National Park
2022-10-01,19.0,Grand Teton National Park
2022-11-01,13.0,Grand Teton National Park
2022-12-01,15.0,Grand Teton National Park
2023-01-01,22.0,Grand Teton National Park
2023-02-01,20.0,Grand Teton National Park
2023-03-01,20.0,Grand Teton National Park
2023-04-01,23.0,Grand Teton National Park
2023-05-01,31.0,Grand Teton National Park
2023-06-01,41.0,Grand Teton National Park
2023-07-01,44.0,Grand Teton National Park
2023-08-01,40.0,Grand Teton National Park
2023-09-01,28.0,Grand Teton National Park
2023-10-01,18.0,Grand Teton National Park
2023-11-01,12.0,Grand Teton National Park
2023-12-01,14.0,Grand Teton National Park
2024-01-01,22.0,Grand Teton National Park
2024-02-01,23.0,Grand Teton National Park
2024-03-01,22.0,Grand Teton National Park
2024-04-01,25.0,Grand Teton National Park
2024-05-01,38.0,Grand Teton National Park
2024-06-01,43.0,Grand Teton National Park
2024-07-01,36.0,Grand Teton National Park
2024-08-01,34.0,Grand Teton National Park
2024-09-01,27.0,Grand Teton National Park
2024-10-01,18.0,Grand Teton National Park
2024-11-01,14.0,Grand Teton National Park
2024-12-01,17.0,Grand Teton National Park
2025-01-01,23.0,Grand Teton National Park
2025-02-01,27.0,Grand Teton National Park
2025-03-01,27.0,Grand Teton National Park
2025-04-01,28.0,Grand Teton National Park
2025-05-01,37.0,Grand Teton National Park
2025-06-01,48.0,Grand Teton National Park
2025-07-01,50.0,Grand Teton National Park
2025-08-01,46.0,Grand Teton National Park
2025-09-01,32.0,Grand Teton National Park
2025-10-01,26.0,Grand Teton National Park
2025-11-01,22.0,Grand Teton National Park
2025-12-01,23.0,Grand Teton National Park
2010-01-01,25.0,Great Basin National Park
2010-02-01,23.0,Great Basin National Park
2010-03-01,20.0,Great Basin National Park
2010-04-01,57.0,Great Basin National Park
2010-05-01,49.0,Great Basin National Park
2010-06-01,46.0,Great Basin National Park
2010-07-01,40.0,Great Basin National Park
2010-08-01,35.0,Great Basin National Park
2010-09-01,39.0,Great Basin National Park
2010-10-01,28.0,Great Basin National Park
2010-11-01,18.0,Great Basin National Park
2010-12-01,12.0,Great Basin National Park
2011-01-01,21.0,Great Basin National Park
2011-02-01,19.0,Great Basin National Park
2011-03-01,23.0,Great Basin National Park
2011-04-01,34.0,Great Basin National Park
2011-05-01,46.0,Great Basin National Park
2011-06-01,45.0,Great Basin National Park
2011-07-01,56.0,Great Basin National Park
2011-08-01,39.0,Great Basin National Park
2011-09-01,35.0,Great Basin National Park
2011-10-01,35.0,Great Basin National Park
2011-11-01,19.0,Great Basin National Park
2011-12-01,17.0,Great Basin National Park
2012-01-01,22.0,Great Basin National Park
2012-02-01,22.0,Great Basin National Park
2012-03-01,32.0,Great Basin National Park
2012-04-01,33.0,Great Basin National Park
2012-05-01,43.0,Great Basin National Park
2012-06-01,46.0,Great Basin National Park
2012-07-01,62.0,Great Basin National Park
2012-08-01,41.0,Great Basin National Park
2012-09-01,38.0,Great Basin National Park
2012-10-01,27.0,Great Basin National Park
2012-11-01,20.0,Great Basin National Park
2012-12-01,16.0,Great Basin National Park
2013-01-01,18.0,Great Basin National Park
2013-02-01,22.0,Great Basin National Park
2013-03-01,25.0,Great Basin National Park
2013-04-01,32.0,Great Basin National Park
2013-05-01,43.0,Great Basin National Park
2013-06-01,50.0,Great Basin National Park
2013-07-01,47.0,Great Basin National Park
2013-08-01,45.0,Great Basin National Park
2013-09-01,40.0,Great Basin National Park
2013-10-01,27.0,Great Basin National Park
2013-11-01,22.0,Great Basin National Park
2013-12-01,17.0,Great Basin National Park
2014-01-01,22.0,Great Basin National Park
2014-02-01,23.0,Great Basin National Park
2014-03-01,29.0,Great Basin National Park
2014-04-01,38.0,Great Basin National Park
2014-05-01,50.0,Great Basin National Park
2014-06-01,49.0,Great Basin National Park
2014-07-01,53.0,Great Basin National Park
2014-08-01,44.0,Great Basin National Park
2014-09-01,44.0,Great Basin National Park
2014-10-01,33.0,Great Basin National Park
2014-11-01,25.0,Great Basin National Park
2014-12-01,18.0,Great Basin National Park
2015-01-01,100.0,Great Basin National Park
2015-02-01,28.0,Great Basin National Park
2015-03-01,34.0,Great Basin National Park
2015-04-01,44.0,Great Basin National Park
2015-05-01,59.0,Great Basin National Park
2015-06-01,49.0,Great Basin National Park
2015-07-01,59.0,Great Basin National Park
2015-08-01,59.0,Great Basin National Park
2015-09-01,59.0,Great Basin National Park
2015-10-01,39.0,Great Basin National Park
2015-11-01,24.0,Great Basin National Park
2015-12-01,22.0,Great Basin National Park
2016-01-01,25.0,Great Basin National Park
2016-02-01,30.0,Great Basin National Park
2016-03-01,34.0,Great Basin National Park
2016-04-01,45.0,Great Basin National Park
2016-05-01,54.0,Great Basin National Park
2016-06-01,56.0,Great Basin National Park
2016-07-01,53.0,Great Basin National Park
2016-08-01,60.0,Great Basin National Park
2016-09-01,53.0,Great Basin National Park
2016-10-01,37.0,Great Basin National Park
2016-11-01,26.0,Great Basin National Park
2016-12-01,65.0,Great Basin National Park
2017-01-01,36.0,Great Basin National Park
2017-02-01,31.0,Great Basin National Park
2017-03-01,39.0,Great Basin National Park
2017-04-01,42.0,Great Basin National Park
2017-05-01,56.0,Great Basin National Park
2017-06-01,69.0,Great Basin National Park
2017-07-01,64.0,Great Basin National Park
2017-08-01,56.0,Great Basin National Park
2017-09-01,53.0,Great Basin National Park
2017-10-01,32.0,Great Basin National Park
2017-11-01,25.0,Great Basin National Park
2017-12-01,23.0,Great Basin National Park
2018-01-01,28.0,Great Basin National Park
2018-02-01,32.0,Great Basin National Park
2018-03-01,35.0,Great Basin National Park
2018-04-01,44.0,Great Basin National Park
2018-05-01,59.0,Great Basin National Park
2018-06-01,59.0,Great Basin National Park
2018-07-01,71.0,Great Basin National Park
2018-08-01,60.0,Great Basin National Park
2018-09-01,49.0,Great Basin National Park
2018-10-01,35.0,Great Basin National Park
2018-11-01,30.0,Great Basin National Park
2018-12-01,30.0,Great Basin National Park
2019-01-01,30.0,Great Basin National Park
2019-02-01,29.0,Great Basin National Park
2019-03-01,41.0,Great Basin National Park
2019-04-01,46.0,Great Basin National Park
2019-05-01,64.0,Great Basin National Park
2019-06-01,73.0,Great Basin National Park
2019-07-01,75.0,Great Basin National Park
2019-08-01,80.0,Great Basin National Park
2019-09-01,57.0,Great Basin National Park
2019-10-01,43.0,Great Basin National Park
2019-11-01,30.0,Great Basin National Park
2019-12-01,25.0,Great Basin National Park
2020-01-01,33.0,Great Basin National Park
2020-02-01,44.0,Great Basin National Park
2020-03-01,32.0,Great Basin National Park
2020-04-01,29.0,Great Basin National Park
2020-05-01,61.0,Great Basin National Park
2020-06-01,88.0,Great Basin National Park
2020-07-01,80.0,Great Basin National Park
2020-08-01,68.0,Great Basin National Park
2020-09-01,78.0,Great Basin National Park
2020-10-01,51.0,Great Basin National Park
2020-11-01,29.0,Great Basin National Park
2020-12-01,30.0,Great Basin National Park
2021-01-01,33.0,Great Basin National Park
2021-02-01,39.0,Great Basin National Park
2021-03-01,49.0,Great Basin National Park
2021-04-01,56.0,Great Basin National Park
2021-05-01,78.0,Great Basin National Park
2021-06-01,88.0,Great Basin National Park
2021-07-01,69.0,Great Basin National Park
2021-08-01,60.0,Great Basin National Park
2021-09-01,69.0,Great Basin National Park
2021-10-01,43.0,Great Basin National Park
2021-11-01,34.0,Great Basin National Park
2021-12-01,27.0,Great Basin National Park
2022-01-01,42.0,Great Basin National Park
2022-02-01,56.0,Great Basin National Park
2022-03-01,55.0,Great Basin National Park
2022-04-01,67.0,Great Basin National Park
2022-05-01,78.0,Great Basin National Park
2022-06-01,77.0,Great Basin National Park
2022-07-01,72.0,Great Basin National Park
2022-08-01,70.0,Great Basin National Park
2022-09-01,59.0,Great Basin National Park
2022-10-01,47.0,Great Basin National Park
2022-11-01,38.0,Great Basin National Park
2022-12-01,32.0,Great Basin National Park
2023-01-01,43.0,Great Basin National Park
2023-02-01,41.0,Great Basin National Park
2023-03-01,50.0,Great Basin National Park
2023-04-01,57.0,Great Basin National Park
2023-05-01,78.0,Great Basin National Park
2023-06-01,80.0,Great Basin National Park
2023-07-01,76.0,Great Basin National Park
2023-08-01,64.0,Great Basin National Park
2023-09-01,61.0,Great Basin National Park
2023-10-01,58.0,Great Basin National Park
2023-11-01,39.0,Great Basin National Park
2023-12-01,33.0,Great Basin National Park
2024-01-01,40.0,Great Basin National Park
2024-02-01,42.0,Great Basin National Park
2024-03-01,52.0,Great Basin National Park
2024-04-01,58.0,Great Basin National Park
2024-05-01,82.0,Great Basin National Park
2024-06-01,72.0,Great Basin National Park
2024-07-01,66.0,Great Basin National Park
2024-08-01,66.0,Great Basin National Park
2024-09-01,61.0,Great Basin National Park
2024-10-01,55.0,Great Basin National Park
2024-11-01,35.0,Great Basin National Park
2024-12-01,42.0,Great Basin National Park
2025-01-01,40.0,Great Basin National Park
2025-02-01,46.0,Great Basin National Park
2025-03-01,54.0,Great Basin National Park
2025-04-01,54.0,Great Basin National Park
2025-05-01,80.0,Great Basin National Park
2025-06-01,78.0,Great Basin National Park
2025-07-01,82.0,Great Basin National Park
2025-08-01,87.0,Great Basin National Park
2025-09-01,75.0,Great Basin National Park
2025-10-01,55.0,Great Basin National Park
2025-11-01,44.0,Great Basin National Park
2025-12-01,43.0,Great Basin National Park
2010-01-01,12.0,Great Sand Dunes National Park
2010-02-01,18.0,Great Sand Dunes National Park
2010-03-01,21.0,Great Sand Dunes National Park
2010-04-01,29.0,Great Sand Dunes National Park
2010-05-01,42.0,Great Sand Dunes National Park
2010-06-01,65.0,Great Sand Dunes National Park
2010-07-01,48.0,Great Sand Dunes National Park
2010-08-01,32.0,Great Sand Dunes National Park
2010-09-01,25.0,Great Sand Dunes National Park
2010-10-01,23.0,Great Sand Dunes National Park
2010-11-01,14.0,Great Sand Dunes National Park
2010-12-01,14.0,Great Sand Dunes National Park
2011-01-01,20.0,Great Sand Dunes National Park
2011-02-01,20.0,Great Sand Dunes National Park
2011-03-01,22.0,Great Sand Dunes National Park
2011-04-01,27.0,Great Sand Dunes National Park
2011-05-01,41.0,Great Sand Dunes National Park
2011-06-01,44.0,Great Sand Dunes National Park
2011-07-01,38.0,Great Sand Dunes National Park
2011-08-01,30.0,Great Sand Dunes National Park
2011-09-01,24.0,Great Sand Dunes National Park
2011-10-01,16.0,Great Sand Dunes National Park
2011-11-01,13.0,Great Sand Dunes National Park
2011-12-01,12.0,Great Sand Dunes National Park
2012-01-01,18.0,Great Sand Dunes National Park
2012-02-01,18.0,Great Sand Dunes National Park
2012-03-01,26.0,Great Sand Dunes National Park
2012-04-01,30.0,Great Sand Dunes National Park
2012-05-01,43.0,Great Sand Dunes National Park
2012-06-01,43.0,Great Sand Dunes National Park
2012-07-01,36.0,Great Sand Dunes National Park
2012-08-01,28.0,Great Sand Dunes National Park
2012-09-01,23.0,Great Sand Dunes National Park
2012-10-01,17.0,Great Sand Dunes National Park
2012-11-01,16.0,Great Sand Dunes National Park
2012-12-01,12.0,Great Sand Dunes National Park
2013-01-01,15.0,Great Sand Dunes National Park
2013-02-01,15.0,Great Sand Dunes National Park
2013-03-01,22.0,Great Sand Dunes National Park
2013-04-01,32.0,Great Sand Dunes National Park
2013-05-01,43.0,Great Sand Dunes National Park
2013-06-01,36.0,Great Sand Dunes National Park
2013-07-01,31.0,Great Sand Dunes National Park
2013-08-01,28.0,Great Sand Dunes National Park
2013-09-01,22.0,Great Sand Dunes National Park
2013-10-01,17.0,Great Sand Dunes National Park
2013-11-01,16.0,Great Sand Dunes National Park
2013-12-01,14.0,Great Sand Dunes National Park
2014-01-01,15.0,Great Sand Dunes National Park
2014-02-01,18.0,Great Sand Dunes National Park
2014-03-01,31.0,Great Sand Dunes National Park
2014-04-01,33.0,Great Sand Dunes National Park
2014-05-01,50.0,Great Sand Dunes National Park
2014-06-01,57.0,Great Sand Dunes National Park
2014-07-01,52.0,Great Sand Dunes National Park
2014-08-01,38.0,Great Sand Dunes National Park
2014-09-01,31.0,Great Sand Dunes National Park
2014-10-01,24.0,Great Sand Dunes National Park
2014-11-01,18.0,Great Sand Dunes National Park
2014-12-01,22.0,Great Sand Dunes National Park
2015-01-01,22.0,Great Sand Dunes National Park
2015-02-01,28.0,Great Sand Dunes National Park
2015-03-01,40.0,Great Sand Dunes National Park
2015-04-01,46.0,Great Sand Dunes National Park
2015-05-01,64.0,Great Sand Dunes National Park
2015-06-01,70.0,Great Sand Dunes National Park
2015-07-01,51.0,Great Sand Dunes National Park
2015-08-01,53.0,Great Sand Dunes National Park
2015-09-01,33.0,Great Sand Dunes National Park
2015-10-01,30.0,Great Sand Dunes National Park
2015-11-01,11.0,Great Sand Dunes National Park
2015-12-01,22.0,Great Sand Dunes National Park
2016-01-01,26.0,Great Sand Dunes National Park
2016-02-01,22.0,Great Sand Dunes National Park
2016-03-01,29.0,Great Sand Dunes National Park
2016-04-01,36.0,Great Sand Dunes National Park
2016-05-01,54.0,Great Sand Dunes National Park
2016-06-01,59.0,Great Sand Dunes National Park
2016-07-01,49.0,Great Sand Dunes National Park
2016-08-01,42.0,Great Sand Dunes National Park
2016-09-01,30.0,Great Sand Dunes National Park
2016-10-01,23.0,Great Sand Dunes National Park
2016-11-01,19.0,Great Sand Dunes National Park
2016-12-01,18.0,Great Sand Dunes National Park
2017-01-01,24.0,Great Sand Dunes National Park
2017-02-01,28.0,Great Sand Dunes National Park
2017-03-01,35.0,Great Sand Dunes National Park
2017-04-01,44.0,Great Sand Dunes National Park
2017-05-01,62.0,Great Sand Dunes National Park
2017-06-01,76.0,Great Sand Dunes National Park
2017-07-01,58.0,Great Sand Dunes National Park
2017-08-01,42.0,Great Sand Dunes National Park
2017-09-01,30.0,Great Sand Dunes National Park
2017-10-01,26.0,Great Sand Dunes National Park
2017-11-01,21.0,Great Sand Dunes National Park
2017-12-01,22.0,Great Sand Dunes National Park
2018-01-01,29.0,Great Sand Dunes National Park
2018-02-01,32.0,Great Sand Dunes National Park
2018-03-01,43.0,Great Sand Dunes National Park
2018-04-01,48.0,Great Sand Dunes National Park
2018-05-01,54.0,Great Sand Dunes National Park
2018-06-01,62.0,Great Sand Dunes National Park
2018-07-01,57.0,Great Sand Dunes National Park
2018-08-01,45.0,Great Sand Dunes National Park
2018-09-01,39.0,Great Sand Dunes National Park
2018-10-01,33.0,Great Sand Dunes National Park
2018-11-01,27.0,Great Sand Dunes National Park
2018-12-01,22.0,Great Sand Dunes National Park
2019-01-01,30.0,Great Sand Dunes National Park
2019-02-01,38.0,Great Sand Dunes National Park
2019-03-01,41.0,Great Sand Dunes National Park
2019-04-01,49.0,Great Sand Dunes National Park
2019-05-01,77.0,Great Sand Dunes National Park
2019-06-01,88.0,Great Sand Dunes National Park
2019-07-01,73.0,Great Sand Dunes National Park
2019-08-01,63.0,Great Sand Dunes National Park
2019-09-01,45.0,Great Sand Dunes National Park
2019-10-01,40.0,Great Sand Dunes National Park
2019-11-01,29.0,Great Sand Dunes National Park
2019-12-01,25.0,Great Sand Dunes National Park
2020-01-01,34.0,Great Sand Dunes National Park
2020-02-01,33.0,Great Sand Dunes National Park
2020-03-01,36.0,Great Sand Dunes National Park
2020-04-01,33.0,Great Sand Dunes National Park
2020-05-01,63.0,Great Sand Dunes National Park
2020-06-01,100.0,Great Sand Dunes National Park
2020-07-01,100.0,Great Sand Dunes National Park
2020-08-01,87.0,Great Sand Dunes National Park
2020-09-01,72.0,Great Sand Dunes National Park
2020-10-01,53.0,Great Sand Dunes National Park
2020-11-01,32.0,Great Sand Dunes National Park
2020-12-01,36.0,Great Sand Dunes National Park
2021-01-01,36.0,Great Sand Dunes National Park
2021-02-01,40.0,Great Sand Dunes National Park
2021-03-01,48.0,Great Sand Dunes National Park
2021-04-01,70.0,Great Sand Dunes National Park
2021-05-01,86.0,Great Sand Dunes National Park
2021-06-01,92.0,Great Sand Dunes National Park
2021-07-01,85.0,Great Sand Dunes National Park
2021-08-01,66.0,Great Sand Dunes National Park
2021-09-01,57.0,Great Sand Dunes National Park
2021-10-01,41.0,Great Sand Dunes National Park
2021-11-01,32.0,Great Sand Dunes National Park
2021-12-01,27.0,Great Sand Dunes National Park
2022-01-01,40.0,Great Sand Dunes National Park
2022-02-01,47.0,Great Sand Dunes National Park
2022-03-01,60.0,Great Sand Dunes National Park
2022-04-01,69.0,Great Sand Dunes National Park
2022-05-01,85.0,Great Sand Dunes National Park
2022-06-01,81.0,Great Sand Dunes National Park
2022-07-01,84.0,Great Sand Dunes National Park
2022-08-01,65.0,Great Sand Dunes National Park
2022-09-01,59.0,Great Sand Dunes National Park
2022-10-01,43.0,Great Sand Dunes National Park
2022-11-01,29.0,Great Sand Dunes National Park
2022-12-01,30.0,Great Sand Dunes National Park
2023-01-01,41.0,Great Sand Dunes National Park
2023-02-01,44.0,Great Sand Dunes National Park
2023-03-01,52.0,Great Sand Dunes National Park
2023-04-01,60.0,Great Sand Dunes National Park
2023-05-01,79.0,Great Sand Dunes National Park
2023-06-01,83.0,Great Sand Dunes National Park
2023-07-01,79.0,Great Sand Dunes National Park
2023-08-01,53.0,Great Sand Dunes National Park
2023-09-01,53.0,Great Sand Dunes National Park
2023-10-01,40.0,Great Sand Dunes National Park
2023-11-01,30.0,Great Sand Dunes National Park
2023-12-01,34.0,Great Sand Dunes National Park
2024-01-01,37.0,Great Sand Dunes National Park
2024-02-01,40.0,Great Sand Dunes National Park
2024-03-01,51.0,Great Sand Dunes National Park
2024-04-01,54.0,Great Sand Dunes National Park
2024-05-01,80.0,Great Sand Dunes National Park
2024-06-01,80.0,Great Sand Dunes National Park
2024-07-01,73.0,Great Sand Dunes National Park
2024-08-01,54.0,Great Sand Dunes National Park
2024-09-01,46.0,Great Sand Dunes National Park
2024-10-01,38.0,Great Sand Dunes National Park
2024-11-01,26.0,Great Sand Dunes National Park
2024-12-01,28.0,Great Sand Dunes National Park
2025-01-01,35.0,Great Sand Dunes National Park
2025-02-01,37.0,Great Sand Dunes National Park
2025-03-01,48.0,Great Sand Dunes National Park
2025-04-01,50.0,Great Sand Dunes National Park
2025-05-01,77.0,Great Sand Dunes National Park
2025-06-01,73.0,Great Sand Dunes National Park
2025-07-01,73.0,Great Sand Dunes National Park
2025-08-01,53.0,Great Sand Dunes National Park
2025-09-01,45.0,Great Sand Dunes National Park
2025-10-01,38.0,Great Sand Dunes National Park
2025-11-01,30.0,Great Sand Dunes National Park
2025-12-01,32.0,Great Sand Dunes National Park
2010-01-01,54.0,Great Smoky Mountains National Park
2010-02-01,54.0,Great Smoky Mountains National Park
2010-03-01,60.0,Great Smoky Mountains National Park
2010-04-01,62.0,Great Smoky Mountains National Park
2010-05-01,67.0,Great Smoky Mountains National Park
2010-06-01,59.0,Great Smoky Mountains National Park
2010-07-01,54.0,Great Smoky Mountains National Park
2010-08-01,42.0,Great Smoky Mountains National Park
2010-09-01,51.0,Great Smoky Mountains National Park
2010-10-01,55.0,Great Smoky Mountains National Park
2010-11-01,39.0,Great Smoky Mountains National Park
2010-12-01,34.0,Great Smoky Mountains National Park
2011-01-01,41.0,Great Smoky Mountains National Park
2011-02-01,41.0,Great Smoky Mountains National Park
2011-03-01,41.0,Great Smoky Mountains National Park
2011-04-01,42.0,Great Smoky Mountains National Park
2011-05-01,49.0,Great Smoky Mountains National Park
2011-06-01,50.0,Great Smoky Mountains National Park
2011-07-01,46.0,Great Smoky Mountains National Park
2011-08-01,43.0,Great Smoky Mountains National Park
2011-09-01,42.0,Great Smoky Mountains National Park
2011-10-01,46.0,Great Smoky Mountains National Park
2011-11-01,33.0,Great Smoky Mountains National Park
2011-12-01,28.0,Great Smoky Mountains National Park
2012-01-01,31.0,Great Smoky Mountains National Park
2012-02-01,33.0,Great Smoky Mountains National Park
2012-03-01,42.0,Great Smoky Mountains National Park
2012-04-01,43.0,Great Smoky Mountains National Park
2012-05-01,50.0,Great Smoky Mountains National Park
2012-06-01,47.0,Great Smoky Mountains National Park
2012-07-01,59.0,Great Smoky Mountains National Park
2012-08-01,42.0,Great Smoky Mountains National Park
2012-09-01,51.0,Great Smoky Mountains National Park
2012-10-01,62.0,Great Smoky Mountains National Park
2012-11-01,38.0,Great Smoky Mountains National Park
2012-12-01,33.0,Great Smoky Mountains National Park
2013-01-01,46.0,Great Smoky Mountains National Park
2013-02-01,41.0,Great Smoky Mountains National Park
2013-03-01,61.0,Great Smoky Mountains National Park
2013-04-01,52.0,Great Smoky Mountains National Park
2013-05-01,59.0,Great Smoky Mountains National Park
2013-06-01,53.0,Great Smoky Mountains National Park
2013-07-01,60.0,Great Smoky Mountains National Park
2013-08-01,54.0,Great Smoky Mountains National Park
2013-09-01,53.0,Great Smoky Mountains National Park
2013-10-01,100.0,Great Smoky Mountains National Park
2013-11-01,43.0,Great Smoky Mountains National Park
2013-12-01,35.0,Great Smoky Mountains National Park
2014-01-01,45.0,Great Smoky Mountains National Park
2014-02-01,47.0,Great Smoky Mountains National Park
2014-03-01,57.0,Great Smoky Mountains National Park
2014-04-01,60.0,Great Smoky Mountains National Park
2014-05-01,66.0,Great Smoky Mountains National Park
2014-06-01,69.0,Great Smoky Mountains National Park
2014-07-01,72.0,Great Smoky Mountains National Park
2014-08-01,57.0,Great Smoky Mountains National Park
2014-09-01,72.0,Great Smoky Mountains National Park
2014-10-01,81.0,Great Smoky Mountains National Park
2014-11-01,49.0,Great Smoky Mountains National Park
2014-12-01,44.0,Great Smoky Mountains National Park
2015-01-01,53.0,Great Smoky Mountains National Park
2015-02-01,55.0,Great Smoky Mountains National Park
2015-03-01,61.0,Great Smoky Mountains National Park
2015-04-01,55.0,Great Smoky Mountains National Park
2015-05-01,63.0,Great Smoky Mountains National Park
2015-06-01,72.0,Great Smoky Mountains National Park
2015-07-01,66.0,Great Smoky Mountains National Park
2015-08-01,54.0,Great Smoky Mountains National Park
2015-09-01,61.0,Great Smoky Mountains National Park
2015-10-01,60.0,Great Smoky Mountains National Park
2015-11-01,32.0,Great Smoky Mountains National Park
2015-12-01,36.0,Great Smoky Mountains National Park
2016-01-01,37.0,Great Smoky Mountains National Park
2016-02-01,39.0,Great Smoky Mountains National Park
2016-03-01,42.0,Great Smoky Mountains National Park
2016-04-01,43.0,Great Smoky Mountains National Park
2016-05-01,52.0,Great Smoky Mountains National Park
2016-06-01,50.0,Great Smoky Mountains National Park
2016-07-01,45.0,Great Smoky Mountains National Park
2016-08-01,43.0,Great Smoky Mountains National Park
2016-09-01,34.0,Great Smoky Mountains National Park
2016-10-01,47.0,Great Smoky Mountains National Park
2016-11-01,42.0,Great Smoky Mountains National Park
2016-12-01,30.0,Great Smoky Mountains National Park
2017-01-01,28.0,Great Smoky Mountains National Park
2017-02-01,35.0,Great Smoky Mountains National Park
2017-03-01,43.0,Great Smoky Mountains National Park
2017-04-01,39.0,Great Smoky Mountains National Park
2017-05-01,46.0,Great Smoky Mountains National Park
2017-06-01,40.0,Great Smoky Mountains National Park
2017-07-01,55.0,Great Smoky Mountains National Park
2017-08-01,50.0,Great Smoky Mountains National Park
2017-09-01,38.0,Great Smoky Mountains National Park
2017-10-01,45.0,Great Smoky Mountains National Park
2017-11-01,31.0,Great Smoky Mountains National Park
2017-12-01,31.0,Great Smoky Mountains National Park
2018-01-01,31.0,Great Smoky Mountains National Park
2018-02-01,31.0,Great Smoky Mountains National Park
2018-03-01,45.0,Great Smoky Mountains National Park
2018-04-01,39.0,Great Smoky Mountains National Park
2018-05-01,43.0,Great Smoky Mountains National Park
2018-06-01,39.0,Great Smoky Mountains National Park
2018-07-01,38.0,Great Smoky Mountains National Park
2018-08-01,36.0,Great Smoky Mountains National Park
2018-09-01,36.0,Great Smoky Mountains National Park
2018-10-01,42.0,Great Smoky Mountains National Park
2018-11-01,31.0,Great Smoky Mountains National Park
2018-12-01,31.0,Great Smoky Mountains National Park
2019-01-01,33.0,Great Smoky Mountains National Park
2019-02-01,29.0,Great Smoky Mountains National Park
2019-03-01,45.0,Great Smoky Mountains National Park
2019-04-01,43.0,Great Smoky Mountains National Park
2019-05-01,45.0,Great Smoky Mountains National Park
2019-06-01,45.0,Great Smoky Mountains National Park
2019-07-01,48.0,Great Smoky Mountains National Park
2019-08-01,39.0,Great Smoky Mountains National Park
2019-09-01,40.0,Great Smoky Mountains National Park
2019-10-01,42.0,Great Smoky Mountains National Park
2019-11-01,32.0,Great Smoky Mountains National Park
2019-12-01,31.0,Great Smoky Mountains National Park
2020-01-01,35.0,Great Smoky Mountains National Park
2020-02-01,39.0,Great Smoky Mountains National Park
2020-03-01,37.0,Great Smoky Mountains National Park
2020-04-01,37.0,Great Smoky Mountains National Park
2020-05-01,68.0,Great Smoky Mountains National Park
2020-06-01,59.0,Great Smoky Mountains National Park
2020-07-01,59.0,Great Smoky Mountains National Park
2020-08-01,49.0,Great Smoky Mountains National Park
2020-09-01,57.0,Great Smoky Mountains National Park
2020-10-01,57.0,Great Smoky Mountains National Park
2020-11-01,33.0,Great Smoky Mountains National Park
2020-12-01,36.0,Great Smoky Mountains National Park
2021-01-01,35.0,Great Smoky Mountains National Park
2021-02-01,38.0,Great Smoky Mountains National Park
2021-03-01,48.0,Great Smoky Mountains National Park
2021-04-01,53.0,Great Smoky Mountains National Park
2021-05-01,54.0,Great Smoky Mountains National Park
2021-06-01,59.0,Great Smoky Mountains National Park
2021-07-01,54.0,Great Smoky Mountains National Park
2021-08-01,50.0,Great Smoky Mountains National Park
2021-09-01,45.0,Great Smoky Mountains National Park
2021-10-01,48.0,Great Smoky Mountains National Park
2021-11-01,34.0,Great Smoky Mountains National Park
2021-12-01,27.0,Great Smoky Mountains National Park
2022-01-01,38.0,Great Smoky Mountains National Park
2022-02-01,42.0,Great Smoky Mountains National Park
2022-03-01,53.0,Great Smoky Mountains National Park
2022-04-01,55.0,Great Smoky Mountains National Park
2022-05-01,58.0,Great Smoky Mountains National Park
2022-06-01,46.0,Great Smoky Mountains National Park
2022-07-01,48.0,Great Smoky Mountains National Park
2022-08-01,49.0,Great Smoky Mountains National Park
2022-09-01,46.0,Great Smoky Mountains National Park
2022-10-01,49.0,Great Smoky Mountains National Park
2022-11-01,32.0,Great Smoky Mountains National Park
2022-12-01,34.0,Great Smoky Mountains National Park
2023-01-01,41.0,Great Smoky Mountains National Park
2023-02-01,43.0,Great Smoky Mountains National Park
2023-03-01,55.0,Great Smoky Mountains National Park
2023-04-01,55.0,Great Smoky Mountains National Park
2023-05-01,59.0,Great Smoky Mountains National Park
2023-06-01,57.0,Great Smoky Mountains National Park
2023-07-01,52.0,Great Smoky Mountains National Park
2023-08-01,49.0,Great Smoky Mountains National Park
2023-09-01,60.0,Great Smoky Mountains National Park
2023-10-01,53.0,Great Smoky Mountains National Park
2023-11-01,44.0,Great Smoky Mountains National Park
2023-12-01,39.0,Great Smoky Mountains National Park
2024-01-01,43.0,Great Smoky Mountains National Park
2024-02-01,48.0,Great Smoky Mountains National Park
2024-03-01,58.0,Great Smoky Mountains National Park
2024-04-01,57.0,Great Smoky Mountains National Park
2024-05-01,68.0,Great Smoky Mountains National Park
2024-06-01,56.0,Great Smoky Mountains National Park
2024-07-01,52.0,Great Smoky Mountains National Park
2024-08-01,51.0,Great Smoky Mountains National Park
2024-09-01,68.0,Great Smoky Mountains National Park
2024-10-01,62.0,Great Smoky Mountains National Park
2024-11-01,44.0,Great Smoky Mountains National Park
2024-12-01,45.0,Great Smoky Mountains National Park
2025-01-01,49.0,Great Smoky Mountains National Park
2025-02-01,51.0,Great Smoky Mountains National Park
2025-03-01,64.0,Great Smoky Mountains National Park
2025-04-01,64.0,Great Smoky Mountains National Park
2025-05-01,82.0,Great Smoky Mountains National Park
2025-06-01,61.0,Great Smoky Mountains National Park
2025-07-01,66.0,Great Smoky Mountains National Park
2025-08-01,62.0,Great Smoky Mountains National Park
2025-09-01,66.0,Great Smoky Mountains National Park
2025-10-01,80.0,Great Smoky Mountains National Park
2025-11-01,52.0,Great Smoky Mountains National Park
2025-12-01,55.0,Great Smoky Mountains National Park
2010-01-01,52.0,Guadalupe Mountains National Park
2010-02-01,54.0,Guadalupe Mountains National Park
2010-03-01,58.0,Guadalupe Mountains National Park
2010-04-01,56.0,Guadalupe Mountains National Park
2010-05-01,56.0,Guadalupe Mountains National Park
2010-06-01,36.0,Guadalupe Mountains National Park
2010-07-01,32.0,Guadalupe Mountains National Park
2010-08-01,23.0,Guadalupe Mountains National Park
2010-09-01,30.0,Guadalupe Mountains National Park
2010-10-01,35.0,Guadalupe Mountains National Park
2010-11-01,35.0,Guadalupe Mountains National Park
2010-12-01,32.0,Guadalupe Mountains National Park
2011-01-01,33.0,Guadalupe Mountains National Park
2011-02-01,39.0,Guadalupe Mountains National Park
2011-03-01,40.0,Guadalupe Mountains National Park
2011-04-01,43.0,Guadalupe Mountains National Park
2011-05-01,43.0,Guadalupe Mountains National Park
2011-06-01,36.0,Guadalupe Mountains National Park
2011-07-01,24.0,Guadalupe Mountains National Park
2011-08-01,18.0,Guadalupe Mountains National Park
2011-09-01,29.0,Guadalupe Mountains National Park
2011-10-01,34.0,Guadalupe Mountains National Park
2011-11-01,40.0,Guadalupe Mountains National Park
2011-12-01,33.0,Guadalupe Mountains National Park
2012-01-01,40.0,Guadalupe Mountains National Park
2012-02-01,32.0,Guadalupe Mountains National Park
2012-03-01,44.0,Guadalupe Mountains National Park
2012-04-01,38.0,Guadalupe Mountains National Park
2012-05-01,48.0,Guadalupe Mountains National Park
2012-06-01,31.0,Guadalupe Mountains National Park
2012-07-01,26.0,Guadalupe Mountains National Park
2012-08-01,29.0,Guadalupe Mountains National Park
2012-09-01,31.0,Guadalupe Mountains National Park
2012-10-01,32.0,Guadalupe Mountains National Park
2012-11-01,34.0,Guadalupe Mountains National Park
2012-12-01,28.0,Guadalupe Mountains National Park
2013-01-01,28.0,Guadalupe Mountains National Park
2013-02-01,22.0,Guadalupe Mountains National Park
2013-03-01,24.0,Guadalupe Mountains National Park
2013-04-01,32.0,Guadalupe Mountains National Park
2013-05-01,37.0,Guadalupe Mountains National Park
2013-06-01,29.0,Guadalupe Mountains National Park
2013-07-01,22.0,Guadalupe Mountains National Park
2013-08-01,29.0,Guadalupe Mountains National Park
2013-09-01,35.0,Guadalupe Mountains National Park
2013-10-01,33.0,Guadalupe Mountains National Park
2013-11-01,31.0,Guadalupe Mountains National Park
2013-12-01,22.0,Guadalupe Mountains National Park
2014-01-01,20.0,Guadalupe Mountains National Park
2014-02-01,24.0,Guadalupe Mountains National Park
2014-03-01,42.0,Guadalupe Mountains National Park
2014-04-01,38.0,Guadalupe Mountains National Park
2014-05-01,46.0,Guadalupe Mountains National Park
2014-06-01,24.0,Guadalupe Mountains National Park
2014-07-01,30.0,Guadalupe Mountains National Park
2014-08-01,30.0,Guadalupe Mountains National Park
2014-09-01,34.0,Guadalupe Mountains National Park
2014-10-01,39.0,Guadalupe Mountains National Park
2014-11-01,35.0,Guadalupe Mountains National Park
2014-12-01,47.0,Guadalupe Mountains National Park
2015-01-01,43.0,Guadalupe Mountains National Park
2015-02-01,43.0,Guadalupe Mountains National Park
2015-03-01,45.0,Guadalupe Mountains National Park
2015-04-01,39.0,Guadalupe Mountains National Park
2015-05-01,37.0,Guadalupe Mountains National Park
2015-06-01,36.0,Guadalupe Mountains National Park
2015-07-01,34.0,Guadalupe Mountains National Park
2015-08-01,34.0,Guadalupe Mountains National Park
2015-09-01,26.0,Guadalupe Mountains National Park
2015-10-01,37.0,Guadalupe Mountains National Park
2015-11-01,41.0,Guadalupe Mountains National Park
2015-12-01,44.0,Guadalupe Mountains National Park
2016-01-01,37.0,Guadalupe Mountains National Park
2016-02-01,37.0,Guadalupe Mountains National Park
2016-03-01,44.0,Guadalupe Mountains National Park
2016-04-01,49.0,Guadalupe Mountains National Park
2016-05-01,56.0,Guadalupe Mountains National Park
2016-06-01,33.0,Guadalupe Mountains National Park
2016-07-01,29.0,Guadalupe Mountains National Park
2016-08-01,38.0,Guadalupe Mountains National Park
2016-09-01,43.0,Guadalupe Mountains National Park
2016-10-01,50.0,Guadalupe Mountains National Park
2016-11-01,48.0,Guadalupe Mountains National Park
2016-12-01,43.0,Guadalupe Mountains National Park
2017-01-01,46.0,Guadalupe Mountains National Park
2017-02-01,53.0,Guadalupe Mountains National Park
2017-03-01,60.0,Guadalupe Mountains National Park
2017-04-01,38.0,Guadalupe Mountains National Park
2017-05-01,34.0,Guadalupe Mountains National Park
2017-06-01,39.0,Guadalupe Mountains National Park
2017-07-01,43.0,Guadalupe Mountains National Park
2017-08-01,35.0,Guadalupe Mountains National Park
2017-09-01,33.0,Guadalupe Mountains National Park
2017-10-01,31.0,Guadalupe Mountains National Park
2017-11-01,50.0,Guadalupe Mountains National Park
2017-12-01,53.0,Guadalupe Mountains National Park
2018-01-01,49.0,Guadalupe Mountains National Park
2018-02-01,49.0,Guadalupe Mountains National Park
2018-03-01,59.0,Guadalupe Mountains National Park
2018-04-01,43.0,Guadalupe Mountains National Park
2018-05-01,34.0,Guadalupe Mountains National Park
2018-06-01,39.0,Guadalupe Mountains National Park
2018-07-01,40.0,Guadalupe Mountains National Park
2018-08-01,42.0,Guadalupe Mountains National Park
2018-09-01,38.0,Guadalupe Mountains National Park
2018-10-01,57.0,Guadalupe Mountains National Park
2018-11-01,50.0,Guadalupe Mountains National Park
2018-12-01,53.0,Guadalupe Mountains National Park
2019-01-01,47.0,Guadalupe Mountains National Park
2019-02-01,56.0,Guadalupe Mountains National Park
2019-03-01,68.0,Guadalupe Mountains National Park
2019-04-01,53.0,Guadalupe Mountains National Park
2019-05-01,56.0,Guadalupe Mountains National Park
2019-06-01,50.0,Guadalupe Mountains National Park
2019-07-01,48.0,Guadalupe Mountains National Park
2019-08-01,47.0,Guadalupe Mountains National Park
2019-09-01,54.0,Guadalupe Mountains National Park
2019-10-01,55.0,Guadalupe Mountains National Park
2019-11-01,55.0,Guadalupe Mountains National Park
2019-12-01,57.0,Guadalupe Mountains National Park
2020-01-01,63.0,Guadalupe Mountains National Park
2020-02-01,60.0,Guadalupe Mountains National Park
2020-03-01,52.0,Guadalupe Mountains National Park
2020-04-01,37.0,Guadalupe Mountains National Park
2020-05-01,62.0,Guadalupe Mountains National Park
2020-06-01,59.0,Guadalupe Mountains National Park
2020-07-01,69.0,Guadalupe Mountains National Park
2020-08-01,66.0,Guadalupe Mountains National Park
2020-09-01,78.0,Guadalupe Mountains National Park
2020-10-01,83.0,Guadalupe Mountains National Park
2020-11-01,77.0,Guadalupe Mountains National Park
2020-12-01,74.0,Guadalupe Mountains National Park
2021-01-01,77.0,Guadalupe Mountains National Park
2021-02-01,80.0,Guadalupe Mountains National Park
2021-03-01,88.0,Guadalupe Mountains National Park
2021-04-01,73.0,Guadalupe Mountains National Park
2021-05-01,77.0,Guadalupe Mountains National Park
2021-06-01,69.0,Guadalupe Mountains National Park
2021-07-01,63.0,Guadalupe Mountains National Park
2021-08-01,63.0,Guadalupe Mountains National Park
2021-09-01,65.0,Guadalupe Mountains National Park
2021-10-01,70.0,Guadalupe Mountains National Park
2021-11-01,72.0,Guadalupe Mountains National Park
2021-12-01,68.0,Guadalupe Mountains National Park
2022-01-01,94.0,Guadalupe Mountains National Park
2022-02-01,99.0,Guadalupe Mountains National Park
2022-03-01,100.0,Guadalupe Mountains National Park
2022-04-01,74.0,Guadalupe Mountains National Park
2022-05-01,77.0,Guadalupe Mountains National Park
2022-06-01,49.0,Guadalupe Mountains National Park
2022-07-01,49.0,Guadalupe Mountains National Park
2022-08-01,53.0,Guadalupe Mountains National Park
2022-09-01,61.0,Guadalupe Mountains National Park
2022-10-01,66.0,Guadalupe Mountains National Park
2022-11-01,68.0,Guadalupe Mountains National Park
2022-12-01,72.0,Guadalupe Mountains National Park
2023-01-01,88.0,Guadalupe Mountains National Park
2023-02-01,80.0,Guadalupe Mountains National Park
2023-03-01,96.0,Guadalupe Mountains National Park
2023-04-01,79.0,Guadalupe Mountains National Park
2023-05-01,82.0,Guadalupe Mountains National Park
2023-06-01,70.0,Guadalupe Mountains National Park
2023-07-01,51.0,Guadalupe Mountains National Park
2023-08-01,53.0,Guadalupe Mountains National Park
2023-09-01,59.0,Guadalupe Mountains National Park
2023-10-01,77.0,Guadalupe Mountains National Park
2023-11-01,79.0,Guadalupe Mountains National Park
2023-12-01,75.0,Guadalupe Mountains National Park
2024-01-01,83.0,Guadalupe Mountains National Park
2024-02-01,97.0,Guadalupe Mountains National Park
2024-03-01,98.0,Guadalupe Mountains National Park
2024-04-01,92.0,Guadalupe Mountains National Park
2024-05-01,77.0,Guadalupe Mountains National Park
2024-06-01,63.0,Guadalupe Mountains National Park
2024-07-01,59.0,Guadalupe Mountains National Park
2024-08-01,62.0,Guadalupe Mountains National Park
2024-09-01,67.0,Guadalupe Mountains National Park
2024-10-01,75.0,Guadalupe Mountains National Park
2024-11-01,84.0,Guadalupe Mountains National Park
2024-12-01,90.0,Guadalupe Mountains National Park
2025-01-01,69.0,Guadalupe Mountains National Park
2025-02-01,84.0,Guadalupe Mountains National Park
2025-03-01,84.0,Guadalupe Mountains National Park
2025-04-01,71.0,Guadalupe Mountains National Park
2025-05-01,71.0,Guadalupe Mountains National Park
2025-06-01,58.0,Guadalupe Mountains National Park
2025-07-01,60.0,Guadalupe Mountains National Park
2025-08-01,63.0,Guadalupe Mountains National Park
2025-09-01,67.0,Guadalupe Mountains National Park
2025-10-01,60.0,Guadalupe Mountains National Park
2025-11-01,85.0,Guadalupe Mountains National Park
2025-12-01,89.0,Guadalupe Mountains National Park
2010-01-01,46.0,Haleakala National Park
2010-02-01,47.0,Haleakala National Park
2010-03-01,39.0,Haleakala National Park
2010-04-01,43.0,Haleakala National Park
2010-05-01,44.0,Haleakala National Park
2010-06-01,38.0,Haleakala National Park
2010-07-01,29.0,Haleakala National Park
2010-08-01,34.0,Haleakala National Park
2010-09-01,28.0,Haleakala National Park
2010-10-01,34.0,Haleakala National Park
2010-11-01,30.0,Haleakala National Park
2010-12-01,26.0,Haleakala National Park
2011-01-01,36.0,Haleakala National Park
2011-02-01,34.0,Haleakala National Park
2011-03-01,38.0,Haleakala National Park
2011-04-01,39.0,Haleakala National Park
2011-05-01,42.0,Haleakala National Park
2011-06-01,38.0,Haleakala National Park
2011-07-01,40.0,Haleakala National Park
2011-08-01,38.0,Haleakala National Park
2011-09-01,41.0,Haleakala National Park
2011-10-01,35.0,Haleakala National Park
2011-11-01,33.0,Haleakala National Park
2011-12-01,36.0,Haleakala National Park
2012-01-01,52.0,Haleakala National Park
2012-02-01,46.0,Haleakala National Park
2012-03-01,45.0,Haleakala National Park
2012-04-01,47.0,Haleakala National Park
2012-05-01,47.0,Haleakala National Park
2012-06-01,46.0,Haleakala National Park
2012-07-01,42.0,Haleakala National Park
2012-08-01,46.0,Haleakala National Park
2012-09-01,42.0,Haleakala National Park
2012-10-01,36.0,Haleakala National Park
2012-11-01,42.0,Haleakala National Park
2012-12-01,46.0,Haleakala National Park
2013-01-01,47.0,Haleakala National Park
2013-02-01,39.0,Haleakala National Park
2013-03-01,45.0,Haleakala National Park
2013-04-01,43.0,Haleakala National Park
2013-05-01,47.0,Haleakala National Park
2013-06-01,44.0,Haleakala National Park
2013-07-01,48.0,Haleakala National Park
2013-08-01,46.0,Haleakala National Park
2013-09-01,38.0,Haleakala National Park
2013-10-01,60.0,Haleakala National Park
2013-11-01,42.0,Haleakala National Park
2013-12-01,48.0,Haleakala National Park
2014-01-01,47.0,Haleakala National Park
2014-02-01,44.0,Haleakala National Park
2014-03-01,49.0,Haleakala National Park
2014-04-01,51.0,Haleakala National Park
2014-05-01,54.0,Haleakala National Park
2014-06-01,50.0,Haleakala National Park
2014-07-01,51.0,Haleakala National Park
2014-08-01,49.0,Haleakala National Park
2014-09-01,48.0,Haleakala National Park
2014-10-01,38.0,Haleakala National Park
2014-11-01,42.0,Haleakala National Park
2014-12-01,49.0,Haleakala National Park
2015-01-01,52.0,Haleakala National Park
2015-02-01,45.0,Haleakala National Park
2015-03-01,53.0,Haleakala National Park
2015-04-01,52.0,Haleakala National Park
2015-05-01,55.0,Haleakala National Park
2015-06-01,52.0,Haleakala National Park
2015-07-01,51.0,Haleakala National Park
2015-08-01,50.0,Haleakala National Park
2015-09-01,36.0,Haleakala National Park
2015-10-01,37.0,Haleakala National Park
2015-11-01,42.0,Haleakala National Park
2015-12-01,45.0,Haleakala National Park
2016-01-01,37.0,Haleakala National Park
2016-02-01,29.0,Haleakala National Park
2016-03-01,30.0,Haleakala National Park
2016-04-01,41.0,Haleakala National Park
2016-05-01,56.0,Haleakala National Park
2016-06-01,38.0,Haleakala National Park
2016-07-01,46.0,Haleakala National Park
2016-08-01,46.0,Haleakala National Park
2016-09-01,44.0,Haleakala National Park
2016-10-01,38.0,Haleakala National Park
2016-11-01,36.0,Haleakala National Park
2016-12-01,53.0,Haleakala National Park
2017-01-01,38.0,Haleakala National Park
2017-02-01,36.0,Haleakala National Park
2017-03-01,29.0,Haleakala National Park
2017-04-01,28.0,Haleakala National Park
2017-05-01,37.0,Haleakala National Park
2017-06-01,30.0,Haleakala National Park
2017-07-01,32.0,Haleakala National Park
2017-08-01,33.0,Haleakala National Park
2017-09-01,28.0,Haleakala National Park
2017-10-01,33.0,Haleakala National Park
2017-11-01,28.0,Haleakala National Park
2017-12-01,36.0,Haleakala National Park
2018-01-01,32.0,Haleakala National Park
2018-02-01,31.0,Haleakala National Park
2018-03-01,35.0,Haleakala National Park
2018-04-01,39.0,Haleakala National Park
2018-05-01,49.0,Haleakala National Park
2018-06-01,42.0,Haleakala National Park
2018-07-01,30.0,Haleakala National Park
2018-08-01,33.0,Haleakala National Park
2018-09-01,28.0,Haleakala National Park
2018-10-01,26.0,Haleakala National Park
2018-11-01,29.0,Haleakala National Park
2018-12-01,38.0,Haleakala National Park
2019-01-01,35.0,Haleakala National Park
2019-02-01,61.0,Haleakala National Park
2019-03-01,32.0,Haleakala National Park
2019-04-01,33.0,Haleakala National Park
2019-05-01,37.0,Haleakala National Park
2019-06-01,31.0,Haleakala National Park
2019-07-01,35.0,Haleakala National Park
2019-08-01,32.0,Haleakala National Park
2019-09-01,28.0,Haleakala National Park
2019-10-01,28.0,Haleakala National Park
2019-11-01,30.0,Haleakala National Park
2019-12-01,38.0,Haleakala National Park
2020-01-01,35.0,Haleakala National Park
2020-02-01,35.0,Haleakala National Park
2020-03-01,20.0,Haleakala National Park
2020-04-01,12.0,Haleakala National Park
2020-05-01,13.0,Haleakala National Park
2020-06-01,13.0,Haleakala National Park
2020-07-01,14.0,Haleakala National Park
2020-08-01,10.0,Haleakala National Park
2020-09-01,12.0,Haleakala National Park
2020-10-01,11.0,Haleakala National Park
2020-11-01,14.0,Haleakala National Park
2020-12-01,17.0,Haleakala National Park
2021-01-01,19.0,Haleakala National Park
2021-02-01,20.0,Haleakala National Park
2021-03-01,38.0,Haleakala National Park
2021-04-01,50.0,Haleakala National Park
2021-05-01,54.0,Haleakala National Park
2021-06-01,46.0,Haleakala National Park
2021-07-01,47.0,Haleakala National Park
2021-08-01,41.0,Haleakala National Park
2021-09-01,38.0,Haleakala National Park
2021-10-01,37.0,Haleakala National Park
2021-11-01,46.0,Haleakala National Park
2021-12-01,50.0,Haleakala National Park
2022-01-01,70.0,Haleakala National Park
2022-02-01,62.0,Haleakala National Park
2022-03-01,62.0,Haleakala National Park
2022-04-01,74.0,Haleakala National Park
2022-05-01,82.0,Haleakala National Park
2022-06-01,67.0,Haleakala National Park
2022-07-01,68.0,Haleakala National Park
2022-08-01,65.0,Haleakala National Park
2022-09-01,61.0,Haleakala National Park
2022-10-01,53.0,Haleakala National Park
2022-11-01,57.0,Haleakala National Park
2022-12-01,60.0,Haleakala National Park
2023-01-01,63.0,Haleakala National Park
2023-02-01,64.0,Haleakala National Park
2023-03-01,61.0,Haleakala National Park
2023-04-01,65.0,Haleakala National Park
2023-05-01,91.0,Haleakala National Park
2023-06-01,78.0,Haleakala National Park
2023-07-01,100.0,Haleakala National Park
2023-08-01,73.0,Haleakala National Park
2023-09-01,42.0,Haleakala National Park
2023-10-01,45.0,Haleakala National Park
2023-11-01,51.0,Haleakala National Park
2023-12-01,63.0,Haleakala National Park
2024-01-01,67.0,Haleakala National Park
2024-02-01,62.0,Haleakala National Park
2024-03-01,66.0,Haleakala National Park
2024-04-01,96.0,Haleakala National Park
2024-05-01,84.0,Haleakala National Park
2024-06-01,73.0,Haleakala National Park
2024-07-01,94.0,Haleakala National Park
2024-08-01,74.0,Haleakala National Park
2024-09-01,70.0,Haleakala National Park
2024-10-01,63.0,Haleakala National Park
2024-11-01,62.0,Haleakala National Park
2024-12-01,77.0,Haleakala National Park
2025-01-01,69.0,Haleakala National Park
2025-02-01,67.0,Haleakala National Park
2025-03-01,75.0,Haleakala National Park
2025-04-01,77.0,Haleakala National Park
2025-05-01,91.0,Haleakala National Park
2025-06-01,85.0,Haleakala National Park
2025-07-01,82.0,Haleakala National Park
2025-08-01,75.0,Haleakala National Park
2025-09-01,73.0,Haleakala National Park
2025-10-01,69.0,Haleakala National Park
2025-11-01,67.0,Haleakala National Park
2025-12-01,82.0,Haleakala National Park
2010-01-01,33.0,Hawaii Volcanoes National Park
2010-02-01,36.0,Hawaii Volcanoes National Park
2010-03-01,30.0,Hawaii Volcanoes National Park
2010-04-01,28.0,Hawaii Volcanoes National Park
2010-05-01,35.0,Hawaii Volcanoes National Park
2010-06-01,23.0,Hawaii Volcanoes National Park
2010-07-01,14.0,Hawaii Volcanoes National Park
2010-08-01,17.0,Hawaii Volcanoes National Park
2010-09-01,21.0,Hawaii Volcanoes National Park
2010-10-01,26.0,Hawaii Volcanoes National Park
2010-11-01,26.0,Hawaii Volcanoes National Park
2010-12-01,20.0,Hawaii Volcanoes National Park
2011-01-01,26.0,Hawaii Volcanoes National Park
2011-02-01,26.0,Hawaii Volcanoes National Park
2011-03-01,45.0,Hawaii Volcanoes National Park
2011-04-01,20.0,Hawaii Volcanoes National Park
2011-05-01,26.0,Hawaii Volcanoes National Park
2011-06-01,21.0,Hawaii Volcanoes National Park
2011-07-01,19.0,Hawaii Volcanoes National Park
2011-08-01,23.0,Hawaii Volcanoes National Park
2011-09-01,18.0,Hawaii Volcanoes National Park
2011-10-01,22.0,Hawaii Volcanoes National Park
2011-11-01,19.0,Hawaii Volcanoes National Park
2011-12-01,25.0,Hawaii Volcanoes National Park
2012-01-01,29.0,Hawaii Volcanoes National Park
2012-02-01,27.0,Hawaii Volcanoes National Park
2012-03-01,31.0,Hawaii Volcanoes National Park
2012-04-01,29.0,Hawaii Volcanoes National Park
2012-05-01,29.0,Hawaii Volcanoes National Park
2012-06-01,16.0,Hawaii Volcanoes National Park
2012-07-01,18.0,Hawaii Volcanoes National Park
2012-08-01,15.0,Hawaii Volcanoes National Park
2012-09-01,24.0,Hawaii Volcanoes National Park
2012-10-01,28.0,Hawaii Volcanoes National Park
2012-11-01,27.0,Hawaii Volcanoes National Park
2012-12-01,24.0,Hawaii Volcanoes National Park
2013-01-01,29.0,Hawaii Volcanoes National Park
2013-02-01,30.0,Hawaii Volcanoes National Park
2013-03-01,30.0,Hawaii Volcanoes National Park
2013-04-01,26.0,Hawaii Volcanoes National Park
2013-05-01,33.0,Hawaii Volcanoes National Park
2013-06-01,20.0,Hawaii Volcanoes National Park
2013-07-01,17.0,Hawaii Volcanoes National Park
2013-08-01,18.0,Hawaii Volcanoes National Park
2013-09-01,22.0,Hawaii Volcanoes National Park
2013-10-01,29.0,Hawaii Volcanoes National Park
2013-11-01,26.0,Hawaii Volcanoes National Park
2013-12-01,26.0,Hawaii Volcanoes National Park
2014-01-01,31.0,Hawaii Volcanoes National Park
2014-02-01,28.0,Hawaii Volcanoes National Park
2014-03-01,29.0,Hawaii Volcanoes National Park
2014-04-01,26.0,Hawaii Volcanoes National Park
2014-05-01,30.0,Hawaii Volcanoes National Park
2014-06-01,22.0,Hawaii Volcanoes National Park
2014-07-01,21.0,Hawaii Volcanoes National Park
2014-08-01,19.0,Hawaii Volcanoes National Park
2014-09-01,37.0,Hawaii Volcanoes National Park
2014-10-01,38.0,Hawaii Volcanoes National Park
2014-11-01,29.0,Hawaii Volcanoes National Park
2014-12-01,22.0,Hawaii Volcanoes National Park
2015-01-01,23.0,Hawaii Volcanoes National Park
2015-02-01,21.0,Hawaii Volcanoes National Park
2015-03-01,24.0,Hawaii Volcanoes National Park
2015-04-01,31.0,Hawaii Volcanoes National Park
2015-05-01,45.0,Hawaii Volcanoes National Park
2015-06-01,22.0,Hawaii Volcanoes National Park
2015-07-01,18.0,Hawaii Volcanoes National Park
2015-08-01,19.0,Hawaii Volcanoes National Park
2015-09-01,23.0,Hawaii Volcanoes National Park
2015-10-01,26.0,Hawaii Volcanoes National Park
2015-11-01,27.0,Hawaii Volcanoes National Park
2015-12-01,24.0,Hawaii Volcanoes National Park
2016-01-01,19.0,Hawaii Volcanoes National Park
2016-02-01,21.0,Hawaii Volcanoes National Park
2016-03-01,25.0,Hawaii Volcanoes National Park
2016-04-01,27.0,Hawaii Volcanoes National Park
2016-05-01,28.0,Hawaii Volcanoes National Park
2016-06-01,21.0,Hawaii Volcanoes National Park
2016-07-01,18.0,Hawaii Volcanoes National Park
2016-08-01,12.0,Hawaii Volcanoes National Park
2016-09-01,22.0,Hawaii Volcanoes National Park
2016-10-01,24.0,Hawaii Volcanoes National Park
2016-11-01,43.0,Hawaii Volcanoes National Park
2016-12-01,24.0,Hawaii Volcanoes National Park
2017-01-01,29.0,Hawaii Volcanoes National Park
2017-02-01,26.0,Hawaii Volcanoes National Park
2017-03-01,22.0,Hawaii Volcanoes National Park
2017-04-01,23.0,Hawaii Volcanoes National Park
2017-05-01,29.0,Hawaii Volcanoes National Park
2017-06-01,20.0,Hawaii Volcanoes National Park
2017-07-01,16.0,Hawaii Volcanoes National Park
2017-08-01,15.0,Hawaii Volcanoes National Park
2017-09-01,18.0,Hawaii Volcanoes National Park
2017-10-01,20.0,Hawaii Volcanoes National Park
2017-11-01,19.0,Hawaii Volcanoes National Park
2017-12-01,22.0,Hawaii Volcanoes National Park
2018-01-01,24.0,Hawaii Volcanoes National Park
2018-02-01,25.0,Hawaii Volcanoes National Park
2018-03-01,26.0,Hawaii Volcanoes National Park
2018-04-01,38.0,Hawaii Volcanoes National Park
2018-05-01,100.0,Hawaii Volcanoes National Park
2018-06-01,21.0,Hawaii Volcanoes National Park
2018-07-01,11.0,Hawaii Volcanoes National Park
2018-08-01,10.0,Hawaii Volcanoes National Park
2018-09-01,16.0,Hawaii Volcanoes National Park
2018-10-01,18.0,Hawaii Volcanoes National Park
2018-11-01,18.0,Hawaii Volcanoes National Park
2018-12-01,17.0,Hawaii Volcanoes National Park
2019-01-01,20.0,Hawaii Volcanoes National Park
2019-02-01,19.0,Hawaii Volcanoes National Park
2019-03-01,18.0,Hawaii Volcanoes National Park
2019-04-01,21.0,Hawaii Volcanoes National Park
2019-05-01,27.0,Hawaii Volcanoes National Park
2019-06-01,16.0,Hawaii Volcanoes National Park
2019-07-01,13.0,Hawaii Volcanoes National Park
2019-08-01,14.0,Hawaii Volcanoes National Park
2019-09-01,17.0,Hawaii Volcanoes National Park
2019-10-01,17.0,Hawaii Volcanoes National Park
2019-11-01,19.0,Hawaii Volcanoes National Park
2019-12-01,20.0,Hawaii Volcanoes National Park
2020-01-01,22.0,Hawaii Volcanoes National Park
2020-02-01,22.0,Hawaii Volcanoes National Park
2020-03-01,16.0,Hawaii Volcanoes National Park
2020-04-01,18.0,Hawaii Volcanoes National Park
2020-05-01,17.0,Hawaii Volcanoes National Park
2020-06-01,11.0,Hawaii Volcanoes National Park
2020-07-01,6.0,Hawaii Volcanoes National Park
2020-08-01,6.0,Hawaii Volcanoes National Park
2020-09-01,10.0,Hawaii Volcanoes National Park
2020-10-01,10.0,Hawaii Volcanoes National Park
2020-11-01,9.0,Hawaii Volcanoes National Park
2020-12-01,17.0,Hawaii Volcanoes National Park
2021-01-01,11.0,Hawaii Volcanoes National Park
2021-02-01,14.0,Hawaii Volcanoes National Park
2021-03-01,16.0,Hawaii Volcanoes National Park
2021-04-01,16.0,Hawaii Volcanoes National Park
2021-05-01,19.0,Hawaii Volcanoes National Park
2021-06-01,16.0,Hawaii Volcanoes National Park
2021-07-01,14.0,Hawaii Volcanoes National Park
2021-08-01,13.0,Hawaii Volcanoes National Park
2021-09-01,15.0,Hawaii Volcanoes National Park
2021-10-01,17.0,Hawaii Volcanoes National Park
2021-11-01,13.0,Hawaii Volcanoes National Park
2021-12-01,15.0,Hawaii Volcanoes National Park
2022-01-01,22.0,Hawaii Volcanoes National Park
2022-02-01,23.0,Hawaii Volcanoes National Park
2022-03-01,25.0,Hawaii Volcanoes National Park
2022-04-01,28.0,Hawaii Volcanoes National Park
2022-05-01,35.0,Hawaii Volcanoes National Park
2022-06-01,22.0,Hawaii Volcanoes National Park
2022-07-01,20.0,Hawaii Volcanoes National Park
2022-08-01,19.0,Hawaii Volcanoes National Park
2022-09-01,22.0,Hawaii Volcanoes National Park
2022-10-01,22.0,Hawaii Volcanoes National Park
2022-11-01,29.0,Hawaii Volcanoes National Park
2022-12-01,23.0,Hawaii Volcanoes National Park
2023-01-01,23.0,Hawaii Volcanoes National Park
2023-02-01,25.0,Hawaii Volcanoes National Park
2023-03-01,25.0,Hawaii Volcanoes National Park
2023-04-01,23.0,Hawaii Volcanoes National Park
2023-05-01,34.0,Hawaii Volcanoes National Park
2023-06-01,27.0,Hawaii Volcanoes National Park
2023-07-01,18.0,Hawaii Volcanoes National Park
2023-08-01,17.0,Hawaii Volcanoes National Park
2023-09-01,22.0,Hawaii Volcanoes National Park
2023-10-01,22.0,Hawaii Volcanoes National Park
2023-11-01,24.0,Hawaii Volcanoes National Park
2023-12-01,22.0,Hawaii Volcanoes National Park
2024-01-01,23.0,Hawaii Volcanoes National Park
2024-02-01,26.0,Hawaii Volcanoes National Park
2024-03-01,25.0,Hawaii Volcanoes National Park
2024-04-01,28.0,Hawaii Volcanoes National Park
2024-05-01,46.0,Hawaii Volcanoes National Park
2024-06-01,25.0,Hawaii Volcanoes National Park
2024-07-01,17.0,Hawaii Volcanoes National Park
2024-08-01,18.0,Hawaii Volcanoes National Park
2024-09-01,22.0,Hawaii Volcanoes National Park
2024-10-01,21.0,Hawaii Volcanoes National Park
2024-11-01,20.0,Hawaii Volcanoes National Park
2024-12-01,26.0,Hawaii Volcanoes National Park
2025-01-01,28.0,Hawaii Volcanoes National Park
2025-02-01,27.0,Hawaii Volcanoes National Park
2025-03-01,28.0,Hawaii Volcanoes National Park
2025-04-01,30.0,Hawaii Volcanoes National Park
2025-05-01,38.0,Hawaii Volcanoes National Park
2025-06-01,26.0,Hawaii Volcanoes National Park
2025-07-01,21.0,Hawaii Volcanoes National Park
2025-08-01,20.0,Hawaii Volcanoes National Park
2025-09-01,24.0,Hawaii Volcanoes National Park
2025-10-01,24.0,Hawaii Volcanoes National Park
2025-11-01,28.0,Hawaii Volcanoes National Park
2025-12-01,33.0,Hawaii Volcanoes National Park
2010-01-01,40.0,Hot Springs National Park
2010-02-01,46.0,Hot Springs National Park
2010-03-01,50.0,Hot Springs National Park
2010-04-01,54.0,Hot Springs National Park
2010-05-01,70.0,Hot Springs National Park
2010-06-01,59.0,Hot Springs National Park
2010-07-01,60.0,Hot Springs National Park
2010-08-01,41.0,Hot Springs National Park
2010-09-01,35.0,Hot Springs National Park
2010-10-01,35.0,Hot Springs National Park
2010-11-01,28.0,Hot Springs National Park
2010-12-01,27.0,Hot Springs National Park
2011-01-01,38.0,Hot Springs National Park
2011-02-01,36.0,Hot Springs National Park
2011-03-01,38.0,Hot Springs National Park
2011-04-01,41.0,Hot Springs National Park
2011-05-01,50.0,Hot Springs National Park
2011-06-01,56.0,Hot Springs National Park
2011-07-01,53.0,Hot Springs National Park
2011-08-01,39.0,Hot Springs National Park
2011-09-01,34.0,Hot Springs National Park
2011-10-01,31.0,Hot Springs National Park
2011-11-01,26.0,Hot Springs National Park
2011-12-01,24.0,Hot Springs National Park
2012-01-01,28.0,Hot Springs National Park
2012-02-01,32.0,Hot Springs National Park
2012-03-01,36.0,Hot Springs National Park
2012-04-01,41.0,Hot Springs National Park
2012-05-01,45.0,Hot Springs National Park
2012-06-01,50.0,Hot Springs National Park
2012-07-01,45.0,Hot Springs National Park
2012-08-01,39.0,Hot Springs National Park
2012-09-01,36.0,Hot Springs National Park
2012-10-01,27.0,Hot Springs National Park
2012-11-01,23.0,Hot Springs National Park
2012-12-01,23.0,Hot Springs National Park
2013-01-01,30.0,Hot Springs National Park
2013-02-01,32.0,Hot Springs National Park
2013-03-01,39.0,Hot Springs National Park
2013-04-01,34.0,Hot Springs National Park
2013-05-01,47.0,Hot Springs National Park
2013-06-01,52.0,Hot Springs National Park
2013-07-01,51.0,Hot Springs National Park
2013-08-01,49.0,Hot Springs National Park
2013-09-01,37.0,Hot Springs National Park
2013-10-01,33.0,Hot Springs National Park
2013-11-01,32.0,Hot Springs National Park
2013-12-01,32.0,Hot Springs National Park
2014-01-01,36.0,Hot Springs National Park
2014-02-01,36.0,Hot Springs National Park
2014-03-01,48.0,Hot Springs National Park
2014-04-01,48.0,Hot Springs National Park
2014-05-01,56.0,Hot Springs National Park
2014-06-01,58.0,Hot Springs National Park
2014-07-01,61.0,Hot Springs National Park
2014-08-01,47.0,Hot Springs National Park
2014-09-01,38.0,Hot Springs National Park
2014-10-01,35.0,Hot Springs National Park
2014-11-01,32.0,Hot Springs National Park
2014-12-01,32.0,Hot Springs National Park
2015-01-01,35.0,Hot Springs National Park
2015-02-01,36.0,Hot Springs National Park
2015-03-01,47.0,Hot Springs National Park
2015-04-01,48.0,Hot Springs National Park
2015-05-01,60.0,Hot Springs National Park
2015-06-01,63.0,Hot Springs National Park
2015-07-01,57.0,Hot Springs National Park
2015-08-01,55.0,Hot Springs National Park
2015-09-01,44.0,Hot Springs National Park
2015-10-01,40.0,Hot Springs National Park
2015-11-01,38.0,Hot Springs National Park
2015-12-01,36.0,Hot Springs National Park
2016-01-01,41.0,Hot Springs National Park
2016-02-01,41.0,Hot Springs National Park
2016-03-01,60.0,Hot Springs National Park
2016-04-01,53.0,Hot Springs National Park
2016-05-01,69.0,Hot Springs National Park
2016-06-01,72.0,Hot Springs National Park
2016-07-01,65.0,Hot Springs National Park
2016-08-01,54.0,Hot Springs National Park
2016-09-01,47.0,Hot Springs National Park
2016-10-01,48.0,Hot Springs National Park
2016-11-01,41.0,Hot Springs National Park
2016-12-01,35.0,Hot Springs National Park
2017-01-01,45.0,Hot Springs National Park
2017-02-01,50.0,Hot Springs National Park
2017-03-01,60.0,Hot Springs National Park
2017-04-01,56.0,Hot Springs National Park
2017-05-01,70.0,Hot Springs National Park
2017-06-01,76.0,Hot Springs National Park
2017-07-01,75.0,Hot Springs National Park
2017-08-01,65.0,Hot Springs National Park
2017-09-01,50.0,Hot Springs National Park
2017-10-01,49.0,Hot Springs National Park
2017-11-01,42.0,Hot Springs National Park
2017-12-01,46.0,Hot Springs National Park
2018-01-01,50.0,Hot Springs National Park
2018-02-01,50.0,Hot Springs National Park
2018-03-01,64.0,Hot Springs National Park
2018-04-01,56.0,Hot Springs National Park
2018-05-01,65.0,Hot Springs National Park
2018-06-01,72.0,Hot Springs National Park
2018-07-01,75.0,Hot Springs National Park
2018-08-01,58.0,Hot Springs National Park
2018-09-01,52.0,Hot Springs National Park
2018-10-01,46.0,Hot Springs National Park
2018-11-01,45.0,Hot Springs National Park
2018-12-01,41.0,Hot Springs National Park
2019-01-01,50.0,Hot Springs National Park
2019-02-01,50.0,Hot Springs National Park
2019-03-01,68.0,Hot Springs National Park
2019-04-01,61.0,Hot Springs National Park
2019-05-01,75.0,Hot Springs National Park
2019-06-01,82.0,Hot Springs National Park
2019-07-01,86.0,Hot Springs National Park
2019-08-01,68.0,Hot Springs National Park
2019-09-01,57.0,Hot Springs National Park
2019-10-01,55.0,Hot Springs National Park
2019-11-01,44.0,Hot Springs National Park
2019-12-01,46.0,Hot Springs National Park
2020-01-01,58.0,Hot Springs National Park
2020-02-01,59.0,Hot Springs National Park
2020-03-01,47.0,Hot Springs National Park
2020-04-01,32.0,Hot Springs National Park
2020-05-01,62.0,Hot Springs National Park
2020-06-01,95.0,Hot Springs National Park
2020-07-01,97.0,Hot Springs National Park
2020-08-01,83.0,Hot Springs National Park
2020-09-01,81.0,Hot Springs National Park
2020-10-01,66.0,Hot Springs National Park
2020-11-01,54.0,Hot Springs National Park
2020-12-01,50.0,Hot Springs National Park
2021-01-01,61.0,Hot Springs National Park
2021-02-01,53.0,Hot Springs National Park
2021-03-01,81.0,Hot Springs National Park
2021-04-01,75.0,Hot Springs National Park
2021-05-01,87.0,Hot Springs National Park
2021-06-01,92.0,Hot Springs National Park
2021-07-01,82.0,Hot Springs National Park
2021-08-01,67.0,Hot Springs National Park
2021-09-01,63.0,Hot Springs National Park
2021-10-01,58.0,Hot Springs National Park
2021-11-01,52.0,Hot Springs National Park
2021-12-01,49.0,Hot Springs National Park
2022-01-01,73.0,Hot Springs National Park
2022-02-01,77.0,Hot Springs National Park
2022-03-01,88.0,Hot Springs National Park
2022-04-01,88.0,Hot Springs National Park
2022-05-01,97.0,Hot Springs National Park
2022-06-01,93.0,Hot Springs National Park
2022-07-01,80.0,Hot Springs National Park
2022-08-01,81.0,Hot Springs National Park
2022-09-01,68.0,Hot Springs National Park
2022-10-01,64.0,Hot Springs National Park
2022-11-01,52.0,Hot Springs National Park
2022-12-01,54.0,Hot Springs National Park
2023-01-01,67.0,Hot Springs National Park
2023-02-01,68.0,Hot Springs National Park
2023-03-01,82.0,Hot Springs National Park
2023-04-01,77.0,Hot Springs National Park
2023-05-01,100.0,Hot Springs National Park
2023-06-01,95.0,Hot Springs National Park
2023-07-01,94.0,Hot Springs National Park
2023-08-01,72.0,Hot Springs National Park
2023-09-01,69.0,Hot Springs National Park
2023-10-01,71.0,Hot Springs National Park
2023-11-01,58.0,Hot Springs National Park
2023-12-01,61.0,Hot Springs National Park
2024-01-01,72.0,Hot Springs National Park
2024-02-01,81.0,Hot Springs National Park
2024-03-01,95.0,Hot Springs National Park
2024-04-01,90.0,Hot Springs National Park
2024-05-01,99.0,Hot Springs National Park
2024-06-01,92.0,Hot Springs National Park
2024-07-01,87.0,Hot Springs National Park
2024-08-01,84.0,Hot Springs National Park
2024-09-01,71.0,Hot Springs National Park
2024-10-01,71.0,Hot Springs National Park
2024-11-01,60.0,Hot Springs National Park
2024-12-01,59.0,Hot Springs National Park
2025-01-01,66.0,Hot Springs National Park
2025-02-01,68.0,Hot Springs National Park
2025-03-01,89.0,Hot Springs National Park
2025-04-01,69.0,Hot Springs National Park
2025-05-01,99.0,Hot Springs National Park
2025-06-01,86.0,Hot Springs National Park
2025-07-01,90.0,Hot Springs National Park
2025-08-01,75.0,Hot Springs National Park
2025-09-01,64.0,Hot Springs National Park
2025-10-01,66.0,Hot Springs National Park
2025-11-01,64.0,Hot Springs National Park
2025-12-01,70.0,Hot Springs National Park
2010-01-01,0.0,Indiana Dunes National Park
2010-02-01,0.0,Indiana Dunes National Park
2010-03-01,4.0,Indiana Dunes National Park
2010-04-01,0.0,Indiana Dunes National Park
2010-05-01,8.0,Indiana Dunes National Park
2010-06-01,8.0,Indiana Dunes National Park
2010-07-01,6.0,Indiana Dunes National Park
2010-08-01,8.0,Indiana Dunes National Park
2010-09-01,0.0,Indiana Dunes National Park
2010-10-01,0.0,Indiana Dunes National Park
2010-11-01,0.0,Indiana Dunes National Park
2010-12-01,0.0,Indiana Dunes National Park
2011-01-01,0.0,Indiana Dunes National Park
2011-02-01,3.0,Indiana Dunes National Park
2011-03-01,4.0,Indiana Dunes National Park
2011-04-01,3.0,Indiana Dunes National Park
2011-05-01,6.0,Indiana Dunes National Park
2011-06-01,11.0,Indiana Dunes National Park
2011-07-01,7.0,Indiana Dunes National Park
2011-08-01,6.0,Indiana Dunes National Park
2011-09-01,3.0,Indiana Dunes National Park
2011-10-01,2.0,Indiana Dunes National Park
2011-11-01,0.0,Indiana Dunes National Park
2011-12-01,0.0,Indiana Dunes National Park
2012-01-01,0.0,Indiana Dunes National Park
2012-02-01,2.0,Indiana Dunes National Park
2012-03-01,3.0,Indiana Dunes National Park
2012-04-01,4.0,Indiana Dunes National Park
2012-05-01,6.0,Indiana Dunes National Park
2012-06-01,8.0,Indiana Dunes National Park
2012-07-01,8.0,Indiana Dunes National Park
2012-08-01,8.0,Indiana Dunes National Park
2012-09-01,3.0,Indiana Dunes National Park
2012-10-01,2.0,Indiana Dunes National Park
2012-11-01,2.0,Indiana Dunes National Park
2012-12-01,0.0,Indiana Dunes National Park
2013-01-01,0.0,Indiana Dunes National Park
2013-02-01,2.0,Indiana Dunes National Park
2013-03-01,4.0,Indiana Dunes National Park
2013-04-01,4.0,Indiana Dunes National Park
2013-05-01,5.0,Indiana Dunes National Park
2013-06-01,7.0,Indiana Dunes National Park
2013-07-01,11.0,Indiana Dunes National Park
2013-08-01,6.0,Indiana Dunes National Park
2013-09-01,3.0,Indiana Dunes National Park
2013-10-01,2.0,Indiana Dunes National Park
2013-11-01,2.0,Indiana Dunes National Park
2013-12-01,2.0,Indiana Dunes National Park
2014-01-01,2.0,Indiana Dunes National Park
2014-02-01,2.0,Indiana Dunes National Park
2014-03-01,3.0,Indiana Dunes National Park
2014-04-01,4.0,Indiana Dunes National Park
2014-05-01,4.0,Indiana Dunes National Park
2014-06-01,7.0,Indiana Dunes National Park
2014-07-01,7.0,Indiana Dunes National Park
2014-08-01,6.0,Indiana Dunes National Park
2014-09-01,3.0,Indiana Dunes National Park
2014-10-01,0.0,Indiana Dunes National Park
2014-11-01,0.0,Indiana Dunes National Park
2014-12-01,0.0,Indiana Dunes National Park
2015-01-01,2.0,Indiana Dunes National Park
2015-02-01,0.0,Indiana Dunes National Park
2015-03-01,2.0,Indiana Dunes National Park
2015-04-01,4.0,Indiana Dunes National Park
2015-05-01,4.0,Indiana Dunes National Park
2015-06-01,7.0,Indiana Dunes National Park
2015-07-01,10.0,Indiana Dunes National Park
2015-08-01,5.0,Indiana Dunes National Park
2015-09-01,4.0,Indiana Dunes National Park
2015-10-01,3.0,Indiana Dunes National Park
2015-11-01,0.0,Indiana Dunes National Park
2015-12-01,2.0,Indiana Dunes National Park
2016-01-01,2.0,Indiana Dunes National Park
2016-02-01,2.0,Indiana Dunes National Park
2016-03-01,3.0,Indiana Dunes National Park
2016-04-01,3.0,Indiana Dunes National Park
2016-05-01,6.0,Indiana Dunes National Park
2016-06-01,9.0,Indiana Dunes National Park
2016-07-01,8.0,Indiana Dunes National Park
2016-08-01,7.0,Indiana Dunes National Park
2016-09-01,5.0,Indiana Dunes National Park
2016-10-01,4.0,Indiana Dunes National Park
2016-11-01,2.0,Indiana Dunes National Park
2016-12-01,2.0,Indiana Dunes National Park
2017-01-01,2.0,Indiana Dunes National Park
2017-02-01,3.0,Indiana Dunes National Park
2017-03-01,4.0,Indiana Dunes National Park
2017-04-01,5.0,Indiana Dunes National Park
2017-05-01,6.0,Indiana Dunes National Park
2017-06-01,10.0,Indiana Dunes National Park
2017-07-01,11.0,Indiana Dunes National Park
2017-08-01,9.0,Indiana Dunes National Park
2017-09-01,4.0,Indiana Dunes National Park
2017-10-01,3.0,Indiana Dunes National Park
2017-11-01,2.0,Indiana Dunes National Park
2017-12-01,2.0,Indiana Dunes National Park
2018-01-01,2.0,Indiana Dunes National Park
2018-02-01,3.0,Indiana Dunes National Park
2018-03-01,4.0,Indiana Dunes National Park
2018-04-01,5.0,Indiana Dunes National Park
2018-05-01,6.0,Indiana Dunes National Park
2018-06-01,7.0,Indiana Dunes National Park
2018-07-01,8.0,Indiana Dunes National Park
2018-08-01,7.0,Indiana Dunes National Park
2018-09-01,4.0,Indiana Dunes National Park
2018-10-01,2.0,Indiana Dunes National Park
2018-11-01,1.0,Indiana Dunes National Park
2018-12-01,2.0,Indiana Dunes National Park
2019-01-01,3.0,Indiana Dunes National Park
2019-02-01,38.0,Indiana Dunes National Park
2019-03-01,20.0,Indiana Dunes National Park
2019-04-01,26.0,Indiana Dunes National Park
2019-05-01,61.0,Indiana Dunes National Park
2019-06-01,63.0,Indiana Dunes National Park
2019-07-01,91.0,Indiana Dunes National Park
2019-08-01,58.0,Indiana Dunes National Park
2019-09-01,31.0,Indiana Dunes National Park
2019-10-01,22.0,Indiana Dunes National Park
2019-11-01,13.0,Indiana Dunes National Park
2019-12-01,13.0,Indiana Dunes National Park
2020-01-01,19.0,Indiana Dunes National Park
2020-02-01,21.0,Indiana Dunes National Park
2020-03-01,17.0,Indiana Dunes National Park
2020-04-01,18.0,Indiana Dunes National Park
2020-05-01,41.0,Indiana Dunes National Park
2020-06-01,76.0,Indiana Dunes National Park
2020-07-01,77.0,Indiana Dunes National Park
2020-08-01,60.0,Indiana Dunes National Park
2020-09-01,34.0,Indiana Dunes National Park
2020-10-01,21.0,Indiana Dunes National Park
2020-11-01,14.0,Indiana Dunes National Park
2020-12-01,13.0,Indiana Dunes National Park
2021-01-01,15.0,Indiana Dunes National Park
2021-02-01,15.0,Indiana Dunes National Park
2021-03-01,25.0,Indiana Dunes National Park
2021-04-01,32.0,Indiana Dunes National Park
2021-05-01,44.0,Indiana Dunes National Park
2021-06-01,62.0,Indiana Dunes National Park
2021-07-01,62.0,Indiana Dunes National Park
2021-08-01,49.0,Indiana Dunes National Park
2021-09-01,33.0,Indiana Dunes National Park
2021-10-01,20.0,Indiana Dunes National Park
2021-11-01,13.0,Indiana Dunes National Park
2021-12-01,13.0,Indiana Dunes National Park
2022-01-01,23.0,Indiana Dunes National Park
2022-02-01,27.0,Indiana Dunes National Park
2022-03-01,36.0,Indiana Dunes National Park
2022-04-01,46.0,Indiana Dunes National Park
2022-05-01,66.0,Indiana Dunes National Park
2022-06-01,84.0,Indiana Dunes National Park
2022-07-01,93.0,Indiana Dunes National Park
2022-08-01,68.0,Indiana Dunes National Park
2022-09-01,44.0,Indiana Dunes National Park
2022-10-01,31.0,Indiana Dunes National Park
2022-11-01,18.0,Indiana Dunes National Park
2022-12-01,21.0,Indiana Dunes National Park
2023-01-01,29.0,Indiana Dunes National Park
2023-02-01,34.0,Indiana Dunes National Park
2023-03-01,34.0,Indiana Dunes National Park
2023-04-01,46.0,Indiana Dunes National Park
2023-05-01,67.0,Indiana Dunes National Park
2023-06-01,88.0,Indiana Dunes National Park
2023-07-01,89.0,Indiana Dunes National Park
2023-08-01,57.0,Indiana Dunes National Park
2023-09-01,39.0,Indiana Dunes National Park
2023-10-01,24.0,Indiana Dunes National Park
2023-11-01,21.0,Indiana Dunes National Park
2023-12-01,21.0,Indiana Dunes National Park
2024-01-01,24.0,Indiana Dunes National Park
2024-02-01,31.0,Indiana Dunes National Park
2024-03-01,39.0,Indiana Dunes National Park
2024-04-01,46.0,Indiana Dunes National Park
2024-05-01,71.0,Indiana Dunes National Park
2024-06-01,100.0,Indiana Dunes National Park
2024-07-01,96.0,Indiana Dunes National Park
2024-08-01,77.0,Indiana Dunes National Park
2024-09-01,41.0,Indiana Dunes National Park
2024-10-01,30.0,Indiana Dunes National Park
2024-11-01,21.0,Indiana Dunes National Park
2024-12-01,22.0,Indiana Dunes National Park
2025-01-01,25.0,Indiana Dunes National Park
2025-02-01,31.0,Indiana Dunes National Park
2025-03-01,38.0,Indiana Dunes National Park
2025-04-01,44.0,Indiana Dunes National Park
2025-05-01,62.0,Indiana Dunes National Park
2025-06-01,90.0,Indiana Dunes National Park
2025-07-01,97.0,Indiana Dunes National Park
2025-08-01,73.0,Indiana Dunes National Park
2025-09-01,40.0,Indiana Dunes National Park
2025-10-01,34.0,Indiana Dunes National Park
2025-11-01,20.0,Indiana Dunes National Park
2025-12-01,19.0,Indiana Dunes National Park
2010-01-01,23.0,Isle Royale National Park
2010-02-01,25.0,Isle Royale National Park
2010-03-01,19.0,Isle Royale National Park
2010-04-01,47.0,Isle Royale National Park
2010-05-01,36.0,Isle Royale National Park
2010-06-01,26.0,Isle Royale National Park
2010-07-01,32.0,Isle Royale National Park
2010-08-01,16.0,Isle Royale National Park
2010-09-01,9.0,Isle Royale National Park
2010-10-01,11.0,Isle Royale National Park
2010-11-01,10.0,Isle Royale National Park
2010-12-01,9.0,Isle Royale National Park
2011-01-01,12.0,Isle Royale National Park
2011-02-01,11.0,Isle Royale National Park
2011-03-01,14.0,Isle Royale National Park
2011-04-01,15.0,Isle Royale National Park
2011-05-01,17.0,Isle Royale National Park
2011-06-01,19.0,Isle Royale National Park
2011-07-01,19.0,Isle Royale National Park
2011-08-01,17.0,Isle Royale National Park
2011-09-01,11.0,Isle Royale National Park
2011-10-01,10.0,Isle Royale National Park
2011-11-01,7.0,Isle Royale National Park
2011-12-01,6.0,Isle Royale National Park
2012-01-01,11.0,Isle Royale National Park
2012-02-01,18.0,Isle Royale National Park
2012-03-01,13.0,Isle Royale National Park
2012-04-01,21.0,Isle Royale National Park
2012-05-01,19.0,Isle Royale National Park
2012-06-01,18.0,Isle Royale National Park
2012-07-01,24.0,Isle Royale National Park
2012-08-01,18.0,Isle Royale National Park
2012-09-01,12.0,Isle Royale National Park
2012-10-01,10.0,Isle Royale National Park
2012-11-01,8.0,Isle Royale National Park
2012-12-01,9.0,Isle Royale National Park
2013-01-01,15.0,Isle Royale National Park
2013-02-01,13.0,Isle Royale National Park
2013-03-01,14.0,Isle Royale National Park
2013-04-01,14.0,Isle Royale National Park
2013-05-01,20.0,Isle Royale National Park
2013-06-01,25.0,Isle Royale National Park
2013-07-01,21.0,Isle Royale National Park
2013-08-01,15.0,Isle Royale National Park
2013-09-01,12.0,Isle Royale National Park
2013-10-01,14.0,Isle Royale National Park
2013-11-01,14.0,Isle Royale National Park
2013-12-01,14.0,Isle Royale National Park
2014-01-01,16.0,Isle Royale National Park
2014-02-01,15.0,Isle Royale National Park
2014-03-01,16.0,Isle Royale National Park
2014-04-01,16.0,Isle Royale National Park
2014-05-01,18.0,Isle Royale National Park
2014-06-01,19.0,Isle Royale National Park
2014-07-01,23.0,Isle Royale National Park
2014-08-01,17.0,Isle Royale National Park
2014-09-01,12.0,Isle Royale National Park
2014-10-01,11.0,Isle Royale National Park
2014-11-01,9.0,Isle Royale National Park
2014-12-01,15.0,Isle Royale National Park
2015-01-01,19.0,Isle Royale National Park
2015-02-01,17.0,Isle Royale National Park
2015-03-01,17.0,Isle Royale National Park
2015-04-01,21.0,Isle Royale National Park
2015-05-01,26.0,Isle Royale National Park
2015-06-01,21.0,Isle Royale National Park
2015-07-01,30.0,Isle Royale National Park
2015-08-01,23.0,Isle Royale National Park
2015-09-01,16.0,Isle Royale National Park
2015-10-01,13.0,Isle Royale National Park
2015-11-01,8.0,Isle Royale National Park
2015-12-01,13.0,Isle Royale National Park
2016-01-01,14.0,Isle Royale National Park
2016-02-01,14.0,Isle Royale National Park
2016-03-01,18.0,Isle Royale National Park
2016-04-01,25.0,Isle Royale National Park
2016-05-01,25.0,Isle Royale National Park
2016-06-01,30.0,Isle Royale National Park
2016-07-01,43.0,Isle Royale National Park
2016-08-01,30.0,Isle Royale National Park
2016-09-01,19.0,Isle Royale National Park
2016-10-01,13.0,Isle Royale National Park
2016-11-01,13.0,Isle Royale National Park
2016-12-01,13.0,Isle Royale National Park
2017-01-01,20.0,Isle Royale National Park
2017-02-01,15.0,Isle Royale National Park
2017-03-01,20.0,Isle Royale National Park
2017-04-01,26.0,Isle Royale National Park
2017-05-01,25.0,Isle Royale National Park
2017-06-01,30.0,Isle Royale National Park
2017-07-01,31.0,Isle Royale National Park
2017-08-01,22.0,Isle Royale National Park
2017-09-01,14.0,Isle Royale National Park
2017-10-01,15.0,Isle Royale National Park
2017-11-01,12.0,Isle Royale National Park
2017-12-01,14.0,Isle Royale National Park
2018-01-01,19.0,Isle Royale National Park
2018-02-01,18.0,Isle Royale National Park
2018-03-01,19.0,Isle Royale National Park
2018-04-01,22.0,Isle Royale National Park
2018-05-01,26.0,Isle Royale National Park
2018-06-01,30.0,Isle Royale National Park
2018-07-01,32.0,Isle Royale National Park
2018-08-01,26.0,Isle Royale National Park
2018-09-01,18.0,Isle Royale National Park
2018-10-01,15.0,Isle Royale National Park
2018-11-01,12.0,Isle Royale National Park
2018-12-01,15.0,Isle Royale National Park
2019-01-01,20.0,Isle Royale National Park
2019-02-01,21.0,Isle Royale National Park
2019-03-01,31.0,Isle Royale National Park
2019-04-01,26.0,Isle Royale National Park
2019-05-01,33.0,Isle Royale National Park
2019-06-01,32.0,Isle Royale National Park
2019-07-01,38.0,Isle Royale National Park
2019-08-01,35.0,Isle Royale National Park
2019-09-01,26.0,Isle Royale National Park
2019-10-01,19.0,Isle Royale National Park
2019-11-01,18.0,Isle Royale National Park
2019-12-01,18.0,Isle Royale National Park
2020-01-01,28.0,Isle Royale National Park
2020-02-01,23.0,Isle Royale National Park
2020-03-01,22.0,Isle Royale National Park
2020-04-01,23.0,Isle Royale National Park
2020-05-01,31.0,Isle Royale National Park
2020-06-01,31.0,Isle Royale National Park
2020-07-01,44.0,Isle Royale National Park
2020-08-01,38.0,Isle Royale National Park
2020-09-01,32.0,Isle Royale National Park
2020-10-01,21.0,Isle Royale National Park
2020-11-01,18.0,Isle Royale National Park
2020-12-01,17.0,Isle Royale National Park
2021-01-01,23.0,Isle Royale National Park
2021-02-01,23.0,Isle Royale National Park
2021-03-01,26.0,Isle Royale National Park
2021-04-01,34.0,Isle Royale National Park
2021-05-01,36.0,Isle Royale National Park
2021-06-01,51.0,Isle Royale National Park
2021-07-01,46.0,Isle Royale National Park
2021-08-01,54.0,Isle Royale National Park
2021-09-01,33.0,Isle Royale National Park
2021-10-01,22.0,Isle Royale National Park
2021-11-01,20.0,Isle Royale National Park
2021-12-01,22.0,Isle Royale National Park
2022-01-01,31.0,Isle Royale National Park
2022-02-01,32.0,Isle Royale National Park
2022-03-01,32.0,Isle Royale National Park
2022-04-01,38.0,Isle Royale National Park
2022-05-01,44.0,Isle Royale National Park
2022-06-01,46.0,Isle Royale National Park
2022-07-01,50.0,Isle Royale National Park
2022-08-01,47.0,Isle Royale National Park
2022-09-01,35.0,Isle Royale National Park
2022-10-01,24.0,Isle Royale National Park
2022-11-01,21.0,Isle Royale National Park
2022-12-01,23.0,Isle Royale National Park
2023-01-01,30.0,Isle Royale National Park
2023-02-01,29.0,Isle Royale National Park
2023-03-01,33.0,Isle Royale National Park
2023-04-01,33.0,Isle Royale National Park
2023-05-01,43.0,Isle Royale National Park
2023-06-01,47.0,Isle Royale National Park
2023-07-01,51.0,Isle Royale National Park
2023-08-01,39.0,Isle Royale National Park
2023-09-01,29.0,Isle Royale National Park
2023-10-01,25.0,Isle Royale National Park
2023-11-01,20.0,Isle Royale National Park
2023-12-01,25.0,Isle Royale National Park
2024-01-01,31.0,Isle Royale National Park
2024-02-01,31.0,Isle Royale National Park
2024-03-01,40.0,Isle Royale National Park
2024-04-01,44.0,Isle Royale National Park
2024-05-01,48.0,Isle Royale National Park
2024-06-01,54.0,Isle Royale National Park
2024-07-01,98.0,Isle Royale National Park
2024-08-01,52.0,Isle Royale National Park
2024-09-01,43.0,Isle Royale National Park
2024-10-01,33.0,Isle Royale National Park
2024-11-01,26.0,Isle Royale National Park
2024-12-01,26.0,Isle Royale National Park
2025-01-01,35.0,Isle Royale National Park
2025-02-01,36.0,Isle Royale National Park
2025-03-01,38.0,Isle Royale National Park
2025-04-01,42.0,Isle Royale National Park
2025-05-01,44.0,Isle Royale National Park
2025-06-01,100.0,Isle Royale National Park
2025-07-01,56.0,Isle Royale National Park
2025-08-01,45.0,Isle Royale National Park
2025-09-01,32.0,Isle Royale National Park
2025-10-01,28.0,Isle Royale National Park
2025-11-01,24.0,Isle Royale National Park
2025-12-01,25.0,Isle Royale National Park
2010-01-01,64.0,Joshua Tree National Park
2010-02-01,69.0,Joshua Tree National Park
2010-03-01,86.0,Joshua Tree National Park
2010-04-01,71.0,Joshua Tree National Park
2010-05-01,55.0,Joshua Tree National Park
2010-06-01,42.0,Joshua Tree National Park
2010-07-01,36.0,Joshua Tree National Park
2010-08-01,42.0,Joshua Tree National Park
2010-09-01,45.0,Joshua Tree National Park
2010-10-01,48.0,Joshua Tree National Park
2010-11-01,50.0,Joshua Tree National Park
2010-12-01,50.0,Joshua Tree National Park
2011-01-01,57.0,Joshua Tree National Park
2011-02-01,50.0,Joshua Tree National Park
2011-03-01,50.0,Joshua Tree National Park
2011-04-01,49.0,Joshua Tree National Park
2011-05-01,39.0,Joshua Tree National Park
2011-06-01,32.0,Joshua Tree National Park
2011-07-01,26.0,Joshua Tree National Park
2011-08-01,31.0,Joshua Tree National Park
2011-09-01,27.0,Joshua Tree National Park
2011-10-01,36.0,Joshua Tree National Park
2011-11-01,35.0,Joshua Tree National Park
2011-12-01,36.0,Joshua Tree National Park
2012-01-01,40.0,Joshua Tree National Park
2012-02-01,46.0,Joshua Tree National Park
2012-03-01,51.0,Joshua Tree National Park
2012-04-01,46.0,Joshua Tree National Park
2012-05-01,32.0,Joshua Tree National Park
2012-06-01,25.0,Joshua Tree National Park
2012-07-01,25.0,Joshua Tree National Park
2012-08-01,26.0,Joshua Tree National Park
2012-09-01,25.0,Joshua Tree National Park
2012-10-01,30.0,Joshua Tree National Park
2012-11-01,36.0,Joshua Tree National Park
2012-12-01,38.0,Joshua Tree National Park
2013-01-01,52.0,Joshua Tree National Park
2013-02-01,47.0,Joshua Tree National Park
2013-03-01,53.0,Joshua Tree National Park
2013-04-01,49.0,Joshua Tree National Park
2013-05-01,33.0,Joshua Tree National Park
2013-06-01,28.0,Joshua Tree National Park
2013-07-01,23.0,Joshua Tree National Park
2013-08-01,29.0,Joshua Tree National Park
2013-09-01,26.0,Joshua Tree National Park
2013-10-01,42.0,Joshua Tree National Park
2013-11-01,52.0,Joshua Tree National Park
2013-12-01,45.0,Joshua Tree National Park
2014-01-01,48.0,Joshua Tree National Park
2014-02-01,49.0,Joshua Tree National Park
2014-03-01,52.0,Joshua Tree National Park
2014-04-01,46.0,Joshua Tree National Park
2014-05-01,35.0,Joshua Tree National Park
2014-06-01,29.0,Joshua Tree National Park
2014-07-01,42.0,Joshua Tree National Park
2014-08-01,43.0,Joshua Tree National Park
2014-09-01,38.0,Joshua Tree National Park
2014-10-01,47.0,Joshua Tree National Park
2014-11-01,53.0,Joshua Tree National Park
2014-12-01,66.0,Joshua Tree National Park
2015-01-01,60.0,Joshua Tree National Park
2015-02-01,61.0,Joshua Tree National Park
2015-03-01,60.0,Joshua Tree National Park
2015-04-01,48.0,Joshua Tree National Park
2015-05-01,40.0,Joshua Tree National Park
2015-06-01,34.0,Joshua Tree National Park
2015-07-01,34.0,Joshua Tree National Park
2015-08-01,39.0,Joshua Tree National Park
2015-09-01,39.0,Joshua Tree National Park
2015-10-01,41.0,Joshua Tree National Park
2015-11-01,48.0,Joshua Tree National Park
2015-12-01,53.0,Joshua Tree National Park
2016-01-01,52.0,Joshua Tree National Park
2016-02-01,53.0,Joshua Tree National Park
2016-03-01,73.0,Joshua Tree National Park
2016-04-01,62.0,Joshua Tree National Park
2016-05-01,55.0,Joshua Tree National Park
2016-06-01,44.0,Joshua Tree National Park
2016-07-01,46.0,Joshua Tree National Park
2016-08-01,55.0,Joshua Tree National Park
2016-09-01,48.0,Joshua Tree National Park
2016-10-01,49.0,Joshua Tree National Park
2016-11-01,60.0,Joshua Tree National Park
2016-12-01,66.0,Joshua Tree National Park
2017-01-01,68.0,Joshua Tree National Park
2017-02-01,78.0,Joshua Tree National Park
2017-03-01,80.0,Joshua Tree National Park
2017-04-01,68.0,Joshua Tree National Park
2017-05-01,49.0,Joshua Tree National Park
2017-06-01,43.0,Joshua Tree National Park
2017-07-01,42.0,Joshua Tree National Park
2017-08-01,57.0,Joshua Tree National Park
2017-09-01,47.0,Joshua Tree National Park
2017-10-01,84.0,Joshua Tree National Park
2017-11-01,64.0,Joshua Tree National Park
2017-12-01,68.0,Joshua Tree National Park
2018-01-01,84.0,Joshua Tree National Park
2018-02-01,75.0,Joshua Tree National Park
2018-03-01,84.0,Joshua Tree National Park
2018-04-01,62.0,Joshua Tree National Park
2018-05-01,53.0,Joshua Tree National Park
2018-06-01,45.0,Joshua Tree National Park
2018-07-01,44.0,Joshua Tree National Park
2018-08-01,44.0,Joshua Tree National Park
2018-09-01,46.0,Joshua Tree National Park
2018-10-01,54.0,Joshua Tree National Park
2018-11-01,60.0,Joshua Tree National Park
2018-12-01,73.0,Joshua Tree National Park
2019-01-01,100.0,Joshua Tree National Park
2019-02-01,82.0,Joshua Tree National Park
2019-03-01,85.0,Joshua Tree National Park
2019-04-01,72.0,Joshua Tree National Park
2019-05-01,62.0,Joshua Tree National Park
2019-06-01,52.0,Joshua Tree National Park
2019-07-01,49.0,Joshua Tree National Park
2019-08-01,51.0,Joshua Tree National Park
2019-09-01,55.0,Joshua Tree National Park
2019-10-01,59.0,Joshua Tree National Park
2019-11-01,64.0,Joshua Tree National Park
2019-12-01,78.0,Joshua Tree National Park
2020-01-01,78.0,Joshua Tree National Park
2020-02-01,72.0,Joshua Tree National Park
2020-03-01,61.0,Joshua Tree National Park
2020-04-01,27.0,Joshua Tree National Park
2020-05-01,71.0,Joshua Tree National Park
2020-06-01,57.0,Joshua Tree National Park
2020-07-01,55.0,Joshua Tree National Park
2020-08-01,46.0,Joshua Tree National Park
2020-09-01,48.0,Joshua Tree National Park
2020-10-01,51.0,Joshua Tree National Park
2020-11-01,62.0,Joshua Tree National Park
2020-12-01,49.0,Joshua Tree National Park
2021-01-01,51.0,Joshua Tree National Park
2021-02-01,55.0,Joshua Tree National Park
2021-03-01,68.0,Joshua Tree National Park
2021-04-01,67.0,Joshua Tree National Park
2021-05-01,54.0,Joshua Tree National Park
2021-06-01,44.0,Joshua Tree National Park
2021-07-01,41.0,Joshua Tree National Park
2021-08-01,38.0,Joshua Tree National Park
2021-09-01,43.0,Joshua Tree National Park
2021-10-01,55.0,Joshua Tree National Park
2021-11-01,59.0,Joshua Tree National Park
2021-12-01,66.0,Joshua Tree National Park
2022-01-01,81.0,Joshua Tree National Park
2022-02-01,87.0,Joshua Tree National Park
2022-03-01,82.0,Joshua Tree National Park
2022-04-01,64.0,Joshua Tree National Park
2022-05-01,58.0,Joshua Tree National Park
2022-06-01,51.0,Joshua Tree National Park
2022-07-01,52.0,Joshua Tree National Park
2022-08-01,54.0,Joshua Tree National Park
2022-09-01,46.0,Joshua Tree National Park
2022-10-01,55.0,Joshua Tree National Park
2022-11-01,62.0,Joshua Tree National Park
2022-12-01,73.0,Joshua Tree National Park
2023-01-01,74.0,Joshua Tree National Park
2023-02-01,76.0,Joshua Tree National Park
2023-03-01,82.0,Joshua Tree National Park
2023-04-01,70.0,Joshua Tree National Park
2023-05-01,65.0,Joshua Tree National Park
2023-06-01,65.0,Joshua Tree National Park
2023-07-01,61.0,Joshua Tree National Park
2023-08-01,68.0,Joshua Tree National Park
2023-09-01,58.0,Joshua Tree National Park
2023-10-01,62.0,Joshua Tree National Park
2023-11-01,67.0,Joshua Tree National Park
2023-12-01,80.0,Joshua Tree National Park
2024-01-01,76.0,Joshua Tree National Park
2024-02-01,80.0,Joshua Tree National Park
2024-03-01,91.0,Joshua Tree National Park
2024-04-01,71.0,Joshua Tree National Park
2024-05-01,70.0,Joshua Tree National Park
2024-06-01,56.0,Joshua Tree National Park
2024-07-01,46.0,Joshua Tree National Park
2024-08-01,54.0,Joshua Tree National Park
2024-09-01,55.0,Joshua Tree National Park
2024-10-01,61.0,Joshua Tree National Park
2024-11-01,70.0,Joshua Tree National Park
2024-12-01,79.0,Joshua Tree National Park
2025-01-01,82.0,Joshua Tree National Park
2025-02-01,79.0,Joshua Tree National Park
2025-03-01,78.0,Joshua Tree National Park
2025-04-01,61.0,Joshua Tree National Park
2025-05-01,59.0,Joshua Tree National Park
2025-06-01,45.0,Joshua Tree National Park
2025-07-01,48.0,Joshua Tree National Park
2025-08-01,50.0,Joshua Tree National Park
2025-09-01,52.0,Joshua Tree National Park
2025-10-01,72.0,Joshua Tree National Park
2025-11-01,75.0,Joshua Tree National Park
2025-12-01,87.0,Joshua Tree National Park
2010-01-01,14.0,Katmai National Park
2010-02-01,15.0,Katmai National Park
2010-03-01,15.0,Katmai National Park
2010-04-01,16.0,Katmai National Park
2010-05-01,22.0,Katmai National Park
2010-06-01,19.0,Katmai National Park
2010-07-01,18.0,Katmai National Park
2010-08-01,23.0,Katmai National Park
2010-09-01,19.0,Katmai National Park
2010-10-01,7.0,Katmai National Park
2010-11-01,9.0,Katmai National Park
2010-12-01,14.0,Katmai National Park
2011-01-01,14.0,Katmai National Park
2011-02-01,10.0,Katmai National Park
2011-03-01,8.0,Katmai National Park
2011-04-01,18.0,Katmai National Park
2011-05-01,14.0,Katmai National Park
2011-06-01,16.0,Katmai National Park
2011-07-01,14.0,Katmai National Park
2011-08-01,11.0,Katmai National Park
2011-09-01,8.0,Katmai National Park
2011-10-01,8.0,Katmai National Park
2011-11-01,9.0,Katmai National Park
2011-12-01,10.0,Katmai National Park
2012-01-01,9.0,Katmai National Park
2012-02-01,12.0,Katmai National Park
2012-03-01,12.0,Katmai National Park
2012-04-01,12.0,Katmai National Park
2012-05-01,13.0,Katmai National Park
2012-06-01,16.0,Katmai National Park
2012-07-01,34.0,Katmai National Park
2012-08-01,24.0,Katmai National Park
2012-09-01,15.0,Katmai National Park
2012-10-01,12.0,Katmai National Park
2012-11-01,10.0,Katmai National Park
2012-12-01,10.0,Katmai National Park
2013-01-01,9.0,Katmai National Park
2013-02-01,11.0,Katmai National Park
2013-03-01,12.0,Katmai National Park
2013-04-01,13.0,Katmai National Park
2013-05-01,14.0,Katmai National Park
2013-06-01,19.0,Katmai National Park
2013-07-01,53.0,Katmai National Park
2013-08-01,20.0,Katmai National Park
2013-09-01,15.0,Katmai National Park
2013-10-01,13.0,Katmai National Park
2013-11-01,10.0,Katmai National Park
2013-12-01,10.0,Katmai National Park
2014-01-01,13.0,Katmai National Park
2014-02-01,12.0,Katmai National Park
2014-03-01,13.0,Katmai National Park
2014-04-01,28.0,Katmai National Park
2014-05-01,18.0,Katmai National Park
2014-06-01,17.0,Katmai National Park
2014-07-01,32.0,Katmai National Park
2014-08-01,14.0,Katmai National Park
2014-09-01,14.0,Katmai National Park
2014-10-01,12.0,Katmai National Park
2014-11-01,11.0,Katmai National Park
2014-12-01,15.0,Katmai National Park
2015-01-01,12.0,Katmai National Park
2015-02-01,15.0,Katmai National Park
2015-03-01,16.0,Katmai National Park
2015-04-01,19.0,Katmai National Park
2015-05-01,19.0,Katmai National Park
2015-06-01,16.0,Katmai National Park
2015-07-01,41.0,Katmai National Park
2015-08-01,31.0,Katmai National Park
2015-09-01,20.0,Katmai National Park
2015-10-01,16.0,Katmai National Park
2015-11-01,10.0,Katmai National Park
2015-12-01,10.0,Katmai National Park
2016-01-01,11.0,Katmai National Park
2016-02-01,11.0,Katmai National Park
2016-03-01,13.0,Katmai National Park
2016-04-01,19.0,Katmai National Park
2016-05-01,20.0,Katmai National Park
2016-06-01,22.0,Katmai National Park
2016-07-01,49.0,Katmai National Park
2016-08-01,21.0,Katmai National Park
2016-09-01,16.0,Katmai National Park
2016-10-01,16.0,Katmai National Park
2016-11-01,12.0,Katmai National Park
2016-12-01,13.0,Katmai National Park
2017-01-01,14.0,Katmai National Park
2017-02-01,15.0,Katmai National Park
2017-03-01,14.0,Katmai National Park
2017-04-01,16.0,Katmai National Park
2017-05-01,21.0,Katmai National Park
2017-06-01,22.0,Katmai National Park
2017-07-01,44.0,Katmai National Park
2017-08-01,29.0,Katmai National Park
2017-09-01,19.0,Katmai National Park
2017-10-01,14.0,Katmai National Park
2017-11-01,14.0,Katmai National Park
2017-12-01,14.0,Katmai National Park
2018-01-01,19.0,Katmai National Park
2018-02-01,16.0,Katmai National Park
2018-03-01,17.0,Katmai National Park
2018-04-01,17.0,Katmai National Park
2018-05-01,21.0,Katmai National Park
2018-06-01,30.0,Katmai National Park
2018-07-01,45.0,Katmai National Park
2018-08-01,36.0,Katmai National Park
2018-09-01,18.0,Katmai National Park
2018-10-01,40.0,Katmai National Park
2018-11-01,14.0,Katmai National Park
2018-12-01,10.0,Katmai National Park
2019-01-01,17.0,Katmai National Park
2019-02-01,16.0,Katmai National Park
2019-03-01,15.0,Katmai National Park
2019-04-01,17.0,Katmai National Park
2019-05-01,19.0,Katmai National Park
2019-06-01,28.0,Katmai National Park
2019-07-01,35.0,Katmai National Park
2019-08-01,28.0,Katmai National Park
2019-09-01,27.0,Katmai National Park
2019-10-01,60.0,Katmai National Park
2019-11-01,15.0,Katmai National Park
2019-12-01,16.0,Katmai National Park
2020-01-01,20.0,Katmai National Park
2020-02-01,18.0,Katmai National Park
2020-03-01,9.0,Katmai National Park
2020-04-01,12.0,Katmai National Park
2020-05-01,17.0,Katmai National Park
2020-06-01,19.0,Katmai National Park
2020-07-01,29.0,Katmai National Park
2020-08-01,26.0,Katmai National Park
2020-09-01,29.0,Katmai National Park
2020-10-01,40.0,Katmai National Park
2020-11-01,13.0,Katmai National Park
2020-12-01,13.0,Katmai National Park
2021-01-01,14.0,Katmai National Park
2021-02-01,11.0,Katmai National Park
2021-03-01,12.0,Katmai National Park
2021-04-01,17.0,Katmai National Park
2021-05-01,20.0,Katmai National Park
2021-06-01,30.0,Katmai National Park
2021-07-01,52.0,Katmai National Park
2021-08-01,44.0,Katmai National Park
2021-09-01,40.0,Katmai National Park
2021-10-01,35.0,Katmai National Park
2021-11-01,15.0,Katmai National Park
2021-12-01,15.0,Katmai National Park
2022-01-01,21.0,Katmai National Park
2022-02-01,21.0,Katmai National Park
2022-03-01,20.0,Katmai National Park
2022-04-01,25.0,Katmai National Park
2022-05-01,28.0,Katmai National Park
2022-06-01,38.0,Katmai National Park
2022-07-01,72.0,Katmai National Park
2022-08-01,49.0,Katmai National Park
2022-09-01,44.0,Katmai National Park
2022-10-01,98.0,Katmai National Park
2022-11-01,17.0,Katmai National Park
2022-12-01,20.0,Katmai National Park
2023-01-01,24.0,Katmai National Park
2023-02-01,21.0,Katmai National Park
2023-03-01,23.0,Katmai National Park
2023-04-01,27.0,Katmai National Park
2023-05-01,33.0,Katmai National Park
2023-06-01,39.0,Katmai National Park
2023-07-01,66.0,Katmai National Park
2023-08-01,56.0,Katmai National Park
2023-09-01,65.0,Katmai National Park
2023-10-01,92.0,Katmai National Park
2023-11-01,28.0,Katmai National Park
2023-12-01,27.0,Katmai National Park
2024-01-01,28.0,Katmai National Park
2024-02-01,28.0,Katmai National Park
2024-03-01,29.0,Katmai National Park
2024-04-01,27.0,Katmai National Park
2024-05-01,39.0,Katmai National Park
2024-06-01,38.0,Katmai National Park
2024-07-01,64.0,Katmai National Park
2024-08-01,59.0,Katmai National Park
2024-09-01,95.0,Katmai National Park
2024-10-01,58.0,Katmai National Park
2024-11-01,28.0,Katmai National Park
2024-12-01,26.0,Katmai National Park
2025-01-01,30.0,Katmai National Park
2025-02-01,36.0,Katmai National Park
2025-03-01,30.0,Katmai National Park
2025-04-01,45.0,Katmai National Park
2025-05-01,44.0,Katmai National Park
2025-06-01,48.0,Katmai National Park
2025-07-01,78.0,Katmai National Park
2025-08-01,69.0,Katmai National Park
2025-09-01,100.0,Katmai National Park
2025-10-01,45.0,Katmai National Park
2025-11-01,33.0,Katmai National Park
2025-12-01,29.0,Katmai National Park
2010-01-01,29.0,Kenai Fjords National Park
2010-02-01,32.0,Kenai Fjords National Park
2010-03-01,31.0,Kenai Fjords National Park
2010-04-01,28.0,Kenai Fjords National Park
2010-05-01,57.0,Kenai Fjords National Park
2010-06-01,50.0,Kenai Fjords National Park
2010-07-01,43.0,Kenai Fjords National Park
2010-08-01,29.0,Kenai Fjords National Park
2010-09-01,19.0,Kenai Fjords National Park
2010-10-01,14.0,Kenai Fjords National Park
2010-11-01,19.0,Kenai Fjords National Park
2010-12-01,16.0,Kenai Fjords National Park
2011-01-01,25.0,Kenai Fjords National Park
2011-02-01,28.0,Kenai Fjords National Park
2011-03-01,30.0,Kenai Fjords National Park
2011-04-01,28.0,Kenai Fjords National Park
2011-05-01,48.0,Kenai Fjords National Park
2011-06-01,52.0,Kenai Fjords National Park
2011-07-01,52.0,Kenai Fjords National Park
2011-08-01,25.0,Kenai Fjords National Park
2011-09-01,21.0,Kenai Fjords National Park
2011-10-01,19.0,Kenai Fjords National Park
2011-11-01,14.0,Kenai Fjords National Park
2011-12-01,21.0,Kenai Fjords National Park
2012-01-01,33.0,Kenai Fjords National Park
2012-02-01,30.0,Kenai Fjords National Park
2012-03-01,22.0,Kenai Fjords National Park
2012-04-01,22.0,Kenai Fjords National Park
2012-05-01,44.0,Kenai Fjords National Park
2012-06-01,43.0,Kenai Fjords National Park
2012-07-01,40.0,Kenai Fjords National Park
2012-08-01,29.0,Kenai Fjords National Park
2012-09-01,25.0,Kenai Fjords National Park
2012-10-01,12.0,Kenai Fjords National Park
2012-11-01,16.0,Kenai Fjords National Park
2012-12-01,21.0,Kenai Fjords National Park
2013-01-01,26.0,Kenai Fjords National Park
2013-02-01,27.0,Kenai Fjords National Park
2013-03-01,31.0,Kenai Fjords National Park
2013-04-01,35.0,Kenai Fjords National Park
2013-05-01,55.0,Kenai Fjords National Park
2013-06-01,57.0,Kenai Fjords National Park
2013-07-01,61.0,Kenai Fjords National Park
2013-08-01,54.0,Kenai Fjords National Park
2013-09-01,29.0,Kenai Fjords National Park
2013-10-01,29.0,Kenai Fjords National Park
2013-11-01,21.0,Kenai Fjords National Park
2013-12-01,26.0,Kenai Fjords National Park
2014-01-01,33.0,Kenai Fjords National Park
2014-02-01,35.0,Kenai Fjords National Park
2014-03-01,39.0,Kenai Fjords National Park
2014-04-01,38.0,Kenai Fjords National Park
2014-05-01,55.0,Kenai Fjords National Park
2014-06-01,44.0,Kenai Fjords National Park
2014-07-01,47.0,Kenai Fjords National Park
2014-08-01,36.0,Kenai Fjords National Park
2014-09-01,23.0,Kenai Fjords National Park
2014-10-01,24.0,Kenai Fjords National Park
2014-11-01,18.0,Kenai Fjords National Park
2014-12-01,22.0,Kenai Fjords National Park
2015-01-01,23.0,Kenai Fjords National Park
2015-02-01,27.0,Kenai Fjords National Park
2015-03-01,35.0,Kenai Fjords National Park
2015-04-01,41.0,Kenai Fjords National Park
2015-05-01,60.0,Kenai Fjords National Park
2015-06-01,61.0,Kenai Fjords National Park
2015-07-01,60.0,Kenai Fjords National Park
2015-08-01,47.0,Kenai Fjords National Park
2015-09-01,33.0,Kenai Fjords National Park
2015-10-01,19.0,Kenai Fjords National Park
2015-11-01,17.0,Kenai Fjords National Park
2015-12-01,23.0,Kenai Fjords National Park
2016-01-01,28.0,Kenai Fjords National Park
2016-02-01,27.0,Kenai Fjords National Park
2016-03-01,38.0,Kenai Fjords National Park
2016-04-01,44.0,Kenai Fjords National Park
2016-05-01,49.0,Kenai Fjords National Park
2016-06-01,60.0,Kenai Fjords National Park
2016-07-01,48.0,Kenai Fjords National Park
2016-08-01,47.0,Kenai Fjords National Park
2016-09-01,51.0,Kenai Fjords National Park
2016-10-01,26.0,Kenai Fjords National Park
2016-11-01,20.0,Kenai Fjords National Park
2016-12-01,24.0,Kenai Fjords National Park
2017-01-01,28.0,Kenai Fjords National Park
2017-02-01,34.0,Kenai Fjords National Park
2017-03-01,34.0,Kenai Fjords National Park
2017-04-01,40.0,Kenai Fjords National Park
2017-05-01,53.0,Kenai Fjords National Park
2017-06-01,67.0,Kenai Fjords National Park
2017-07-01,55.0,Kenai Fjords National Park
2017-08-01,42.0,Kenai Fjords National Park
2017-09-01,28.0,Kenai Fjords National Park
2017-10-01,24.0,Kenai Fjords National Park
2017-11-01,27.0,Kenai Fjords National Park
2017-12-01,33.0,Kenai Fjords National Park
2018-01-01,38.0,Kenai Fjords National Park
2018-02-01,36.0,Kenai Fjords National Park
2018-03-01,32.0,Kenai Fjords National Park
2018-04-01,47.0,Kenai Fjords National Park
2018-05-01,64.0,Kenai Fjords National Park
2018-06-01,63.0,Kenai Fjords National Park
2018-07-01,61.0,Kenai Fjords National Park
2018-08-01,48.0,Kenai Fjords National Park
2018-09-01,31.0,Kenai Fjords National Park
2018-10-01,22.0,Kenai Fjords National Park
2018-11-01,22.0,Kenai Fjords National Park
2018-12-01,23.0,Kenai Fjords National Park
2019-01-01,40.0,Kenai Fjords National Park
2019-02-01,38.0,Kenai Fjords National Park
2019-03-01,39.0,Kenai Fjords National Park
2019-04-01,47.0,Kenai Fjords National Park
2019-05-01,59.0,Kenai Fjords National Park
2019-06-01,66.0,Kenai Fjords National Park
2019-07-01,72.0,Kenai Fjords National Park
2019-08-01,61.0,Kenai Fjords National Park
2019-09-01,38.0,Kenai Fjords National Park
2019-10-01,34.0,Kenai Fjords National Park
2019-11-01,27.0,Kenai Fjords National Park
2019-12-01,37.0,Kenai Fjords National Park
2020-01-01,47.0,Kenai Fjords National Park
2020-02-01,60.0,Kenai Fjords National Park
2020-03-01,31.0,Kenai Fjords National Park
2020-04-01,48.0,Kenai Fjords National Park
2020-05-01,51.0,Kenai Fjords National Park
2020-06-01,60.0,Kenai Fjords National Park
2020-07-01,50.0,Kenai Fjords National Park
2020-08-01,43.0,Kenai Fjords National Park
2020-09-01,42.0,Kenai Fjords National Park
2020-10-01,26.0,Kenai Fjords National Park
2020-11-01,18.0,Kenai Fjords National Park
2020-12-01,29.0,Kenai Fjords National Park
2021-01-01,33.0,Kenai Fjords National Park
2021-02-01,32.0,Kenai Fjords National Park
2021-03-01,40.0,Kenai Fjords National Park
2021-04-01,55.0,Kenai Fjords National Park
2021-05-01,75.0,Kenai Fjords National Park
2021-06-01,88.0,Kenai Fjords National Park
2021-07-01,76.0,Kenai Fjords National Park
2021-08-01,73.0,Kenai Fjords National Park
2021-09-01,46.0,Kenai Fjords National Park
2021-10-01,32.0,Kenai Fjords National Park
2021-11-01,29.0,Kenai Fjords National Park
2021-12-01,29.0,Kenai Fjords National Park
2022-01-01,57.0,Kenai Fjords National Park
2022-02-01,58.0,Kenai Fjords National Park
2022-03-01,66.0,Kenai Fjords National Park
2022-04-01,98.0,Kenai Fjords National Park
2022-05-01,90.0,Kenai Fjords National Park
2022-06-01,85.0,Kenai Fjords National Park
2022-07-01,78.0,Kenai Fjords National Park
2022-08-01,70.0,Kenai Fjords National Park
2022-09-01,50.0,Kenai Fjords National Park
2022-10-01,38.0,Kenai Fjords National Park
2022-11-01,39.0,Kenai Fjords National Park
2022-12-01,46.0,Kenai Fjords National Park
2023-01-01,64.0,Kenai Fjords National Park
2023-02-01,60.0,Kenai Fjords National Park
2023-03-01,58.0,Kenai Fjords National Park
2023-04-01,60.0,Kenai Fjords National Park
2023-05-01,84.0,Kenai Fjords National Park
2023-06-01,83.0,Kenai Fjords National Park
2023-07-01,86.0,Kenai Fjords National Park
2023-08-01,75.0,Kenai Fjords National Park
2023-09-01,54.0,Kenai Fjords National Park
2023-10-01,50.0,Kenai Fjords National Park
2023-11-01,42.0,Kenai Fjords National Park
2023-12-01,48.0,Kenai Fjords National Park
2024-01-01,64.0,Kenai Fjords National Park
2024-02-01,64.0,Kenai Fjords National Park
2024-03-01,68.0,Kenai Fjords National Park
2024-04-01,69.0,Kenai Fjords National Park
2024-05-01,89.0,Kenai Fjords National Park
2024-06-01,97.0,Kenai Fjords National Park
2024-07-01,100.0,Kenai Fjords National Park
2024-08-01,72.0,Kenai Fjords National Park
2024-09-01,57.0,Kenai Fjords National Park
2024-10-01,42.0,Kenai Fjords National Park
2024-11-01,51.0,Kenai Fjords National Park
2024-12-01,55.0,Kenai Fjords National Park
2025-01-01,57.0,Kenai Fjords National Park
2025-02-01,58.0,Kenai Fjords National Park
2025-03-01,66.0,Kenai Fjords National Park
2025-04-01,68.0,Kenai Fjords National Park
2025-05-01,92.0,Kenai Fjords National Park
2025-06-01,91.0,Kenai Fjords National Park
2025-07-01,95.0,Kenai Fjords National Park
2025-08-01,81.0,Kenai Fjords National Park
2025-09-01,58.0,Kenai Fjords National Park
2025-10-01,46.0,Kenai Fjords National Park
2025-11-01,51.0,Kenai Fjords National Park
2025-12-01,40.0,Kenai Fjords National Park
2010-01-01,0.0,Kobuk Valley National Park
2010-02-01,0.0,Kobuk Valley National Park
2010-03-01,0.0,Kobuk Valley National Park
2010-04-01,0.0,Kobuk Valley National Park
2010-05-01,0.0,Kobuk Valley National Park
2010-06-01,0.0,Kobuk Valley National Park
2010-07-01,0.0,Kobuk Valley National Park
2010-08-01,0.0,Kobuk Valley National Park
2010-09-01,0.0,Kobuk Valley National Park
2010-10-01,0.0,Kobuk Valley National Park
2010-11-01,0.0,Kobuk Valley National Park
2010-12-01,0.0,Kobuk Valley National Park
2011-01-01,0.0,Kobuk Valley National Park
2011-02-01,0.0,Kobuk Valley National Park
2011-03-01,0.0,Kobuk Valley National Park
2011-04-01,0.0,Kobuk Valley National Park
2011-05-01,0.0,Kobuk Valley National Park
2011-06-01,0.0,Kobuk Valley National Park
2011-07-01,0.0,Kobuk Valley National Park
2011-08-01,0.0,Kobuk Valley National Park
2011-09-01,0.0,Kobuk Valley National Park
2011-10-01,0.0,Kobuk Valley National Park
2011-11-01,0.0,Kobuk Valley National Park
2011-12-01,0.0,Kobuk Valley National Park
2012-01-01,38.0,Kobuk Valley National Park
2012-02-01,0.0,Kobuk Valley National Park
2012-03-01,0.0,Kobuk Valley National Park
2012-04-01,48.0,Kobuk Valley National Park
2012-05-01,0.0,Kobuk Valley National Park
2012-06-01,0.0,Kobuk Valley National Park
2012-07-01,35.0,Kobuk Valley National Park
2012-08-01,0.0,Kobuk Valley National Park
2012-09-01,0.0,Kobuk Valley National Park
2012-10-01,48.0,Kobuk Valley National Park
2012-11-01,0.0,Kobuk Valley National Park
2012-12-01,0.0,Kobuk Valley National Park
2013-01-01,39.0,Kobuk Valley National Park
2013-02-01,0.0,Kobuk Valley National Park
2013-03-01,0.0,Kobuk Valley National Park
2013-04-01,30.0,Kobuk Valley National Park
2013-05-01,0.0,Kobuk Valley National Park
2013-06-01,51.0,Kobuk Valley National Park
2013-07-01,0.0,Kobuk Valley National Park
2013-08-01,0.0,Kobuk Valley National Park
2013-09-01,0.0,Kobuk Valley National Park
2013-10-01,29.0,Kobuk Valley National Park
2013-11-01,46.0,Kobuk Valley National Park
2013-12-01,0.0,Kobuk Valley National Park
2014-01-01,0.0,Kobuk Valley National Park
2014-02-01,0.0,Kobuk Valley National Park
2014-03-01,0.0,Kobuk Valley National Park
2014-04-01,32.0,Kobuk Valley National Park
2014-05-01,46.0,Kobuk Valley National Park
2014-06-01,0.0,Kobuk Valley National Park
2014-07-01,0.0,Kobuk Valley National Park
2014-08-01,0.0,Kobuk Valley National Park
2014-09-01,40.0,Kobuk Valley National Park
2014-10-01,0.0,Kobuk Valley National Park
2014-11-01,0.0,Kobuk Valley National Park
2014-12-01,0.0,Kobuk Valley National Park
2015-01-01,0.0,Kobuk Valley National Park
2015-02-01,37.0,Kobuk Valley National Park
2015-03-01,0.0,Kobuk Valley National Park
2015-04-01,0.0,Kobuk Valley National Park
2015-05-01,34.0,Kobuk Valley National Park
2015-06-01,0.0,Kobuk Valley National Park
2015-07-01,34.0,Kobuk Valley National Park
2015-08-01,0.0,Kobuk Valley National Park
2015-09-01,0.0,Kobuk Valley National Park
2015-10-01,33.0,Kobuk Valley National Park
2015-11-01,0.0,Kobuk Valley National Park
2015-12-01,0.0,Kobuk Valley National Park
2016-01-01,0.0,Kobuk Valley National Park
2016-02-01,0.0,Kobuk Valley National Park
2016-03-01,52.0,Kobuk Valley National Park
2016-04-01,53.0,Kobuk Valley National Park
2016-05-01,69.0,Kobuk Valley National Park
2016-06-01,0.0,Kobuk Valley National Park
2016-07-01,40.0,Kobuk Valley National Park
2016-08-01,67.0,Kobuk Valley National Park
2016-09-01,32.0,Kobuk Valley National Park
2016-10-01,0.0,Kobuk Valley National Park
2016-11-01,31.0,Kobuk Valley National Park
2016-12-01,29.0,Kobuk Valley National Park
2017-01-01,28.0,Kobuk Valley National Park
2017-02-01,26.0,Kobuk Valley National Park
2017-03-01,0.0,Kobuk Valley National Park
2017-04-01,36.0,Kobuk Valley National Park
2017-05-01,39.0,Kobuk Valley National Park
2017-06-01,81.0,Kobuk Valley National Park
2017-07-01,42.0,Kobuk Valley National Park
2017-08-01,55.0,Kobuk Valley National Park
2017-09-01,27.0,Kobuk Valley National Park
2017-10-01,25.0,Kobuk Valley National Park
2017-11-01,0.0,Kobuk Valley National Park
2017-12-01,28.0,Kobuk Valley National Park
2018-01-01,30.0,Kobuk Valley National Park
2018-02-01,23.0,Kobuk Valley National Park
2018-03-01,33.0,Kobuk Valley National Park
2018-04-01,62.0,Kobuk Valley National Park
2018-05-01,39.0,Kobuk Valley National Park
2018-06-01,28.0,Kobuk Valley National Park
2018-07-01,37.0,Kobuk Valley National Park
2018-08-01,32.0,Kobuk Valley National Park
2018-09-01,25.0,Kobuk Valley National Park
2018-10-01,33.0,Kobuk Valley National Park
2018-11-01,43.0,Kobuk Valley National Park
2018-12-01,24.0,Kobuk Valley National Park
2019-01-01,34.0,Kobuk Valley National Park
2019-02-01,37.0,Kobuk Valley National Park
2019-03-01,48.0,Kobuk Valley National Park
2019-04-01,44.0,Kobuk Valley National Park
2019-05-01,47.0,Kobuk Valley National Park
2019-06-01,30.0,Kobuk Valley National Park
2019-07-01,63.0,Kobuk Valley National Park
2019-08-01,45.0,Kobuk Valley National Park
2019-09-01,31.0,Kobuk Valley National Park
2019-10-01,0.0,Kobuk Valley National Park
2019-11-01,38.0,Kobuk Valley National Park
2019-12-01,34.0,Kobuk Valley National Park
2020-01-01,39.0,Kobuk Valley National Park
2020-02-01,29.0,Kobuk Valley National Park
2020-03-01,28.0,Kobuk Valley National Park
2020-04-01,38.0,Kobuk Valley National Park
2020-05-01,34.0,Kobuk Valley National Park
2020-06-01,49.0,Kobuk Valley National Park
2020-07-01,38.0,Kobuk Valley National Park
2020-08-01,30.0,Kobuk Valley National Park
2020-09-01,42.0,Kobuk Valley National Park
2020-10-01,29.0,Kobuk Valley National Park
2020-11-01,34.0,Kobuk Valley National Park
2020-12-01,0.0,Kobuk Valley National Park
2021-01-01,26.0,Kobuk Valley National Park
2021-02-01,29.0,Kobuk Valley National Park
2021-03-01,33.0,Kobuk Valley National Park
2021-04-01,36.0,Kobuk Valley National Park
2021-05-01,39.0,Kobuk Valley National Park
2021-06-01,83.0,Kobuk Valley National Park
2021-07-01,46.0,Kobuk Valley National Park
2021-08-01,55.0,Kobuk Valley National Park
2021-09-01,39.0,Kobuk Valley National Park
2021-10-01,36.0,Kobuk Valley National Park
2021-11-01,57.0,Kobuk Valley National Park
2021-12-01,42.0,Kobuk Valley National Park
2022-01-01,38.0,Kobuk Valley National Park
2022-02-01,52.0,Kobuk Valley National Park
2022-03-01,36.0,Kobuk Valley National Park
2022-04-01,55.0,Kobuk Valley National Park
2022-05-01,59.0,Kobuk Valley National Park
2022-06-01,42.0,Kobuk Valley National Park
2022-07-01,62.0,Kobuk Valley National Park
2022-08-01,38.0,Kobuk Valley National Park
2022-09-01,34.0,Kobuk Valley National Park
2022-10-01,34.0,Kobuk Valley National Park
2022-11-01,36.0,Kobuk Valley National Park
2022-12-01,44.0,Kobuk Valley National Park
2023-01-01,38.0,Kobuk Valley National Park
2023-02-01,46.0,Kobuk Valley National Park
2023-03-01,90.0,Kobuk Valley National Park
2023-04-01,57.0,Kobuk Valley National Park
2023-05-01,81.0,Kobuk Valley National Park
2023-06-01,72.0,Kobuk Valley National Park
2023-07-01,67.0,Kobuk Valley National Park
2023-08-01,70.0,Kobuk Valley National Park
2023-09-01,56.0,Kobuk Valley National Park
2023-10-01,54.0,Kobuk Valley National Park
2023-11-01,46.0,Kobuk Valley National Park
2023-12-01,68.0,Kobuk Valley National Park
2024-01-01,100.0,Kobuk Valley National Park
2024-02-01,88.0,Kobuk Valley National Park
2024-03-01,70.0,Kobuk Valley National Park
2024-04-01,73.0,Kobuk Valley National Park
2024-05-01,96.0,Kobuk Valley National Park
2024-06-01,80.0,Kobuk Valley National Park
2024-07-01,79.0,Kobuk Valley National Park
2024-08-01,45.0,Kobuk Valley National Park
2024-09-01,85.0,Kobuk Valley National Park
2024-10-01,39.0,Kobuk Valley National Park
2024-11-01,82.0,Kobuk Valley National Park
2024-12-01,75.0,Kobuk Valley National Park
2025-01-01,71.0,Kobuk Valley National Park
2025-02-01,73.0,Kobuk Valley National Park
2025-03-01,87.0,Kobuk Valley National Park
2025-04-01,79.0,Kobuk Valley National Park
2025-05-01,83.0,Kobuk Valley National Park
2025-06-01,58.0,Kobuk Valley National Park
2025-07-01,68.0,Kobuk Valley National Park
2025-08-01,63.0,Kobuk Valley National Park
2025-09-01,90.0,Kobuk Valley National Park
2025-10-01,66.0,Kobuk Valley National Park
2025-11-01,67.0,Kobuk Valley National Park
2025-12-01,85.0,Kobuk Valley National Park
2010-01-01,39.0,Lake Clark National Park
2010-02-01,16.0,Lake Clark National Park
2010-03-01,26.0,Lake Clark National Park
2010-04-01,29.0,Lake Clark National Park
2010-05-01,24.0,Lake Clark National Park
2010-06-01,21.0,Lake Clark National Park
2010-07-01,13.0,Lake Clark National Park
2010-08-01,14.0,Lake Clark National Park
2010-09-01,14.0,Lake Clark National Park
2010-10-01,0.0,Lake Clark National Park
2010-11-01,11.0,Lake Clark National Park
2010-12-01,25.0,Lake Clark National Park
2011-01-01,14.0,Lake Clark National Park
2011-02-01,19.0,Lake Clark National Park
2011-03-01,24.0,Lake Clark National Park
2011-04-01,15.0,Lake Clark National Park
2011-05-01,22.0,Lake Clark National Park
2011-06-01,18.0,Lake Clark National Park
2011-07-01,20.0,Lake Clark National Park
2011-08-01,18.0,Lake Clark National Park
2011-09-01,20.0,Lake Clark National Park
2011-10-01,10.0,Lake Clark National Park
2011-11-01,17.0,Lake Clark National Park
2011-12-01,30.0,Lake Clark National Park
2012-01-01,25.0,Lake Clark National Park
2012-02-01,10.0,Lake Clark National Park
2012-03-01,22.0,Lake Clark National Park
2012-04-01,23.0,Lake Clark National Park
2012-05-01,32.0,Lake Clark National Park
2012-06-01,29.0,Lake Clark National Park
2012-07-01,23.0,Lake Clark National Park
2012-08-01,21.0,Lake Clark National Park
2012-09-01,16.0,Lake Clark National Park
2012-10-01,13.0,Lake Clark National Park
2012-11-01,9.0,Lake Clark National Park
2012-12-01,17.0,Lake Clark National Park
2013-01-01,18.0,Lake Clark National Park
2013-02-01,13.0,Lake Clark National Park
2013-03-01,23.0,Lake Clark National Park
2013-04-01,28.0,Lake Clark National Park
2013-05-01,24.0,Lake Clark National Park
2013-06-01,29.0,Lake Clark National Park
2013-07-01,17.0,Lake Clark National Park
2013-08-01,21.0,Lake Clark National Park
2013-09-01,14.0,Lake Clark National Park
2013-10-01,11.0,Lake Clark National Park
2013-11-01,14.0,Lake Clark National Park
2013-12-01,22.0,Lake Clark National Park
2014-01-01,17.0,Lake Clark National Park
2014-02-01,15.0,Lake Clark National Park
2014-03-01,21.0,Lake Clark National Park
2014-04-01,19.0,Lake Clark National Park
2014-05-01,26.0,Lake Clark National Park
2014-06-01,24.0,Lake Clark National Park
2014-07-01,28.0,Lake Clark National Park
2014-08-01,27.0,Lake Clark National Park
2014-09-01,14.0,Lake Clark National Park
2014-10-01,19.0,Lake Clark National Park
2014-11-01,13.0,Lake Clark National Park
2014-12-01,15.0,Lake Clark National Park
2015-01-01,18.0,Lake Clark National Park
2015-02-01,21.0,Lake Clark National Park
2015-03-01,26.0,Lake Clark National Park
2015-04-01,24.0,Lake Clark National Park
2015-05-01,19.0,Lake Clark National Park
2015-06-01,28.0,Lake Clark National Park
2015-07-01,27.0,Lake Clark National Park
2015-08-01,21.0,Lake Clark National Park
2015-09-01,26.0,Lake Clark National Park
2015-10-01,18.0,Lake Clark National Park
2015-11-01,25.0,Lake Clark National Park
2015-12-01,18.0,Lake Clark National Park
2016-01-01,21.0,Lake Clark National Park
2016-02-01,14.0,Lake Clark National Park
2016-03-01,23.0,Lake Clark National Park
2016-04-01,27.0,Lake Clark National Park
2016-05-01,27.0,Lake Clark National Park
2016-06-01,33.0,Lake Clark National Park
2016-07-01,19.0,Lake Clark National Park
2016-08-01,22.0,Lake Clark National Park
2016-09-01,17.0,Lake Clark National Park
2016-10-01,26.0,Lake Clark National Park
2016-11-01,20.0,Lake Clark National Park
2016-12-01,16.0,Lake Clark National Park
2017-01-01,16.0,Lake Clark National Park
2017-02-01,16.0,Lake Clark National Park
2017-03-01,13.0,Lake Clark National Park
2017-04-01,13.0,Lake Clark National Park
2017-05-01,22.0,Lake Clark National Park
2017-06-01,23.0,Lake Clark National Park
2017-07-01,23.0,Lake Clark National Park
2017-08-01,25.0,Lake Clark National Park
2017-09-01,20.0,Lake Clark National Park
2017-10-01,14.0,Lake Clark National Park
2017-11-01,11.0,Lake Clark National Park
2017-12-01,16.0,Lake Clark National Park
2018-01-01,22.0,Lake Clark National Park
2018-02-01,21.0,Lake Clark National Park
2018-03-01,23.0,Lake Clark National Park
2018-04-01,19.0,Lake Clark National Park
2018-05-01,23.0,Lake Clark National Park
2018-06-01,22.0,Lake Clark National Park
2018-07-01,60.0,Lake Clark National Park
2018-08-01,25.0,Lake Clark National Park
2018-09-01,18.0,Lake Clark National Park
2018-10-01,19.0,Lake Clark National Park
2018-11-01,16.0,Lake Clark National Park
2018-12-01,19.0,Lake Clark National Park
2019-01-01,21.0,Lake Clark National Park
2019-02-01,19.0,Lake Clark National Park
2019-03-01,17.0,Lake Clark National Park
2019-04-01,18.0,Lake Clark National Park
2019-05-01,26.0,Lake Clark National Park
2019-06-01,23.0,Lake Clark National Park
2019-07-01,37.0,Lake Clark National Park
2019-08-01,28.0,Lake Clark National Park
2019-09-01,21.0,Lake Clark National Park
2019-10-01,18.0,Lake Clark National Park
2019-11-01,14.0,Lake Clark National Park
2019-12-01,21.0,Lake Clark National Park
2020-01-01,19.0,Lake Clark National Park
2020-02-01,23.0,Lake Clark National Park
2020-03-01,18.0,Lake Clark National Park
2020-04-01,18.0,Lake Clark National Park
2020-05-01,20.0,Lake Clark National Park
2020-06-01,24.0,Lake Clark National Park
2020-07-01,20.0,Lake Clark National Park
2020-08-01,25.0,Lake Clark National Park
2020-09-01,25.0,Lake Clark National Park
2020-10-01,11.0,Lake Clark National Park
2020-11-01,13.0,Lake Clark National Park
2020-12-01,16.0,Lake Clark National Park
2021-01-01,14.0,Lake Clark National Park
2021-02-01,17.0,Lake Clark National Park
2021-03-01,23.0,Lake Clark National Park
2021-04-01,24.0,Lake Clark National Park
2021-05-01,22.0,Lake Clark National Park
2021-06-01,36.0,Lake Clark National Park
2021-07-01,30.0,Lake Clark National Park
2021-08-01,30.0,Lake Clark National Park
2021-09-01,21.0,Lake Clark National Park
2021-10-01,17.0,Lake Clark National Park
2021-11-01,14.0,Lake Clark National Park
2021-12-01,18.0,Lake Clark National Park
2022-01-01,31.0,Lake Clark National Park
2022-02-01,24.0,Lake Clark National Park
2022-03-01,24.0,Lake Clark National Park
2022-04-01,35.0,Lake Clark National Park
2022-05-01,33.0,Lake Clark National Park
2022-06-01,25.0,Lake Clark National Park
2022-07-01,35.0,Lake Clark National Park
2022-08-01,31.0,Lake Clark National Park
2022-09-01,33.0,Lake Clark National Park
2022-10-01,19.0,Lake Clark National Park
2022-11-01,19.0,Lake Clark National Park
2022-12-01,21.0,Lake Clark National Park
2023-01-01,27.0,Lake Clark National Park
2023-02-01,28.0,Lake Clark National Park
2023-03-01,29.0,Lake Clark National Park
2023-04-01,33.0,Lake Clark National Park
2023-05-01,34.0,Lake Clark National Park
2023-06-01,100.0,Lake Clark National Park
2023-07-01,66.0,Lake Clark National Park
2023-08-01,46.0,Lake Clark National Park
2023-09-01,32.0,Lake Clark National Park
2023-10-01,52.0,Lake Clark National Park
2023-11-01,70.0,Lake Clark National Park
2023-12-01,37.0,Lake Clark National Park
2024-01-01,87.0,Lake Clark National Park
2024-02-01,41.0,Lake Clark National Park
2024-03-01,39.0,Lake Clark National Park
2024-04-01,48.0,Lake Clark National Park
2024-05-01,53.0,Lake Clark National Park
2024-06-01,60.0,Lake Clark National Park
2024-07-01,45.0,Lake Clark National Park
2024-08-01,39.0,Lake Clark National Park
2024-09-01,42.0,Lake Clark National Park
2024-10-01,29.0,Lake Clark National Park
2024-11-01,35.0,Lake Clark National Park
2024-12-01,33.0,Lake Clark National Park
2025-01-01,39.0,Lake Clark National Park
2025-02-01,40.0,Lake Clark National Park
2025-03-01,60.0,Lake Clark National Park
2025-04-01,32.0,Lake Clark National Park
2025-05-01,49.0,Lake Clark National Park
2025-06-01,47.0,Lake Clark National Park
2025-07-01,46.0,Lake Clark National Park
2025-08-01,61.0,Lake Clark National Park
2025-09-01,41.0,Lake Clark National Park
2025-10-01,32.0,Lake Clark National Park
2025-11-01,51.0,Lake Clark National Park
2025-12-01,36.0,Lake Clark National Park
2010-01-01,14.0,Lassen Volcanic National Park
2010-02-01,22.0,Lassen Volcanic National Park
2010-03-01,23.0,Lassen Volcanic National Park
2010-04-01,25.0,Lassen Volcanic National Park
2010-05-01,48.0,Lassen Volcanic National Park
2010-06-01,76.0,Lassen Volcanic National Park
2010-07-01,100.0,Lassen Volcanic National Park
2010-08-01,67.0,Lassen Volcanic National Park
2010-09-01,51.0,Lassen Volcanic National Park
2010-10-01,32.0,Lassen Volcanic National Park
2010-11-01,23.0,Lassen Volcanic National Park
2010-12-01,17.0,Lassen Volcanic National Park
2011-01-01,28.0,Lassen Volcanic National Park
2011-02-01,26.0,Lassen Volcanic National Park
2011-03-01,30.0,Lassen Volcanic National Park
2011-04-01,35.0,Lassen Volcanic National Park
2011-05-01,47.0,Lassen Volcanic National Park
2011-06-01,73.0,Lassen Volcanic National Park
2011-07-01,75.0,Lassen Volcanic National Park
2011-08-01,60.0,Lassen Volcanic National Park
2011-09-01,42.0,Lassen Volcanic National Park
2011-10-01,24.0,Lassen Volcanic National Park
2011-11-01,17.0,Lassen Volcanic National Park
2011-12-01,18.0,Lassen Volcanic National Park
2012-01-01,28.0,Lassen Volcanic National Park
2012-02-01,19.0,Lassen Volcanic National Park
2012-03-01,26.0,Lassen Volcanic National Park
2012-04-01,35.0,Lassen Volcanic National Park
2012-05-01,62.0,Lassen Volcanic National Park
2012-06-01,64.0,Lassen Volcanic National Park
2012-07-01,61.0,Lassen Volcanic National Park
2012-08-01,40.0,Lassen Volcanic National Park
2012-09-01,26.0,Lassen Volcanic National Park
2012-10-01,18.0,Lassen Volcanic National Park
2012-11-01,20.0,Lassen Volcanic National Park
2012-12-01,13.0,Lassen Volcanic National Park
2013-01-01,12.0,Lassen Volcanic National Park
2013-02-01,18.0,Lassen Volcanic National Park
2013-03-01,29.0,Lassen Volcanic National Park
2013-04-01,35.0,Lassen Volcanic National Park
2013-05-01,36.0,Lassen Volcanic National Park
2013-06-01,81.0,Lassen Volcanic National Park
2013-07-01,87.0,Lassen Volcanic National Park
2013-08-01,59.0,Lassen Volcanic National Park
2013-09-01,25.0,Lassen Volcanic National Park
2013-10-01,17.0,Lassen Volcanic National Park
2013-11-01,23.0,Lassen Volcanic National Park
2013-12-01,19.0,Lassen Volcanic National Park
2014-01-01,15.0,Lassen Volcanic National Park
2014-02-01,13.0,Lassen Volcanic National Park
2014-03-01,25.0,Lassen Volcanic National Park
2014-04-01,33.0,Lassen Volcanic National Park
2014-05-01,39.0,Lassen Volcanic National Park
2014-06-01,52.0,Lassen Volcanic National Park
2014-07-01,61.0,Lassen Volcanic National Park
2014-08-01,47.0,Lassen Volcanic National Park
2014-09-01,41.0,Lassen Volcanic National Park
2014-10-01,32.0,Lassen Volcanic National Park
2014-11-01,23.0,Lassen Volcanic National Park
2014-12-01,22.0,Lassen Volcanic National Park
2015-01-01,26.0,Lassen Volcanic National Park
2015-02-01,29.0,Lassen Volcanic National Park
2015-03-01,28.0,Lassen Volcanic National Park
2015-04-01,43.0,Lassen Volcanic National Park
2015-05-01,55.0,Lassen Volcanic National Park
2015-06-01,44.0,Lassen Volcanic National Park
2015-07-01,72.0,Lassen Volcanic National Park
2015-08-01,62.0,Lassen Volcanic National Park
2015-09-01,46.0,Lassen Volcanic National Park
2015-10-01,23.0,Lassen Volcanic National Park
2015-11-01,15.0,Lassen Volcanic National Park
2015-12-01,16.0,Lassen Volcanic National Park
2016-01-01,24.0,Lassen Volcanic National Park
2016-02-01,30.0,Lassen Volcanic National Park
2016-03-01,26.0,Lassen Volcanic National Park
2016-04-01,28.0,Lassen Volcanic National Park
2016-05-01,40.0,Lassen Volcanic National Park
2016-06-01,88.0,Lassen Volcanic National Park
2016-07-01,76.0,Lassen Volcanic National Park
2016-08-01,43.0,Lassen Volcanic National Park
2016-09-01,37.0,Lassen Volcanic National Park
2016-10-01,37.0,Lassen Volcanic National Park
2016-11-01,28.0,Lassen Volcanic National Park
2016-12-01,27.0,Lassen Volcanic National Park
2017-01-01,28.0,Lassen Volcanic National Park
2017-02-01,23.0,Lassen Volcanic National Park
2017-03-01,37.0,Lassen Volcanic National Park
2017-04-01,50.0,Lassen Volcanic National Park
2017-05-01,49.0,Lassen Volcanic National Park
2017-06-01,50.0,Lassen Volcanic National Park
2017-07-01,81.0,Lassen Volcanic National Park
2017-08-01,90.0,Lassen Volcanic National Park
2017-09-01,50.0,Lassen Volcanic National Park
2017-10-01,27.0,Lassen Volcanic National Park
2017-11-01,22.0,Lassen Volcanic National Park
2017-12-01,27.0,Lassen Volcanic National Park
2018-01-01,29.0,Lassen Volcanic National Park
2018-02-01,30.0,Lassen Volcanic National Park
2018-03-01,37.0,Lassen Volcanic National Park
2018-04-01,40.0,Lassen Volcanic National Park
2018-05-01,50.0,Lassen Volcanic National Park
2018-06-01,76.0,Lassen Volcanic National Park
2018-07-01,85.0,Lassen Volcanic National Park
2018-08-01,52.0,Lassen Volcanic National Park
2018-09-01,36.0,Lassen Volcanic National Park
2018-10-01,32.0,Lassen Volcanic National Park
2018-11-01,29.0,Lassen Volcanic National Park
2018-12-01,24.0,Lassen Volcanic National Park
2019-01-01,26.0,Lassen Volcanic National Park
2019-02-01,29.0,Lassen Volcanic National Park
2019-03-01,32.0,Lassen Volcanic National Park
2019-04-01,34.0,Lassen Volcanic National Park
2019-05-01,54.0,Lassen Volcanic National Park
2019-06-01,76.0,Lassen Volcanic National Park
2019-07-01,89.0,Lassen Volcanic National Park
2019-08-01,62.0,Lassen Volcanic National Park
2019-09-01,48.0,Lassen Volcanic National Park
2019-10-01,33.0,Lassen Volcanic National Park
2019-11-01,30.0,Lassen Volcanic National Park
2019-12-01,22.0,Lassen Volcanic National Park
2020-01-01,29.0,Lassen Volcanic National Park
2020-02-01,31.0,Lassen Volcanic National Park
2020-03-01,21.0,Lassen Volcanic National Park
2020-04-01,18.0,Lassen Volcanic National Park
2020-05-01,38.0,Lassen Volcanic National Park
2020-06-01,73.0,Lassen Volcanic National Park
2020-07-01,74.0,Lassen Volcanic National Park
2020-08-01,66.0,Lassen Volcanic National Park
2020-09-01,43.0,Lassen Volcanic National Park
2020-10-01,34.0,Lassen Volcanic National Park
2020-11-01,25.0,Lassen Volcanic National Park
2020-12-01,22.0,Lassen Volcanic National Park
2021-01-01,27.0,Lassen Volcanic National Park
2021-02-01,28.0,Lassen Volcanic National Park
2021-03-01,32.0,Lassen Volcanic National Park
2021-04-01,43.0,Lassen Volcanic National Park
2021-05-01,55.0,Lassen Volcanic National Park
2021-06-01,72.0,Lassen Volcanic National Park
2021-07-01,75.0,Lassen Volcanic National Park
2021-08-01,54.0,Lassen Volcanic National Park
2021-09-01,26.0,Lassen Volcanic National Park
2021-10-01,21.0,Lassen Volcanic National Park
2021-11-01,19.0,Lassen Volcanic National Park
2021-12-01,20.0,Lassen Volcanic National Park
2022-01-01,33.0,Lassen Volcanic National Park
2022-02-01,32.0,Lassen Volcanic National Park
2022-03-01,39.0,Lassen Volcanic National Park
2022-04-01,44.0,Lassen Volcanic National Park
2022-05-01,61.0,Lassen Volcanic National Park
2022-06-01,70.0,Lassen Volcanic National Park
2022-07-01,70.0,Lassen Volcanic National Park
2022-08-01,52.0,Lassen Volcanic National Park
2022-09-01,38.0,Lassen Volcanic National Park
2022-10-01,31.0,Lassen Volcanic National Park
2022-11-01,27.0,Lassen Volcanic National Park
2022-12-01,30.0,Lassen Volcanic National Park
2023-01-01,33.0,Lassen Volcanic National Park
2023-02-01,41.0,Lassen Volcanic National Park
2023-03-01,40.0,Lassen Volcanic National Park
2023-04-01,38.0,Lassen Volcanic National Park
2023-05-01,59.0,Lassen Volcanic National Park
2023-06-01,67.0,Lassen Volcanic National Park
2023-07-01,69.0,Lassen Volcanic National Park
2023-08-01,53.0,Lassen Volcanic National Park
2023-09-01,47.0,Lassen Volcanic National Park
2023-10-01,34.0,Lassen Volcanic National Park
2023-11-01,30.0,Lassen Volcanic National Park
2023-12-01,30.0,Lassen Volcanic National Park
2024-01-01,37.0,Lassen Volcanic National Park
2024-02-01,38.0,Lassen Volcanic National Park
2024-03-01,37.0,Lassen Volcanic National Park
2024-04-01,48.0,Lassen Volcanic National Park
2024-05-01,62.0,Lassen Volcanic National Park
2024-06-01,73.0,Lassen Volcanic National Park
2024-07-01,85.0,Lassen Volcanic National Park
2024-08-01,56.0,Lassen Volcanic National Park
2024-09-01,44.0,Lassen Volcanic National Park
2024-10-01,37.0,Lassen Volcanic National Park
2024-11-01,30.0,Lassen Volcanic National Park
2024-12-01,27.0,Lassen Volcanic National Park
2025-01-01,32.0,Lassen Volcanic National Park
2025-02-01,31.0,Lassen Volcanic National Park
2025-03-01,39.0,Lassen Volcanic National Park
2025-04-01,43.0,Lassen Volcanic National Park
2025-05-01,59.0,Lassen Volcanic National Park
2025-06-01,75.0,Lassen Volcanic National Park
2025-07-01,75.0,Lassen Volcanic National Park
2025-08-01,62.0,Lassen Volcanic National Park
2025-09-01,47.0,Lassen Volcanic National Park
2025-10-01,37.0,Lassen Volcanic National Park
2025-11-01,27.0,Lassen Volcanic National Park
2025-12-01,31.0,Lassen Volcanic National Park
2010-01-01,20.0,Mammoth Cave National Park
2010-02-01,30.0,Mammoth Cave National Park
2010-03-01,46.0,Mammoth Cave National Park
2010-04-01,40.0,Mammoth Cave National Park
2010-05-01,43.0,Mammoth Cave National Park
2010-06-01,40.0,Mammoth Cave National Park
2010-07-01,86.0,Mammoth Cave National Park
2010-08-01,44.0,Mammoth Cave National Park
2010-09-01,14.0,Mammoth Cave National Park
2010-10-01,21.0,Mammoth Cave National Park
2010-11-01,13.0,Mammoth Cave National Park
2010-12-01,10.0,Mammoth Cave National Park
2011-01-01,17.0,Mammoth Cave National Park
2011-02-01,19.0,Mammoth Cave National Park
2011-03-01,28.0,Mammoth Cave National Park
2011-04-01,26.0,Mammoth Cave National Park
2011-05-01,34.0,Mammoth Cave National Park
2011-06-01,34.0,Mammoth Cave National Park
2011-07-01,36.0,Mammoth Cave National Park
2011-08-01,23.0,Mammoth Cave National Park
2011-09-01,15.0,Mammoth Cave National Park
2011-10-01,20.0,Mammoth Cave National Park
2011-11-01,13.0,Mammoth Cave National Park
2011-12-01,14.0,Mammoth Cave National Park
2012-01-01,15.0,Mammoth Cave National Park
2012-02-01,17.0,Mammoth Cave National Park
2012-03-01,22.0,Mammoth Cave National Park
2012-04-01,26.0,Mammoth Cave National Park
2012-05-01,27.0,Mammoth Cave National Park
2012-06-01,29.0,Mammoth Cave National Park
2012-07-01,29.0,Mammoth Cave National Park
2012-08-01,23.0,Mammoth Cave National Park
2012-09-01,16.0,Mammoth Cave National Park
2012-10-01,15.0,Mammoth Cave National Park
2012-11-01,13.0,Mammoth Cave National Park
2012-12-01,11.0,Mammoth Cave National Park
2013-01-01,15.0,Mammoth Cave National Park
2013-02-01,20.0,Mammoth Cave National Park
2013-03-01,25.0,Mammoth Cave National Park
2013-04-01,28.0,Mammoth Cave National Park
2013-05-01,36.0,Mammoth Cave National Park
2013-06-01,33.0,Mammoth Cave National Park
2013-07-01,35.0,Mammoth Cave National Park
2013-08-01,28.0,Mammoth Cave National Park
2013-09-01,19.0,Mammoth Cave National Park
2013-10-01,20.0,Mammoth Cave National Park
2013-11-01,23.0,Mammoth Cave National Park
2013-12-01,15.0,Mammoth Cave National Park
2014-01-01,18.0,Mammoth Cave National Park
2014-02-01,27.0,Mammoth Cave National Park
2014-03-01,29.0,Mammoth Cave National Park
2014-04-01,29.0,Mammoth Cave National Park
2014-05-01,33.0,Mammoth Cave National Park
2014-06-01,32.0,Mammoth Cave National Park
2014-07-01,30.0,Mammoth Cave National Park
2014-08-01,27.0,Mammoth Cave National Park
2014-09-01,16.0,Mammoth Cave National Park
2014-10-01,20.0,Mammoth Cave National Park
2014-11-01,15.0,Mammoth Cave National Park
2014-12-01,21.0,Mammoth Cave National Park
2015-01-01,29.0,Mammoth Cave National Park
2015-02-01,24.0,Mammoth Cave National Park
2015-03-01,32.0,Mammoth Cave National Park
2015-04-01,28.0,Mammoth Cave National Park
2015-05-01,35.0,Mammoth Cave National Park
2015-06-01,36.0,Mammoth Cave National Park
2015-07-01,32.0,Mammoth Cave National Park
2015-08-01,26.0,Mammoth Cave National Park
2015-09-01,21.0,Mammoth Cave National Park
2015-10-01,21.0,Mammoth Cave National Park
2015-11-01,16.0,Mammoth Cave National Park
2015-12-01,15.0,Mammoth Cave National Park
2016-01-01,16.0,Mammoth Cave National Park
2016-02-01,25.0,Mammoth Cave National Park
2016-03-01,29.0,Mammoth Cave National Park
2016-04-01,29.0,Mammoth Cave National Park
2016-05-01,37.0,Mammoth Cave National Park
2016-06-01,36.0,Mammoth Cave National Park
2016-07-01,38.0,Mammoth Cave National Park
2016-08-01,31.0,Mammoth Cave National Park
2016-09-01,23.0,Mammoth Cave National Park
2016-10-01,21.0,Mammoth Cave National Park
2016-11-01,17.0,Mammoth Cave National Park
2016-12-01,16.0,Mammoth Cave National Park
2017-01-01,19.0,Mammoth Cave National Park
2017-02-01,23.0,Mammoth Cave National Park
2017-03-01,31.0,Mammoth Cave National Park
2017-04-01,41.0,Mammoth Cave National Park
2017-05-01,43.0,Mammoth Cave National Park
2017-06-01,35.0,Mammoth Cave National Park
2017-07-01,41.0,Mammoth Cave National Park
2017-08-01,33.0,Mammoth Cave National Park
2017-09-01,24.0,Mammoth Cave National Park
2017-10-01,21.0,Mammoth Cave National Park
2017-11-01,16.0,Mammoth Cave National Park
2017-12-01,16.0,Mammoth Cave National Park
2018-01-01,20.0,Mammoth Cave National Park
2018-02-01,25.0,Mammoth Cave National Park
2018-03-01,32.0,Mammoth Cave National Park
2018-04-01,29.0,Mammoth Cave National Park
2018-05-01,38.0,Mammoth Cave National Park
2018-06-01,37.0,Mammoth Cave National Park
2018-07-01,40.0,Mammoth Cave National Park
2018-08-01,28.0,Mammoth Cave National Park
2018-09-01,24.0,Mammoth Cave National Park
2018-10-01,26.0,Mammoth Cave National Park
2018-11-01,20.0,Mammoth Cave National Park
2018-12-01,18.0,Mammoth Cave National Park
2019-01-01,21.0,Mammoth Cave National Park
2019-02-01,22.0,Mammoth Cave National Park
2019-03-01,33.0,Mammoth Cave National Park
2019-04-01,32.0,Mammoth Cave National Park
2019-05-01,37.0,Mammoth Cave National Park
2019-06-01,43.0,Mammoth Cave National Park
2019-07-01,43.0,Mammoth Cave National Park
2019-08-01,32.0,Mammoth Cave National Park
2019-09-01,30.0,Mammoth Cave National Park
2019-10-01,27.0,Mammoth Cave National Park
2019-11-01,22.0,Mammoth Cave National Park
2019-12-01,21.0,Mammoth Cave National Park
2020-01-01,29.0,Mammoth Cave National Park
2020-02-01,32.0,Mammoth Cave National Park
2020-03-01,29.0,Mammoth Cave National Park
2020-04-01,17.0,Mammoth Cave National Park
2020-05-01,32.0,Mammoth Cave National Park
2020-06-01,48.0,Mammoth Cave National Park
2020-07-01,51.0,Mammoth Cave National Park
2020-08-01,37.0,Mammoth Cave National Park
2020-09-01,41.0,Mammoth Cave National Park
2020-10-01,36.0,Mammoth Cave National Park
2020-11-01,19.0,Mammoth Cave National Park
2020-12-01,19.0,Mammoth Cave National Park
2021-01-01,26.0,Mammoth Cave National Park
2021-02-01,27.0,Mammoth Cave National Park
2021-03-01,39.0,Mammoth Cave National Park
2021-04-01,42.0,Mammoth Cave National Park
2021-05-01,50.0,Mammoth Cave National Park
2021-06-01,59.0,Mammoth Cave National Park
2021-07-01,56.0,Mammoth Cave National Park
2021-08-01,39.0,Mammoth Cave National Park
2021-09-01,40.0,Mammoth Cave National Park
2021-10-01,34.0,Mammoth Cave National Park
2021-11-01,25.0,Mammoth Cave National Park
2021-12-01,23.0,Mammoth Cave National Park
2022-01-01,33.0,Mammoth Cave National Park
2022-02-01,38.0,Mammoth Cave National Park
2022-03-01,49.0,Mammoth Cave National Park
2022-04-01,54.0,Mammoth Cave National Park
2022-05-01,66.0,Mammoth Cave National Park
2022-06-01,70.0,Mammoth Cave National Park
2022-07-01,70.0,Mammoth Cave National Park
2022-08-01,55.0,Mammoth Cave National Park
2022-09-01,49.0,Mammoth Cave National Park
2022-10-01,45.0,Mammoth Cave National Park
2022-11-01,28.0,Mammoth Cave National Park
2022-12-01,30.0,Mammoth Cave National Park
2023-01-01,38.0,Mammoth Cave National Park
2023-02-01,41.0,Mammoth Cave National Park
2023-03-01,59.0,Mammoth Cave National Park
2023-04-01,60.0,Mammoth Cave National Park
2023-05-01,72.0,Mammoth Cave National Park
2023-06-01,78.0,Mammoth Cave National Park
2023-07-01,83.0,Mammoth Cave National Park
2023-08-01,61.0,Mammoth Cave National Park
2023-09-01,59.0,Mammoth Cave National Park
2023-10-01,58.0,Mammoth Cave National Park
2023-11-01,41.0,Mammoth Cave National Park
2023-12-01,43.0,Mammoth Cave National Park
2024-01-01,54.0,Mammoth Cave National Park
2024-02-01,58.0,Mammoth Cave National Park
2024-03-01,78.0,Mammoth Cave National Park
2024-04-01,78.0,Mammoth Cave National Park
2024-05-01,100.0,Mammoth Cave National Park
2024-06-01,94.0,Mammoth Cave National Park
2024-07-01,91.0,Mammoth Cave National Park
2024-08-01,81.0,Mammoth Cave National Park
2024-09-01,62.0,Mammoth Cave National Park
2024-10-01,55.0,Mammoth Cave National Park
2024-11-01,41.0,Mammoth Cave National Park
2024-12-01,33.0,Mammoth Cave National Park
2025-01-01,40.0,Mammoth Cave National Park
2025-02-01,41.0,Mammoth Cave National Park
2025-03-01,55.0,Mammoth Cave National Park
2025-04-01,50.0,Mammoth Cave National Park
2025-05-01,61.0,Mammoth Cave National Park
2025-06-01,59.0,Mammoth Cave National Park
2025-07-01,79.0,Mammoth Cave National Park
2025-08-01,62.0,Mammoth Cave National Park
2025-09-01,54.0,Mammoth Cave National Park
2025-10-01,52.0,Mammoth Cave National Park
2025-11-01,44.0,Mammoth Cave National Park
2025-12-01,42.0,Mammoth Cave National Park
2010-01-01,35.0,Mesa Verde National Park
2010-02-01,44.0,Mesa Verde National Park
2010-03-01,48.0,Mesa Verde National Park
2010-04-01,57.0,Mesa Verde National Park
2010-05-01,58.0,Mesa Verde National Park
2010-06-01,70.0,Mesa Verde National Park
2010-07-01,55.0,Mesa Verde National Park
2010-08-01,37.0,Mesa Verde National Park
2010-09-01,39.0,Mesa Verde National Park
2010-10-01,26.0,Mesa Verde National Park
2010-11-01,21.0,Mesa Verde National Park
2010-12-01,18.0,Mesa Verde National Park
2011-01-01,27.0,Mesa Verde National Park
2011-02-01,32.0,Mesa Verde National Park
2011-03-01,36.0,Mesa Verde National Park
2011-04-01,40.0,Mesa Verde National Park
2011-05-01,58.0,Mesa Verde National Park
2011-06-01,60.0,Mesa Verde National Park
2011-07-01,53.0,Mesa Verde National Park
2011-08-01,42.0,Mesa Verde National Park
2011-09-01,35.0,Mesa Verde National Park
2011-10-01,27.0,Mesa Verde National Park
2011-11-01,20.0,Mesa Verde National Park
2011-12-01,18.0,Mesa Verde National Park
2012-01-01,27.0,Mesa Verde National Park
2012-02-01,28.0,Mesa Verde National Park
2012-03-01,37.0,Mesa Verde National Park
2012-04-01,42.0,Mesa Verde National Park
2012-05-01,54.0,Mesa Verde National Park
2012-06-01,52.0,Mesa Verde National Park
2012-07-01,43.0,Mesa Verde National Park
2012-08-01,42.0,Mesa Verde National Park
2012-09-01,29.0,Mesa Verde National Park
2012-10-01,24.0,Mesa Verde National Park
2012-11-01,19.0,Mesa Verde National Park
2012-12-01,16.0,Mesa Verde National Park
2013-01-01,25.0,Mesa Verde National Park
2013-02-01,27.0,Mesa Verde National Park
2013-03-01,33.0,Mesa Verde National Park
2013-04-01,40.0,Mesa Verde National Park
2013-05-01,50.0,Mesa Verde National Park
2013-06-01,58.0,Mesa Verde National Park
2013-07-01,50.0,Mesa Verde National Park
2013-08-01,43.0,Mesa Verde National Park
2013-09-01,44.0,Mesa Verde National Park
2013-10-01,31.0,Mesa Verde National Park
2013-11-01,32.0,Mesa Verde National Park
2013-12-01,24.0,Mesa Verde National Park
2014-01-01,31.0,Mesa Verde National Park
2014-02-01,32.0,Mesa Verde National Park
2014-03-01,41.0,Mesa Verde National Park
2014-04-01,44.0,Mesa Verde National Park
2014-05-01,62.0,Mesa Verde National Park
2014-06-01,68.0,Mesa Verde National Park
2014-07-01,62.0,Mesa Verde National Park
2014-08-01,48.0,Mesa Verde National Park
2014-09-01,41.0,Mesa Verde National Park
2014-10-01,30.0,Mesa Verde National Park
2014-11-01,26.0,Mesa Verde National Park
2014-12-01,30.0,Mesa Verde National Park
2015-01-01,41.0,Mesa Verde National Park
2015-02-01,43.0,Mesa Verde National Park
2015-03-01,59.0,Mesa Verde National Park
2015-04-01,38.0,Mesa Verde National Park
2015-05-01,57.0,Mesa Verde National Park
2015-06-01,64.0,Mesa Verde National Park
2015-07-01,58.0,Mesa Verde National Park
2015-08-01,52.0,Mesa Verde National Park
2015-09-01,48.0,Mesa Verde National Park
2015-10-01,32.0,Mesa Verde National Park
2015-11-01,22.0,Mesa Verde National Park
2015-12-01,21.0,Mesa Verde National Park
2016-01-01,28.0,Mesa Verde National Park
2016-02-01,30.0,Mesa Verde National Park
2016-03-01,45.0,Mesa Verde National Park
2016-04-01,49.0,Mesa Verde National Park
2016-05-01,55.0,Mesa Verde National Park
2016-06-01,55.0,Mesa Verde National Park
2016-07-01,56.0,Mesa Verde National Park
2016-08-01,43.0,Mesa Verde National Park
2016-09-01,41.0,Mesa Verde National Park
2016-10-01,31.0,Mesa Verde National Park
2016-11-01,22.0,Mesa Verde National Park
2016-12-01,27.0,Mesa Verde National Park
2017-01-01,29.0,Mesa Verde National Park
2017-02-01,32.0,Mesa Verde National Park
2017-03-01,38.0,Mesa Verde National Park
2017-04-01,48.0,Mesa Verde National Park
2017-05-01,60.0,Mesa Verde National Park
2017-06-01,69.0,Mesa Verde National Park
2017-07-01,64.0,Mesa Verde National Park
2017-08-01,44.0,Mesa Verde National Park
2017-09-01,42.0,Mesa Verde National Park
2017-10-01,34.0,Mesa Verde National Park
2017-11-01,26.0,Mesa Verde National Park
2017-12-01,27.0,Mesa Verde National Park
2018-01-01,30.0,Mesa Verde National Park
2018-02-01,32.0,Mesa Verde National Park
2018-03-01,38.0,Mesa Verde National Park
2018-04-01,50.0,Mesa Verde National Park
2018-05-01,61.0,Mesa Verde National Park
2018-06-01,63.0,Mesa Verde National Park
2018-07-01,70.0,Mesa Verde National Park
2018-08-01,48.0,Mesa Verde National Park
2018-09-01,40.0,Mesa Verde National Park
2018-10-01,37.0,Mesa Verde National Park
2018-11-01,24.0,Mesa Verde National Park
2018-12-01,24.0,Mesa Verde National Park
2019-01-01,30.0,Mesa Verde National Park
2019-02-01,31.0,Mesa Verde National Park
2019-03-01,40.0,Mesa Verde National Park
2019-04-01,49.0,Mesa Verde National Park
2019-05-01,83.0,Mesa Verde National Park
2019-06-01,91.0,Mesa Verde National Park
2019-07-01,83.0,Mesa Verde National Park
2019-08-01,63.0,Mesa Verde National Park
2019-09-01,57.0,Mesa Verde National Park
2019-10-01,42.0,Mesa Verde National Park
2019-11-01,35.0,Mesa Verde National Park
2019-12-01,29.0,Mesa Verde National Park
2020-01-01,43.0,Mesa Verde National Park
2020-02-01,43.0,Mesa Verde National Park
2020-03-01,39.0,Mesa Verde National Park
2020-04-01,28.0,Mesa Verde National Park
2020-05-01,60.0,Mesa Verde National Park
2020-06-01,83.0,Mesa Verde National Park
2020-07-01,82.0,Mesa Verde National Park
2020-08-01,73.0,Mesa Verde National Park
2020-09-01,68.0,Mesa Verde National Park
2020-10-01,52.0,Mesa Verde National Park
2020-11-01,35.0,Mesa Verde National Park
2020-12-01,30.0,Mesa Verde National Park
2021-01-01,35.0,Mesa Verde National Park
2021-02-01,40.0,Mesa Verde National Park
2021-03-01,53.0,Mesa Verde National Park
2021-04-01,70.0,Mesa Verde National Park
2021-05-01,92.0,Mesa Verde National Park
2021-06-01,97.0,Mesa Verde National Park
2021-07-01,89.0,Mesa Verde National Park
2021-08-01,64.0,Mesa Verde National Park
2021-09-01,65.0,Mesa Verde National Park
2021-10-01,46.0,Mesa Verde National Park
2021-11-01,37.0,Mesa Verde National Park
2021-12-01,26.0,Mesa Verde National Park
2022-01-01,48.0,Mesa Verde National Park
2022-02-01,47.0,Mesa Verde National Park
2022-03-01,59.0,Mesa Verde National Park
2022-04-01,67.0,Mesa Verde National Park
2022-05-01,81.0,Mesa Verde National Park
2022-06-01,89.0,Mesa Verde National Park
2022-07-01,75.0,Mesa Verde National Park
2022-08-01,62.0,Mesa Verde National Park
2022-09-01,64.0,Mesa Verde National Park
2022-10-01,50.0,Mesa Verde National Park
2022-11-01,37.0,Mesa Verde National Park
2022-12-01,32.0,Mesa Verde National Park
2023-01-01,48.0,Mesa Verde National Park
2023-02-01,44.0,Mesa Verde National Park
2023-03-01,65.0,Mesa Verde National Park
2023-04-01,58.0,Mesa Verde National Park
2023-05-01,82.0,Mesa Verde National Park
2023-06-01,100.0,Mesa Verde National Park
2023-07-01,87.0,Mesa Verde National Park
2023-08-01,68.0,Mesa Verde National Park
2023-09-01,69.0,Mesa Verde National Park
2023-10-01,56.0,Mesa Verde National Park
2023-11-01,35.0,Mesa Verde National Park
2023-12-01,35.0,Mesa Verde National Park
2024-01-01,46.0,Mesa Verde National Park
2024-02-01,48.0,Mesa Verde National Park
2024-03-01,61.0,Mesa Verde National Park
2024-04-01,63.0,Mesa Verde National Park
2024-05-01,88.0,Mesa Verde National Park
2024-06-01,87.0,Mesa Verde National Park
2024-07-01,73.0,Mesa Verde National Park
2024-08-01,65.0,Mesa Verde National Park
2024-09-01,61.0,Mesa Verde National Park
2024-10-01,43.0,Mesa Verde National Park
2024-11-01,27.0,Mesa Verde National Park
2024-12-01,31.0,Mesa Verde National Park
2025-01-01,36.0,Mesa Verde National Park
2025-02-01,38.0,Mesa Verde National Park
2025-03-01,44.0,Mesa Verde National Park
2025-04-01,46.0,Mesa Verde National Park
2025-05-01,64.0,Mesa Verde National Park
2025-06-01,57.0,Mesa Verde National Park
2025-07-01,59.0,Mesa Verde National Park
2025-08-01,49.0,Mesa Verde National Park
2025-09-01,52.0,Mesa Verde National Park
2025-10-01,40.0,Mesa Verde National Park
2025-11-01,27.0,Mesa Verde National Park
2025-12-01,33.0,Mesa Verde National Park
2010-01-01,17.0,Mount Rainier National Park
2010-02-01,20.0,Mount Rainier National Park
2010-03-01,26.0,Mount Rainier National Park
2010-04-01,31.0,Mount Rainier National Park
2010-05-01,41.0,Mount Rainier National Park
2010-06-01,47.0,Mount Rainier National Park
2010-07-01,63.0,Mount Rainier National Park
2010-08-01,47.0,Mount Rainier National Park
2010-09-01,27.0,Mount Rainier National Park
2010-10-01,18.0,Mount Rainier National Park
2010-11-01,15.0,Mount Rainier National Park
2010-12-01,12.0,Mount Rainier National Park
2011-01-01,18.0,Mount Rainier National Park
2011-02-01,19.0,Mount Rainier National Park
2011-03-01,21.0,Mount Rainier National Park
2011-04-01,22.0,Mount Rainier National Park
2011-05-01,38.0,Mount Rainier National Park
2011-06-01,44.0,Mount Rainier National Park
2011-07-01,59.0,Mount Rainier National Park
2011-08-01,54.0,Mount Rainier National Park
2011-09-01,32.0,Mount Rainier National Park
2011-10-01,15.0,Mount Rainier National Park
2011-11-01,10.0,Mount Rainier National Park
2011-12-01,13.0,Mount Rainier National Park
2012-01-01,48.0,Mount Rainier National Park
2012-02-01,19.0,Mount Rainier National Park
2012-03-01,22.0,Mount Rainier National Park
2012-04-01,23.0,Mount Rainier National Park
2012-05-01,37.0,Mount Rainier National Park
2012-06-01,45.0,Mount Rainier National Park
2012-07-01,55.0,Mount Rainier National Park
2012-08-01,45.0,Mount Rainier National Park
2012-09-01,29.0,Mount Rainier National Park
2012-10-01,14.0,Mount Rainier National Park
2012-11-01,12.0,Mount Rainier National Park
2012-12-01,14.0,Mount Rainier National Park
2013-01-01,16.0,Mount Rainier National Park
2013-02-01,19.0,Mount Rainier National Park
2013-03-01,22.0,Mount Rainier National Park
2013-04-01,23.0,Mount Rainier National Park
2013-05-01,34.0,Mount Rainier National Park
2013-06-01,37.0,Mount Rainier National Park
2013-07-01,50.0,Mount Rainier National Park
2013-08-01,43.0,Mount Rainier National Park
2013-09-01,24.0,Mount Rainier National Park
2013-10-01,19.0,Mount Rainier National Park
2013-11-01,16.0,Mount Rainier National Park
2013-12-01,18.0,Mount Rainier National Park
2014-01-01,19.0,Mount Rainier National Park
2014-02-01,22.0,Mount Rainier National Park
2014-03-01,21.0,Mount Rainier National Park
2014-04-01,25.0,Mount Rainier National Park
2014-05-01,36.0,Mount Rainier National Park
2014-06-01,49.0,Mount Rainier National Park
2014-07-01,59.0,Mount Rainier National Park
2014-08-01,53.0,Mount Rainier National Park
2014-09-01,33.0,Mount Rainier National Park
2014-10-01,21.0,Mount Rainier National Park
2014-11-01,21.0,Mount Rainier National Park
2014-12-01,18.0,Mount Rainier National Park
2015-01-01,22.0,Mount Rainier National Park
2015-02-01,22.0,Mount Rainier National Park
2015-03-01,23.0,Mount Rainier National Park
2015-04-01,25.0,Mount Rainier National Park
2015-05-01,35.0,Mount Rainier National Park
2015-06-01,41.0,Mount Rainier National Park
2015-07-01,48.0,Mount Rainier National Park
2015-08-01,45.0,Mount Rainier National Park
2015-09-01,25.0,Mount Rainier National Park
2015-10-01,21.0,Mount Rainier National Park
2015-11-01,18.0,Mount Rainier National Park
2015-12-01,17.0,Mount Rainier National Park
2016-01-01,20.0,Mount Rainier National Park
2016-02-01,20.0,Mount Rainier National Park
2016-03-01,24.0,Mount Rainier National Park
2016-04-01,28.0,Mount Rainier National Park
2016-05-01,44.0,Mount Rainier National Park
2016-06-01,51.0,Mount Rainier National Park
2016-07-01,46.0,Mount Rainier National Park
2016-08-01,40.0,Mount Rainier National Park
2016-09-01,33.0,Mount Rainier National Park
2016-10-01,21.0,Mount Rainier National Park
2016-11-01,19.0,Mount Rainier National Park
2016-12-01,17.0,Mount Rainier National Park
2017-01-01,19.0,Mount Rainier National Park
2017-02-01,15.0,Mount Rainier National Park
2017-03-01,24.0,Mount Rainier National Park
2017-04-01,28.0,Mount Rainier National Park
2017-05-01,32.0,Mount Rainier National Park
2017-06-01,50.0,Mount Rainier National Park
2017-07-01,65.0,Mount Rainier National Park
2017-08-01,44.0,Mount Rainier National Park
2017-09-01,26.0,Mount Rainier National Park
2017-10-01,25.0,Mount Rainier National Park
2017-11-01,23.0,Mount Rainier National Park
2017-12-01,23.0,Mount Rainier National Park
2018-01-01,24.0,Mount Rainier National Park
2018-02-01,21.0,Mount Rainier National Park
2018-03-01,23.0,Mount Rainier National Park
2018-04-01,24.0,Mount Rainier National Park
2018-05-01,37.0,Mount Rainier National Park
2018-06-01,41.0,Mount Rainier National Park
2018-07-01,47.0,Mount Rainier National Park
2018-08-01,43.0,Mount Rainier National Park
2018-09-01,30.0,Mount Rainier National Park
2018-10-01,21.0,Mount Rainier National Park
2018-11-01,19.0,Mount Rainier National Park
2018-12-01,19.0,Mount Rainier National Park
2019-01-01,19.0,Mount Rainier National Park
2019-02-01,17.0,Mount Rainier National Park
2019-03-01,23.0,Mount Rainier National Park
2019-04-01,28.0,Mount Rainier National Park
2019-05-01,43.0,Mount Rainier National Park
2019-06-01,50.0,Mount Rainier National Park
2019-07-01,56.0,Mount Rainier National Park
2019-08-01,48.0,Mount Rainier National Park
2019-09-01,34.0,Mount Rainier National Park
2019-10-01,27.0,Mount Rainier National Park
2019-11-01,18.0,Mount Rainier National Park
2019-12-01,19.0,Mount Rainier National Park
2020-01-01,24.0,Mount Rainier National Park
2020-02-01,21.0,Mount Rainier National Park
2020-03-01,17.0,Mount Rainier National Park
2020-04-01,16.0,Mount Rainier National Park
2020-05-01,30.0,Mount Rainier National Park
2020-06-01,37.0,Mount Rainier National Park
2020-07-01,51.0,Mount Rainier National Park
2020-08-01,50.0,Mount Rainier National Park
2020-09-01,33.0,Mount Rainier National Park
2020-10-01,24.0,Mount Rainier National Park
2020-11-01,14.0,Mount Rainier National Park
2020-12-01,14.0,Mount Rainier National Park
2021-01-01,18.0,Mount Rainier National Park
2021-02-01,15.0,Mount Rainier National Park
2021-03-01,23.0,Mount Rainier National Park
2021-04-01,33.0,Mount Rainier National Park
2021-05-01,42.0,Mount Rainier National Park
2021-06-01,58.0,Mount Rainier National Park
2021-07-01,63.0,Mount Rainier National Park
2021-08-01,59.0,Mount Rainier National Park
2021-09-01,42.0,Mount Rainier National Park
2021-10-01,28.0,Mount Rainier National Park
2021-11-01,18.0,Mount Rainier National Park
2021-12-01,19.0,Mount Rainier National Park
2022-01-01,29.0,Mount Rainier National Park
2022-02-01,32.0,Mount Rainier National Park
2022-03-01,32.0,Mount Rainier National Park
2022-04-01,42.0,Mount Rainier National Park
2022-05-01,51.0,Mount Rainier National Park
2022-06-01,56.0,Mount Rainier National Park
2022-07-01,72.0,Mount Rainier National Park
2022-08-01,65.0,Mount Rainier National Park
2022-09-01,55.0,Mount Rainier National Park
2022-10-01,33.0,Mount Rainier National Park
2022-11-01,23.0,Mount Rainier National Park
2022-12-01,24.0,Mount Rainier National Park
2023-01-01,31.0,Mount Rainier National Park
2023-02-01,32.0,Mount Rainier National Park
2023-03-01,35.0,Mount Rainier National Park
2023-04-01,39.0,Mount Rainier National Park
2023-05-01,59.0,Mount Rainier National Park
2023-06-01,70.0,Mount Rainier National Park
2023-07-01,77.0,Mount Rainier National Park
2023-08-01,66.0,Mount Rainier National Park
2023-09-01,56.0,Mount Rainier National Park
2023-10-01,37.0,Mount Rainier National Park
2023-11-01,30.0,Mount Rainier National Park
2023-12-01,27.0,Mount Rainier National Park
2024-01-01,38.0,Mount Rainier National Park
2024-02-01,43.0,Mount Rainier National Park
2024-03-01,46.0,Mount Rainier National Park
2024-04-01,55.0,Mount Rainier National Park
2024-05-01,76.0,Mount Rainier National Park
2024-06-01,89.0,Mount Rainier National Park
2024-07-01,100.0,Mount Rainier National Park
2024-08-01,81.0,Mount Rainier National Park
2024-09-01,66.0,Mount Rainier National Park
2024-10-01,46.0,Mount Rainier National Park
2024-11-01,33.0,Mount Rainier National Park
2024-12-01,31.0,Mount Rainier National Park
2025-01-01,41.0,Mount Rainier National Park
2025-02-01,37.0,Mount Rainier National Park
2025-03-01,44.0,Mount Rainier National Park
2025-04-01,52.0,Mount Rainier National Park
2025-05-01,70.0,Mount Rainier National Park
2025-06-01,85.0,Mount Rainier National Park
2025-07-01,94.0,Mount Rainier National Park
2025-08-01,83.0,Mount Rainier National Park
2025-09-01,64.0,Mount Rainier National Park
2025-10-01,48.0,Mount Rainier National Park
2025-11-01,35.0,Mount Rainier National Park
2025-12-01,36.0,Mount Rainier National Park
2010-01-01,0.0,National Park of American Samoa
2010-02-01,0.0,National Park of American Samoa
2010-03-01,0.0,National Park of American Samoa
2010-04-01,0.0,National Park of American Samoa
2010-05-01,0.0,National Park of American Samoa
2010-06-01,0.0,National Park of American Samoa
2010-07-01,0.0,National Park of American Samoa
2010-08-01,0.0,National Park of American Samoa
2010-09-01,0.0,National Park of American Samoa
2010-10-01,0.0,National Park of American Samoa
2010-11-01,0.0,National Park of American Samoa
2010-12-01,0.0,National Park of American Samoa
2011-01-01,0.0,National Park of American Samoa
2011-02-01,0.0,National Park of American Samoa
2011-03-01,0.0,National Park of American Samoa
2011-04-01,0.0,National Park of American Samoa
2011-05-01,0.0,National Park of American Samoa
2011-06-01,0.0,National Park of American Samoa
2011-07-01,0.0,National Park of American Samoa
2011-08-01,0.0,National Park of American Samoa
2011-09-01,0.0,National Park of American Samoa
2011-10-01,0.0,National Park of American Samoa
2011-11-01,0.0,National Park of American Samoa
2011-12-01,0.0,National Park of American Samoa
2012-01-01,0.0,National Park of American Samoa
2012-02-01,0.0,National Park of American Samoa
2012-03-01,0.0,National Park of American Samoa
2012-04-01,28.0,National Park of American Samoa
2012-05-01,0.0,National Park of American Samoa
2012-06-01,0.0,National Park of American Samoa
2012-07-01,0.0,National Park of American Samoa
2012-08-01,0.0,National Park of American Samoa
2012-09-01,0.0,National Park of American Samoa
2012-10-01,0.0,National Park of American Samoa
2012-11-01,0.0,National Park of American Samoa
2012-12-01,0.0,National Park of American Samoa
2013-01-01,0.0,National Park of American Samoa
2013-02-01,0.0,National Park of American Samoa
2013-03-01,0.0,National Park of American Samoa
2013-04-01,0.0,National Park of American Samoa
2013-05-01,0.0,National Park of American Samoa
2013-06-01,24.0,National Park of American Samoa
2013-07-01,0.0,National Park of American Samoa
2013-08-01,0.0,National Park of American Samoa
2013-09-01,21.0,National Park of American Samoa
2013-10-01,0.0,National Park of American Samoa
2013-11-01,0.0,National Park of American Samoa
2013-12-01,0.0,National Park of American Samoa
2014-01-01,0.0,National Park of American Samoa
2014-02-01,0.0,National Park of American Samoa
2014-03-01,22.0,National Park of American Samoa
2014-04-01,25.0,National Park of American Samoa
2014-05-01,25.0,National Park of American Samoa
2014-06-01,24.0,National Park of American Samoa
2014-07-01,0.0,National Park of American Samoa
2014-08-01,0.0,National Park of American Samoa
2014-09-01,0.0,National Park of American Samoa
2014-10-01,0.0,National Park of American Samoa
2014-11-01,0.0,National Park of American Samoa
2014-12-01,0.0,National Park of American Samoa
2015-01-01,0.0,National Park of American Samoa
2015-02-01,21.0,National Park of American Samoa
2015-03-01,33.0,National Park of American Samoa
2015-04-01,0.0,National Park of American Samoa
2015-05-01,44.0,National Park of American Samoa
2015-06-01,34.0,National Park of American Samoa
2015-07-01,0.0,National Park of American Samoa
2015-08-01,0.0,National Park of American Samoa
2015-09-01,0.0,National Park of American Samoa
2015-10-01,0.0,National Park of American Samoa
2015-11-01,0.0,National Park of American Samoa
2015-12-01,0.0,National Park of American Samoa
2016-01-01,0.0,National Park of American Samoa
2016-02-01,22.0,National Park of American Samoa
2016-03-01,20.0,National Park of American Samoa
2016-04-01,24.0,National Park of American Samoa
2016-05-01,20.0,National Park of American Samoa
2016-06-01,19.0,National Park of American Samoa
2016-07-01,26.0,National Park of American Samoa
2016-08-01,33.0,National Park of American Samoa
2016-09-01,0.0,National Park of American Samoa
2016-10-01,0.0,National Park of American Samoa
2016-11-01,24.0,National Park of American Samoa
2016-12-01,0.0,National Park of American Samoa
2017-01-01,20.0,National Park of American Samoa
2017-02-01,37.0,National Park of American Samoa
2017-03-01,17.0,National Park of American Samoa
2017-04-01,30.0,National Park of American Samoa
2017-05-01,27.0,National Park of American Samoa
2017-06-01,44.0,National Park of American Samoa
2017-07-01,0.0,National Park of American Samoa
2017-08-01,20.0,National Park of American Samoa
2017-09-01,0.0,National Park of American Samoa
2017-10-01,16.0,National Park of American Samoa
2017-11-01,17.0,National Park of American Samoa
2017-12-01,19.0,National Park of American Samoa
2018-01-01,23.0,National Park of American Samoa
2018-02-01,24.0,National Park of American Samoa
2018-03-01,15.0,National Park of American Samoa
2018-04-01,30.0,National Park of American Samoa
2018-05-01,29.0,National Park of American Samoa
2018-06-01,27.0,National Park of American Samoa
2018-07-01,0.0,National Park of American Samoa
2018-08-01,0.0,National Park of American Samoa
2018-09-01,19.0,National Park of American Samoa
2018-10-01,0.0,National Park of American Samoa
2018-11-01,21.0,National Park of American Samoa
2018-12-01,20.0,National Park of American Samoa
2019-01-01,25.0,National Park of American Samoa
2019-02-01,15.0,National Park of American Samoa
2019-03-01,0.0,National Park of American Samoa
2019-04-01,36.0,National Park of American Samoa
2019-05-01,20.0,National Park of American Samoa
2019-06-01,21.0,National Park of American Samoa
2019-07-01,0.0,National Park of American Samoa
2019-08-01,26.0,National Park of American Samoa
2019-09-01,0.0,National Park of American Samoa
2019-10-01,0.0,National Park of American Samoa
2019-11-01,0.0,National Park of American Samoa
2019-12-01,14.0,National Park of American Samoa
2020-01-01,41.0,National Park of American Samoa
2020-02-01,30.0,National Park of American Samoa
2020-03-01,25.0,National Park of American Samoa
2020-04-01,41.0,National Park of American Samoa
2020-05-01,39.0,National Park of American Samoa
2020-06-01,30.0,National Park of American Samoa
2020-07-01,35.0,National Park of American Samoa
2020-08-01,34.0,National Park of American Samoa
2020-09-01,20.0,National Park of American Samoa
2020-10-01,27.0,National Park of American Samoa
2020-11-01,17.0,National Park of American Samoa
2020-12-01,30.0,National Park of American Samoa
2021-01-01,25.0,National Park of American Samoa
2021-02-01,18.0,National Park of American Samoa
2021-03-01,22.0,National Park of American Samoa
2021-04-01,22.0,National Park of American Samoa
2021-05-01,27.0,National Park of American Samoa
2021-06-01,52.0,National Park of American Samoa
2021-07-01,14.0,National Park of American Samoa
2021-08-01,21.0,National Park of American Samoa
2021-09-01,0.0,National Park of American Samoa
2021-10-01,0.0,National Park of American Samoa
2021-11-01,16.0,National Park of American Samoa
2021-12-01,0.0,National Park of American Samoa
2022-01-01,0.0,National Park of American Samoa
2022-02-01,48.0,National Park of American Samoa
2022-03-01,24.0,National Park of American Samoa
2022-04-01,31.0,National Park of American Samoa
2022-05-01,42.0,National Park of American Samoa
2022-06-01,17.0,National Park of American Samoa
2022-07-01,15.0,National Park of American Samoa
2022-08-01,62.0,National Park of American Samoa
2022-09-01,52.0,National Park of American Samoa
2022-10-01,32.0,National Park of American Samoa
2022-11-01,24.0,National Park of American Samoa
2022-12-01,21.0,National Park of American Samoa
2023-01-01,37.0,National Park of American Samoa
2023-02-01,37.0,National Park of American Samoa
2023-03-01,100.0,National Park of American Samoa
2023-04-01,30.0,National Park of American Samoa
2023-05-01,62.0,National Park of American Samoa
2023-06-01,37.0,National Park of American Samoa
2023-07-01,35.0,National Park of American Samoa
2023-08-01,25.0,National Park of American Samoa
2023-09-01,43.0,National Park of American Samoa
2023-10-01,31.0,National Park of American Samoa
2023-11-01,38.0,National Park of American Samoa
2023-12-01,45.0,National Park of American Samoa
2024-01-01,42.0,National Park of American Samoa
2024-02-01,58.0,National Park of American Samoa
2024-03-01,43.0,National Park of American Samoa
2024-04-01,49.0,National Park of American Samoa
2024-05-01,77.0,National Park of American Samoa
2024-06-01,33.0,National Park of American Samoa
2024-07-01,32.0,National Park of American Samoa
2024-08-01,28.0,National Park of American Samoa
2024-09-01,36.0,National Park of American Samoa
2024-10-01,45.0,National Park of American Samoa
2024-11-01,33.0,National Park of American Samoa
2024-12-01,39.0,National Park of American Samoa
2025-01-01,34.0,National Park of American Samoa
2025-02-01,38.0,National Park of American Samoa
2025-03-01,35.0,National Park of American Samoa
2025-04-01,50.0,National Park of American Samoa
2025-05-01,59.0,National Park of American Samoa
2025-06-01,31.0,National Park of American Samoa
2025-07-01,44.0,National Park of American Samoa
2025-08-01,23.0,National Park of American Samoa
2025-09-01,23.0,National Park of American Samoa
2025-10-01,29.0,National Park of American Samoa
2025-11-01,30.0,National Park of American Samoa
2025-12-01,42.0,National Park of American Samoa
2010-01-01,0.0,New River Gorge National Park
2010-02-01,0.0,New River Gorge National Park
2010-03-01,0.0,New River Gorge National Park
2010-04-01,0.0,New River Gorge National Park
2010-05-01,0.0,New River Gorge National Park
2010-06-01,0.0,New River Gorge National Park
2010-07-01,0.0,New River Gorge National Park
2010-08-01,0.0,New River Gorge National Park
2010-09-01,0.0,New River Gorge National Park
2010-10-01,0.0,New River Gorge National Park
2010-11-01,0.0,New River Gorge National Park
2010-12-01,0.0,New River Gorge National Park
2011-01-01,0.0,New River Gorge National Park
2011-02-01,0.0,New River Gorge National Park
2011-03-01,4.0,New River Gorge National Park
2011-04-01,0.0,New River Gorge National Park
2011-05-01,0.0,New River Gorge National Park
2011-06-01,0.0,New River Gorge National Park
2011-07-01,0.0,New River Gorge National Park
2011-08-01,0.0,New River Gorge National Park
2011-09-01,0.0,New River Gorge National Park
2011-10-01,3.0,New River Gorge National Park
2011-11-01,0.0,New River Gorge National Park
2011-12-01,3.0,New River Gorge National Park
2012-01-01,0.0,New River Gorge National Park
2012-02-01,0.0,New River Gorge National Park
2012-03-01,0.0,New River Gorge National Park
2012-04-01,0.0,New River Gorge National Park
2012-05-01,4.0,New River Gorge National Park
2012-06-01,3.0,New River Gorge National Park
2012-07-01,3.0,New River Gorge National Park
2012-08-01,4.0,New River Gorge National Park
2012-09-01,3.0,New River Gorge National Park
2012-10-01,0.0,New River Gorge National Park
2012-11-01,0.0,New River Gorge National Park
2012-12-01,0.0,New River Gorge National Park
2013-01-01,0.0,New River Gorge National Park
2013-02-01,0.0,New River Gorge National Park
2013-03-01,0.0,New River Gorge National Park
2013-04-01,2.0,New River Gorge National Park
2013-05-01,6.0,New River Gorge National Park
2013-06-01,3.0,New River Gorge National Park
2013-07-01,3.0,New River Gorge National Park
2013-08-01,0.0,New River Gorge National Park
2013-09-01,3.0,New River Gorge National Park
2013-10-01,4.0,New River Gorge National Park
2013-11-01,0.0,New River Gorge National Park
2013-12-01,0.0,New River Gorge National Park
2014-01-01,0.0,New River Gorge National Park
2014-02-01,0.0,New River Gorge National Park
2014-03-01,2.0,New River Gorge National Park
2014-04-01,3.0,New River Gorge National Park
2014-05-01,3.0,New River Gorge National Park
2014-06-01,3.0,New River Gorge National Park
2014-07-01,3.0,New River Gorge National Park
2014-08-01,4.0,New River Gorge National Park
2014-09-01,3.0,New River Gorge National Park
2014-10-01,3.0,New River Gorge National Park
2014-11-01,4.0,New River Gorge National Park
2014-12-01,0.0,New River Gorge National Park
2015-01-01,0.0,New River Gorge National Park
2015-02-01,2.0,New River Gorge National Park
2015-03-01,0.0,New River Gorge National Park
2015-04-01,4.0,New River Gorge National Park
2015-05-01,2.0,New River Gorge National Park
2015-06-01,6.0,New River Gorge National Park
2015-07-01,4.0,New River Gorge National Park
2015-08-01,3.0,New River Gorge National Park
2015-09-01,4.0,New River Gorge National Park
2015-10-01,0.0,New River Gorge National Park
2015-11-01,3.0,New River Gorge National Park
2015-12-01,0.0,New River Gorge National Park
2016-01-01,0.0,New River Gorge National Park
2016-02-01,0.0,New River Gorge National Park
2016-03-01,3.0,New River Gorge National Park
2016-04-01,3.0,New River Gorge National Park
2016-05-01,5.0,New River Gorge National Park
2016-06-01,3.0,New River Gorge National Park
2016-07-01,0.0,New River Gorge National Park
2016-08-01,3.0,New River Gorge National Park
2016-09-01,0.0,New River Gorge National Park
2016-10-01,0.0,New River Gorge National Park
2016-11-01,0.0,New River Gorge National Park
2016-12-01,0.0,New River Gorge National Park
2017-01-01,0.0,New River Gorge National Park
2017-02-01,0.0,New River Gorge National Park
2017-03-01,2.0,New River Gorge National Park
2017-04-01,3.0,New River Gorge National Park
2017-05-01,3.0,New River Gorge National Park
2017-06-01,3.0,New River Gorge National Park
2017-07-01,3.0,New River Gorge National Park
2017-08-01,0.0,New River Gorge National Park
2017-09-01,2.0,New River Gorge National Park
2017-10-01,0.0,New River Gorge National Park
2017-11-01,0.0,New River Gorge National Park
2017-12-01,0.0,New River Gorge National Park
2018-01-01,2.0,New River Gorge National Park
2018-02-01,0.0,New River Gorge National Park
2018-03-01,2.0,New River Gorge National Park
2018-04-01,3.0,New River Gorge National Park
2018-05-01,3.0,New River Gorge National Park
2018-06-01,2.0,New River Gorge National Park
2018-07-01,3.0,New River Gorge National Park
2018-08-01,2.0,New River Gorge National Park
2018-09-01,2.0,New River Gorge National Park
2018-10-01,3.0,New River Gorge National Park
2018-11-01,0.0,New River Gorge National Park
2018-12-01,2.0,New River Gorge National Park
2019-01-01,2.0,New River Gorge National Park
2019-02-01,3.0,New River Gorge National Park
2019-03-01,2.0,New River Gorge National Park
2019-04-01,2.0,New River Gorge National Park
2019-05-01,3.0,New River Gorge National Park
2019-06-01,4.0,New River Gorge National Park
2019-07-01,3.0,New River Gorge National Park
2019-08-01,3.0,New River Gorge National Park
2019-09-01,3.0,New River Gorge National Park
2019-10-01,3.0,New River Gorge National Park
2019-11-01,0.0,New River Gorge National Park
2019-12-01,0.0,New River Gorge National Park
2020-01-01,2.0,New River Gorge National Park
2020-02-01,3.0,New River Gorge National Park
2020-03-01,2.0,New River Gorge National Park
2020-04-01,2.0,New River Gorge National Park
2020-05-01,2.0,New River Gorge National Park
2020-06-01,5.0,New River Gorge National Park
2020-07-01,5.0,New River Gorge National Park
2020-08-01,4.0,New River Gorge National Park
2020-09-01,3.0,New River Gorge National Park
2020-10-01,5.0,New River Gorge National Park
2020-11-01,2.0,New River Gorge National Park
2020-12-01,22.0,New River Gorge National Park
2021-01-01,96.0,New River Gorge National Park
2021-02-01,51.0,New River Gorge National Park
2021-03-01,48.0,New River Gorge National Park
2021-04-01,59.0,New River Gorge National Park
2021-05-01,100.0,New River Gorge National Park
2021-06-01,87.0,New River Gorge National Park
2021-07-01,85.0,New River Gorge National Park
2021-08-01,61.0,New River Gorge National Park
2021-09-01,51.0,New River Gorge National Park
2021-10-01,53.0,New River Gorge National Park
2021-11-01,31.0,New River Gorge National Park
2021-12-01,28.0,New River Gorge National Park
2022-01-01,36.0,New River Gorge National Park
2022-02-01,40.0,New River Gorge National Park
2022-03-01,48.0,New River Gorge National Park
2022-04-01,53.0,New River Gorge National Park
2022-05-01,55.0,New River Gorge National Park
2022-06-01,61.0,New River Gorge National Park
2022-07-01,74.0,New River Gorge National Park
2022-08-01,62.0,New River Gorge National Park
2022-09-01,54.0,New River Gorge National Park
2022-10-01,49.0,New River Gorge National Park
2022-11-01,30.0,New River Gorge National Park
2022-12-01,31.0,New River Gorge National Park
2023-01-01,38.0,New River Gorge National Park
2023-02-01,38.0,New River Gorge National Park
2023-03-01,47.0,New River Gorge National Park
2023-04-01,52.0,New River Gorge National Park
2023-05-01,60.0,New River Gorge National Park
2023-06-01,64.0,New River Gorge National Park
2023-07-01,71.0,New River Gorge National Park
2023-08-01,55.0,New River Gorge National Park
2023-09-01,53.0,New River Gorge National Park
2023-10-01,52.0,New River Gorge National Park
2023-11-01,31.0,New River Gorge National Park
2023-12-01,30.0,New River Gorge National Park
2024-01-01,40.0,New River Gorge National Park
2024-02-01,38.0,New River Gorge National Park
2024-03-01,52.0,New River Gorge National Park
2024-04-01,49.0,New River Gorge National Park
2024-05-01,58.0,New River Gorge National Park
2024-06-01,65.0,New River Gorge National Park
2024-07-01,64.0,New River Gorge National Park
2024-08-01,60.0,New River Gorge National Park
2024-09-01,54.0,New River Gorge National Park
2024-10-01,54.0,New River Gorge National Park
2024-11-01,30.0,New River Gorge National Park
2024-12-01,34.0,New River Gorge National Park
2025-01-01,36.0,New River Gorge National Park
2025-02-01,41.0,New River Gorge National Park
2025-03-01,46.0,New River Gorge National Park
2025-04-01,49.0,New River Gorge National Park
2025-05-01,60.0,New River Gorge National Park
2025-06-01,72.0,New River Gorge National Park
2025-07-01,68.0,New River Gorge National Park
2025-08-01,61.0,New River Gorge National Park
2025-09-01,64.0,New River Gorge National Park
2025-10-01,62.0,New River Gorge National Park
2025-11-01,33.0,New River Gorge National Park
2025-12-01,35.0,New River Gorge National Park
2010-01-01,16.0,North Cascades National Park
2010-02-01,13.0,North Cascades National Park
2010-03-01,12.0,North Cascades National Park
2010-04-01,23.0,North Cascades National Park
2010-05-01,25.0,North Cascades National Park
2010-06-01,20.0,North Cascades National Park
2010-07-01,30.0,North Cascades National Park
2010-08-01,26.0,North Cascades National Park
2010-09-01,20.0,North Cascades National Park
2010-10-01,15.0,North Cascades National Park
2010-11-01,7.0,North Cascades National Park
2010-12-01,6.0,North Cascades National Park
2011-01-01,12.0,North Cascades National Park
2011-02-01,10.0,North Cascades National Park
2011-03-01,10.0,North Cascades National Park
2011-04-01,13.0,North Cascades National Park
2011-05-01,19.0,North Cascades National Park
2011-06-01,25.0,North Cascades National Park
2011-07-01,27.0,North Cascades National Park
2011-08-01,26.0,North Cascades National Park
2011-09-01,16.0,North Cascades National Park
2011-10-01,11.0,North Cascades National Park
2011-11-01,8.0,North Cascades National Park
2011-12-01,7.0,North Cascades National Park
2012-01-01,10.0,North Cascades National Park
2012-02-01,9.0,North Cascades National Park
2012-03-01,8.0,North Cascades National Park
2012-04-01,13.0,North Cascades National Park
2012-05-01,18.0,North Cascades National Park
2012-06-01,21.0,North Cascades National Park
2012-07-01,30.0,North Cascades National Park
2012-08-01,34.0,North Cascades National Park
2012-09-01,20.0,North Cascades National Park
2012-10-01,12.0,North Cascades National Park
2012-11-01,8.0,North Cascades National Park
2012-12-01,7.0,North Cascades National Park
2013-01-01,9.0,North Cascades National Park
2013-02-01,10.0,North Cascades National Park
2013-03-01,14.0,North Cascades National Park
2013-04-01,14.0,North Cascades National Park
2013-05-01,22.0,North Cascades National Park
2013-06-01,25.0,North Cascades National Park
2013-07-01,31.0,North Cascades National Park
2013-08-01,30.0,North Cascades National Park
2013-09-01,19.0,North Cascades National Park
2013-10-01,12.0,North Cascades National Park
2013-11-01,8.0,North Cascades National Park
2013-12-01,8.0,North Cascades National Park
2014-01-01,10.0,North Cascades National Park
2014-02-01,9.0,North Cascades National Park
2014-03-01,13.0,North Cascades National Park
2014-04-01,13.0,North Cascades National Park
2014-05-01,20.0,North Cascades National Park
2014-06-01,24.0,North Cascades National Park
2014-07-01,35.0,North Cascades National Park
2014-08-01,27.0,North Cascades National Park
2014-09-01,19.0,North Cascades National Park
2014-10-01,14.0,North Cascades National Park
2014-11-01,9.0,North Cascades National Park
2014-12-01,9.0,North Cascades National Park
2015-01-01,11.0,North Cascades National Park
2015-02-01,13.0,North Cascades National Park
2015-03-01,16.0,North Cascades National Park
2015-04-01,19.0,North Cascades National Park
2015-05-01,25.0,North Cascades National Park
2015-06-01,29.0,North Cascades National Park
2015-07-01,41.0,North Cascades National Park
2015-08-01,34.0,North Cascades National Park
2015-09-01,20.0,North Cascades National Park
2015-10-01,14.0,North Cascades National Park
2015-11-01,9.0,North Cascades National Park
2015-12-01,15.0,North Cascades National Park
2016-01-01,16.0,North Cascades National Park
2016-02-01,13.0,North Cascades National Park
2016-03-01,17.0,North Cascades National Park
2016-04-01,18.0,North Cascades National Park
2016-05-01,30.0,North Cascades National Park
2016-06-01,32.0,North Cascades National Park
2016-07-01,38.0,North Cascades National Park
2016-08-01,37.0,North Cascades National Park
2016-09-01,24.0,North Cascades National Park
2016-10-01,17.0,North Cascades National Park
2016-11-01,12.0,North Cascades National Park
2016-12-01,12.0,North Cascades National Park
2017-01-01,16.0,North Cascades National Park
2017-02-01,17.0,North Cascades National Park
2017-03-01,21.0,North Cascades National Park
2017-04-01,22.0,North Cascades National Park
2017-05-01,28.0,North Cascades National Park
2017-06-01,40.0,North Cascades National Park
2017-07-01,45.0,North Cascades National Park
2017-08-01,39.0,North Cascades National Park
2017-09-01,27.0,North Cascades National Park
2017-10-01,20.0,North Cascades National Park
2017-11-01,13.0,North Cascades National Park
2017-12-01,11.0,North Cascades National Park
2018-01-01,18.0,North Cascades National Park
2018-02-01,19.0,North Cascades National Park
2018-03-01,24.0,North Cascades National Park
2018-04-01,28.0,North Cascades National Park
2018-05-01,32.0,North Cascades National Park
2018-06-01,38.0,North Cascades National Park
2018-07-01,52.0,North Cascades National Park
2018-08-01,47.0,North Cascades National Park
2018-09-01,30.0,North Cascades National Park
2018-10-01,26.0,North Cascades National Park
2018-11-01,14.0,North Cascades National Park
2018-12-01,13.0,North Cascades National Park
2019-01-01,19.0,North Cascades National Park
2019-02-01,19.0,North Cascades National Park
2019-03-01,23.0,North Cascades National Park
2019-04-01,24.0,North Cascades National Park
2019-05-01,34.0,North Cascades National Park
2019-06-01,41.0,North Cascades National Park
2019-07-01,55.0,North Cascades National Park
2019-08-01,52.0,North Cascades National Park
2019-09-01,31.0,North Cascades National Park
2019-10-01,20.0,North Cascades National Park
2019-11-01,14.0,North Cascades National Park
2019-12-01,16.0,North Cascades National Park
2020-01-01,22.0,North Cascades National Park
2020-02-01,22.0,North Cascades National Park
2020-03-01,17.0,North Cascades National Park
2020-04-01,17.0,North Cascades National Park
2020-05-01,31.0,North Cascades National Park
2020-06-01,47.0,North Cascades National Park
2020-07-01,61.0,North Cascades National Park
2020-08-01,66.0,North Cascades National Park
2020-09-01,46.0,North Cascades National Park
2020-10-01,25.0,North Cascades National Park
2020-11-01,15.0,North Cascades National Park
2020-12-01,14.0,North Cascades National Park
2021-01-01,18.0,North Cascades National Park
2021-02-01,19.0,North Cascades National Park
2021-03-01,25.0,North Cascades National Park
2021-04-01,33.0,North Cascades National Park
2021-05-01,42.0,North Cascades National Park
2021-06-01,71.0,North Cascades National Park
2021-07-01,76.0,North Cascades National Park
2021-08-01,52.0,North Cascades National Park
2021-09-01,45.0,North Cascades National Park
2021-10-01,25.0,North Cascades National Park
2021-11-01,15.0,North Cascades National Park
2021-12-01,17.0,North Cascades National Park
2022-01-01,32.0,North Cascades National Park
2022-02-01,34.0,North Cascades National Park
2022-03-01,38.0,North Cascades National Park
2022-04-01,39.0,North Cascades National Park
2022-05-01,47.0,North Cascades National Park
2022-06-01,53.0,North Cascades National Park
2022-07-01,64.0,North Cascades National Park
2022-08-01,70.0,North Cascades National Park
2022-09-01,43.0,North Cascades National Park
2022-10-01,30.0,North Cascades National Park
2022-11-01,19.0,North Cascades National Park
2022-12-01,20.0,North Cascades National Park
2023-01-01,33.0,North Cascades National Park
2023-02-01,26.0,North Cascades National Park
2023-03-01,46.0,North Cascades National Park
2023-04-01,38.0,North Cascades National Park
2023-05-01,51.0,North Cascades National Park
2023-06-01,67.0,North Cascades National Park
2023-07-01,76.0,North Cascades National Park
2023-08-01,67.0,North Cascades National Park
2023-09-01,47.0,North Cascades National Park
2023-10-01,33.0,North Cascades National Park
2023-11-01,23.0,North Cascades National Park
2023-12-01,27.0,North Cascades National Park
2024-01-01,34.0,North Cascades National Park
2024-02-01,36.0,North Cascades National Park
2024-03-01,46.0,North Cascades National Park
2024-04-01,47.0,North Cascades National Park
2024-05-01,59.0,North Cascades National Park
2024-06-01,83.0,North Cascades National Park
2024-07-01,93.0,North Cascades National Park
2024-08-01,75.0,North Cascades National Park
2024-09-01,59.0,North Cascades National Park
2024-10-01,37.0,North Cascades National Park
2024-11-01,22.0,North Cascades National Park
2024-12-01,26.0,North Cascades National Park
2025-01-01,39.0,North Cascades National Park
2025-02-01,35.0,North Cascades National Park
2025-03-01,42.0,North Cascades National Park
2025-04-01,52.0,North Cascades National Park
2025-05-01,62.0,North Cascades National Park
2025-06-01,80.0,North Cascades National Park
2025-07-01,100.0,North Cascades National Park
2025-08-01,90.0,North Cascades National Park
2025-09-01,55.0,North Cascades National Park
2025-10-01,46.0,North Cascades National Park
2025-11-01,29.0,North Cascades National Park
2025-12-01,37.0,North Cascades National Park
2010-01-01,23.0,Olympic National Park
2010-02-01,26.0,Olympic National Park
2010-03-01,29.0,Olympic National Park
2010-04-01,32.0,Olympic National Park
2010-05-01,38.0,Olympic National Park
2010-06-01,43.0,Olympic National Park
2010-07-01,47.0,Olympic National Park
2010-08-01,40.0,Olympic National Park
2010-09-01,26.0,Olympic National Park
2010-10-01,18.0,Olympic National Park
2010-11-01,13.0,Olympic National Park
2010-12-01,10.0,Olympic National Park
2011-01-01,18.0,Olympic National Park
2011-02-01,18.0,Olympic National Park
2011-03-01,20.0,Olympic National Park
2011-04-01,24.0,Olympic National Park
2011-05-01,37.0,Olympic National Park
2011-06-01,41.0,Olympic National Park
2011-07-01,56.0,Olympic National Park
2011-08-01,48.0,Olympic National Park
2011-09-01,34.0,Olympic National Park
2011-10-01,19.0,Olympic National Park
2011-11-01,16.0,Olympic National Park
2011-12-01,13.0,Olympic National Park
2012-01-01,15.0,Olympic National Park
2012-02-01,18.0,Olympic National Park
2012-03-01,18.0,Olympic National Park
2012-04-01,23.0,Olympic National Park
2012-05-01,31.0,Olympic National Park
2012-06-01,36.0,Olympic National Park
2012-07-01,53.0,Olympic National Park
2012-08-01,45.0,Olympic National Park
2012-09-01,25.0,Olympic National Park
2012-10-01,15.0,Olympic National Park
2012-11-01,11.0,Olympic National Park
2012-12-01,13.0,Olympic National Park
2013-01-01,17.0,Olympic National Park
2013-02-01,19.0,Olympic National Park
2013-03-01,22.0,Olympic National Park
2013-04-01,23.0,Olympic National Park
2013-05-01,35.0,Olympic National Park
2013-06-01,39.0,Olympic National Park
2013-07-01,48.0,Olympic National Park
2013-08-01,43.0,Olympic National Park
2013-09-01,22.0,Olympic National Park
2013-10-01,17.0,Olympic National Park
2013-11-01,15.0,Olympic National Park
2013-12-01,13.0,Olympic National Park
2014-01-01,20.0,Olympic National Park
2014-02-01,24.0,Olympic National Park
2014-03-01,24.0,Olympic National Park
2014-04-01,26.0,Olympic National Park
2014-05-01,36.0,Olympic National Park
2014-06-01,45.0,Olympic National Park
2014-07-01,52.0,Olympic National Park
2014-08-01,50.0,Olympic National Park
2014-09-01,29.0,Olympic National Park
2014-10-01,19.0,Olympic National Park
2014-11-01,15.0,Olympic National Park
2014-12-01,16.0,Olympic National Park
2015-01-01,20.0,Olympic National Park
2015-02-01,23.0,Olympic National Park
2015-03-01,28.0,Olympic National Park
2015-04-01,32.0,Olympic National Park
2015-05-01,43.0,Olympic National Park
2015-06-01,52.0,Olympic National Park
2015-07-01,57.0,Olympic National Park
2015-08-01,52.0,Olympic National Park
2015-09-01,34.0,Olympic National Park
2015-10-01,22.0,Olympic National Park
2015-11-01,20.0,Olympic National Park
2015-12-01,24.0,Olympic National Park
2016-01-01,23.0,Olympic National Park
2016-02-01,25.0,Olympic National Park
2016-03-01,30.0,Olympic National Park
2016-04-01,37.0,Olympic National Park
2016-05-01,49.0,Olympic National Park
2016-06-01,57.0,Olympic National Park
2016-07-01,59.0,Olympic National Park
2016-08-01,58.0,Olympic National Park
2016-09-01,35.0,Olympic National Park
2016-10-01,23.0,Olympic National Park
2016-11-01,20.0,Olympic National Park
2016-12-01,20.0,Olympic National Park
2017-01-01,27.0,Olympic National Park
2017-02-01,29.0,Olympic National Park
2017-03-01,36.0,Olympic National Park
2017-04-01,39.0,Olympic National Park
2017-05-01,50.0,Olympic National Park
2017-06-01,57.0,Olympic National Park
2017-07-01,66.0,Olympic National Park
2017-08-01,53.0,Olympic National Park
2017-09-01,40.0,Olympic National Park
2017-10-01,27.0,Olympic National Park
2017-11-01,21.0,Olympic National Park
2017-12-01,21.0,Olympic National Park
2018-01-01,27.0,Olympic National Park
2018-02-01,31.0,Olympic National Park
2018-03-01,37.0,Olympic National Park
2018-04-01,37.0,Olympic National Park
2018-05-01,47.0,Olympic National Park
2018-06-01,60.0,Olympic National Park
2018-07-01,65.0,Olympic National Park
2018-08-01,62.0,Olympic National Park
2018-09-01,44.0,Olympic National Park
2018-10-01,26.0,Olympic National Park
2018-11-01,22.0,Olympic National Park
2018-12-01,23.0,Olympic National Park
2019-01-01,29.0,Olympic National Park
2019-02-01,27.0,Olympic National Park
2019-03-01,39.0,Olympic National Park
2019-04-01,39.0,Olympic National Park
2019-05-01,51.0,Olympic National Park
2019-06-01,59.0,Olympic National Park
2019-07-01,59.0,Olympic National Park
2019-08-01,52.0,Olympic National Park
2019-09-01,39.0,Olympic National Park
2019-10-01,28.0,Olympic National Park
2019-11-01,23.0,Olympic National Park
2019-12-01,22.0,Olympic National Park
2020-01-01,30.0,Olympic National Park
2020-02-01,35.0,Olympic National Park
2020-03-01,22.0,Olympic National Park
2020-04-01,22.0,Olympic National Park
2020-05-01,32.0,Olympic National Park
2020-06-01,45.0,Olympic National Park
2020-07-01,60.0,Olympic National Park
2020-08-01,60.0,Olympic National Park
2020-09-01,38.0,Olympic National Park
2020-10-01,27.0,Olympic National Park
2020-11-01,18.0,Olympic National Park
2020-12-01,18.0,Olympic National Park
2021-01-01,25.0,Olympic National Park
2021-02-01,25.0,Olympic National Park
2021-03-01,36.0,Olympic National Park
2021-04-01,43.0,Olympic National Park
2021-05-01,53.0,Olympic National Park
2021-06-01,67.0,Olympic National Park
2021-07-01,71.0,Olympic National Park
2021-08-01,60.0,Olympic National Park
2021-09-01,45.0,Olympic National Park
2021-10-01,27.0,Olympic National Park
2021-11-01,21.0,Olympic National Park
2021-12-01,20.0,Olympic National Park
2022-01-01,34.0,Olympic National Park
2022-02-01,41.0,Olympic National Park
2022-03-01,42.0,Olympic National Park
2022-04-01,48.0,Olympic National Park
2022-05-01,55.0,Olympic National Park
2022-06-01,71.0,Olympic National Park
2022-07-01,77.0,Olympic National Park
2022-08-01,61.0,Olympic National Park
2022-09-01,44.0,Olympic National Park
2022-10-01,33.0,Olympic National Park
2022-11-01,25.0,Olympic National Park
2022-12-01,27.0,Olympic National Park
2023-01-01,36.0,Olympic National Park
2023-02-01,37.0,Olympic National Park
2023-03-01,41.0,Olympic National Park
2023-04-01,47.0,Olympic National Park
2023-05-01,69.0,Olympic National Park
2023-06-01,83.0,Olympic National Park
2023-07-01,85.0,Olympic National Park
2023-08-01,69.0,Olympic National Park
2023-09-01,50.0,Olympic National Park
2023-10-01,34.0,Olympic National Park
2023-11-01,26.0,Olympic National Park
2023-12-01,32.0,Olympic National Park
2024-01-01,39.0,Olympic National Park
2024-02-01,46.0,Olympic National Park
2024-03-01,50.0,Olympic National Park
2024-04-01,57.0,Olympic National Park
2024-05-01,75.0,Olympic National Park
2024-06-01,85.0,Olympic National Park
2024-07-01,89.0,Olympic National Park
2024-08-01,77.0,Olympic National Park
2024-09-01,48.0,Olympic National Park
2024-10-01,34.0,Olympic National Park
2024-11-01,28.0,Olympic National Park
2024-12-01,31.0,Olympic National Park
2025-01-01,43.0,Olympic National Park
2025-02-01,40.0,Olympic National Park
2025-03-01,48.0,Olympic National Park
2025-04-01,53.0,Olympic National Park
2025-05-01,74.0,Olympic National Park
2025-06-01,92.0,Olympic National Park
2025-07-01,100.0,Olympic National Park
2025-08-01,69.0,Olympic National Park
2025-09-01,45.0,Olympic National Park
2025-10-01,36.0,Olympic National Park
2025-11-01,32.0,Olympic National Park
2025-12-01,33.0,Olympic National Park
2010-01-01,47.0,Petrified Forest National Park
2010-02-01,54.0,Petrified Forest National Park
2010-03-01,72.0,Petrified Forest National Park
2010-04-01,65.0,Petrified Forest National Park
2010-05-01,76.0,Petrified Forest National Park
2010-06-01,47.0,Petrified Forest National Park
2010-07-01,43.0,Petrified Forest National Park
2010-08-01,32.0,Petrified Forest National Park
2010-09-01,40.0,Petrified Forest National Park
2010-10-01,29.0,Petrified Forest National Park
2010-11-01,28.0,Petrified Forest National Park
2010-12-01,30.0,Petrified Forest National Park
2011-01-01,25.0,Petrified Forest National Park
2011-02-01,34.0,Petrified Forest National Park
2011-03-01,27.0,Petrified Forest National Park
2011-04-01,38.0,Petrified Forest National Park
2011-05-01,43.0,Petrified Forest National Park
2011-06-01,44.0,Petrified Forest National Park
2011-07-01,42.0,Petrified Forest National Park
2011-08-01,36.0,Petrified Forest National Park
2011-09-01,37.0,Petrified Forest National Park
2011-10-01,24.0,Petrified Forest National Park
2011-11-01,26.0,Petrified Forest National Park
2011-12-01,25.0,Petrified Forest National Park
2012-01-01,30.0,Petrified Forest National Park
2012-02-01,34.0,Petrified Forest National Park
2012-03-01,39.0,Petrified Forest National Park
2012-04-01,41.0,Petrified Forest National Park
2012-05-01,39.0,Petrified Forest National Park
2012-06-01,42.0,Petrified Forest National Park
2012-07-01,48.0,Petrified Forest National Park
2012-08-01,32.0,Petrified Forest National Park
2012-09-01,35.0,Petrified Forest National Park
2012-10-01,35.0,Petrified Forest National Park
2012-11-01,28.0,Petrified Forest National Park
2012-12-01,30.0,Petrified Forest National Park
2013-01-01,27.0,Petrified Forest National Park
2013-02-01,26.0,Petrified Forest National Park
2013-03-01,42.0,Petrified Forest National Park
2013-04-01,38.0,Petrified Forest National Park
2013-05-01,49.0,Petrified Forest National Park
2013-06-01,36.0,Petrified Forest National Park
2013-07-01,41.0,Petrified Forest National Park
2013-08-01,32.0,Petrified Forest National Park
2013-09-01,38.0,Petrified Forest National Park
2013-10-01,38.0,Petrified Forest National Park
2013-11-01,49.0,Petrified Forest National Park
2013-12-01,38.0,Petrified Forest National Park
2014-01-01,39.0,Petrified Forest National Park
2014-02-01,35.0,Petrified Forest National Park
2014-03-01,55.0,Petrified Forest National Park
2014-04-01,45.0,Petrified Forest National Park
2014-05-01,54.0,Petrified Forest National Park
2014-06-01,44.0,Petrified Forest National Park
2014-07-01,45.0,Petrified Forest National Park
2014-08-01,37.0,Petrified Forest National Park
2014-09-01,32.0,Petrified Forest National Park
2014-10-01,43.0,Petrified Forest National Park
2014-11-01,43.0,Petrified Forest National Park
2014-12-01,33.0,Petrified Forest National Park
2015-01-01,38.0,Petrified Forest National Park
2015-02-01,40.0,Petrified Forest National Park
2015-03-01,50.0,Petrified Forest National Park
2015-04-01,43.0,Petrified Forest National Park
2015-05-01,51.0,Petrified Forest National Park
2015-06-01,47.0,Petrified Forest National Park
2015-07-01,53.0,Petrified Forest National Park
2015-08-01,41.0,Petrified Forest National Park
2015-09-01,34.0,Petrified Forest National Park
2015-10-01,39.0,Petrified Forest National Park
2015-11-01,46.0,Petrified Forest National Park
2015-12-01,53.0,Petrified Forest National Park
2016-01-01,37.0,Petrified Forest National Park
2016-02-01,41.0,Petrified Forest National Park
2016-03-01,52.0,Petrified Forest National Park
2016-04-01,54.0,Petrified Forest National Park
2016-05-01,66.0,Petrified Forest National Park
2016-06-01,43.0,Petrified Forest National Park
2016-07-01,49.0,Petrified Forest National Park
2016-08-01,46.0,Petrified Forest National Park
2016-09-01,37.0,Petrified Forest National Park
2016-10-01,44.0,Petrified Forest National Park
2016-11-01,36.0,Petrified Forest National Park
2016-12-01,36.0,Petrified Forest National Park
2017-01-01,55.0,Petrified Forest National Park
2017-02-01,54.0,Petrified Forest National Park
2017-03-01,50.0,Petrified Forest National Park
2017-04-01,58.0,Petrified Forest National Park
2017-05-01,52.0,Petrified Forest National Park
2017-06-01,60.0,Petrified Forest National Park
2017-07-01,45.0,Petrified Forest National Park
2017-08-01,36.0,Petrified Forest National Park
2017-09-01,42.0,Petrified Forest National Park
2017-10-01,42.0,Petrified Forest National Park
2017-11-01,49.0,Petrified Forest National Park
2017-12-01,49.0,Petrified Forest National Park
2018-01-01,56.0,Petrified Forest National Park
2018-02-01,55.0,Petrified Forest National Park
2018-03-01,77.0,Petrified Forest National Park
2018-04-01,62.0,Petrified Forest National Park
2018-05-01,65.0,Petrified Forest National Park
2018-06-01,57.0,Petrified Forest National Park
2018-07-01,51.0,Petrified Forest National Park
2018-08-01,50.0,Petrified Forest National Park
2018-09-01,46.0,Petrified Forest National Park
2018-10-01,50.0,Petrified Forest National Park
2018-11-01,46.0,Petrified Forest National Park
2018-12-01,50.0,Petrified Forest National Park
2019-01-01,53.0,Petrified Forest National Park
2019-02-01,51.0,Petrified Forest National Park
2019-03-01,68.0,Petrified Forest National Park
2019-04-01,68.0,Petrified Forest National Park
2019-05-01,93.0,Petrified Forest National Park
2019-06-01,88.0,Petrified Forest National Park
2019-07-01,87.0,Petrified Forest National Park
2019-08-01,63.0,Petrified Forest National Park
2019-09-01,74.0,Petrified Forest National Park
2019-10-01,76.0,Petrified Forest National Park
2019-11-01,60.0,Petrified Forest National Park
2019-12-01,68.0,Petrified Forest National Park
2020-01-01,79.0,Petrified Forest National Park
2020-02-01,75.0,Petrified Forest National Park
2020-03-01,73.0,Petrified Forest National Park
2020-04-01,52.0,Petrified Forest National Park
2020-05-01,81.0,Petrified Forest National Park
2020-06-01,88.0,Petrified Forest National Park
2020-07-01,83.0,Petrified Forest National Park
2020-08-01,64.0,Petrified Forest National Park
2020-09-01,72.0,Petrified Forest National Park
2020-10-01,77.0,Petrified Forest National Park
2020-11-01,57.0,Petrified Forest National Park
2020-12-01,64.0,Petrified Forest National Park
2021-01-01,62.0,Petrified Forest National Park
2021-02-01,58.0,Petrified Forest National Park
2021-03-01,91.0,Petrified Forest National Park
2021-04-01,85.0,Petrified Forest National Park
2021-05-01,81.0,Petrified Forest National Park
2021-06-01,84.0,Petrified Forest National Park
2021-07-01,75.0,Petrified Forest National Park
2021-08-01,62.0,Petrified Forest National Park
2021-09-01,61.0,Petrified Forest National Park
2021-10-01,73.0,Petrified Forest National Park
2021-11-01,53.0,Petrified Forest National Park
2021-12-01,58.0,Petrified Forest National Park
2022-01-01,79.0,Petrified Forest National Park
2022-02-01,85.0,Petrified Forest National Park
2022-03-01,94.0,Petrified Forest National Park
2022-04-01,90.0,Petrified Forest National Park
2022-05-01,86.0,Petrified Forest National Park
2022-06-01,79.0,Petrified Forest National Park
2022-07-01,70.0,Petrified Forest National Park
2022-08-01,57.0,Petrified Forest National Park
2022-09-01,62.0,Petrified Forest National Park
2022-10-01,70.0,Petrified Forest National Park
2022-11-01,59.0,Petrified Forest National Park
2022-12-01,61.0,Petrified Forest National Park
2023-01-01,76.0,Petrified Forest National Park
2023-02-01,81.0,Petrified Forest National Park
2023-03-01,88.0,Petrified Forest National Park
2023-04-01,90.0,Petrified Forest National Park
2023-05-01,93.0,Petrified Forest National Park
2023-06-01,84.0,Petrified Forest National Park
2023-07-01,74.0,Petrified Forest National Park
2023-08-01,68.0,Petrified Forest National Park
2023-09-01,74.0,Petrified Forest National Park
2023-10-01,76.0,Petrified Forest National Park
2023-11-01,71.0,Petrified Forest National Park
2023-12-01,70.0,Petrified Forest National Park
2024-01-01,80.0,Petrified Forest National Park
2024-02-01,78.0,Petrified Forest National Park
2024-03-01,96.0,Petrified Forest National Park
2024-04-01,86.0,Petrified Forest National Park
2024-05-01,100.0,Petrified Forest National Park
2024-06-01,84.0,Petrified Forest National Park
2024-07-01,71.0,Petrified Forest National Park
2024-08-01,62.0,Petrified Forest National Park
2024-09-01,74.0,Petrified Forest National Park
2024-10-01,74.0,Petrified Forest National Park
2024-11-01,64.0,Petrified Forest National Park
2024-12-01,71.0,Petrified Forest National Park
2025-01-01,68.0,Petrified Forest National Park
2025-02-01,68.0,Petrified Forest National Park
2025-03-01,80.0,Petrified Forest National Park
2025-04-01,71.0,Petrified Forest National Park
2025-05-01,83.0,Petrified Forest National Park
2025-06-01,72.0,Petrified Forest National Park
2025-07-01,70.0,Petrified Forest National Park
2025-08-01,62.0,Petrified Forest National Park
2025-09-01,65.0,Petrified Forest National Park
2025-10-01,88.0,Petrified Forest National Park
2025-11-01,78.0,Petrified Forest National Park
2025-12-01,77.0,Petrified Forest National Park
2010-01-01,0.0,Pinnacles National Park
2010-02-01,5.0,Pinnacles National Park
2010-03-01,7.0,Pinnacles National Park
2010-04-01,4.0,Pinnacles National Park
2010-05-01,6.0,Pinnacles National Park
2010-06-01,5.0,Pinnacles National Park
2010-07-01,6.0,Pinnacles National Park
2010-08-01,5.0,Pinnacles National Park
2010-09-01,4.0,Pinnacles National Park
2010-10-01,4.0,Pinnacles National Park
2010-11-01,0.0,Pinnacles National Park
2010-12-01,0.0,Pinnacles National Park
2011-01-01,4.0,Pinnacles National Park
2011-02-01,4.0,Pinnacles National Park
2011-03-01,4.0,Pinnacles National Park
2011-04-01,7.0,Pinnacles National Park
2011-05-01,7.0,Pinnacles National Park
2011-06-01,6.0,Pinnacles National Park
2011-07-01,5.0,Pinnacles National Park
2011-08-01,4.0,Pinnacles National Park
2011-09-01,5.0,Pinnacles National Park
2011-10-01,3.0,Pinnacles National Park
2011-11-01,4.0,Pinnacles National Park
2011-12-01,2.0,Pinnacles National Park
2012-01-01,3.0,Pinnacles National Park
2012-02-01,5.0,Pinnacles National Park
2012-03-01,6.0,Pinnacles National Park
2012-04-01,5.0,Pinnacles National Park
2012-05-01,4.0,Pinnacles National Park
2012-06-01,4.0,Pinnacles National Park
2012-07-01,5.0,Pinnacles National Park
2012-08-01,6.0,Pinnacles National Park
2012-09-01,2.0,Pinnacles National Park
2012-10-01,3.0,Pinnacles National Park
2012-11-01,3.0,Pinnacles National Park
2012-12-01,3.0,Pinnacles National Park
2013-01-01,15.0,Pinnacles National Park
2013-02-01,39.0,Pinnacles National Park
2013-03-01,22.0,Pinnacles National Park
2013-04-01,26.0,Pinnacles National Park
2013-05-01,50.0,Pinnacles National Park
2013-06-01,55.0,Pinnacles National Park
2013-07-01,44.0,Pinnacles National Park
2013-08-01,37.0,Pinnacles National Park
2013-09-01,29.0,Pinnacles National Park
2013-10-01,24.0,Pinnacles National Park
2013-11-01,34.0,Pinnacles National Park
2013-12-01,38.0,Pinnacles National Park
2014-01-01,54.0,Pinnacles National Park
2014-02-01,39.0,Pinnacles National Park
2014-03-01,50.0,Pinnacles National Park
2014-04-01,51.0,Pinnacles National Park
2014-05-01,49.0,Pinnacles National Park
2014-06-01,42.0,Pinnacles National Park
2014-07-01,39.0,Pinnacles National Park
2014-08-01,39.0,Pinnacles National Park
2014-09-01,31.0,Pinnacles National Park
2014-10-01,29.0,Pinnacles National Park
2014-11-01,36.0,Pinnacles National Park
2014-12-01,30.0,Pinnacles National Park
2015-01-01,41.0,Pinnacles National Park
2015-02-01,46.0,Pinnacles National Park
2015-03-01,52.0,Pinnacles National Park
2015-04-01,47.0,Pinnacles National Park
2015-05-01,46.0,Pinnacles National Park
2015-06-01,36.0,Pinnacles National Park
2015-07-01,40.0,Pinnacles National Park
2015-08-01,35.0,Pinnacles National Park
2015-09-01,30.0,Pinnacles National Park
2015-10-01,28.0,Pinnacles National Park
2015-11-01,28.0,Pinnacles National Park
2015-12-01,27.0,Pinnacles National Park
2016-01-01,36.0,Pinnacles National Park
2016-02-01,51.0,Pinnacles National Park
2016-03-01,51.0,Pinnacles National Park
2016-04-01,58.0,Pinnacles National Park
2016-05-01,59.0,Pinnacles National Park
2016-06-01,46.0,Pinnacles National Park
2016-07-01,45.0,Pinnacles National Park
2016-08-01,40.0,Pinnacles National Park
2016-09-01,37.0,Pinnacles National Park
2016-10-01,37.0,Pinnacles National Park
2016-11-01,44.0,Pinnacles National Park
2016-12-01,34.0,Pinnacles National Park
2017-01-01,40.0,Pinnacles National Park
2017-02-01,46.0,Pinnacles National Park
2017-03-01,65.0,Pinnacles National Park
2017-04-01,74.0,Pinnacles National Park
2017-05-01,53.0,Pinnacles National Park
2017-06-01,51.0,Pinnacles National Park
2017-07-01,45.0,Pinnacles National Park
2017-08-01,40.0,Pinnacles National Park
2017-09-01,37.0,Pinnacles National Park
2017-10-01,34.0,Pinnacles National Park
2017-11-01,44.0,Pinnacles National Park
2017-12-01,39.0,Pinnacles National Park
2018-01-01,48.0,Pinnacles National Park
2018-02-01,56.0,Pinnacles National Park
2018-03-01,60.0,Pinnacles National Park
2018-04-01,67.0,Pinnacles National Park
2018-05-01,58.0,Pinnacles National Park
2018-06-01,48.0,Pinnacles National Park
2018-07-01,49.0,Pinnacles National Park
2018-08-01,43.0,Pinnacles National Park
2018-09-01,41.0,Pinnacles National Park
2018-10-01,38.0,Pinnacles National Park
2018-11-01,45.0,Pinnacles National Park
2018-12-01,46.0,Pinnacles National Park
2019-01-01,42.0,Pinnacles National Park
2019-02-01,50.0,Pinnacles National Park
2019-03-01,63.0,Pinnacles National Park
2019-04-01,72.0,Pinnacles National Park
2019-05-01,69.0,Pinnacles National Park
2019-06-01,53.0,Pinnacles National Park
2019-07-01,54.0,Pinnacles National Park
2019-08-01,44.0,Pinnacles National Park
2019-09-01,41.0,Pinnacles National Park
2019-10-01,40.0,Pinnacles National Park
2019-11-01,42.0,Pinnacles National Park
2019-12-01,38.0,Pinnacles National Park
2020-01-01,51.0,Pinnacles National Park
2020-02-01,52.0,Pinnacles National Park
2020-03-01,49.0,Pinnacles National Park
2020-04-01,28.0,Pinnacles National Park
2020-05-01,56.0,Pinnacles National Park
2020-06-01,67.0,Pinnacles National Park
2020-07-01,61.0,Pinnacles National Park
2020-08-01,47.0,Pinnacles National Park
2020-09-01,45.0,Pinnacles National Park
2020-10-01,44.0,Pinnacles National Park
2020-11-01,49.0,Pinnacles National Park
2020-12-01,45.0,Pinnacles National Park
2021-01-01,56.0,Pinnacles National Park
2021-02-01,58.0,Pinnacles National Park
2021-03-01,76.0,Pinnacles National Park
2021-04-01,76.0,Pinnacles National Park
2021-05-01,69.0,Pinnacles National Park
2021-06-01,60.0,Pinnacles National Park
2021-07-01,51.0,Pinnacles National Park
2021-08-01,48.0,Pinnacles National Park
2021-09-01,47.0,Pinnacles National Park
2021-10-01,41.0,Pinnacles National Park
2021-11-01,43.0,Pinnacles National Park
2021-12-01,42.0,Pinnacles National Park
2022-01-01,93.0,Pinnacles National Park
2022-02-01,89.0,Pinnacles National Park
2022-03-01,81.0,Pinnacles National Park
2022-04-01,76.0,Pinnacles National Park
2022-05-01,70.0,Pinnacles National Park
2022-06-01,57.0,Pinnacles National Park
2022-07-01,56.0,Pinnacles National Park
2022-08-01,50.0,Pinnacles National Park
2022-09-01,45.0,Pinnacles National Park
2022-10-01,42.0,Pinnacles National Park
2022-11-01,47.0,Pinnacles National Park
2022-12-01,42.0,Pinnacles National Park
2023-01-01,60.0,Pinnacles National Park
2023-02-01,69.0,Pinnacles National Park
2023-03-01,79.0,Pinnacles National Park
2023-04-01,100.0,Pinnacles National Park
2023-05-01,84.0,Pinnacles National Park
2023-06-01,78.0,Pinnacles National Park
2023-07-01,64.0,Pinnacles National Park
2023-08-01,47.0,Pinnacles National Park
2023-09-01,61.0,Pinnacles National Park
2023-10-01,56.0,Pinnacles National Park
2023-11-01,56.0,Pinnacles National Park
2023-12-01,60.0,Pinnacles National Park
2024-01-01,78.0,Pinnacles National Park
2024-02-01,71.0,Pinnacles National Park
2024-03-01,96.0,Pinnacles National Park
2024-04-01,91.0,Pinnacles National Park
2024-05-01,85.0,Pinnacles National Park
2024-06-01,73.0,Pinnacles National Park
2024-07-01,58.0,Pinnacles National Park
2024-08-01,55.0,Pinnacles National Park
2024-09-01,49.0,Pinnacles National Park
2024-10-01,48.0,Pinnacles National Park
2024-11-01,61.0,Pinnacles National Park
2024-12-01,59.0,Pinnacles National Park
2025-01-01,65.0,Pinnacles National Park
2025-02-01,67.0,Pinnacles National Park
2025-03-01,70.0,Pinnacles National Park
2025-04-01,70.0,Pinnacles National Park
2025-05-01,65.0,Pinnacles National Park
2025-06-01,61.0,Pinnacles National Park
2025-07-01,67.0,Pinnacles National Park
2025-08-01,60.0,Pinnacles National Park
2025-09-01,48.0,Pinnacles National Park
2025-10-01,55.0,Pinnacles National Park
2025-11-01,54.0,Pinnacles National Park
2025-12-01,59.0,Pinnacles National Park
2010-01-01,0.0,Redwood National and State Parks
2010-02-01,0.0,Redwood National and State Parks
2010-03-01,0.0,Redwood National and State Parks
2010-04-01,0.0,Redwood National and State Parks
2010-05-01,0.0,Redwood National and State Parks
2010-06-01,0.0,Redwood National and State Parks
2010-07-01,55.0,Redwood National and State Parks
2010-08-01,0.0,Redwood National and State Parks
2010-09-01,0.0,Redwood National and State Parks
2010-10-01,0.0,Redwood National and State Parks
2010-11-01,0.0,Redwood National and State Parks
2010-12-01,0.0,Redwood National and State Parks
2011-01-01,0.0,Redwood National and State Parks
2011-02-01,0.0,Redwood National and State Parks
2011-03-01,31.0,Redwood National and State Parks
2011-04-01,0.0,Redwood National and State Parks
2011-05-01,0.0,Redwood National and State Parks
2011-06-01,0.0,Redwood National and State Parks
2011-07-01,0.0,Redwood National and State Parks
2011-08-01,37.0,Redwood National and State Parks
2011-09-01,0.0,Redwood National and State Parks
2011-10-01,0.0,Redwood National and State Parks
2011-11-01,0.0,Redwood National and State Parks
2011-12-01,0.0,Redwood National and State Parks
2012-01-01,0.0,Redwood National and State Parks
2012-02-01,0.0,Redwood National and State Parks
2012-03-01,0.0,Redwood National and State Parks
2012-04-01,0.0,Redwood National and State Parks
2012-05-01,0.0,Redwood National and State Parks
2012-06-01,0.0,Redwood National and State Parks
2012-07-01,0.0,Redwood National and State Parks
2012-08-01,0.0,Redwood National and State Parks
2012-09-01,0.0,Redwood National and State Parks
2012-10-01,0.0,Redwood National and State Parks
2012-11-01,0.0,Redwood National and State Parks
2012-12-01,0.0,Redwood National and State Parks
2013-01-01,0.0,Redwood National and State Parks
2013-02-01,0.0,Redwood National and State Parks
2013-03-01,0.0,Redwood National and State Parks
2013-04-01,0.0,Redwood National and State Parks
2013-05-01,20.0,Redwood National and State Parks
2013-06-01,0.0,Redwood National and State Parks
2013-07-01,0.0,Redwood National and State Parks
2013-08-01,0.0,Redwood National and State Parks
2013-09-01,0.0,Redwood National and State Parks
2013-10-01,0.0,Redwood National and State Parks
2013-11-01,19.0,Redwood National and State Parks
2013-12-01,0.0,Redwood National and State Parks
2014-01-01,20.0,Redwood National and State Parks
2014-02-01,0.0,Redwood National and State Parks
2014-03-01,36.0,Redwood National and State Parks
2014-04-01,35.0,Redwood National and State Parks
2014-05-01,35.0,Redwood National and State Parks
2014-06-01,33.0,Redwood National and State Parks
2014-07-01,24.0,Redwood National and State Parks
2014-08-01,27.0,Redwood National and State Parks
2014-09-01,0.0,Redwood National and State Parks
2014-10-01,0.0,Redwood National and State Parks
2014-11-01,0.0,Redwood National and State Parks
2014-12-01,24.0,Redwood National and State Parks
2015-01-01,22.0,Redwood National and State Parks
2015-02-01,21.0,Redwood National and State Parks
2015-03-01,0.0,Redwood National and State Parks
2015-04-01,32.0,Redwood National and State Parks
2015-05-01,0.0,Redwood National and State Parks
2015-06-01,32.0,Redwood National and State Parks
2015-07-01,30.0,Redwood National and State Parks
2015-08-01,28.0,Redwood National and State Parks
2015-09-01,28.0,Redwood National and State Parks
2015-10-01,31.0,Redwood National and State Parks
2015-11-01,0.0,Redwood National and State Parks
2015-12-01,21.0,Redwood National and State Parks
2016-01-01,17.0,Redwood National and State Parks
2016-02-01,30.0,Redwood National and State Parks
2016-03-01,44.0,Redwood National and State Parks
2016-04-01,38.0,Redwood National and State Parks
2016-05-01,33.0,Redwood National and State Parks
2016-06-01,48.0,Redwood National and State Parks
2016-07-01,44.0,Redwood National and State Parks
2016-08-01,36.0,Redwood National and State Parks
2016-09-01,17.0,Redwood National and State Parks
2016-10-01,17.0,Redwood National and State Parks
2016-11-01,0.0,Redwood National and State Parks
2016-12-01,13.0,Redwood National and State Parks
2017-01-01,30.0,Redwood National and State Parks
2017-02-01,25.0,Redwood National and State Parks
2017-03-01,32.0,Redwood National and State Parks
2017-04-01,30.0,Redwood National and State Parks
2017-05-01,18.0,Redwood National and State Parks
2017-06-01,52.0,Redwood National and State Parks
2017-07-01,50.0,Redwood National and State Parks
2017-08-01,49.0,Redwood National and State Parks
2017-09-01,33.0,Redwood National and State Parks
2017-10-01,19.0,Redwood National and State Parks
2017-11-01,31.0,Redwood National and State Parks
2017-12-01,25.0,Redwood National and State Parks
2018-01-01,21.0,Redwood National and State Parks
2018-02-01,24.0,Redwood National and State Parks
2018-03-01,35.0,Redwood National and State Parks
2018-04-01,35.0,Redwood National and State Parks
2018-05-01,38.0,Redwood National and State Parks
2018-06-01,28.0,Redwood National and State Parks
2018-07-01,46.0,Redwood National and State Parks
2018-08-01,32.0,Redwood National and State Parks
2018-09-01,16.0,Redwood National and State Parks
2018-10-01,20.0,Redwood National and State Parks
2018-11-01,18.0,Redwood National and State Parks
2018-12-01,25.0,Redwood National and State Parks
2019-01-01,30.0,Redwood National and State Parks
2019-02-01,14.0,Redwood National and State Parks
2019-03-01,26.0,Redwood National and State Parks
2019-04-01,26.0,Redwood National and State Parks
2019-05-01,60.0,Redwood National and State Parks
2019-06-01,60.0,Redwood National and State Parks
2019-07-01,68.0,Redwood National and State Parks
2019-08-01,34.0,Redwood National and State Parks
2019-09-01,41.0,Redwood National and State Parks
2019-10-01,36.0,Redwood National and State Parks
2019-11-01,30.0,Redwood National and State Parks
2019-12-01,38.0,Redwood National and State Parks
2020-01-01,32.0,Redwood National and State Parks
2020-02-01,55.0,Redwood National and State Parks
2020-03-01,34.0,Redwood National and State Parks
2020-04-01,28.0,Redwood National and State Parks
2020-05-01,46.0,Redwood National and State Parks
2020-06-01,59.0,Redwood National and State Parks
2020-07-01,81.0,Redwood National and State Parks
2020-08-01,58.0,Redwood National and State Parks
2020-09-01,41.0,Redwood National and State Parks
2020-10-01,28.0,Redwood National and State Parks
2020-11-01,30.0,Redwood National and State Parks
2020-12-01,43.0,Redwood National and State Parks
2021-01-01,33.0,Redwood National and State Parks
2021-02-01,40.0,Redwood National and State Parks
2021-03-01,57.0,Redwood National and State Parks
2021-04-01,59.0,Redwood National and State Parks
2021-05-01,81.0,Redwood National and State Parks
2021-06-01,70.0,Redwood National and State Parks
2021-07-01,100.0,Redwood National and State Parks
2021-08-01,57.0,Redwood National and State Parks
2021-09-01,41.0,Redwood National and State Parks
2021-10-01,35.0,Redwood National and State Parks
2021-11-01,33.0,Redwood National and State Parks
2021-12-01,27.0,Redwood National and State Parks
2022-01-01,30.0,Redwood National and State Parks
2022-02-01,36.0,Redwood National and State Parks
2022-03-01,44.0,Redwood National and State Parks
2022-04-01,44.0,Redwood National and State Parks
2022-05-01,51.0,Redwood National and State Parks
2022-06-01,62.0,Redwood National and State Parks
2022-07-01,61.0,Redwood National and State Parks
2022-08-01,44.0,Redwood National and State Parks
2022-09-01,33.0,Redwood National and State Parks
2022-10-01,23.0,Redwood National and State Parks
2022-11-01,28.0,Redwood National and State Parks
2022-12-01,21.0,Redwood National and State Parks
2023-01-01,34.0,Redwood National and State Parks
2023-02-01,45.0,Redwood National and State Parks
2023-03-01,35.0,Redwood National and State Parks
2023-04-01,34.0,Redwood National and State Parks
2023-05-01,44.0,Redwood National and State Parks
2023-06-01,52.0,Redwood National and State Parks
2023-07-01,54.0,Redwood National and State Parks
2023-08-01,41.0,Redwood National and State Parks
2023-09-01,35.0,Redwood National and State Parks
2023-10-01,26.0,Redwood National and State Parks
2023-11-01,30.0,Redwood National and State Parks
2023-12-01,32.0,Redwood National and State Parks
2024-01-01,33.0,Redwood National and State Parks
2024-02-01,45.0,Redwood National and State Parks
2024-03-01,60.0,Redwood National and State Parks
2024-04-01,47.0,Redwood National and State Parks
2024-05-01,56.0,Redwood National and State Parks
2024-06-01,58.0,Redwood National and State Parks
2024-07-01,46.0,Redwood National and State Parks
2024-08-01,47.0,Redwood National and State Parks
2024-09-01,32.0,Redwood National and State Parks
2024-10-01,30.0,Redwood National and State Parks
2024-11-01,24.0,Redwood National and State Parks
2024-12-01,34.0,Redwood National and State Parks
2025-01-01,39.0,Redwood National and State Parks
2025-02-01,35.0,Redwood National and State Parks
2025-03-01,47.0,Redwood National and State Parks
2025-04-01,45.0,Redwood National and State Parks
2025-05-01,43.0,Redwood National and State Parks
2025-06-01,62.0,Redwood National and State Parks
2025-07-01,81.0,Redwood National and State Parks
2025-08-01,71.0,Redwood National and State Parks
2025-09-01,39.0,Redwood National and State Parks
2025-10-01,33.0,Redwood National and State Parks
2025-11-01,56.0,Redwood National and State Parks
2025-12-01,97.0,Redwood National and State Parks
2010-01-01,19.0,Rocky Mountain National Park
2010-02-01,20.0,Rocky Mountain National Park
2010-03-01,22.0,Rocky Mountain National Park
2010-04-01,26.0,Rocky Mountain National Park
2010-05-01,41.0,Rocky Mountain National Park
2010-06-01,58.0,Rocky Mountain National Park
2010-07-01,58.0,Rocky Mountain National Park
2010-08-01,42.0,Rocky Mountain National Park
2010-09-01,38.0,Rocky Mountain National Park
2010-10-01,28.0,Rocky Mountain National Park
2010-11-01,17.0,Rocky Mountain National Park
2010-12-01,15.0,Rocky Mountain National Park
2011-01-01,20.0,Rocky Mountain National Park
2011-02-01,18.0,Rocky Mountain National Park
2011-03-01,21.0,Rocky Mountain National Park
2011-04-01,25.0,Rocky Mountain National Park
2011-05-01,37.0,Rocky Mountain National Park
2011-06-01,58.0,Rocky Mountain National Park
2011-07-01,64.0,Rocky Mountain National Park
2011-08-01,49.0,Rocky Mountain National Park
2011-09-01,42.0,Rocky Mountain National Park
2011-10-01,30.0,Rocky Mountain National Park
2011-11-01,23.0,Rocky Mountain National Park
2011-12-01,20.0,Rocky Mountain National Park
2012-01-01,23.0,Rocky Mountain National Park
2012-02-01,22.0,Rocky Mountain National Park
2012-03-01,24.0,Rocky Mountain National Park
2012-04-01,29.0,Rocky Mountain National Park
2012-05-01,42.0,Rocky Mountain National Park
2012-06-01,60.0,Rocky Mountain National Park
2012-07-01,47.0,Rocky Mountain National Park
2012-08-01,40.0,Rocky Mountain National Park
2012-09-01,34.0,Rocky Mountain National Park
2012-10-01,25.0,Rocky Mountain National Park
2012-11-01,13.0,Rocky Mountain National Park
2012-12-01,16.0,Rocky Mountain National Park
2013-01-01,18.0,Rocky Mountain National Park
2013-02-01,19.0,Rocky Mountain National Park
2013-03-01,20.0,Rocky Mountain National Park
2013-04-01,23.0,Rocky Mountain National Park
2013-05-01,35.0,Rocky Mountain National Park
2013-06-01,52.0,Rocky Mountain National Park
2013-07-01,48.0,Rocky Mountain National Park
2013-08-01,41.0,Rocky Mountain National Park
2013-09-01,43.0,Rocky Mountain National Park
2013-10-01,19.0,Rocky Mountain National Park
2013-11-01,14.0,Rocky Mountain National Park
2013-12-01,14.0,Rocky Mountain National Park
2014-01-01,18.0,Rocky Mountain National Park
2014-02-01,16.0,Rocky Mountain National Park
2014-03-01,20.0,Rocky Mountain National Park
2014-04-01,24.0,Rocky Mountain National Park
2014-05-01,38.0,Rocky Mountain National Park
2014-06-01,50.0,Rocky Mountain National Park
2014-07-01,57.0,Rocky Mountain National Park
2014-08-01,45.0,Rocky Mountain National Park
2014-09-01,37.0,Rocky Mountain National Park
2014-10-01,27.0,Rocky Mountain National Park
2014-11-01,17.0,Rocky Mountain National Park
2014-12-01,16.0,Rocky Mountain National Park
2015-01-01,20.0,Rocky Mountain National Park
2015-02-01,19.0,Rocky Mountain National Park
2015-03-01,25.0,Rocky Mountain National Park
2015-04-01,29.0,Rocky Mountain National Park
2015-05-01,40.0,Rocky Mountain National Park
2015-06-01,53.0,Rocky Mountain National Park
2015-07-01,59.0,Rocky Mountain National Park
2015-08-01,55.0,Rocky Mountain National Park
2015-09-01,44.0,Rocky Mountain National Park
2015-10-01,30.0,Rocky Mountain National Park
2015-11-01,19.0,Rocky Mountain National Park
2015-12-01,16.0,Rocky Mountain National Park
2016-01-01,20.0,Rocky Mountain National Park
2016-02-01,22.0,Rocky Mountain National Park
2016-03-01,27.0,Rocky Mountain National Park
2016-04-01,31.0,Rocky Mountain National Park
2016-05-01,42.0,Rocky Mountain National Park
2016-06-01,57.0,Rocky Mountain National Park
2016-07-01,63.0,Rocky Mountain National Park
2016-08-01,48.0,Rocky Mountain National Park
2016-09-01,41.0,Rocky Mountain National Park
2016-10-01,35.0,Rocky Mountain National Park
2016-11-01,22.0,Rocky Mountain National Park
2016-12-01,18.0,Rocky Mountain National Park
2017-01-01,22.0,Rocky Mountain National Park
2017-02-01,25.0,Rocky Mountain National Park
2017-03-01,30.0,Rocky Mountain National Park
2017-04-01,31.0,Rocky Mountain National Park
2017-05-01,44.0,Rocky Mountain National Park
2017-06-01,66.0,Rocky Mountain National Park
2017-07-01,67.0,Rocky Mountain National Park
2017-08-01,52.0,Rocky Mountain National Park
2017-09-01,40.0,Rocky Mountain National Park
2017-10-01,30.0,Rocky Mountain National Park
2017-11-01,22.0,Rocky Mountain National Park
2017-12-01,21.0,Rocky Mountain National Park
2018-01-01,28.0,Rocky Mountain National Park
2018-02-01,25.0,Rocky Mountain National Park
2018-03-01,32.0,Rocky Mountain National Park
2018-04-01,33.0,Rocky Mountain National Park
2018-05-01,48.0,Rocky Mountain National Park
2018-06-01,69.0,Rocky Mountain National Park
2018-07-01,77.0,Rocky Mountain National Park
2018-08-01,64.0,Rocky Mountain National Park
2018-09-01,50.0,Rocky Mountain National Park
2018-10-01,32.0,Rocky Mountain National Park
2018-11-01,22.0,Rocky Mountain National Park
2018-12-01,24.0,Rocky Mountain National Park
2019-01-01,26.0,Rocky Mountain National Park
2019-02-01,26.0,Rocky Mountain National Park
2019-03-01,29.0,Rocky Mountain National Park
2019-04-01,33.0,Rocky Mountain National Park
2019-05-01,49.0,Rocky Mountain National Park
2019-06-01,74.0,Rocky Mountain National Park
2019-07-01,87.0,Rocky Mountain National Park
2019-08-01,64.0,Rocky Mountain National Park
2019-09-01,51.0,Rocky Mountain National Park
2019-10-01,32.0,Rocky Mountain National Park
2019-11-01,21.0,Rocky Mountain National Park
2019-12-01,21.0,Rocky Mountain National Park
2020-01-01,27.0,Rocky Mountain National Park
2020-02-01,26.0,Rocky Mountain National Park
2020-03-01,21.0,Rocky Mountain National Park
2020-04-01,17.0,Rocky Mountain National Park
2020-05-01,50.0,Rocky Mountain National Park
2020-06-01,85.0,Rocky Mountain National Park
2020-07-01,100.0,Rocky Mountain National Park
2020-08-01,87.0,Rocky Mountain National Park
2020-09-01,79.0,Rocky Mountain National Park
2020-10-01,56.0,Rocky Mountain National Park
2020-11-01,24.0,Rocky Mountain National Park
2020-12-01,24.0,Rocky Mountain National Park
2021-01-01,27.0,Rocky Mountain National Park
2021-02-01,24.0,Rocky Mountain National Park
2021-03-01,31.0,Rocky Mountain National Park
2021-04-01,37.0,Rocky Mountain National Park
2021-05-01,62.0,Rocky Mountain National Park
2021-06-01,95.0,Rocky Mountain National Park
2021-07-01,90.0,Rocky Mountain National Park
2021-08-01,72.0,Rocky Mountain National Park
2021-09-01,65.0,Rocky Mountain National Park
2021-10-01,39.0,Rocky Mountain National Park
2021-11-01,24.0,Rocky Mountain National Park
2021-12-01,24.0,Rocky Mountain National Park
2022-01-01,35.0,Rocky Mountain National Park
2022-02-01,29.0,Rocky Mountain National Park
2022-03-01,31.0,Rocky Mountain National Park
2022-04-01,42.0,Rocky Mountain National Park
2022-05-01,61.0,Rocky Mountain National Park
2022-06-01,87.0,Rocky Mountain National Park
2022-07-01,89.0,Rocky Mountain National Park
2022-08-01,75.0,Rocky Mountain National Park
2022-09-01,65.0,Rocky Mountain National Park
2022-10-01,43.0,Rocky Mountain National Park
2022-11-01,22.0,Rocky Mountain National Park
2022-12-01,22.0,Rocky Mountain National Park
2023-01-01,28.0,Rocky Mountain National Park
2023-02-01,26.0,Rocky Mountain National Park
2023-03-01,30.0,Rocky Mountain National Park
2023-04-01,33.0,Rocky Mountain National Park
2023-05-01,57.0,Rocky Mountain National Park
2023-06-01,77.0,Rocky Mountain National Park
2023-07-01,91.0,Rocky Mountain National Park
2023-08-01,69.0,Rocky Mountain National Park
2023-09-01,68.0,Rocky Mountain National Park
2023-10-01,44.0,Rocky Mountain National Park
2023-11-01,23.0,Rocky Mountain National Park
2023-12-01,23.0,Rocky Mountain National Park
2024-01-01,26.0,Rocky Mountain National Park
2024-02-01,28.0,Rocky Mountain National Park
2024-03-01,32.0,Rocky Mountain National Park
2024-04-01,34.0,Rocky Mountain National Park
2024-05-01,63.0,Rocky Mountain National Park
2024-06-01,78.0,Rocky Mountain National Park
2024-07-01,82.0,Rocky Mountain National Park
2024-08-01,67.0,Rocky Mountain National Park
2024-09-01,62.0,Rocky Mountain National Park
2024-10-01,40.0,Rocky Mountain National Park
2024-11-01,21.0,Rocky Mountain National Park
2024-12-01,23.0,Rocky Mountain National Park
2025-01-01,26.0,Rocky Mountain National Park
2025-02-01,25.0,Rocky Mountain National Park
2025-03-01,34.0,Rocky Mountain National Park
2025-04-01,34.0,Rocky Mountain National Park
2025-05-01,58.0,Rocky Mountain National Park
2025-06-01,78.0,Rocky Mountain National Park
2025-07-01,85.0,Rocky Mountain National Park
2025-08-01,71.0,Rocky Mountain National Park
2025-09-01,60.0,Rocky Mountain National Park
2025-10-01,41.0,Rocky Mountain National Park
2025-11-01,24.0,Rocky Mountain National Park
2025-12-01,24.0,Rocky Mountain National Park
2010-01-01,28.0,Saguaro National Park
2010-02-01,32.0,Saguaro National Park
2010-03-01,39.0,Saguaro National Park
2010-04-01,31.0,Saguaro National Park
2010-05-01,24.0,Saguaro National Park
2010-06-01,16.0,Saguaro National Park
2010-07-01,12.0,Saguaro National Park
2010-08-01,16.0,Saguaro National Park
2010-09-01,16.0,Saguaro National Park
2010-10-01,21.0,Saguaro National Park
2010-11-01,21.0,Saguaro National Park
2010-12-01,20.0,Saguaro National Park
2011-01-01,27.0,Saguaro National Park
2011-02-01,27.0,Saguaro National Park
2011-03-01,32.0,Saguaro National Park
2011-04-01,26.0,Saguaro National Park
2011-05-01,25.0,Saguaro National Park
2011-06-01,18.0,Saguaro National Park
2011-07-01,14.0,Saguaro National Park
2011-08-01,16.0,Saguaro National Park
2011-09-01,16.0,Saguaro National Park
2011-10-01,24.0,Saguaro National Park
2011-11-01,25.0,Saguaro National Park
2011-12-01,25.0,Saguaro National Park
2012-01-01,27.0,Saguaro National Park
2012-02-01,28.0,Saguaro National Park
2012-03-01,28.0,Saguaro National Park
2012-04-01,29.0,Saguaro National Park
2012-05-01,20.0,Saguaro National Park
2012-06-01,16.0,Saguaro National Park
2012-07-01,14.0,Saguaro National Park
2012-08-01,11.0,Saguaro National Park
2012-09-01,14.0,Saguaro National Park
2012-10-01,17.0,Saguaro National Park
2012-11-01,20.0,Saguaro National Park
2012-12-01,21.0,Saguaro National Park
2013-01-01,23.0,Saguaro National Park
2013-02-01,28.0,Saguaro National Park
2013-03-01,32.0,Saguaro National Park
2013-04-01,25.0,Saguaro National Park
2013-05-01,19.0,Saguaro National Park
2013-06-01,17.0,Saguaro National Park
2013-07-01,11.0,Saguaro National Park
2013-08-01,14.0,Saguaro National Park
2013-09-01,16.0,Saguaro National Park
2013-10-01,18.0,Saguaro National Park
2013-11-01,20.0,Saguaro National Park
2013-12-01,23.0,Saguaro National Park
2014-01-01,28.0,Saguaro National Park
2014-02-01,27.0,Saguaro National Park
2014-03-01,30.0,Saguaro National Park
2014-04-01,22.0,Saguaro National Park
2014-05-01,24.0,Saguaro National Park
2014-06-01,14.0,Saguaro National Park
2014-07-01,12.0,Saguaro National Park
2014-08-01,16.0,Saguaro National Park
2014-09-01,16.0,Saguaro National Park
2014-10-01,18.0,Saguaro National Park
2014-11-01,20.0,Saguaro National Park
2014-12-01,26.0,Saguaro National Park
2015-01-01,31.0,Saguaro National Park
2015-02-01,29.0,Saguaro National Park
2015-03-01,32.0,Saguaro National Park
2015-04-01,27.0,Saguaro National Park
2015-05-01,24.0,Saguaro National Park
2015-06-01,16.0,Saguaro National Park
2015-07-01,18.0,Saguaro National Park
2015-08-01,16.0,Saguaro National Park
2015-09-01,15.0,Saguaro National Park
2015-10-01,20.0,Saguaro National Park
2015-11-01,24.0,Saguaro National Park
2015-12-01,26.0,Saguaro National Park
2016-01-01,34.0,Saguaro National Park
2016-02-01,32.0,Saguaro National Park
2016-03-01,38.0,Saguaro National Park
2016-04-01,30.0,Saguaro National Park
2016-05-01,25.0,Saguaro National Park
2016-06-01,28.0,Saguaro National Park
2016-07-01,19.0,Saguaro National Park
2016-08-01,27.0,Saguaro National Park
2016-09-01,23.0,Saguaro National Park
2016-10-01,24.0,Saguaro National Park
2016-11-01,29.0,Saguaro National Park
2016-12-01,32.0,Saguaro National Park
2017-01-01,40.0,Saguaro National Park
2017-02-01,44.0,Saguaro National Park
2017-03-01,49.0,Saguaro National Park
2017-04-01,34.0,Saguaro National Park
2017-05-01,30.0,Saguaro National Park
2017-06-01,24.0,Saguaro National Park
2017-07-01,26.0,Saguaro National Park
2017-08-01,20.0,Saguaro National Park
2017-09-01,20.0,Saguaro National Park
2017-10-01,28.0,Saguaro National Park
2017-11-01,32.0,Saguaro National Park
2017-12-01,35.0,Saguaro National Park
2018-01-01,40.0,Saguaro National Park
2018-02-01,44.0,Saguaro National Park
2018-03-01,55.0,Saguaro National Park
2018-04-01,36.0,Saguaro National Park
2018-05-01,28.0,Saguaro National Park
2018-06-01,24.0,Saguaro National Park
2018-07-01,26.0,Saguaro National Park
2018-08-01,26.0,Saguaro National Park
2018-09-01,32.0,Saguaro National Park
2018-10-01,28.0,Saguaro National Park
2018-11-01,36.0,Saguaro National Park
2018-12-01,43.0,Saguaro National Park
2019-01-01,51.0,Saguaro National Park
2019-02-01,49.0,Saguaro National Park
2019-03-01,57.0,Saguaro National Park
2019-04-01,44.0,Saguaro National Park
2019-05-01,34.0,Saguaro National Park
2019-06-01,36.0,Saguaro National Park
2019-07-01,24.0,Saguaro National Park
2019-08-01,28.0,Saguaro National Park
2019-09-01,26.0,Saguaro National Park
2019-10-01,35.0,Saguaro National Park
2019-11-01,39.0,Saguaro National Park
2019-12-01,45.0,Saguaro National Park
2020-01-01,64.0,Saguaro National Park
2020-02-01,69.0,Saguaro National Park
2020-03-01,56.0,Saguaro National Park
2020-04-01,26.0,Saguaro National Park
2020-05-01,33.0,Saguaro National Park
2020-06-01,28.0,Saguaro National Park
2020-07-01,26.0,Saguaro National Park
2020-08-01,29.0,Saguaro National Park
2020-09-01,31.0,Saguaro National Park
2020-10-01,41.0,Saguaro National Park
2020-11-01,42.0,Saguaro National Park
2020-12-01,54.0,Saguaro National Park
2021-01-01,52.0,Saguaro National Park
2021-02-01,57.0,Saguaro National Park
2021-03-01,61.0,Saguaro National Park
2021-04-01,58.0,Saguaro National Park
2021-05-01,49.0,Saguaro National Park
2021-06-01,33.0,Saguaro National Park
2021-07-01,29.0,Saguaro National Park
2021-08-01,33.0,Saguaro National Park
2021-09-01,33.0,Saguaro National Park
2021-10-01,42.0,Saguaro National Park
2021-11-01,46.0,Saguaro National Park
2021-12-01,50.0,Saguaro National Park
2022-01-01,72.0,Saguaro National Park
2022-02-01,77.0,Saguaro National Park
2022-03-01,81.0,Saguaro National Park
2022-04-01,58.0,Saguaro National Park
2022-05-01,43.0,Saguaro National Park
2022-06-01,33.0,Saguaro National Park
2022-07-01,28.0,Saguaro National Park
2022-08-01,36.0,Saguaro National Park
2022-09-01,33.0,Saguaro National Park
2022-10-01,41.0,Saguaro National Park
2022-11-01,46.0,Saguaro National Park
2022-12-01,50.0,Saguaro National Park
2023-01-01,67.0,Saguaro National Park
2023-02-01,72.0,Saguaro National Park
2023-03-01,81.0,Saguaro National Park
2023-04-01,54.0,Saguaro National Park
2023-05-01,44.0,Saguaro National Park
2023-06-01,35.0,Saguaro National Park
2023-07-01,32.0,Saguaro National Park
2023-08-01,30.0,Saguaro National Park
2023-09-01,38.0,Saguaro National Park
2023-10-01,45.0,Saguaro National Park
2023-11-01,51.0,Saguaro National Park
2023-12-01,57.0,Saguaro National Park
2024-01-01,71.0,Saguaro National Park
2024-02-01,74.0,Saguaro National Park
2024-03-01,79.0,Saguaro National Park
2024-04-01,59.0,Saguaro National Park
2024-05-01,55.0,Saguaro National Park
2024-06-01,36.0,Saguaro National Park
2024-07-01,31.0,Saguaro National Park
2024-08-01,33.0,Saguaro National Park
2024-09-01,100.0,Saguaro National Park
2024-10-01,47.0,Saguaro National Park
2024-11-01,51.0,Saguaro National Park
2024-12-01,65.0,Saguaro National Park
2025-01-01,68.0,Saguaro National Park
2025-02-01,76.0,Saguaro National Park
2025-03-01,72.0,Saguaro National Park
2025-04-01,55.0,Saguaro National Park
2025-05-01,42.0,Saguaro National Park
2025-06-01,28.0,Saguaro National Park
2025-07-01,32.0,Saguaro National Park
2025-08-01,37.0,Saguaro National Park
2025-09-01,40.0,Saguaro National Park
2025-10-01,49.0,Saguaro National Park
2025-11-01,68.0,Saguaro National Park
2025-12-01,65.0,Saguaro National Park
2010-01-01,29.0,Shenandoah National Park
2010-02-01,24.0,Shenandoah National Park
2010-03-01,40.0,Shenandoah National Park
2010-04-01,53.0,Shenandoah National Park
2010-05-01,56.0,Shenandoah National Park
2010-06-01,57.0,Shenandoah National Park
2010-07-01,62.0,Shenandoah National Park
2010-08-01,59.0,Shenandoah National Park
2010-09-01,71.0,Shenandoah National Park
2010-10-01,87.0,Shenandoah National Park
2010-11-01,43.0,Shenandoah National Park
2010-12-01,25.0,Shenandoah National Park
2011-01-01,31.0,Shenandoah National Park
2011-02-01,29.0,Shenandoah National Park
2011-03-01,31.0,Shenandoah National Park
2011-04-01,46.0,Shenandoah National Park
2011-05-01,55.0,Shenandoah National Park
2011-06-01,55.0,Shenandoah National Park
2011-07-01,58.0,Shenandoah National Park
2011-08-01,53.0,Shenandoah National Park
2011-09-01,53.0,Shenandoah National Park
2011-10-01,93.0,Shenandoah National Park
2011-11-01,55.0,Shenandoah National Park
2011-12-01,34.0,Shenandoah National Park
2012-01-01,34.0,Shenandoah National Park
2012-02-01,25.0,Shenandoah National Park
2012-03-01,37.0,Shenandoah National Park
2012-04-01,46.0,Shenandoah National Park
2012-05-01,58.0,Shenandoah National Park
2012-06-01,66.0,Shenandoah National Park
2012-07-01,62.0,Shenandoah National Park
2012-08-01,58.0,Shenandoah National Park
2012-09-01,48.0,Shenandoah National Park
2012-10-01,52.0,Shenandoah National Park
2012-11-01,19.0,Shenandoah National Park
2012-12-01,16.0,Shenandoah National Park
2013-01-01,22.0,Shenandoah National Park
2013-02-01,21.0,Shenandoah National Park
2013-03-01,34.0,Shenandoah National Park
2013-04-01,38.0,Shenandoah National Park
2013-05-01,48.0,Shenandoah National Park
2013-06-01,56.0,Shenandoah National Park
2013-07-01,55.0,Shenandoah National Park
2013-08-01,56.0,Shenandoah National Park
2013-09-01,45.0,Shenandoah National Park
2013-10-01,68.0,Shenandoah National Park
2013-11-01,35.0,Shenandoah National Park
2013-12-01,19.0,Shenandoah National Park
2014-01-01,22.0,Shenandoah National Park
2014-02-01,19.0,Shenandoah National Park
2014-03-01,28.0,Shenandoah National Park
2014-04-01,44.0,Shenandoah National Park
2014-05-01,57.0,Shenandoah National Park
2014-06-01,50.0,Shenandoah National Park
2014-07-01,54.0,Shenandoah National Park
2014-08-01,59.0,Shenandoah National Park
2014-09-01,49.0,Shenandoah National Park
2014-10-01,74.0,Shenandoah National Park
2014-11-01,26.0,Shenandoah National Park
2014-12-01,22.0,Shenandoah National Park
2015-01-01,25.0,Shenandoah National Park
2015-02-01,24.0,Shenandoah National Park
2015-03-01,35.0,Shenandoah National Park
2015-04-01,43.0,Shenandoah National Park
2015-05-01,55.0,Shenandoah National Park
2015-06-01,50.0,Shenandoah National Park
2015-07-01,55.0,Shenandoah National Park
2015-08-01,54.0,Shenandoah National Park
2015-09-01,50.0,Shenandoah National Park
2015-10-01,55.0,Shenandoah National Park
2015-11-01,24.0,Shenandoah National Park
2015-12-01,19.0,Shenandoah National Park
2016-01-01,18.0,Shenandoah National Park
2016-02-01,23.0,Shenandoah National Park
2016-03-01,43.0,Shenandoah National Park
2016-04-01,89.0,Shenandoah National Park
2016-05-01,54.0,Shenandoah National Park
2016-06-01,52.0,Shenandoah National Park
2016-07-01,62.0,Shenandoah National Park
2016-08-01,60.0,Shenandoah National Park
2016-09-01,49.0,Shenandoah National Park
2016-10-01,61.0,Shenandoah National Park
2016-11-01,31.0,Shenandoah National Park
2016-12-01,18.0,Shenandoah National Park
2017-01-01,26.0,Shenandoah National Park
2017-02-01,35.0,Shenandoah National Park
2017-03-01,34.0,Shenandoah National Park
2017-04-01,48.0,Shenandoah National Park
2017-05-01,49.0,Shenandoah National Park
2017-06-01,56.0,Shenandoah National Park
2017-07-01,62.0,Shenandoah National Park
2017-08-01,53.0,Shenandoah National Park
2017-09-01,46.0,Shenandoah National Park
2017-10-01,59.0,Shenandoah National Park
2017-11-01,35.0,Shenandoah National Park
2017-12-01,23.0,Shenandoah National Park
2018-01-01,27.0,Shenandoah National Park
2018-02-01,34.0,Shenandoah National Park
2018-03-01,46.0,Shenandoah National Park
2018-04-01,51.0,Shenandoah National Park
2018-05-01,51.0,Shenandoah National Park
2018-06-01,53.0,Shenandoah National Park
2018-07-01,61.0,Shenandoah National Park
2018-08-01,54.0,Shenandoah National Park
2018-09-01,45.0,Shenandoah National Park
2018-10-01,60.0,Shenandoah National Park
2018-11-01,39.0,Shenandoah National Park
2018-12-01,25.0,Shenandoah National Park
2019-01-01,29.0,Shenandoah National Park
2019-02-01,29.0,Shenandoah National Park
2019-03-01,44.0,Shenandoah National Park
2019-04-01,52.0,Shenandoah National Park
2019-05-01,59.0,Shenandoah National Park
2019-06-01,59.0,Shenandoah National Park
2019-07-01,74.0,Shenandoah National Park
2019-08-01,61.0,Shenandoah National Park
2019-09-01,57.0,Shenandoah National Park
2019-10-01,64.0,Shenandoah National Park
2019-11-01,36.0,Shenandoah National Park
2019-12-01,24.0,Shenandoah National Park
2020-01-01,30.0,Shenandoah National Park
2020-02-01,31.0,Shenandoah National Park
2020-03-01,44.0,Shenandoah National Park
2020-04-01,29.0,Shenandoah National Park
2020-05-01,63.0,Shenandoah National Park
2020-06-01,74.0,Shenandoah National Park
2020-07-01,92.0,Shenandoah National Park
2020-08-01,74.0,Shenandoah National Park
2020-09-01,75.0,Shenandoah National Park
2020-10-01,100.0,Shenandoah National Park
2020-11-01,44.0,Shenandoah National Park
2020-12-01,30.0,Shenandoah National Park
2021-01-01,36.0,Shenandoah National Park
2021-02-01,30.0,Shenandoah National Park
2021-03-01,53.0,Shenandoah National Park
2021-04-01,62.0,Shenandoah National Park
2021-05-01,69.0,Shenandoah National Park
2021-06-01,71.0,Shenandoah National Park
2021-07-01,72.0,Shenandoah National Park
2021-08-01,75.0,Shenandoah National Park
2021-09-01,66.0,Shenandoah National Park
2021-10-01,74.0,Shenandoah National Park
2021-11-01,49.0,Shenandoah National Park
2021-12-01,28.0,Shenandoah National Park
2022-01-01,38.0,Shenandoah National Park
2022-02-01,44.0,Shenandoah National Park
2022-03-01,53.0,Shenandoah National Park
2022-04-01,62.0,Shenandoah National Park
2022-05-01,63.0,Shenandoah National Park
2022-06-01,65.0,Shenandoah National Park
2022-07-01,72.0,Shenandoah National Park
2022-08-01,63.0,Shenandoah National Park
2022-09-01,69.0,Shenandoah National Park
2022-10-01,75.0,Shenandoah National Park
2022-11-01,40.0,Shenandoah National Park
2022-12-01,29.0,Shenandoah National Park
2023-01-01,37.0,Shenandoah National Park
2023-02-01,43.0,Shenandoah National Park
2023-03-01,53.0,Shenandoah National Park
2023-04-01,61.0,Shenandoah National Park
2023-05-01,69.0,Shenandoah National Park
2023-06-01,73.0,Shenandoah National Park
2023-07-01,69.0,Shenandoah National Park
2023-08-01,77.0,Shenandoah National Park
2023-09-01,67.0,Shenandoah National Park
2023-10-01,84.0,Shenandoah National Park
2023-11-01,52.0,Shenandoah National Park
2023-12-01,34.0,Shenandoah National Park
2024-01-01,38.0,Shenandoah National Park
2024-02-01,47.0,Shenandoah National Park
2024-03-01,66.0,Shenandoah National Park
2024-04-01,63.0,Shenandoah National Park
2024-05-01,78.0,Shenandoah National Park
2024-06-01,77.0,Shenandoah National Park
2024-07-01,73.0,Shenandoah National Park
2024-08-01,68.0,Shenandoah National Park
2024-09-01,73.0,Shenandoah National Park
2024-10-01,92.0,Shenandoah National Park
2024-11-01,50.0,Shenandoah National Park
2024-12-01,31.0,Shenandoah National Park
2025-01-01,37.0,Shenandoah National Park
2025-02-01,43.0,Shenandoah National Park
2025-03-01,58.0,Shenandoah National Park
2025-04-01,66.0,Shenandoah National Park
2025-05-01,75.0,Shenandoah National Park
2025-06-01,72.0,Shenandoah National Park
2025-07-01,76.0,Shenandoah National Park
2025-08-01,79.0,Shenandoah National Park
2025-09-01,70.0,Shenandoah National Park
2025-10-01,97.0,Shenandoah National Park
2025-11-01,54.0,Shenandoah National Park
2025-12-01,37.0,Shenandoah National Park
2010-01-01,28.0,Theodore Roosevelt National Park
2010-02-01,28.0,Theodore Roosevelt National Park
2010-03-01,28.0,Theodore Roosevelt National Park
2010-04-01,41.0,Theodore Roosevelt National Park
2010-05-01,40.0,Theodore Roosevelt National Park
2010-06-01,42.0,Theodore Roosevelt National Park
2010-07-01,40.0,Theodore Roosevelt National Park
2010-08-01,34.0,Theodore Roosevelt National Park
2010-09-01,30.0,Theodore Roosevelt National Park
2010-10-01,25.0,Theodore Roosevelt National Park
2010-11-01,23.0,Theodore Roosevelt National Park
2010-12-01,19.0,Theodore Roosevelt National Park
2011-01-01,30.0,Theodore Roosevelt National Park
2011-02-01,35.0,Theodore Roosevelt National Park
2011-03-01,59.0,Theodore Roosevelt National Park
2011-04-01,28.0,Theodore Roosevelt National Park
2011-05-01,40.0,Theodore Roosevelt National Park
2011-06-01,45.0,Theodore Roosevelt National Park
2011-07-01,43.0,Theodore Roosevelt National Park
2011-08-01,36.0,Theodore Roosevelt National Park
2011-09-01,30.0,Theodore Roosevelt National Park
2011-10-01,20.0,Theodore Roosevelt National Park
2011-11-01,17.0,Theodore Roosevelt National Park
2011-12-01,18.0,Theodore Roosevelt National Park
2012-01-01,20.0,Theodore Roosevelt National Park
2012-02-01,28.0,Theodore Roosevelt National Park
2012-03-01,22.0,Theodore Roosevelt National Park
2012-04-01,26.0,Theodore Roosevelt National Park
2012-05-01,35.0,Theodore Roosevelt National Park
2012-06-01,37.0,Theodore Roosevelt National Park
2012-07-01,40.0,Theodore Roosevelt National Park
2012-08-01,33.0,Theodore Roosevelt National Park
2012-09-01,29.0,Theodore Roosevelt National Park
2012-10-01,23.0,Theodore Roosevelt National Park
2012-11-01,19.0,Theodore Roosevelt National Park
2012-12-01,17.0,Theodore Roosevelt National Park
2013-01-01,17.0,Theodore Roosevelt National Park
2013-02-01,21.0,Theodore Roosevelt National Park
2013-03-01,25.0,Theodore Roosevelt National Park
2013-04-01,28.0,Theodore Roosevelt National Park
2013-05-01,37.0,Theodore Roosevelt National Park
2013-06-01,38.0,Theodore Roosevelt National Park
2013-07-01,42.0,Theodore Roosevelt National Park
2013-08-01,36.0,Theodore Roosevelt National Park
2013-09-01,31.0,Theodore Roosevelt National Park
2013-10-01,26.0,Theodore Roosevelt National Park
2013-11-01,22.0,Theodore Roosevelt National Park
2013-12-01,20.0,Theodore Roosevelt National Park
2014-01-01,22.0,Theodore Roosevelt National Park
2014-02-01,25.0,Theodore Roosevelt National Park
2014-03-01,27.0,Theodore Roosevelt National Park
2014-04-01,33.0,Theodore Roosevelt National Park
2014-05-01,39.0,Theodore Roosevelt National Park
2014-06-01,41.0,Theodore Roosevelt National Park
2014-07-01,46.0,Theodore Roosevelt National Park
2014-08-01,38.0,Theodore Roosevelt National Park
2014-09-01,32.0,Theodore Roosevelt National Park
2014-10-01,30.0,Theodore Roosevelt National Park
2014-11-01,20.0,Theodore Roosevelt National Park
2014-12-01,25.0,Theodore Roosevelt National Park
2015-01-01,33.0,Theodore Roosevelt National Park
2015-02-01,30.0,Theodore Roosevelt National Park
2015-03-01,30.0,Theodore Roosevelt National Park
2015-04-01,36.0,Theodore Roosevelt National Park
2015-05-01,47.0,Theodore Roosevelt National Park
2015-06-01,56.0,Theodore Roosevelt National Park
2015-07-01,57.0,Theodore Roosevelt National Park
2015-08-01,45.0,Theodore Roosevelt National Park
2015-09-01,36.0,Theodore Roosevelt National Park
2015-10-01,32.0,Theodore Roosevelt National Park
2015-11-01,27.0,Theodore Roosevelt National Park
2015-12-01,24.0,Theodore Roosevelt National Park
2016-01-01,36.0,Theodore Roosevelt National Park
2016-02-01,35.0,Theodore Roosevelt National Park
2016-03-01,34.0,Theodore Roosevelt National Park
2016-04-01,47.0,Theodore Roosevelt National Park
2016-05-01,60.0,Theodore Roosevelt National Park
2016-06-01,63.0,Theodore Roosevelt National Park
2016-07-01,75.0,Theodore Roosevelt National Park
2016-08-01,70.0,Theodore Roosevelt National Park
2016-09-01,49.0,Theodore Roosevelt National Park
2016-10-01,40.0,Theodore Roosevelt National Park
2016-11-01,29.0,Theodore Roosevelt National Park
2016-12-01,27.0,Theodore Roosevelt National Park
2017-01-01,34.0,Theodore Roosevelt National Park
2017-02-01,40.0,Theodore Roosevelt National Park
2017-03-01,36.0,Theodore Roosevelt National Park
2017-04-01,46.0,Theodore Roosevelt National Park
2017-05-01,57.0,Theodore Roosevelt National Park
2017-06-01,69.0,Theodore Roosevelt National Park
2017-07-01,74.0,Theodore Roosevelt National Park
2017-08-01,61.0,Theodore Roosevelt National Park
2017-09-01,40.0,Theodore Roosevelt National Park
2017-10-01,33.0,Theodore Roosevelt National Park
2017-11-01,30.0,Theodore Roosevelt National Park
2017-12-01,25.0,Theodore Roosevelt National Park
2018-01-01,34.0,Theodore Roosevelt National Park
2018-02-01,39.0,Theodore Roosevelt National Park
2018-03-01,39.0,Theodore Roosevelt National Park
2018-04-01,43.0,Theodore Roosevelt National Park
2018-05-01,58.0,Theodore Roosevelt National Park
2018-06-01,67.0,Theodore Roosevelt National Park
2018-07-01,75.0,Theodore Roosevelt National Park
2018-08-01,61.0,Theodore Roosevelt National Park
2018-09-01,46.0,Theodore Roosevelt National Park
2018-10-01,35.0,Theodore Roosevelt National Park
2018-11-01,26.0,Theodore Roosevelt National Park
2018-12-01,26.0,Theodore Roosevelt National Park
2019-01-01,36.0,Theodore Roosevelt National Park
2019-02-01,36.0,Theodore Roosevelt National Park
2019-03-01,42.0,Theodore Roosevelt National Park
2019-04-01,49.0,Theodore Roosevelt National Park
2019-05-01,64.0,Theodore Roosevelt National Park
2019-06-01,77.0,Theodore Roosevelt National Park
2019-07-01,91.0,Theodore Roosevelt National Park
2019-08-01,70.0,Theodore Roosevelt National Park
2019-09-01,54.0,Theodore Roosevelt National Park
2019-10-01,38.0,Theodore Roosevelt National Park
2019-11-01,25.0,Theodore Roosevelt National Park
2019-12-01,24.0,Theodore Roosevelt National Park
2020-01-01,36.0,Theodore Roosevelt National Park
2020-02-01,39.0,Theodore Roosevelt National Park
2020-03-01,35.0,Theodore Roosevelt National Park
2020-04-01,37.0,Theodore Roosevelt National Park
2020-05-01,74.0,Theodore Roosevelt National Park
2020-06-01,89.0,Theodore Roosevelt National Park
2020-07-01,97.0,Theodore Roosevelt National Park
2020-08-01,81.0,Theodore Roosevelt National Park
2020-09-01,63.0,Theodore Roosevelt National Park
2020-10-01,35.0,Theodore Roosevelt National Park
2020-11-01,27.0,Theodore Roosevelt National Park
2020-12-01,23.0,Theodore Roosevelt National Park
2021-01-01,32.0,Theodore Roosevelt National Park
2021-02-01,34.0,Theodore Roosevelt National Park
2021-03-01,42.0,Theodore Roosevelt National Park
2021-04-01,55.0,Theodore Roosevelt National Park
2021-05-01,68.0,Theodore Roosevelt National Park
2021-06-01,82.0,Theodore Roosevelt National Park
2021-07-01,91.0,Theodore Roosevelt National Park
2021-08-01,88.0,Theodore Roosevelt National Park
2021-09-01,64.0,Theodore Roosevelt National Park
2021-10-01,37.0,Theodore Roosevelt National Park
2021-11-01,27.0,Theodore Roosevelt National Park
2021-12-01,24.0,Theodore Roosevelt National Park
2022-01-01,41.0,Theodore Roosevelt National Park
2022-02-01,47.0,Theodore Roosevelt National Park
2022-03-01,49.0,Theodore Roosevelt National Park
2022-04-01,56.0,Theodore Roosevelt National Park
2022-05-01,76.0,Theodore Roosevelt National Park
2022-06-01,92.0,Theodore Roosevelt National Park
2022-07-01,92.0,Theodore Roosevelt National Park
2022-08-01,76.0,Theodore Roosevelt National Park
2022-09-01,62.0,Theodore Roosevelt National Park
2022-10-01,42.0,Theodore Roosevelt National Park
2022-11-01,32.0,Theodore Roosevelt National Park
2022-12-01,29.0,Theodore Roosevelt National Park
2023-01-01,49.0,Theodore Roosevelt National Park
2023-02-01,41.0,Theodore Roosevelt National Park
2023-03-01,46.0,Theodore Roosevelt National Park
2023-04-01,53.0,Theodore Roosevelt National Park
2023-05-01,79.0,Theodore Roosevelt National Park
2023-06-01,94.0,Theodore Roosevelt National Park
2023-07-01,100.0,Theodore Roosevelt National Park
2023-08-01,84.0,Theodore Roosevelt National Park
2023-09-01,66.0,Theodore Roosevelt National Park
2023-10-01,51.0,Theodore Roosevelt National Park
2023-11-01,37.0,Theodore Roosevelt National Park
2023-12-01,38.0,Theodore Roosevelt National Park
2024-01-01,46.0,Theodore Roosevelt National Park
2024-02-01,46.0,Theodore Roosevelt National Park
2024-03-01,53.0,Theodore Roosevelt National Park
2024-04-01,62.0,Theodore Roosevelt National Park
2024-05-01,88.0,Theodore Roosevelt National Park
2024-06-01,99.0,Theodore Roosevelt National Park
2024-07-01,91.0,Theodore Roosevelt National Park
2024-08-01,79.0,Theodore Roosevelt National Park
2024-09-01,74.0,Theodore Roosevelt National Park
2024-10-01,51.0,Theodore Roosevelt National Park
2024-11-01,40.0,Theodore Roosevelt National Park
2024-12-01,42.0,Theodore Roosevelt National Park
2025-01-01,45.0,Theodore Roosevelt National Park
2025-02-01,52.0,Theodore Roosevelt National Park
2025-03-01,53.0,Theodore Roosevelt National Park
2025-04-01,60.0,Theodore Roosevelt National Park
2025-05-01,73.0,Theodore Roosevelt National Park
2025-06-01,82.0,Theodore Roosevelt National Park
2025-07-01,98.0,Theodore Roosevelt National Park
2025-08-01,78.0,Theodore Roosevelt National Park
2025-09-01,68.0,Theodore Roosevelt National Park
2025-10-01,55.0,Theodore Roosevelt National Park
2025-11-01,46.0,Theodore Roosevelt National Park
2025-12-01,42.0,Theodore Roosevelt National Park
2010-01-01,77.0,Virgin Islands National Park
2010-02-01,83.0,Virgin Islands National Park
2010-03-01,63.0,Virgin Islands National Park
2010-04-01,50.0,Virgin Islands National Park
2010-05-01,86.0,Virgin Islands National Park
2010-06-01,39.0,Virgin Islands National Park
2010-07-01,35.0,Virgin Islands National Park
2010-08-01,33.0,Virgin Islands National Park
2010-09-01,28.0,Virgin Islands National Park
2010-10-01,30.0,Virgin Islands National Park
2010-11-01,21.0,Virgin Islands National Park
2010-12-01,37.0,Virgin Islands National Park
2011-01-01,51.0,Virgin Islands National Park
2011-02-01,61.0,Virgin Islands National Park
2011-03-01,47.0,Virgin Islands National Park
2011-04-01,37.0,Virgin Islands National Park
2011-05-01,32.0,Virgin Islands National Park
2011-06-01,25.0,Virgin Islands National Park
2011-07-01,32.0,Virgin Islands National Park
2011-08-01,26.0,Virgin Islands National Park
2011-09-01,14.0,Virgin Islands National Park
2011-10-01,32.0,Virgin Islands National Park
2011-11-01,40.0,Virgin Islands National Park
2011-12-01,32.0,Virgin Islands National Park
2012-01-01,43.0,Virgin Islands National Park
2012-02-01,40.0,Virgin Islands National Park
2012-03-01,38.0,Virgin Islands National Park
2012-04-01,45.0,Virgin Islands National Park
2012-05-01,43.0,Virgin Islands National Park
2012-06-01,35.0,Virgin Islands National Park
2012-07-01,35.0,Virgin Islands National Park
2012-08-01,26.0,Virgin Islands National Park
2012-09-01,27.0,Virgin Islands National Park
2012-10-01,22.0,Virgin Islands National Park
2012-11-01,35.0,Virgin Islands National Park
2012-12-01,29.0,Virgin Islands National Park
2013-01-01,43.0,Virgin Islands National Park
2013-02-01,38.0,Virgin Islands National Park
2013-03-01,46.0,Virgin Islands National Park
2013-04-01,40.0,Virgin Islands National Park
2013-05-01,39.0,Virgin Islands National Park
2013-06-01,37.0,Virgin Islands National Park
2013-07-01,16.0,Virgin Islands National Park
2013-08-01,28.0,Virgin Islands National Park
2013-09-01,28.0,Virgin Islands National Park
2013-10-01,30.0,Virgin Islands National Park
2013-11-01,24.0,Virgin Islands National Park
2013-12-01,31.0,Virgin Islands National Park
2014-01-01,46.0,Virgin Islands National Park
2014-02-01,40.0,Virgin Islands National Park
2014-03-01,27.0,Virgin Islands National Park
2014-04-01,34.0,Virgin Islands National Park
2014-05-01,36.0,Virgin Islands National Park
2014-06-01,35.0,Virgin Islands National Park
2014-07-01,33.0,Virgin Islands National Park
2014-08-01,29.0,Virgin Islands National Park
2014-09-01,28.0,Virgin Islands National Park
2014-10-01,31.0,Virgin Islands National Park
2014-11-01,29.0,Virgin Islands National Park
2014-12-01,29.0,Virgin Islands National Park
2015-01-01,41.0,Virgin Islands National Park
2015-02-01,33.0,Virgin Islands National Park
2015-03-01,45.0,Virgin Islands National Park
2015-04-01,47.0,Virgin Islands National Park
2015-05-01,48.0,Virgin Islands National Park
2015-06-01,33.0,Virgin Islands National Park
2015-07-01,26.0,Virgin Islands National Park
2015-08-01,34.0,Virgin Islands National Park
2015-09-01,34.0,Virgin Islands National Park
2015-10-01,28.0,Virgin Islands National Park
2015-11-01,35.0,Virgin Islands National Park
2015-12-01,39.0,Virgin Islands National Park
2016-01-01,37.0,Virgin Islands National Park
2016-02-01,34.0,Virgin Islands National Park
2016-03-01,31.0,Virgin Islands National Park
2016-04-01,46.0,Virgin Islands National Park
2016-05-01,43.0,Virgin Islands National Park
2016-06-01,30.0,Virgin Islands National Park
2016-07-01,69.0,Virgin Islands National Park
2016-08-01,43.0,Virgin Islands National Park
2016-09-01,44.0,Virgin Islands National Park
2016-10-01,49.0,Virgin Islands National Park
2016-11-01,37.0,Virgin Islands National Park
2016-12-01,51.0,Virgin Islands National Park
2017-01-01,46.0,Virgin Islands National Park
2017-02-01,35.0,Virgin Islands National Park
2017-03-01,35.0,Virgin Islands National Park
2017-04-01,35.0,Virgin Islands National Park
2017-05-01,46.0,Virgin Islands National Park
2017-06-01,41.0,Virgin Islands National Park
2017-07-01,47.0,Virgin Islands National Park
2017-08-01,43.0,Virgin Islands National Park
2017-09-01,47.0,Virgin Islands National Park
2017-10-01,25.0,Virgin Islands National Park
2017-11-01,28.0,Virgin Islands National Park
2017-12-01,28.0,Virgin Islands National Park
2018-01-01,27.0,Virgin Islands National Park
2018-02-01,27.0,Virgin Islands National Park
2018-03-01,19.0,Virgin Islands National Park
2018-04-01,43.0,Virgin Islands National Park
2018-05-01,35.0,Virgin Islands National Park
2018-06-01,25.0,Virgin Islands National Park
2018-07-01,25.0,Virgin Islands National Park
2018-08-01,24.0,Virgin Islands National Park
2018-09-01,26.0,Virgin Islands National Park
2018-10-01,28.0,Virgin Islands National Park
2018-11-01,26.0,Virgin Islands National Park
2018-12-01,41.0,Virgin Islands National Park
2019-01-01,44.0,Virgin Islands National Park
2019-02-01,40.0,Virgin Islands National Park
2019-03-01,41.0,Virgin Islands National Park
2019-04-01,36.0,Virgin Islands National Park
2019-05-01,41.0,Virgin Islands National Park
2019-06-01,26.0,Virgin Islands National Park
2019-07-01,34.0,Virgin Islands National Park
2019-08-01,32.0,Virgin Islands National Park
2019-09-01,29.0,Virgin Islands National Park
2019-10-01,35.0,Virgin Islands National Park
2019-11-01,30.0,Virgin Islands National Park
2019-12-01,36.0,Virgin Islands National Park
2020-01-01,44.0,Virgin Islands National Park
2020-02-01,37.0,Virgin Islands National Park
2020-03-01,22.0,Virgin Islands National Park
2020-04-01,32.0,Virgin Islands National Park
2020-05-01,29.0,Virgin Islands National Park
2020-06-01,32.0,Virgin Islands National Park
2020-07-01,33.0,Virgin Islands National Park
2020-08-01,26.0,Virgin Islands National Park
2020-09-01,23.0,Virgin Islands National Park
2020-10-01,24.0,Virgin Islands National Park
2020-11-01,27.0,Virgin Islands National Park
2020-12-01,27.0,Virgin Islands National Park
2021-01-01,32.0,Virgin Islands National Park
2021-02-01,35.0,Virgin Islands National Park
2021-03-01,42.0,Virgin Islands National Park
2021-04-01,44.0,Virgin Islands National Park
2021-05-01,41.0,Virgin Islands National Park
2021-06-01,52.0,Virgin Islands National Park
2021-07-01,40.0,Virgin Islands National Park
2021-08-01,39.0,Virgin Islands National Park
2021-09-01,30.0,Virgin Islands National Park
2021-10-01,35.0,Virgin Islands National Park
2021-11-01,36.0,Virgin Islands National Park
2021-12-01,46.0,Virgin Islands National Park
2022-01-01,65.0,Virgin Islands National Park
2022-02-01,58.0,Virgin Islands National Park
2022-03-01,59.0,Virgin Islands National Park
2022-04-01,57.0,Virgin Islands National Park
2022-05-01,65.0,Virgin Islands National Park
2022-06-01,56.0,Virgin Islands National Park
2022-07-01,39.0,Virgin Islands National Park
2022-08-01,44.0,Virgin Islands National Park
2022-09-01,48.0,Virgin Islands National Park
2022-10-01,39.0,Virgin Islands National Park
2022-11-01,51.0,Virgin Islands National Park
2022-12-01,54.0,Virgin Islands National Park
2023-01-01,67.0,Virgin Islands National Park
2023-02-01,61.0,Virgin Islands National Park
2023-03-01,65.0,Virgin Islands National Park
2023-04-01,45.0,Virgin Islands National Park
2023-05-01,77.0,Virgin Islands National Park
2023-06-01,54.0,Virgin Islands National Park
2023-07-01,59.0,Virgin Islands National Park
2023-08-01,45.0,Virgin Islands National Park
2023-09-01,45.0,Virgin Islands National Park
2023-10-01,47.0,Virgin Islands National Park
2023-11-01,56.0,Virgin Islands National Park
2023-12-01,71.0,Virgin Islands National Park
2024-01-01,83.0,Virgin Islands National Park
2024-02-01,64.0,Virgin Islands National Park
2024-03-01,67.0,Virgin Islands National Park
2024-04-01,58.0,Virgin Islands National Park
2024-05-01,77.0,Virgin Islands National Park
2024-06-01,60.0,Virgin Islands National Park
2024-07-01,58.0,Virgin Islands National Park
2024-08-01,52.0,Virgin Islands National Park
2024-09-01,61.0,Virgin Islands National Park
2024-10-01,71.0,Virgin Islands National Park
2024-11-01,60.0,Virgin Islands National Park
2024-12-01,74.0,Virgin Islands National Park
2025-01-01,92.0,Virgin Islands National Park
2025-02-01,78.0,Virgin Islands National Park
2025-03-01,74.0,Virgin Islands National Park
2025-04-01,76.0,Virgin Islands National Park
2025-05-01,100.0,Virgin Islands National Park
2025-06-01,55.0,Virgin Islands National Park
2025-07-01,62.0,Virgin Islands National Park
2025-08-01,52.0,Virgin Islands National Park
2025-09-01,57.0,Virgin Islands National Park
2025-10-01,56.0,Virgin Islands National Park
2025-11-01,65.0,Virgin Islands National Park
2025-12-01,71.0,Virgin Islands National Park
2010-01-01,13.0,Voyageurs National Park
2010-02-01,18.0,Voyageurs National Park
2010-03-01,16.0,Voyageurs National Park
2010-04-01,16.0,Voyageurs National Park
2010-05-01,22.0,Voyageurs National Park
2010-06-01,29.0,Voyageurs National Park
2010-07-01,26.0,Voyageurs National Park
2010-08-01,17.0,Voyageurs National Park
2010-09-01,19.0,Voyageurs National Park
2010-10-01,11.0,Voyageurs National Park
2010-11-01,12.0,Voyageurs National Park
2010-12-01,13.0,Voyageurs National Park
2011-01-01,13.0,Voyageurs National Park
2011-02-01,11.0,Voyageurs National Park
2011-03-01,18.0,Voyageurs National Park
2011-04-01,17.0,Voyageurs National Park
2011-05-01,18.0,Voyageurs National Park
2011-06-01,28.0,Voyageurs National Park
2011-07-01,29.0,Voyageurs National Park
2011-08-01,23.0,Voyageurs National Park
2011-09-01,19.0,Voyageurs National Park
2011-10-01,10.0,Voyageurs National Park
2011-11-01,12.0,Voyageurs National Park
2011-12-01,9.0,Voyageurs National Park
2012-01-01,13.0,Voyageurs National Park
2012-02-01,13.0,Voyageurs National Park
2012-03-01,18.0,Voyageurs National Park
2012-04-01,13.0,Voyageurs National Park
2012-05-01,21.0,Voyageurs National Park
2012-06-01,22.0,Voyageurs National Park
2012-07-01,24.0,Voyageurs National Park
2012-08-01,19.0,Voyageurs National Park
2012-09-01,16.0,Voyageurs National Park
2012-10-01,9.0,Voyageurs National Park
2012-11-01,9.0,Voyageurs National Park
2012-12-01,8.0,Voyageurs National Park
2013-01-01,14.0,Voyageurs National Park
2013-02-01,12.0,Voyageurs National Park
2013-03-01,15.0,Voyageurs National Park
2013-04-01,14.0,Voyageurs National Park
2013-05-01,20.0,Voyageurs National Park
2013-06-01,26.0,Voyageurs National Park
2013-07-01,25.0,Voyageurs National Park
2013-08-01,22.0,Voyageurs National Park
2013-09-01,13.0,Voyageurs National Park
2013-10-01,7.0,Voyageurs National Park
2013-11-01,6.0,Voyageurs National Park
2013-12-01,10.0,Voyageurs National Park
2014-01-01,12.0,Voyageurs National Park
2014-02-01,11.0,Voyageurs National Park
2014-03-01,11.0,Voyageurs National Park
2014-04-01,15.0,Voyageurs National Park
2014-05-01,20.0,Voyageurs National Park
2014-06-01,25.0,Voyageurs National Park
2014-07-01,29.0,Voyageurs National Park
2014-08-01,24.0,Voyageurs National Park
2014-09-01,14.0,Voyageurs National Park
2014-10-01,9.0,Voyageurs National Park
2014-11-01,11.0,Voyageurs National Park
2014-12-01,11.0,Voyageurs National Park
2015-01-01,13.0,Voyageurs National Park
2015-02-01,14.0,Voyageurs National Park
2015-03-01,16.0,Voyageurs National Park
2015-04-01,21.0,Voyageurs National Park
2015-05-01,26.0,Voyageurs National Park
2015-06-01,25.0,Voyageurs National Park
2015-07-01,29.0,Voyageurs National Park
2015-08-01,24.0,Voyageurs National Park
2015-09-01,15.0,Voyageurs National Park
2015-10-01,11.0,Voyageurs National Park
2015-11-01,11.0,Voyageurs National Park
2015-12-01,11.0,Voyageurs National Park
2016-01-01,15.0,Voyageurs National Park
2016-02-01,13.0,Voyageurs National Park
2016-03-01,14.0,Voyageurs National Park
2016-04-01,21.0,Voyageurs National Park
2016-05-01,25.0,Voyageurs National Park
2016-06-01,27.0,Voyageurs National Park
2016-07-01,30.0,Voyageurs National Park
2016-08-01,32.0,Voyageurs National Park
2016-09-01,20.0,Voyageurs National Park
2016-10-01,11.0,Voyageurs National Park
2016-11-01,12.0,Voyageurs National Park
2016-12-01,11.0,Voyageurs National Park
2017-01-01,16.0,Voyageurs National Park
2017-02-01,18.0,Voyageurs National Park
2017-03-01,18.0,Voyageurs National Park
2017-04-01,20.0,Voyageurs National Park
2017-05-01,25.0,Voyageurs National Park
2017-06-01,32.0,Voyageurs National Park
2017-07-01,36.0,Voyageurs National Park
2017-08-01,26.0,Voyageurs National Park
2017-09-01,15.0,Voyageurs National Park
2017-10-01,14.0,Voyageurs National Park
2017-11-01,13.0,Voyageurs National Park
2017-12-01,13.0,Voyageurs National Park
2018-01-01,19.0,Voyageurs National Park
2018-02-01,16.0,Voyageurs National Park
2018-03-01,19.0,Voyageurs National Park
2018-04-01,24.0,Voyageurs National Park
2018-05-01,34.0,Voyageurs National Park
2018-06-01,38.0,Voyageurs National Park
2018-07-01,39.0,Voyageurs National Park
2018-08-01,28.0,Voyageurs National Park
2018-09-01,20.0,Voyageurs National Park
2018-10-01,14.0,Voyageurs National Park
2018-11-01,13.0,Voyageurs National Park
2018-12-01,28.0,Voyageurs National Park
2019-01-01,22.0,Voyageurs National Park
2019-02-01,21.0,Voyageurs National Park
2019-03-01,23.0,Voyageurs National Park
2019-04-01,25.0,Voyageurs National Park
2019-05-01,29.0,Voyageurs National Park
2019-06-01,41.0,Voyageurs National Park
2019-07-01,46.0,Voyageurs National Park
2019-08-01,40.0,Voyageurs National Park
2019-09-01,26.0,Voyageurs National Park
2019-10-01,16.0,Voyageurs National Park
2019-11-01,15.0,Voyageurs National Park
2019-12-01,18.0,Voyageurs National Park
2020-01-01,22.0,Voyageurs National Park
2020-02-01,24.0,Voyageurs National Park
2020-03-01,21.0,Voyageurs National Park
2020-04-01,21.0,Voyageurs National Park
2020-05-01,45.0,Voyageurs National Park
2020-06-01,56.0,Voyageurs National Park
2020-07-01,61.0,Voyageurs National Park
2020-08-01,48.0,Voyageurs National Park
2020-09-01,35.0,Voyageurs National Park
2020-10-01,18.0,Voyageurs National Park
2020-11-01,17.0,Voyageurs National Park
2020-12-01,22.0,Voyageurs National Park
2021-01-01,28.0,Voyageurs National Park
2021-02-01,27.0,Voyageurs National Park
2021-03-01,27.0,Voyageurs National Park
2021-04-01,35.0,Voyageurs National Park
2021-05-01,41.0,Voyageurs National Park
2021-06-01,62.0,Voyageurs National Park
2021-07-01,66.0,Voyageurs National Park
2021-08-01,58.0,Voyageurs National Park
2021-09-01,35.0,Voyageurs National Park
2021-10-01,22.0,Voyageurs National Park
2021-11-01,23.0,Voyageurs National Park
2021-12-01,34.0,Voyageurs National Park
2022-01-01,33.0,Voyageurs National Park
2022-02-01,38.0,Voyageurs National Park
2022-03-01,35.0,Voyageurs National Park
2022-04-01,41.0,Voyageurs National Park
2022-05-01,50.0,Voyageurs National Park
2022-06-01,54.0,Voyageurs National Park
2022-07-01,67.0,Voyageurs National Park
2022-08-01,55.0,Voyageurs National Park
2022-09-01,38.0,Voyageurs National Park
2022-10-01,25.0,Voyageurs National Park
2022-11-01,22.0,Voyageurs National Park
2022-12-01,24.0,Voyageurs National Park
2023-01-01,34.0,Voyageurs National Park
2023-02-01,34.0,Voyageurs National Park
2023-03-01,34.0,Voyageurs National Park
2023-04-01,35.0,Voyageurs National Park
2023-05-01,59.0,Voyageurs National Park
2023-06-01,100.0,Voyageurs National Park
2023-07-01,75.0,Voyageurs National Park
2023-08-01,58.0,Voyageurs National Park
2023-09-01,43.0,Voyageurs National Park
2023-10-01,37.0,Voyageurs National Park
2023-11-01,36.0,Voyageurs National Park
2023-12-01,28.0,Voyageurs National Park
2024-01-01,47.0,Voyageurs National Park
2024-02-01,41.0,Voyageurs National Park
2024-03-01,45.0,Voyageurs National Park
2024-04-01,53.0,Voyageurs National Park
2024-05-01,61.0,Voyageurs National Park
2024-06-01,64.0,Voyageurs National Park
2024-07-01,76.0,Voyageurs National Park
2024-08-01,55.0,Voyageurs National Park
2024-09-01,47.0,Voyageurs National Park
2024-10-01,49.0,Voyageurs National Park
2024-11-01,30.0,Voyageurs National Park
2024-12-01,30.0,Voyageurs National Park
2025-01-01,38.0,Voyageurs National Park
2025-02-01,37.0,Voyageurs National Park
2025-03-01,41.0,Voyageurs National Park
2025-04-01,49.0,Voyageurs National Park
2025-05-01,55.0,Voyageurs National Park
2025-06-01,62.0,Voyageurs National Park
2025-07-01,74.0,Voyageurs National Park
2025-08-01,60.0,Voyageurs National Park
2025-09-01,37.0,Voyageurs National Park
2025-10-01,31.0,Voyageurs National Park
2025-11-01,28.0,Voyageurs National Park
2025-12-01,24.0,Voyageurs National Park
2010-01-01,4.0,White Sands National Park
2010-02-01,6.0,White Sands National Park
2010-03-01,5.0,White Sands National Park
2010-04-01,6.0,White Sands National Park
2010-05-01,11.0,White Sands National Park
2010-06-01,9.0,White Sands National Park
2010-07-01,6.0,White Sands National Park
2010-08-01,4.0,White Sands National Park
2010-09-01,3.0,White Sands National Park
2010-10-01,3.0,White Sands National Park
2010-11-01,0.0,White Sands National Park
2010-12-01,3.0,White Sands National Park
2011-01-01,4.0,White Sands National Park
2011-02-01,3.0,White Sands National Park
2011-03-01,6.0,White Sands National Park
2011-04-01,5.0,White Sands National Park
2011-05-01,6.0,White Sands National Park
2011-06-01,5.0,White Sands National Park
2011-07-01,3.0,White Sands National Park
2011-08-01,5.0,White Sands National Park
2011-09-01,3.0,White Sands National Park
2011-10-01,3.0,White Sands National Park
2011-11-01,4.0,White Sands National Park
2011-12-01,2.0,White Sands National Park
2012-01-01,4.0,White Sands National Park
2012-02-01,4.0,White Sands National Park
2012-03-01,5.0,White Sands National Park
2012-04-01,4.0,White Sands National Park
2012-05-01,6.0,White Sands National Park
2012-06-01,6.0,White Sands National Park
2012-07-01,5.0,White Sands National Park
2012-08-01,6.0,White Sands National Park
2012-09-01,4.0,White Sands National Park
2012-10-01,4.0,White Sands National Park
2012-11-01,3.0,White Sands National Park
2012-12-01,3.0,White Sands National Park
2013-01-01,3.0,White Sands National Park
2013-02-01,5.0,White Sands National Park
2013-03-01,5.0,White Sands National Park
2013-04-01,4.0,White Sands National Park
2013-05-01,7.0,White Sands National Park
2013-06-01,7.0,White Sands National Park
2013-07-01,5.0,White Sands National Park
2013-08-01,4.0,White Sands National Park
2013-09-01,4.0,White Sands National Park
2013-10-01,5.0,White Sands National Park
2013-11-01,3.0,White Sands National Park
2013-12-01,5.0,White Sands National Park
2014-01-01,3.0,White Sands National Park
2014-02-01,5.0,White Sands National Park
2014-03-01,5.0,White Sands National Park
2014-04-01,5.0,White Sands National Park
2014-05-01,6.0,White Sands National Park
2014-06-01,4.0,White Sands National Park
2014-07-01,4.0,White Sands National Park
2014-08-01,6.0,White Sands National Park
2014-09-01,4.0,White Sands National Park
2014-10-01,4.0,White Sands National Park
2014-11-01,4.0,White Sands National Park
2014-12-01,6.0,White Sands National Park
2015-01-01,6.0,White Sands National Park
2015-02-01,5.0,White Sands National Park
2015-03-01,7.0,White Sands National Park
2015-04-01,7.0,White Sands National Park
2015-05-01,7.0,White Sands National Park
2015-06-01,7.0,White Sands National Park
2015-07-01,8.0,White Sands National Park
2015-08-01,10.0,White Sands National Park
2015-09-01,5.0,White Sands National Park
2015-10-01,6.0,White Sands National Park
2015-11-01,5.0,White Sands National Park
2015-12-01,6.0,White Sands National Park
2016-01-01,4.0,White Sands National Park
2016-02-01,8.0,White Sands National Park
2016-03-01,8.0,White Sands National Park
2016-04-01,7.0,White Sands National Park
2016-05-01,31.0,White Sands National Park
2016-06-01,7.0,White Sands National Park
2016-07-01,7.0,White Sands National Park
2016-08-01,6.0,White Sands National Park
2016-09-01,6.0,White Sands National Park
2016-10-01,8.0,White Sands National Park
2016-11-01,6.0,White Sands National Park
2016-12-01,6.0,White Sands National Park
2017-01-01,8.0,White Sands National Park
2017-02-01,11.0,White Sands National Park
2017-03-01,14.0,White Sands National Park
2017-04-01,10.0,White Sands National Park
2017-05-01,10.0,White Sands National Park
2017-06-01,9.0,White Sands National Park
2017-07-01,13.0,White Sands National Park
2017-08-01,11.0,White Sands National Park
2017-09-01,7.0,White Sands National Park
2017-10-01,6.0,White Sands National Park
2017-11-01,6.0,White Sands National Park
2017-12-01,9.0,White Sands National Park
2018-01-01,8.0,White Sands National Park
2018-02-01,8.0,White Sands National Park
2018-03-01,11.0,White Sands National Park
2018-04-01,8.0,White Sands National Park
2018-05-01,9.0,White Sands National Park
2018-06-01,9.0,White Sands National Park
2018-07-01,9.0,White Sands National Park
2018-08-01,8.0,White Sands National Park
2018-09-01,7.0,White Sands National Park
2018-10-01,8.0,White Sands National Park
2018-11-01,6.0,White Sands National Park
2018-12-01,10.0,White Sands National Park
2019-01-01,9.0,White Sands National Park
2019-02-01,8.0,White Sands National Park
2019-03-01,10.0,White Sands National Park
2019-04-01,10.0,White Sands National Park
2019-05-01,12.0,White Sands National Park
2019-06-01,11.0,White Sands National Park
2019-07-01,10.0,White Sands National Park
2019-08-01,7.0,White Sands National Park
2019-09-01,8.0,White Sands National Park
2019-10-01,8.0,White Sands National Park
2019-11-01,8.0,White Sands National Park
2019-12-01,56.0,White Sands National Park
2020-01-01,46.0,White Sands National Park
2020-02-01,40.0,White Sands National Park
2020-03-01,42.0,White Sands National Park
2020-04-01,25.0,White Sands National Park
2020-05-01,39.0,White Sands National Park
2020-06-01,48.0,White Sands National Park
2020-07-01,50.0,White Sands National Park
2020-08-01,51.0,White Sands National Park
2020-09-01,52.0,White Sands National Park
2020-10-01,59.0,White Sands National Park
2020-11-01,54.0,White Sands National Park
2020-12-01,55.0,White Sands National Park
2021-01-01,67.0,White Sands National Park
2021-02-01,57.0,White Sands National Park
2021-03-01,84.0,White Sands National Park
2021-04-01,88.0,White Sands National Park
2021-05-01,80.0,White Sands National Park
2021-06-01,71.0,White Sands National Park
2021-07-01,75.0,White Sands National Park
2021-08-01,58.0,White Sands National Park
2021-09-01,65.0,White Sands National Park
2021-10-01,62.0,White Sands National Park
2021-11-01,60.0,White Sands National Park
2021-12-01,73.0,White Sands National Park
2022-01-01,90.0,White Sands National Park
2022-02-01,80.0,White Sands National Park
2022-03-01,99.0,White Sands National Park
2022-04-01,81.0,White Sands National Park
2022-05-01,81.0,White Sands National Park
2022-06-01,70.0,White Sands National Park
2022-07-01,69.0,White Sands National Park
2022-08-01,66.0,White Sands National Park
2022-09-01,59.0,White Sands National Park
2022-10-01,65.0,White Sands National Park
2022-11-01,58.0,White Sands National Park
2022-12-01,61.0,White Sands National Park
2023-01-01,79.0,White Sands National Park
2023-02-01,73.0,White Sands National Park
2023-03-01,85.0,White Sands National Park
2023-04-01,75.0,White Sands National Park
2023-05-01,71.0,White Sands National Park
2023-06-01,83.0,White Sands National Park
2023-07-01,83.0,White Sands National Park
2023-08-01,55.0,White Sands National Park
2023-09-01,65.0,White Sands National Park
2023-10-01,75.0,White Sands National Park
2023-11-01,69.0,White Sands National Park
2023-12-01,73.0,White Sands National Park
2024-01-01,76.0,White Sands National Park
2024-02-01,76.0,White Sands National Park
2024-03-01,100.0,White Sands National Park
2024-04-01,85.0,White Sands National Park
2024-05-01,82.0,White Sands National Park
2024-06-01,77.0,White Sands National Park
2024-07-01,70.0,White Sands National Park
2024-08-01,60.0,White Sands National Park
2024-09-01,68.0,White Sands National Park
2024-10-01,72.0,White Sands National Park
2024-11-01,71.0,White Sands National Park
2024-12-01,80.0,White Sands National Park
2025-01-01,75.0,White Sands National Park
2025-02-01,81.0,White Sands National Park
2025-03-01,92.0,White Sands National Park
2025-04-01,63.0,White Sands National Park
2025-05-01,79.0,White Sands National Park
2025-06-01,73.0,White Sands National Park
2025-07-01,62.0,White Sands National Park
2025-08-01,57.0,White Sands National Park
2025-09-01,57.0,White Sands National Park
2025-10-01,64.0,White Sands National Park
2025-11-01,71.0,White Sands National Park
2025-12-01,90.0,White Sands National Park
2010-01-01,26.0,Wind Cave National Park
2010-02-01,22.0,Wind Cave National Park
2010-03-01,27.0,Wind Cave National Park
2010-04-01,36.0,Wind Cave National Park
2010-05-01,50.0,Wind Cave National Park
2010-06-01,50.0,Wind Cave National Park
2010-07-01,52.0,Wind Cave National Park
2010-08-01,33.0,Wind Cave National Park
2010-09-01,30.0,Wind Cave National Park
2010-10-01,18.0,Wind Cave National Park
2010-11-01,16.0,Wind Cave National Park
2010-12-01,17.0,Wind Cave National Park
2011-01-01,20.0,Wind Cave National Park
2011-02-01,16.0,Wind Cave National Park
2011-03-01,23.0,Wind Cave National Park
2011-04-01,24.0,Wind Cave National Park
2011-05-01,37.0,Wind Cave National Park
2011-06-01,43.0,Wind Cave National Park
2011-07-01,40.0,Wind Cave National Park
2011-08-01,28.0,Wind Cave National Park
2011-09-01,22.0,Wind Cave National Park
2011-10-01,12.0,Wind Cave National Park
2011-11-01,12.0,Wind Cave National Park
2011-12-01,13.0,Wind Cave National Park
2012-01-01,16.0,Wind Cave National Park
2012-02-01,16.0,Wind Cave National Park
2012-03-01,20.0,Wind Cave National Park
2012-04-01,30.0,Wind Cave National Park
2012-05-01,34.0,Wind Cave National Park
2012-06-01,41.0,Wind Cave National Park
2012-07-01,45.0,Wind Cave National Park
2012-08-01,37.0,Wind Cave National Park
2012-09-01,27.0,Wind Cave National Park
2012-10-01,13.0,Wind Cave National Park
2012-11-01,11.0,Wind Cave National Park
2012-12-01,12.0,Wind Cave National Park
2013-01-01,17.0,Wind Cave National Park
2013-02-01,20.0,Wind Cave National Park
2013-03-01,19.0,Wind Cave National Park
2013-04-01,25.0,Wind Cave National Park
2013-05-01,39.0,Wind Cave National Park
2013-06-01,50.0,Wind Cave National Park
2013-07-01,51.0,Wind Cave National Park
2013-08-01,36.0,Wind Cave National Park
2013-09-01,65.0,Wind Cave National Park
2013-10-01,15.0,Wind Cave National Park
2013-11-01,12.0,Wind Cave National Park
2013-12-01,13.0,Wind Cave National Park
2014-01-01,18.0,Wind Cave National Park
2014-02-01,21.0,Wind Cave National Park
2014-03-01,20.0,Wind Cave National Park
2014-04-01,27.0,Wind Cave National Park
2014-05-01,34.0,Wind Cave National Park
2014-06-01,47.0,Wind Cave National Park
2014-07-01,56.0,Wind Cave National Park
2014-08-01,38.0,Wind Cave National Park
2014-09-01,29.0,Wind Cave National Park
2014-10-01,16.0,Wind Cave National Park
2014-11-01,10.0,Wind Cave National Park
2014-12-01,12.0,Wind Cave National Park
2015-01-01,19.0,Wind Cave National Park
2015-02-01,20.0,Wind Cave National Park
2015-03-01,21.0,Wind Cave National Park
2015-04-01,35.0,Wind Cave National Park
2015-05-01,42.0,Wind Cave National Park
2015-06-01,53.0,Wind Cave National Park
2015-07-01,53.0,Wind Cave National Park
2015-08-01,45.0,Wind Cave National Park
2015-09-01,24.0,Wind Cave National Park
2015-10-01,22.0,Wind Cave National Park
2015-11-01,14.0,Wind Cave National Park
2015-12-01,14.0,Wind Cave National Park
2016-01-01,13.0,Wind Cave National Park
2016-02-01,17.0,Wind Cave National Park
2016-03-01,25.0,Wind Cave National Park
2016-04-01,28.0,Wind Cave National Park
2016-05-01,41.0,Wind Cave National Park
2016-06-01,48.0,Wind Cave National Park
2016-07-01,50.0,Wind Cave National Park
2016-08-01,41.0,Wind Cave National Park
2016-09-01,32.0,Wind Cave National Park
2016-10-01,18.0,Wind Cave National Park
2016-11-01,16.0,Wind Cave National Park
2016-12-01,13.0,Wind Cave National Park
2017-01-01,16.0,Wind Cave National Park
2017-02-01,26.0,Wind Cave National Park
2017-03-01,26.0,Wind Cave National Park
2017-04-01,29.0,Wind Cave National Park
2017-05-01,42.0,Wind Cave National Park
2017-06-01,49.0,Wind Cave National Park
2017-07-01,53.0,Wind Cave National Park
2017-08-01,39.0,Wind Cave National Park
2017-09-01,30.0,Wind Cave National Park
2017-10-01,19.0,Wind Cave National Park
2017-11-01,17.0,Wind Cave National Park
2017-12-01,18.0,Wind Cave National Park
2018-01-01,20.0,Wind Cave National Park
2018-02-01,24.0,Wind Cave National Park
2018-03-01,31.0,Wind Cave National Park
2018-04-01,35.0,Wind Cave National Park
2018-05-01,48.0,Wind Cave National Park
2018-06-01,61.0,Wind Cave National Park
2018-07-01,67.0,Wind Cave National Park
2018-08-01,41.0,Wind Cave National Park
2018-09-01,34.0,Wind Cave National Park
2018-10-01,23.0,Wind Cave National Park
2018-11-01,16.0,Wind Cave National Park
2018-12-01,18.0,Wind Cave National Park
2019-01-01,23.0,Wind Cave National Park
2019-02-01,24.0,Wind Cave National Park
2019-03-01,27.0,Wind Cave National Park
2019-04-01,36.0,Wind Cave National Park
2019-05-01,56.0,Wind Cave National Park
2019-06-01,77.0,Wind Cave National Park
2019-07-01,67.0,Wind Cave National Park
2019-08-01,60.0,Wind Cave National Park
2019-09-01,37.0,Wind Cave National Park
2019-10-01,21.0,Wind Cave National Park
2019-11-01,18.0,Wind Cave National Park
2019-12-01,21.0,Wind Cave National Park
2020-01-01,25.0,Wind Cave National Park
2020-02-01,27.0,Wind Cave National Park
2020-03-01,20.0,Wind Cave National Park
2020-04-01,20.0,Wind Cave National Park
2020-05-01,45.0,Wind Cave National Park
2020-06-01,69.0,Wind Cave National Park
2020-07-01,76.0,Wind Cave National Park
2020-08-01,56.0,Wind Cave National Park
2020-09-01,47.0,Wind Cave National Park
2020-10-01,26.0,Wind Cave National Park
2020-11-01,14.0,Wind Cave National Park
2020-12-01,15.0,Wind Cave National Park
2021-01-01,24.0,Wind Cave National Park
2021-02-01,21.0,Wind Cave National Park
2021-03-01,32.0,Wind Cave National Park
2021-04-01,49.0,Wind Cave National Park
2021-05-01,71.0,Wind Cave National Park
2021-06-01,98.0,Wind Cave National Park
2021-07-01,89.0,Wind Cave National Park
2021-08-01,60.0,Wind Cave National Park
2021-09-01,53.0,Wind Cave National Park
2021-10-01,31.0,Wind Cave National Park
2021-11-01,17.0,Wind Cave National Park
2021-12-01,14.0,Wind Cave National Park
2022-01-01,31.0,Wind Cave National Park
2022-02-01,34.0,Wind Cave National Park
2022-03-01,42.0,Wind Cave National Park
2022-04-01,48.0,Wind Cave National Park
2022-05-01,72.0,Wind Cave National Park
2022-06-01,86.0,Wind Cave National Park
2022-07-01,77.0,Wind Cave National Park
2022-08-01,65.0,Wind Cave National Park
2022-09-01,52.0,Wind Cave National Park
2022-10-01,36.0,Wind Cave National Park
2022-11-01,22.0,Wind Cave National Park
2022-12-01,22.0,Wind Cave National Park
2023-01-01,32.0,Wind Cave National Park
2023-02-01,30.0,Wind Cave National Park
2023-03-01,40.0,Wind Cave National Park
2023-04-01,48.0,Wind Cave National Park
2023-05-01,77.0,Wind Cave National Park
2023-06-01,100.0,Wind Cave National Park
2023-07-01,98.0,Wind Cave National Park
2023-08-01,62.0,Wind Cave National Park
2023-09-01,50.0,Wind Cave National Park
2023-10-01,38.0,Wind Cave National Park
2023-11-01,28.0,Wind Cave National Park
2023-12-01,28.0,Wind Cave National Park
2024-01-01,36.0,Wind Cave National Park
2024-02-01,36.0,Wind Cave National Park
2024-03-01,45.0,Wind Cave National Park
2024-04-01,53.0,Wind Cave National Park
2024-05-01,71.0,Wind Cave National Park
2024-06-01,71.0,Wind Cave National Park
2024-07-01,68.0,Wind Cave National Park
2024-08-01,57.0,Wind Cave National Park
2024-09-01,45.0,Wind Cave National Park
2024-10-01,35.0,Wind Cave National Park
2024-11-01,26.0,Wind Cave National Park
2024-12-01,28.0,Wind Cave National Park
2025-01-01,33.0,Wind Cave National Park
2025-02-01,36.0,Wind Cave National Park
2025-03-01,47.0,Wind Cave National Park
2025-04-01,48.0,Wind Cave National Park
2025-05-01,77.0,Wind Cave National Park
2025-06-01,81.0,Wind Cave National Park
2025-07-01,85.0,Wind Cave National Park
2025-08-01,65.0,Wind Cave National Park
2025-09-01,52.0,Wind Cave National Park
2025-10-01,34.0,Wind Cave National Park
2025-11-01,26.0,Wind Cave National Park
2025-12-01,27.0,Wind Cave National Park
2010-01-01,0.0,Wrangell St Elias National Park
2010-02-01,0.0,Wrangell St Elias National Park
2010-03-01,0.0,Wrangell St Elias National Park
2010-04-01,0.0,Wrangell St Elias National Park
2010-05-01,0.0,Wrangell St Elias National Park
2010-06-01,0.0,Wrangell St Elias National Park
2010-07-01,0.0,Wrangell St Elias National Park
2010-08-01,0.0,Wrangell St Elias National Park
2010-09-01,0.0,Wrangell St Elias National Park
2010-10-01,0.0,Wrangell St Elias National Park
2010-11-01,0.0,Wrangell St Elias National Park
2010-12-01,0.0,Wrangell St Elias National Park
2011-01-01,0.0,Wrangell St Elias National Park
2011-02-01,0.0,Wrangell St Elias National Park
2011-03-01,0.0,Wrangell St Elias National Park
2011-04-01,0.0,Wrangell St Elias National Park
2011-05-01,39.0,Wrangell St Elias National Park
2011-06-01,0.0,Wrangell St Elias National Park
2011-07-01,0.0,Wrangell St Elias National Park
2011-08-01,0.0,Wrangell St Elias National Park
2011-09-01,0.0,Wrangell St Elias National Park
2011-10-01,0.0,Wrangell St Elias National Park
2011-11-01,0.0,Wrangell St Elias National Park
2011-12-01,0.0,Wrangell St Elias National Park
2012-01-01,0.0,Wrangell St Elias National Park
2012-02-01,0.0,Wrangell St Elias National Park
2012-03-01,0.0,Wrangell St Elias National Park
2012-04-01,30.0,Wrangell St Elias National Park
2012-05-01,25.0,Wrangell St Elias National Park
2012-06-01,30.0,Wrangell St Elias National Park
2012-07-01,27.0,Wrangell St Elias National Park
2012-08-01,0.0,Wrangell St Elias National Park
2012-09-01,0.0,Wrangell St Elias National Park
2012-10-01,0.0,Wrangell St Elias National Park
2012-11-01,0.0,Wrangell St Elias National Park
2012-12-01,35.0,Wrangell St Elias National Park
2013-01-01,24.0,Wrangell St Elias National Park
2013-02-01,0.0,Wrangell St Elias National Park
2013-03-01,0.0,Wrangell St Elias National Park
2013-04-01,0.0,Wrangell St Elias National Park
2013-05-01,22.0,Wrangell St Elias National Park
2013-06-01,40.0,Wrangell St Elias National Park
2013-07-01,28.0,Wrangell St Elias National Park
2013-08-01,32.0,Wrangell St Elias National Park
2013-09-01,0.0,Wrangell St Elias National Park
2013-10-01,22.0,Wrangell St Elias National Park
2013-11-01,42.0,Wrangell St Elias National Park
2013-12-01,0.0,Wrangell St Elias National Park
2014-01-01,0.0,Wrangell St Elias National Park
2014-02-01,35.0,Wrangell St Elias National Park
2014-03-01,21.0,Wrangell St Elias National Park
2014-04-01,0.0,Wrangell St Elias National Park
2014-05-01,25.0,Wrangell St Elias National Park
2014-06-01,33.0,Wrangell St Elias National Park
2014-07-01,29.0,Wrangell St Elias National Park
2014-08-01,30.0,Wrangell St Elias National Park
2014-09-01,0.0,Wrangell St Elias National Park
2014-10-01,28.0,Wrangell St Elias National Park
2014-11-01,0.0,Wrangell St Elias National Park
2014-12-01,0.0,Wrangell St Elias National Park
2015-01-01,0.0,Wrangell St Elias National Park
2015-02-01,39.0,Wrangell St Elias National Park
2015-03-01,40.0,Wrangell St Elias National Park
2015-04-01,35.0,Wrangell St Elias National Park
2015-05-01,48.0,Wrangell St Elias National Park
2015-06-01,0.0,Wrangell St Elias National Park
2015-07-01,25.0,Wrangell St Elias National Park
2015-08-01,28.0,Wrangell St Elias National Park
2015-09-01,39.0,Wrangell St Elias National Park
2015-10-01,32.0,Wrangell St Elias National Park
2015-11-01,0.0,Wrangell St Elias National Park
2015-12-01,0.0,Wrangell St Elias National Park
2016-01-01,18.0,Wrangell St Elias National Park
2016-02-01,24.0,Wrangell St Elias National Park
2016-03-01,35.0,Wrangell St Elias National Park
2016-04-01,39.0,Wrangell St Elias National Park
2016-05-01,31.0,Wrangell St Elias National Park
2016-06-01,39.0,Wrangell St Elias National Park
2016-07-01,54.0,Wrangell St Elias National Park
2016-08-01,43.0,Wrangell St Elias National Park
2016-09-01,39.0,Wrangell St Elias National Park
2016-10-01,29.0,Wrangell St Elias National Park
2016-11-01,31.0,Wrangell St Elias National Park
2016-12-01,32.0,Wrangell St Elias National Park
2017-01-01,29.0,Wrangell St Elias National Park
2017-02-01,26.0,Wrangell St Elias National Park
2017-03-01,23.0,Wrangell St Elias National Park
2017-04-01,23.0,Wrangell St Elias National Park
2017-05-01,26.0,Wrangell St Elias National Park
2017-06-01,83.0,Wrangell St Elias National Park
2017-07-01,42.0,Wrangell St Elias National Park
2017-08-01,34.0,Wrangell St Elias National Park
2017-09-01,32.0,Wrangell St Elias National Park
2017-10-01,34.0,Wrangell St Elias National Park
2017-11-01,36.0,Wrangell St Elias National Park
2017-12-01,0.0,Wrangell St Elias National Park
2018-01-01,34.0,Wrangell St Elias National Park
2018-02-01,39.0,Wrangell St Elias National Park
2018-03-01,37.0,Wrangell St Elias National Park
2018-04-01,37.0,Wrangell St Elias National Park
2018-05-01,40.0,Wrangell St Elias National Park
2018-06-01,69.0,Wrangell St Elias National Park
2018-07-01,51.0,Wrangell St Elias National Park
2018-08-01,32.0,Wrangell St Elias National Park
2018-09-01,24.0,Wrangell St Elias National Park
2018-10-01,65.0,Wrangell St Elias National Park
2018-11-01,41.0,Wrangell St Elias National Park
2018-12-01,24.0,Wrangell St Elias National Park
2019-01-01,42.0,Wrangell St Elias National Park
2019-02-01,52.0,Wrangell St Elias National Park
2019-03-01,40.0,Wrangell St Elias National Park
2019-04-01,36.0,Wrangell St Elias National Park
2019-05-01,39.0,Wrangell St Elias National Park
2019-06-01,36.0,Wrangell St Elias National Park
2019-07-01,59.0,Wrangell St Elias National Park
2019-08-01,48.0,Wrangell St Elias National Park
2019-09-01,33.0,Wrangell St Elias National Park
2019-10-01,33.0,Wrangell St Elias National Park
2019-11-01,0.0,Wrangell St Elias National Park
2019-12-01,48.0,Wrangell St Elias National Park
2020-01-01,36.0,Wrangell St Elias National Park
2020-02-01,23.0,Wrangell St Elias National Park
2020-03-01,27.0,Wrangell St Elias National Park
2020-04-01,32.0,Wrangell St Elias National Park
2020-05-01,36.0,Wrangell St Elias National Park
2020-06-01,35.0,Wrangell St Elias National Park
2020-07-01,39.0,Wrangell St Elias National Park
2020-08-01,35.0,Wrangell St Elias National Park
2020-09-01,61.0,Wrangell St Elias National Park
2020-10-01,28.0,Wrangell St Elias National Park
2020-11-01,0.0,Wrangell St Elias National Park
2020-12-01,24.0,Wrangell St Elias National Park
2021-01-01,17.0,Wrangell St Elias National Park
2021-02-01,30.0,Wrangell St Elias National Park
2021-03-01,33.0,Wrangell St Elias National Park
2021-04-01,33.0,Wrangell St Elias National Park
2021-05-01,37.0,Wrangell St Elias National Park
2021-06-01,57.0,Wrangell St Elias National Park
2021-07-01,55.0,Wrangell St Elias National Park
2021-08-01,61.0,Wrangell St Elias National Park
2021-09-01,31.0,Wrangell St Elias National Park
2021-10-01,16.0,Wrangell St Elias National Park
2021-11-01,16.0,Wrangell St Elias National Park
2021-12-01,36.0,Wrangell St Elias National Park
2022-01-01,43.0,Wrangell St Elias National Park
2022-02-01,34.0,Wrangell St Elias National Park
2022-03-01,51.0,Wrangell St Elias National Park
2022-04-01,58.0,Wrangell St Elias National Park
2022-05-01,70.0,Wrangell St Elias National Park
2022-06-01,64.0,Wrangell St Elias National Park
2022-07-01,73.0,Wrangell St Elias National Park
2022-08-01,60.0,Wrangell St Elias National Park
2022-09-01,65.0,Wrangell St Elias National Park
2022-10-01,33.0,Wrangell St Elias National Park
2022-11-01,42.0,Wrangell St Elias National Park
2022-12-01,47.0,Wrangell St Elias National Park
2023-01-01,45.0,Wrangell St Elias National Park
2023-02-01,38.0,Wrangell St Elias National Park
2023-03-01,52.0,Wrangell St Elias National Park
2023-04-01,53.0,Wrangell St Elias National Park
2023-05-01,73.0,Wrangell St Elias National Park
2023-06-01,54.0,Wrangell St Elias National Park
2023-07-01,71.0,Wrangell St Elias National Park
2023-08-01,70.0,Wrangell St Elias National Park
2023-09-01,51.0,Wrangell St Elias National Park
2023-10-01,42.0,Wrangell St Elias National Park
2023-11-01,31.0,Wrangell St Elias National Park
2023-12-01,44.0,Wrangell St Elias National Park
2024-01-01,58.0,Wrangell St Elias National Park
2024-02-01,47.0,Wrangell St Elias National Park
2024-03-01,57.0,Wrangell St Elias National Park
2024-04-01,60.0,Wrangell St Elias National Park
2024-05-01,57.0,Wrangell St Elias National Park
2024-06-01,61.0,Wrangell St Elias National Park
2024-07-01,74.0,Wrangell St Elias National Park
2024-08-01,56.0,Wrangell St Elias National Park
2024-09-01,35.0,Wrangell St Elias National Park
2024-10-01,32.0,Wrangell St Elias National Park
2024-11-01,44.0,Wrangell St Elias National Park
2024-12-01,49.0,Wrangell St Elias National Park
2025-01-01,47.0,Wrangell St Elias National Park
2025-02-01,74.0,Wrangell St Elias National Park
2025-03-01,65.0,Wrangell St Elias National Park
2025-04-01,52.0,Wrangell St Elias National Park
2025-05-01,83.0,Wrangell St Elias National Park
2025-06-01,70.0,Wrangell St Elias National Park
2025-07-01,100.0,Wrangell St Elias National Park
2025-08-01,74.0,Wrangell St Elias National Park
2025-09-01,63.0,Wrangell St Elias National Park
2025-10-01,38.0,Wrangell St Elias National Park
2025-11-01,42.0,Wrangell St Elias National Park
2025-12-01,52.0,Wrangell St Elias National Park
2010-01-01,21.0,Yellowstone National Park
2010-02-01,20.0,Yellowstone National Park
2010-03-01,23.0,Yellowstone National Park
2010-04-01,23.0,Yellowstone National Park
2010-05-01,32.0,Yellowstone National Park
2010-06-01,37.0,Yellowstone National Park
2010-07-01,36.0,Yellowstone National Park
2010-08-01,26.0,Yellowstone National Park
2010-09-01,17.0,Yellowstone National Park
2010-10-01,16.0,Yellowstone National Park
2010-11-01,13.0,Yellowstone National Park
2010-12-01,13.0,Yellowstone National Park
2011-01-01,24.0,Yellowstone National Park
2011-02-01,17.0,Yellowstone National Park
2011-03-01,18.0,Yellowstone National Park
2011-04-01,22.0,Yellowstone National Park
2011-05-01,28.0,Yellowstone National Park
2011-06-01,31.0,Yellowstone National Park
2011-07-01,36.0,Yellowstone National Park
2011-08-01,23.0,Yellowstone National Park
2011-09-01,18.0,Yellowstone National Park
2011-10-01,13.0,Yellowstone National Park
2011-11-01,12.0,Yellowstone National Park
2011-12-01,14.0,Yellowstone National Park
2012-01-01,20.0,Yellowstone National Park
2012-02-01,19.0,Yellowstone National Park
2012-03-01,20.0,Yellowstone National Park
2012-04-01,23.0,Yellowstone National Park
2012-05-01,28.0,Yellowstone National Park
2012-06-01,34.0,Yellowstone National Park
2012-07-01,30.0,Yellowstone National Park
2012-08-01,25.0,Yellowstone National Park
2012-09-01,20.0,Yellowstone National Park
2012-10-01,14.0,Yellowstone National Park
2012-11-01,11.0,Yellowstone National Park
2012-12-01,17.0,Yellowstone National Park
2013-01-01,19.0,Yellowstone National Park
2013-02-01,18.0,Yellowstone National Park
2013-03-01,18.0,Yellowstone National Park
2013-04-01,21.0,Yellowstone National Park
2013-05-01,28.0,Yellowstone National Park
2013-06-01,32.0,Yellowstone National Park
2013-07-01,31.0,Yellowstone National Park
2013-08-01,26.0,Yellowstone National Park
2013-09-01,19.0,Yellowstone National Park
2013-10-01,16.0,Yellowstone National Park
2013-11-01,12.0,Yellowstone National Park
2013-12-01,14.0,Yellowstone National Park
2014-01-01,18.0,Yellowstone National Park
2014-02-01,19.0,Yellowstone National Park
2014-03-01,18.0,Yellowstone National Park
2014-04-01,32.0,Yellowstone National Park
2014-05-01,23.0,Yellowstone National Park
2014-06-01,24.0,Yellowstone National Park
2014-07-01,32.0,Yellowstone National Park
2014-08-01,28.0,Yellowstone National Park
2014-09-01,18.0,Yellowstone National Park
2014-10-01,13.0,Yellowstone National Park
2014-11-01,11.0,Yellowstone National Park
2014-12-01,13.0,Yellowstone National Park
2015-01-01,18.0,Yellowstone National Park
2015-02-01,19.0,Yellowstone National Park
2015-03-01,21.0,Yellowstone National Park
2015-04-01,25.0,Yellowstone National Park
2015-05-01,25.0,Yellowstone National Park
2015-06-01,24.0,Yellowstone National Park
2015-07-01,26.0,Yellowstone National Park
2015-08-01,22.0,Yellowstone National Park
2015-09-01,18.0,Yellowstone National Park
2015-10-01,14.0,Yellowstone National Park
2015-11-01,10.0,Yellowstone National Park
2015-12-01,12.0,Yellowstone National Park
2016-01-01,15.0,Yellowstone National Park
2016-02-01,16.0,Yellowstone National Park
2016-03-01,16.0,Yellowstone National Park
2016-04-01,18.0,Yellowstone National Park
2016-05-01,23.0,Yellowstone National Park
2016-06-01,24.0,Yellowstone National Park
2016-07-01,21.0,Yellowstone National Park
2016-08-01,18.0,Yellowstone National Park
2016-09-01,14.0,Yellowstone National Park
2016-10-01,11.0,Yellowstone National Park
2016-11-01,10.0,Yellowstone National Park
2016-12-01,10.0,Yellowstone National Park
2017-01-01,14.0,Yellowstone National Park
2017-02-01,15.0,Yellowstone National Park
2017-03-01,14.0,Yellowstone National Park
2017-04-01,16.0,Yellowstone National Park
2017-05-01,22.0,Yellowstone National Park
2017-06-01,26.0,Yellowstone National Park
2017-07-01,29.0,Yellowstone National Park
2017-08-01,18.0,Yellowstone National Park
2017-09-01,17.0,Yellowstone National Park
2017-10-01,17.0,Yellowstone National Park
2017-11-01,12.0,Yellowstone National Park
2017-12-01,11.0,Yellowstone National Park
2018-01-01,14.0,Yellowstone National Park
2018-02-01,16.0,Yellowstone National Park
2018-03-01,18.0,Yellowstone National Park
2018-04-01,18.0,Yellowstone National Park
2018-05-01,21.0,Yellowstone National Park
2018-06-01,25.0,Yellowstone National Park
2018-07-01,36.0,Yellowstone National Park
2018-08-01,24.0,Yellowstone National Park
2018-09-01,15.0,Yellowstone National Park
2018-10-01,12.0,Yellowstone National Park
2018-11-01,10.0,Yellowstone National Park
2018-12-01,11.0,Yellowstone National Park
2019-01-01,14.0,Yellowstone National Park
2019-02-01,13.0,Yellowstone National Park
2019-03-01,15.0,Yellowstone National Park
2019-04-01,16.0,Yellowstone National Park
2019-05-01,23.0,Yellowstone National Park
2019-06-01,31.0,Yellowstone National Park
2019-07-01,32.0,Yellowstone National Park
2019-08-01,23.0,Yellowstone National Park
2019-09-01,19.0,Yellowstone National Park
2019-10-01,12.0,Yellowstone National Park
2019-11-01,10.0,Yellowstone National Park
2019-12-01,11.0,Yellowstone National Park
2020-01-01,15.0,Yellowstone National Park
2020-02-01,15.0,Yellowstone National Park
2020-03-01,14.0,Yellowstone National Park
2020-04-01,13.0,Yellowstone National Park
2020-05-01,22.0,Yellowstone National Park
2020-06-01,36.0,Yellowstone National Park
2020-07-01,36.0,Yellowstone National Park
2020-08-01,33.0,Yellowstone National Park
2020-09-01,29.0,Yellowstone National Park
2020-10-01,20.0,Yellowstone National Park
2020-11-01,12.0,Yellowstone National Park
2020-12-01,13.0,Yellowstone National Park
2021-01-01,18.0,Yellowstone National Park
2021-02-01,18.0,Yellowstone National Park
2021-03-01,21.0,Yellowstone National Park
2021-04-01,26.0,Yellowstone National Park
2021-05-01,35.0,Yellowstone National Park
2021-06-01,40.0,Yellowstone National Park
2021-07-01,36.0,Yellowstone National Park
2021-08-01,28.0,Yellowstone National Park
2021-09-01,27.0,Yellowstone National Park
2021-10-01,17.0,Yellowstone National Park
2021-11-01,15.0,Yellowstone National Park
2021-12-01,15.0,Yellowstone National Park
2022-01-01,23.0,Yellowstone National Park
2022-02-01,23.0,Yellowstone National Park
2022-03-01,23.0,Yellowstone National Park
2022-04-01,25.0,Yellowstone National Park
2022-05-01,32.0,Yellowstone National Park
2022-06-01,100.0,Yellowstone National Park
2022-07-01,30.0,Yellowstone National Park
2022-08-01,25.0,Yellowstone National Park
2022-09-01,22.0,Yellowstone National Park
2022-10-01,15.0,Yellowstone National Park
2022-11-01,17.0,Yellowstone National Park
2022-12-01,19.0,Yellowstone National Park
2023-01-01,24.0,Yellowstone National Park
2023-02-01,19.0,Yellowstone National Park
2023-03-01,19.0,Yellowstone National Park
2023-04-01,22.0,Yellowstone National Park
2023-05-01,29.0,Yellowstone National Park
2023-06-01,35.0,Yellowstone National Park
2023-07-01,31.0,Yellowstone National Park
2023-08-01,24.0,Yellowstone National Park
2023-09-01,21.0,Yellowstone National Park
2023-10-01,15.0,Yellowstone National Park
2023-11-01,13.0,Yellowstone National Park
2023-12-01,14.0,Yellowstone National Park
2024-01-01,20.0,Yellowstone National Park
2024-02-01,17.0,Yellowstone National Park
2024-03-01,18.0,Yellowstone National Park
2024-04-01,21.0,Yellowstone National Park
2024-05-01,29.0,Yellowstone National Park
2024-06-01,30.0,Yellowstone National Park
2024-07-01,36.0,Yellowstone National Park
2024-08-01,23.0,Yellowstone National Park
2024-09-01,19.0,Yellowstone National Park
2024-10-01,15.0,Yellowstone National Park
2024-11-01,13.0,Yellowstone National Park
2024-12-01,14.0,Yellowstone National Park
2025-01-01,16.0,Yellowstone National Park
2025-02-01,16.0,Yellowstone National Park
2025-03-01,19.0,Yellowstone National Park
2025-04-01,20.0,Yellowstone National Park
2025-05-01,25.0,Yellowstone National Park
2025-06-01,27.0,Yellowstone National Park
2025-07-01,37.0,Yellowstone National Park
2025-08-01,23.0,Yellowstone National Park
2025-09-01,19.0,Yellowstone National Park
2025-10-01,16.0,Yellowstone National Park
2025-11-01,13.0,Yellowstone National Park
2025-12-01,13.0,Yellowstone National Park
2010-01-01,48.0,Yosemite National Park
2010-02-01,48.0,Yosemite National Park
2010-03-01,54.0,Yosemite National Park
2010-04-01,59.0,Yosemite National Park
2010-05-01,69.0,Yosemite National Park
2010-06-01,67.0,Yosemite National Park
2010-07-01,65.0,Yosemite National Park
2010-08-01,51.0,Yosemite National Park
2010-09-01,44.0,Yosemite National Park
2010-10-01,46.0,Yosemite National Park
2010-11-01,43.0,Yosemite National Park
2010-12-01,32.0,Yosemite National Park
2011-01-01,44.0,Yosemite National Park
2011-02-01,34.0,Yosemite National Park
2011-03-01,35.0,Yosemite National Park
2011-04-01,34.0,Yosemite National Park
2011-05-01,41.0,Yosemite National Park
2011-06-01,48.0,Yosemite National Park
2011-07-01,51.0,Yosemite National Park
2011-08-01,37.0,Yosemite National Park
2011-09-01,27.0,Yosemite National Park
2011-10-01,24.0,Yosemite National Park
2011-11-01,19.0,Yosemite National Park
2011-12-01,18.0,Yosemite National Park
2012-01-01,24.0,Yosemite National Park
2012-02-01,28.0,Yosemite National Park
2012-03-01,27.0,Yosemite National Park
2012-04-01,30.0,Yosemite National Park
2012-05-01,36.0,Yosemite National Park
2012-06-01,36.0,Yosemite National Park
2012-07-01,34.0,Yosemite National Park
2012-08-01,32.0,Yosemite National Park
2012-09-01,30.0,Yosemite National Park
2012-10-01,18.0,Yosemite National Park
2012-11-01,17.0,Yosemite National Park
2012-12-01,17.0,Yosemite National Park
2013-01-01,21.0,Yosemite National Park
2013-02-01,22.0,Yosemite National Park
2013-03-01,25.0,Yosemite National Park
2013-04-01,26.0,Yosemite National Park
2013-05-01,32.0,Yosemite National Park
2013-06-01,36.0,Yosemite National Park
2013-07-01,32.0,Yosemite National Park
2013-08-01,53.0,Yosemite National Park
2013-09-01,29.0,Yosemite National Park
2013-10-01,100.0,Yosemite National Park
2013-11-01,25.0,Yosemite National Park
2013-12-01,23.0,Yosemite National Park
2014-01-01,30.0,Yosemite National Park
2014-02-01,32.0,Yosemite National Park
2014-03-01,37.0,Yosemite National Park
2014-04-01,48.0,Yosemite National Park
2014-05-01,53.0,Yosemite National Park
2014-06-01,54.0,Yosemite National Park
2014-07-01,58.0,Yosemite National Park
2014-08-01,42.0,Yosemite National Park
2014-09-01,35.0,Yosemite National Park
2014-10-01,30.0,Yosemite National Park
2014-11-01,29.0,Yosemite National Park
2014-12-01,33.0,Yosemite National Park
2015-01-01,39.0,Yosemite National Park
2015-02-01,36.0,Yosemite National Park
2015-03-01,32.0,Yosemite National Park
2015-04-01,31.0,Yosemite National Park
2015-05-01,35.0,Yosemite National Park
2015-06-01,38.0,Yosemite National Park
2015-07-01,40.0,Yosemite National Park
2015-08-01,34.0,Yosemite National Park
2015-09-01,30.0,Yosemite National Park
2015-10-01,24.0,Yosemite National Park
2015-11-01,22.0,Yosemite National Park
2015-12-01,25.0,Yosemite National Park
2016-01-01,27.0,Yosemite National Park
2016-02-01,27.0,Yosemite National Park
2016-03-01,34.0,Yosemite National Park
2016-04-01,42.0,Yosemite National Park
2016-05-01,49.0,Yosemite National Park
2016-06-01,51.0,Yosemite National Park
2016-07-01,45.0,Yosemite National Park
2016-08-01,36.0,Yosemite National Park
2016-09-01,33.0,Yosemite National Park
2016-10-01,26.0,Yosemite National Park
2016-11-01,21.0,Yosemite National Park
2016-12-01,22.0,Yosemite National Park
2017-01-01,31.0,Yosemite National Park
2017-02-01,30.0,Yosemite National Park
2017-03-01,34.0,Yosemite National Park
2017-04-01,41.0,Yosemite National Park
2017-05-01,47.0,Yosemite National Park
2017-06-01,49.0,Yosemite National Park
2017-07-01,47.0,Yosemite National Park
2017-08-01,34.0,Yosemite National Park
2017-09-01,35.0,Yosemite National Park
2017-10-01,24.0,Yosemite National Park
2017-11-01,22.0,Yosemite National Park
2017-12-01,22.0,Yosemite National Park
2018-01-01,29.0,Yosemite National Park
2018-02-01,28.0,Yosemite National Park
2018-03-01,32.0,Yosemite National Park
2018-04-01,40.0,Yosemite National Park
2018-05-01,39.0,Yosemite National Park
2018-06-01,42.0,Yosemite National Park
2018-07-01,53.0,Yosemite National Park
2018-08-01,39.0,Yosemite National Park
2018-09-01,27.0,Yosemite National Park
2018-10-01,30.0,Yosemite National Park
2018-11-01,25.0,Yosemite National Park
2018-12-01,27.0,Yosemite National Park
2019-01-01,33.0,Yosemite National Park
2019-02-01,32.0,Yosemite National Park
2019-03-01,40.0,Yosemite National Park
2019-04-01,36.0,Yosemite National Park
2019-05-01,45.0,Yosemite National Park
2019-06-01,45.0,Yosemite National Park
2019-07-01,42.0,Yosemite National Park
2019-08-01,39.0,Yosemite National Park
2019-09-01,35.0,Yosemite National Park
2019-10-01,29.0,Yosemite National Park
2019-11-01,23.0,Yosemite National Park
2019-12-01,22.0,Yosemite National Park
2020-01-01,31.0,Yosemite National Park
2020-02-01,28.0,Yosemite National Park
2020-03-01,23.0,Yosemite National Park
2020-04-01,17.0,Yosemite National Park
2020-05-01,32.0,Yosemite National Park
2020-06-01,49.0,Yosemite National Park
2020-07-01,44.0,Yosemite National Park
2020-08-01,39.0,Yosemite National Park
2020-09-01,33.0,Yosemite National Park
2020-10-01,24.0,Yosemite National Park
2020-11-01,19.0,Yosemite National Park
2020-12-01,17.0,Yosemite National Park
2021-01-01,20.0,Yosemite National Park
2021-02-01,24.0,Yosemite National Park
2021-03-01,36.0,Yosemite National Park
2021-04-01,44.0,Yosemite National Park
2021-05-01,50.0,Yosemite National Park
2021-06-01,51.0,Yosemite National Park
2021-07-01,43.0,Yosemite National Park
2021-08-01,38.0,Yosemite National Park
2021-09-01,34.0,Yosemite National Park
2021-10-01,31.0,Yosemite National Park
2021-11-01,24.0,Yosemite National Park
2021-12-01,21.0,Yosemite National Park
2022-01-01,32.0,Yosemite National Park
2022-02-01,36.0,Yosemite National Park
2022-03-01,38.0,Yosemite National Park
2022-04-01,42.0,Yosemite National Park
2022-05-01,45.0,Yosemite National Park
2022-06-01,45.0,Yosemite National Park
2022-07-01,55.0,Yosemite National Park
2022-08-01,34.0,Yosemite National Park
2022-09-01,34.0,Yosemite National Park
2022-10-01,28.0,Yosemite National Park
2022-11-01,23.0,Yosemite National Park
2022-12-01,27.0,Yosemite National Park
2023-01-01,33.0,Yosemite National Park
2023-02-01,51.0,Yosemite National Park
2023-03-01,48.0,Yosemite National Park
2023-04-01,40.0,Yosemite National Park
2023-05-01,56.0,Yosemite National Park
2023-06-01,69.0,Yosemite National Park
2023-07-01,70.0,Yosemite National Park
2023-08-01,47.0,Yosemite National Park
2023-09-01,42.0,Yosemite National Park
2023-10-01,35.0,Yosemite National Park
2023-11-01,32.0,Yosemite National Park
2023-12-01,31.0,Yosemite National Park
2024-01-01,38.0,Yosemite National Park
2024-02-01,40.0,Yosemite National Park
2024-03-01,42.0,Yosemite National Park
2024-04-01,46.0,Yosemite National Park
2024-05-01,54.0,Yosemite National Park
2024-06-01,58.0,Yosemite National Park
2024-07-01,55.0,Yosemite National Park
2024-08-01,45.0,Yosemite National Park
2024-09-01,38.0,Yosemite National Park
2024-10-01,32.0,Yosemite National Park
2024-11-01,26.0,Yosemite National Park
2024-12-01,27.0,Yosemite National Park
2025-01-01,35.0,Yosemite National Park
2025-02-01,49.0,Yosemite National Park
2025-03-01,38.0,Yosemite National Park
2025-04-01,40.0,Yosemite National Park
2025-05-01,51.0,Yosemite National Park
2025-06-01,51.0,Yosemite National Park
2025-07-01,85.0,Yosemite National Park
2025-08-01,57.0,Yosemite National Park
2025-09-01,37.0,Yosemite National Park
2025-10-01,39.0,Yosemite National Park
2025-11-01,30.0,Yosemite National Park
2025-12-01,34.0,Yosemite National Park
2010-01-01,21.0,Zion National Park
2010-02-01,23.0,Zion National Park
2010-03-01,32.0,Zion National Park
2010-04-01,36.0,Zion National Park
2010-05-01,39.0,Zion National Park
2010-06-01,37.0,Zion National Park
2010-07-01,34.0,Zion National Park
2010-08-01,30.0,Zion National Park
2010-09-01,25.0,Zion National Park
2010-10-01,22.0,Zion National Park
2010-11-01,16.0,Zion National Park
2010-12-01,15.0,Zion National Park
2011-01-01,19.0,Zion National Park
2011-02-01,22.0,Zion National Park
2011-03-01,30.0,Zion National Park
2011-04-01,33.0,Zion National Park
2011-05-01,35.0,Zion National Park
2011-06-01,37.0,Zion National Park
2011-07-01,35.0,Zion National Park
2011-08-01,32.0,Zion National Park
2011-09-01,28.0,Zion National Park
2011-10-01,24.0,Zion National Park
2011-11-01,19.0,Zion National Park
2011-12-01,17.0,Zion National Park
2012-01-01,22.0,Zion National Park
2012-02-01,24.0,Zion National Park
2012-03-01,31.0,Zion National Park
2012-04-01,36.0,Zion National Park
2012-05-01,37.0,Zion National Park
2012-06-01,37.0,Zion National Park
2012-07-01,35.0,Zion National Park
2012-08-01,32.0,Zion National Park
2012-09-01,29.0,Zion National Park
2012-10-01,25.0,Zion National Park
2012-11-01,19.0,Zion National Park
2012-12-01,18.0,Zion National Park
2013-01-01,21.0,Zion National Park
2013-02-01,28.0,Zion National Park
2013-03-01,35.0,Zion National Park
2013-04-01,33.0,Zion National Park
2013-05-01,39.0,Zion National Park
2013-06-01,38.0,Zion National Park
2013-07-01,37.0,Zion National Park
2013-08-01,37.0,Zion National Park
2013-09-01,33.0,Zion National Park
2013-10-01,28.0,Zion National Park
2013-11-01,24.0,Zion National Park
2013-12-01,20.0,Zion National Park
2014-01-01,26.0,Zion National Park
2014-02-01,27.0,Zion National Park
2014-03-01,36.0,Zion National Park
2014-04-01,43.0,Zion National Park
2014-05-01,42.0,Zion National Park
2014-06-01,42.0,Zion National Park
2014-07-01,42.0,Zion National Park
2014-08-01,37.0,Zion National Park
2014-09-01,37.0,Zion National Park
2014-10-01,28.0,Zion National Park
2014-11-01,26.0,Zion National Park
2014-12-01,24.0,Zion National Park
2015-01-01,29.0,Zion National Park
2015-02-01,32.0,Zion National Park
2015-03-01,51.0,Zion National Park
2015-04-01,51.0,Zion National Park
2015-05-01,56.0,Zion National Park
2015-06-01,56.0,Zion National Park
2015-07-01,58.0,Zion National Park
2015-08-01,53.0,Zion National Park
2015-09-01,60.0,Zion National Park
2015-10-01,37.0,Zion National Park
2015-11-01,27.0,Zion National Park
2015-12-01,26.0,Zion National Park
2016-01-01,31.0,Zion National Park
2016-02-01,40.0,Zion National Park
2016-03-01,61.0,Zion National Park
2016-04-01,51.0,Zion National Park
2016-05-01,65.0,Zion National Park
2016-06-01,61.0,Zion National Park
2016-07-01,58.0,Zion National Park
2016-08-01,58.0,Zion National Park
2016-09-01,50.0,Zion National Park
2016-10-01,43.0,Zion National Park
2016-11-01,36.0,Zion National Park
2016-12-01,33.0,Zion National Park
2017-01-01,38.0,Zion National Park
2017-02-01,44.0,Zion National Park
2017-03-01,65.0,Zion National Park
2017-04-01,62.0,Zion National Park
2017-05-01,66.0,Zion National Park
2017-06-01,66.0,Zion National Park
2017-07-01,62.0,Zion National Park
2017-08-01,56.0,Zion National Park
2017-09-01,51.0,Zion National Park
2017-10-01,45.0,Zion National Park
2017-11-01,40.0,Zion National Park
2017-12-01,36.0,Zion National Park
2018-01-01,42.0,Zion National Park
2018-02-01,49.0,Zion National Park
2018-03-01,66.0,Zion National Park
2018-04-01,61.0,Zion National Park
2018-05-01,67.0,Zion National Park
2018-06-01,63.0,Zion National Park
2018-07-01,63.0,Zion National Park
2018-08-01,57.0,Zion National Park
2018-09-01,54.0,Zion National Park
2018-10-01,46.0,Zion National Park
2018-11-01,38.0,Zion National Park
2018-12-01,35.0,Zion National Park
2019-01-01,37.0,Zion National Park
2019-02-01,44.0,Zion National Park
2019-03-01,61.0,Zion National Park
2019-04-01,60.0,Zion National Park
2019-05-01,68.0,Zion National Park
2019-06-01,63.0,Zion National Park
2019-07-01,67.0,Zion National Park
2019-08-01,60.0,Zion National Park
2019-09-01,59.0,Zion National Park
2019-10-01,50.0,Zion National Park
2019-11-01,44.0,Zion National Park
2019-12-01,37.0,Zion National Park
2020-01-01,46.0,Zion National Park
2020-02-01,51.0,Zion National Park
2020-03-01,43.0,Zion National Park
2020-04-01,24.0,Zion National Park
2020-05-01,63.0,Zion National Park
2020-06-01,81.0,Zion National Park
2020-07-01,83.0,Zion National Park
2020-08-01,80.0,Zion National Park
2020-09-01,83.0,Zion National Park
2020-10-01,87.0,Zion National Park
2020-11-01,50.0,Zion National Park
2020-12-01,42.0,Zion National Park
2021-01-01,49.0,Zion National Park
2021-02-01,58.0,Zion National Park
2021-03-01,82.0,Zion National Park
2021-04-01,84.0,Zion National Park
2021-05-01,91.0,Zion National Park
2021-06-01,100.0,Zion National Park
2021-07-01,81.0,Zion National Park
2021-08-01,58.0,Zion National Park
2021-09-01,62.0,Zion National Park
2021-10-01,52.0,Zion National Park
2021-11-01,40.0,Zion National Park
2021-12-01,40.0,Zion National Park
2022-01-01,62.0,Zion National Park
2022-02-01,64.0,Zion National Park
2022-03-01,75.0,Zion National Park
2022-04-01,73.0,Zion National Park
2022-05-01,71.0,Zion National Park
2022-06-01,69.0,Zion National Park
2022-07-01,62.0,Zion National Park
2022-08-01,70.0,Zion National Park
2022-09-01,54.0,Zion National Park
2022-10-01,57.0,Zion National Park
2022-11-01,50.0,Zion National Park
2022-12-01,39.0,Zion National Park
2023-01-01,52.0,Zion National Park
2023-02-01,53.0,Zion National Park
2023-03-01,65.0,Zion National Park
2023-04-01,66.0,Zion National Park
2023-05-01,85.0,Zion National Park
2023-06-01,74.0,Zion National Park
2023-07-01,62.0,Zion National Park
2023-08-01,53.0,Zion National Park
2023-09-01,54.0,Zion National Park
2023-10-01,49.0,Zion National Park
2023-11-01,41.0,Zion National Park
2023-12-01,41.0,Zion National Park
2024-01-01,51.0,Zion National Park
2024-02-01,52.0,Zion National Park
2024-03-01,62.0,Zion National Park
2024-04-01,59.0,Zion National Park
2024-05-01,67.0,Zion National Park
2024-06-01,68.0,Zion National Park
2024-07-01,53.0,Zion National Park
2024-08-01,51.0,Zion National Park
2024-09-01,55.0,Zion National Park
2024-10-01,51.0,Zion National Park
2024-11-01,38.0,Zion National Park
2024-12-01,37.0,Zion National Park
2025-01-01,48.0,Zion National Park
2025-02-01,50.0,Zion National Park
2025-03-01,58.0,Zion National Park
2025-04-01,57.0,Zion National Park
2025-05-01,59.0,Zion National Park
2025-06-01,57.0,Zion National Park
2025-07-01,54.0,Zion National Park
2025-08-01,49.0,Zion National Park
2025-09-01,50.0,Zion National Park
2025-10-01,51.0,Zion National Park
2025-11-01,41.0,Zion National Park
2025-12-01,41.0,Zion National Park
2010-01-01,26.0,Sequoia National Park
2010-02-01,30.0,Sequoia National Park
2010-03-01,38.0,Sequoia National Park
2010-04-01,37.0,Sequoia National Park
2010-05-01,53.0,Sequoia National Park
2010-06-01,57.0,Sequoia National Park
2010-07-01,58.0,Sequoia National Park
2010-08-01,48.0,Sequoia National Park
2010-09-01,33.0,Sequoia National Park
2010-10-01,26.0,Sequoia National Park
2010-11-01,23.0,Sequoia National Park
2010-12-01,21.0,Sequoia National Park
2011-01-01,27.0,Sequoia National Park
2011-02-01,26.0,Sequoia National Park
2011-03-01,30.0,Sequoia National Park
2011-04-01,37.0,Sequoia National Park
2011-05-01,45.0,Sequoia National Park
2011-06-01,58.0,Sequoia National Park
2011-07-01,64.0,Sequoia National Park
2011-08-01,53.0,Sequoia National Park
2011-09-01,40.0,Sequoia National Park
2011-10-01,30.0,Sequoia National Park
2011-11-01,25.0,Sequoia National Park
2011-12-01,25.0,Sequoia National Park
2012-01-01,28.0,Sequoia National Park
2012-02-01,28.0,Sequoia National Park
2012-03-01,32.0,Sequoia National Park
2012-04-01,39.0,Sequoia National Park
2012-05-01,52.0,Sequoia National Park
2012-06-01,58.0,Sequoia National Park
2012-07-01,52.0,Sequoia National Park
2012-08-01,46.0,Sequoia National Park
2012-09-01,29.0,Sequoia National Park
2012-10-01,18.0,Sequoia National Park
2012-11-01,22.0,Sequoia National Park
2012-12-01,23.0,Sequoia National Park
2013-01-01,23.0,Sequoia National Park
2013-02-01,24.0,Sequoia National Park
2013-03-01,27.0,Sequoia National Park
2013-04-01,32.0,Sequoia National Park
2013-05-01,47.0,Sequoia National Park
2013-06-01,52.0,Sequoia National Park
2013-07-01,49.0,Sequoia National Park
2013-08-01,42.0,Sequoia National Park
2013-09-01,29.0,Sequoia National Park
2013-10-01,25.0,Sequoia National Park
2013-11-01,22.0,Sequoia National Park
2013-12-01,23.0,Sequoia National Park
2014-01-01,26.0,Sequoia National Park
2014-02-01,26.0,Sequoia National Park
2014-03-01,35.0,Sequoia National Park
2014-04-01,42.0,Sequoia National Park
2014-05-01,50.0,Sequoia National Park
2014-06-01,54.0,Sequoia National Park
2014-07-01,63.0,Sequoia National Park
2014-08-01,55.0,Sequoia National Park
2014-09-01,39.0,Sequoia National Park
2014-10-01,30.0,Sequoia National Park
2014-11-01,30.0,Sequoia National Park
2014-12-01,30.0,Sequoia National Park
2015-01-01,33.0,Sequoia National Park
2015-02-01,34.0,Sequoia National Park
2015-03-01,42.0,Sequoia National Park
2015-04-01,45.0,Sequoia National Park
2015-05-01,48.0,Sequoia National Park
2015-06-01,57.0,Sequoia National Park
2015-07-01,63.0,Sequoia National Park
2015-08-01,51.0,Sequoia National Park
2015-09-01,43.0,Sequoia National Park
2015-10-01,34.0,Sequoia National Park
2015-11-01,33.0,Sequoia National Park
2015-12-01,34.0,Sequoia National Park
2016-01-01,35.0,Sequoia National Park
2016-02-01,31.0,Sequoia National Park
2016-03-01,44.0,Sequoia National Park
2016-04-01,48.0,Sequoia National Park
2016-05-01,67.0,Sequoia National Park
2016-06-01,58.0,Sequoia National Park
2016-07-01,65.0,Sequoia National Park
2016-08-01,54.0,Sequoia National Park
2016-09-01,41.0,Sequoia National Park
2016-10-01,38.0,Sequoia National Park
2016-11-01,33.0,Sequoia National Park
2016-12-01,38.0,Sequoia National Park
2017-01-01,46.0,Sequoia National Park
2017-02-01,41.0,Sequoia National Park
2017-03-01,46.0,Sequoia National Park
2017-04-01,44.0,Sequoia National Park
2017-05-01,63.0,Sequoia National Park
2017-06-01,83.0,Sequoia National Park
2017-07-01,87.0,Sequoia National Park
2017-08-01,72.0,Sequoia National Park
2017-09-01,42.0,Sequoia National Park
2017-10-01,37.0,Sequoia National Park
2017-11-01,36.0,Sequoia National Park
2017-12-01,37.0,Sequoia National Park
2018-01-01,41.0,Sequoia National Park
2018-02-01,41.0,Sequoia National Park
2018-03-01,47.0,Sequoia National Park
2018-04-01,54.0,Sequoia National Park
2018-05-01,72.0,Sequoia National Park
2018-06-01,73.0,Sequoia National Park
2018-07-01,88.0,Sequoia National Park
2018-08-01,72.0,Sequoia National Park
2018-09-01,44.0,Sequoia National Park
2018-10-01,36.0,Sequoia National Park
2018-11-01,38.0,Sequoia National Park
2018-12-01,43.0,Sequoia National Park
2019-01-01,40.0,Sequoia National Park
2019-02-01,43.0,Sequoia National Park
2019-03-01,46.0,Sequoia National Park
2019-04-01,50.0,Sequoia National Park
2019-05-01,67.0,Sequoia National Park
2019-06-01,76.0,Sequoia National Park
2019-07-01,79.0,Sequoia National Park
2019-08-01,68.0,Sequoia National Park
2019-09-01,49.0,Sequoia National Park
2019-10-01,38.0,Sequoia National Park
2019-11-01,36.0,Sequoia National Park
2019-12-01,38.0,Sequoia National Park
2020-01-01,40.0,Sequoia National Park
2020-02-01,40.0,Sequoia National Park
2020-03-01,31.0,Sequoia National Park
2020-04-01,19.0,Sequoia National Park
2020-05-01,42.0,Sequoia National Park
2020-06-01,83.0,Sequoia National Park
2020-07-01,94.0,Sequoia National Park
2020-08-01,83.0,Sequoia National Park
2020-09-01,61.0,Sequoia National Park
2020-10-01,38.0,Sequoia National Park
2020-11-01,36.0,Sequoia National Park
2020-12-01,36.0,Sequoia National Park
2021-01-01,36.0,Sequoia National Park
2021-02-01,42.0,Sequoia National Park
2021-03-01,56.0,Sequoia National Park
2021-04-01,63.0,Sequoia National Park
2021-05-01,78.0,Sequoia National Park
2021-06-01,87.0,Sequoia National Park
2021-07-01,78.0,Sequoia National Park
2021-08-01,60.0,Sequoia National Park
2021-09-01,100.0,Sequoia National Park
2021-10-01,37.0,Sequoia National Park
2021-11-01,32.0,Sequoia National Park
2021-12-01,38.0,Sequoia National Park
2022-01-01,46.0,Sequoia National Park
2022-02-01,52.0,Sequoia National Park
2022-03-01,56.0,Sequoia National Park
2022-04-01,59.0,Sequoia National Park
2022-05-01,70.0,Sequoia National Park
2022-06-01,75.0,Sequoia National Park
2022-07-01,82.0,Sequoia National Park
2022-08-01,60.0,Sequoia National Park
2022-09-01,45.0,Sequoia National Park
2022-10-01,38.0,Sequoia National Park
2022-11-01,34.0,Sequoia National Park
2022-12-01,35.0,Sequoia National Park
2023-01-01,42.0,Sequoia National Park
2023-02-01,40.0,Sequoia National Park
2023-03-01,40.0,Sequoia National Park
2023-04-01,44.0,Sequoia National Park
2023-05-01,62.0,Sequoia National Park
2023-06-01,73.0,Sequoia National Park
2023-07-01,78.0,Sequoia National Park
2023-08-01,57.0,Sequoia National Park
2023-09-01,52.0,Sequoia National Park
2023-10-01,40.0,Sequoia National Park
2023-11-01,50.0,Sequoia National Park
2023-12-01,44.0,Sequoia National Park
2024-01-01,51.0,Sequoia National Park
2024-02-01,46.0,Sequoia National Park
2024-03-01,53.0,Sequoia National Park
2024-04-01,54.0,Sequoia National Park
2024-05-01,77.0,Sequoia National Park
2024-06-01,80.0,Sequoia National Park
2024-07-01,80.0,Sequoia National Park
2024-08-01,69.0,Sequoia National Park
2024-09-01,56.0,Sequoia National Park
2024-10-01,44.0,Sequoia National Park
2024-11-01,51.0,Sequoia National Park
2024-12-01,45.0,Sequoia National Park
2025-01-01,46.0,Sequoia National Park
2025-02-01,46.0,Sequoia National Park
2025-03-01,52.0,Sequoia National Park
2025-04-01,54.0,Sequoia National Park
2025-05-01,71.0,Sequoia National Park
2025-06-01,83.0,Sequoia National Park
2025-07-01,79.0,Sequoia National Park
2025-08-01,76.0,Sequoia National Park
2025-09-01,51.0,Sequoia National Park
2025-10-01,46.0,Sequoia National Park
2025-11-01,45.0,Sequoia National Park
2025-12-01,46.0,Sequoia National Park
2010-01-01,42.0,Kings Canyon National Park
2010-02-01,42.0,Kings Canyon National Park
2010-03-01,51.0,Kings Canyon National Park
2010-04-01,52.0,Kings Canyon National Park
2010-05-01,92.0,Kings Canyon National Park
2010-06-01,94.0,Kings Canyon National Park
2010-07-01,84.0,Kings Canyon National Park
2010-08-01,67.0,Kings Canyon National Park
2010-09-01,51.0,Kings Canyon National Park
2010-10-01,37.0,Kings Canyon National Park
2010-11-01,28.0,Kings Canyon National Park
2010-12-01,28.0,Kings Canyon National Park
2011-01-01,35.0,Kings Canyon National Park
2011-02-01,28.0,Kings Canyon National Park
2011-03-01,26.0,Kings Canyon National Park
2011-04-01,42.0,Kings Canyon National Park
2011-05-01,56.0,Kings Canyon National Park
2011-06-01,71.0,Kings Canyon National Park
2011-07-01,62.0,Kings Canyon National Park
2011-08-01,50.0,Kings Canyon National Park
2011-09-01,39.0,Kings Canyon National Park
2011-10-01,23.0,Kings Canyon National Park
2011-11-01,19.0,Kings Canyon National Park
2011-12-01,19.0,Kings Canyon National Park
2012-01-01,23.0,Kings Canyon National Park
2012-02-01,27.0,Kings Canyon National Park
2012-03-01,27.0,Kings Canyon National Park
2012-04-01,40.0,Kings Canyon National Park
2012-05-01,58.0,Kings Canyon National Park
2012-06-01,56.0,Kings Canyon National Park
2012-07-01,58.0,Kings Canyon National Park
2012-08-01,54.0,Kings Canyon National Park
2012-09-01,33.0,Kings Canyon National Park
2012-10-01,25.0,Kings Canyon National Park
2012-11-01,19.0,Kings Canyon National Park
2012-12-01,24.0,Kings Canyon National Park
2013-01-01,28.0,Kings Canyon National Park
2013-02-01,30.0,Kings Canyon National Park
2013-03-01,41.0,Kings Canyon National Park
2013-04-01,43.0,Kings Canyon National Park
2013-05-01,62.0,Kings Canyon National Park
2013-06-01,78.0,Kings Canyon National Park
2013-07-01,72.0,Kings Canyon National Park
2013-08-01,63.0,Kings Canyon National Park
2013-09-01,44.0,Kings Canyon National Park
2013-10-01,31.0,Kings Canyon National Park
2013-11-01,26.0,Kings Canyon National Park
2013-12-01,27.0,Kings Canyon National Park
2014-01-01,31.0,Kings Canyon National Park
2014-02-01,30.0,Kings Canyon National Park
2014-03-01,41.0,Kings Canyon National Park
2014-04-01,50.0,Kings Canyon National Park
2014-05-01,63.0,Kings Canyon National Park
2014-06-01,64.0,Kings Canyon National Park
2014-07-01,68.0,Kings Canyon National Park
2014-08-01,68.0,Kings Canyon National Park
2014-09-01,39.0,Kings Canyon National Park
2014-10-01,29.0,Kings Canyon National Park
2014-11-01,30.0,Kings Canyon National Park
2014-12-01,30.0,Kings Canyon National Park
2015-01-01,32.0,Kings Canyon National Park
2015-02-01,42.0,Kings Canyon National Park
2015-03-01,45.0,Kings Canyon National Park
2015-04-01,46.0,Kings Canyon National Park
2015-05-01,68.0,Kings Canyon National Park
2015-06-01,72.0,Kings Canyon National Park
2015-07-01,69.0,Kings Canyon National Park
2015-08-01,71.0,Kings Canyon National Park
2015-09-01,53.0,Kings Canyon National Park
2015-10-01,33.0,Kings Canyon National Park
2015-11-01,26.0,Kings Canyon National Park
2015-12-01,25.0,Kings Canyon National Park
2016-01-01,36.0,Kings Canyon National Park
2016-02-01,35.0,Kings Canyon National Park
2016-03-01,39.0,Kings Canyon National Park
2016-04-01,53.0,Kings Canyon National Park
2016-05-01,66.0,Kings Canyon National Park
2016-06-01,63.0,Kings Canyon National Park
2016-07-01,63.0,Kings Canyon National Park
2016-08-01,58.0,Kings Canyon National Park
2016-09-01,44.0,Kings Canyon National Park
2016-10-01,38.0,Kings Canyon National Park
2016-11-01,34.0,Kings Canyon National Park
2016-12-01,29.0,Kings Canyon National Park
2017-01-01,38.0,Kings Canyon National Park
2017-02-01,38.0,Kings Canyon National Park
2017-03-01,51.0,Kings Canyon National Park
2017-04-01,57.0,Kings Canyon National Park
2017-05-01,66.0,Kings Canyon National Park
2017-06-01,78.0,Kings Canyon National Park
2017-07-01,84.0,Kings Canyon National Park
2017-08-01,64.0,Kings Canyon National Park
2017-09-01,53.0,Kings Canyon National Park
2017-10-01,39.0,Kings Canyon National Park
2017-11-01,34.0,Kings Canyon National Park
2017-12-01,37.0,Kings Canyon National Park
2018-01-01,41.0,Kings Canyon National Park
2018-02-01,40.0,Kings Canyon National Park
2018-03-01,49.0,Kings Canyon National Park
2018-04-01,57.0,Kings Canyon National Park
2018-05-01,73.0,Kings Canyon National Park
2018-06-01,72.0,Kings Canyon National Park
2018-07-01,100.0,Kings Canyon National Park
2018-08-01,71.0,Kings Canyon National Park
2018-09-01,47.0,Kings Canyon National Park
2018-10-01,38.0,Kings Canyon National Park
2018-11-01,36.0,Kings Canyon National Park
2018-12-01,32.0,Kings Canyon National Park
2019-01-01,37.0,Kings Canyon National Park
2019-02-01,45.0,Kings Canyon National Park
2019-03-01,48.0,Kings Canyon National Park
2019-04-01,59.0,Kings Canyon National Park
2019-05-01,77.0,Kings Canyon National Park
2019-06-01,86.0,Kings Canyon National Park
2019-07-01,79.0,Kings Canyon National Park
2019-08-01,72.0,Kings Canyon National Park
2019-09-01,55.0,Kings Canyon National Park
2019-10-01,42.0,Kings Canyon National Park
2019-11-01,37.0,Kings Canyon National Park
2019-12-01,35.0,Kings Canyon National Park
2020-01-01,43.0,Kings Canyon National Park
2020-02-01,43.0,Kings Canyon National Park
2020-03-01,31.0,Kings Canyon National Park
2020-04-01,23.0,Kings Canyon National Park
2020-05-01,44.0,Kings Canyon National Park
2020-06-01,80.0,Kings Canyon National Park
2020-07-01,96.0,Kings Canyon National Park
2020-08-01,78.0,Kings Canyon National Park
2020-09-01,53.0,Kings Canyon National Park
2020-10-01,35.0,Kings Canyon National Park
2020-11-01,31.0,Kings Canyon National Park
2020-12-01,31.0,Kings Canyon National Park
2021-01-01,38.0,Kings Canyon National Park
2021-02-01,40.0,Kings Canyon National Park
2021-03-01,49.0,Kings Canyon National Park
2021-04-01,61.0,Kings Canyon National Park
2021-05-01,88.0,Kings Canyon National Park
2021-06-01,94.0,Kings Canyon National Park
2021-07-01,87.0,Kings Canyon National Park
2021-08-01,69.0,Kings Canyon National Park
2021-09-01,67.0,Kings Canyon National Park
2021-10-01,33.0,Kings Canyon National Park
2021-11-01,34.0,Kings Canyon National Park
2021-12-01,32.0,Kings Canyon National Park
2022-01-01,50.0,Kings Canyon National Park
2022-02-01,56.0,Kings Canyon National Park
2022-03-01,76.0,Kings Canyon National Park
2022-04-01,77.0,Kings Canyon National Park
2022-05-01,87.0,Kings Canyon National Park
2022-06-01,82.0,Kings Canyon National Park
2022-07-01,91.0,Kings Canyon National Park
2022-08-01,67.0,Kings Canyon National Park
2022-09-01,59.0,Kings Canyon National Park
2022-10-01,45.0,Kings Canyon National Park
2022-11-01,35.0,Kings Canyon National Park
2022-12-01,33.0,Kings Canyon National Park
2023-01-01,41.0,Kings Canyon National Park
2023-02-01,44.0,Kings Canyon National Park
2023-03-01,38.0,Kings Canyon National Park
2023-04-01,63.0,Kings Canyon National Park
2023-05-01,83.0,Kings Canyon National Park
2023-06-01,72.0,Kings Canyon National Park
2023-07-01,70.0,Kings Canyon National Park
2023-08-01,51.0,Kings Canyon National Park
2023-09-01,49.0,Kings Canyon National Park
2023-10-01,40.0,Kings Canyon National Park
2023-11-01,33.0,Kings Canyon National Park
2023-12-01,37.0,Kings Canyon National Park
2024-01-01,41.0,Kings Canyon National Park
2024-02-01,45.0,Kings Canyon National Park
2024-03-01,48.0,Kings Canyon National Park
2024-04-01,55.0,Kings Canyon National Park
2024-05-01,83.0,Kings Canyon National Park
2024-06-01,89.0,Kings Canyon National Park
2024-07-01,84.0,Kings Canyon National Park
2024-08-01,79.0,Kings Canyon National Park
2024-09-01,57.0,Kings Canyon National Park
2024-10-01,45.0,Kings Canyon National Park
2024-11-01,40.0,Kings Canyon National Park
2024-12-01,38.0,Kings Canyon National Park
2025-01-01,45.0,Kings Canyon National Park
2025-02-01,46.0,Kings Canyon National Park
2025-03-01,55.0,Kings Canyon National Park
2025-04-01,55.0,Kings Canyon National Park
2025-05-01,83.0,Kings Canyon National Park
2025-06-01,84.0,Kings Canyon National Park
2025-07-01,87.0,Kings Canyon National Park
2025-08-01,77.0,Kings Canyon National Park
2025-09-01,57.0,Kings Canyon National Park
2025-10-01,51.0,Kings Canyon National Park
2025-11-01,39.0,Kings Canyon National Park
2025-12-01,39.0,Kings Canyon National Park
