unitcode,Year,Month,temp_mean,temp_max,temp_min,rain,snow,cloud_cover
ACAD,2006,1,32.3,50.94,8.19,3.02,7.74,67.16
ACAD,2006,2,27.66,47.61,7.2,2.16,4.46,58.23
ACAD,2006,3,33.94,50.76,9.72,0.7,3.33,48.74
ACAD,2006,4,43.23,57.51,32.85,1.72,2.51,58.59
ACAD,2006,5,50.85,65.43,41.76,4.59,0.0,72.16
ACAD,2006,6,57.68,67.05,48.96,7.77,0.0,82.4
ACAD,2006,7,65.02,74.88,57.87,4.16,0.0,59.43
ACAD,2006,8,62.8,77.04,53.73,3.31,0.0,51.82
ACAD,2006,9,58.53,69.66,48.6,1.3,0.0,55.24
ACAD,2006,10,50.09,61.47,38.25,6.43,0.0,55.51
ACAD,2006,11,45.17,59.13,32.13,5.03,0.0,67.07
ACAD,2006,12,36.3,56.7,18.09,2.43,4.91,58.72
ACAD,2007,1,26.46,53.19,-0.81,2.32,4.41,52.78
ACAD,2007,2,20.17,40.5,0.81,0.22,10.17,46.69
ACAD,2007,3,31.16,48.15,-1.71,2.96,11.35,57.86
ACAD,2007,4,38.71,60.39,28.89,4.11,19.62,73.15
ACAD,2007,5,49.76,75.24,38.97,3.05,0.0,62.36
ACAD,2007,6,58.3,74.79,47.43,1.45,0.0,56.47
ACAD,2007,7,62.16,75.33,53.37,2.9,0.0,64.08
ACAD,2007,8,63.09,73.26,51.21,2.45,0.0,51.66
ACAD,2007,9,59.58,72.45,47.7,2.31,0.0,40.67
ACAD,2007,10,52.68,65.88,36.27,3.67,0.0,56.61
ACAD,2007,11,39.65,56.43,21.42,6.3,0.41,63.64
ACAD,2007,12,27.48,48.24,8.1,1.51,29.07,60.29
ACAD,2008,1,27.88,47.16,1.89,1.28,16.92,57.74
ACAD,2008,2,27.61,47.07,4.77,3.58,20.67,62.93
ACAD,2008,3,31.16,45.45,16.29,3.8,15.54,65.04
ACAD,2008,4,42.32,62.28,30.42,2.26,1.21,52.26
ACAD,2008,5,50.12,63.99,36.9,1.71,0.0,62.66
ACAD,2008,6,58.33,71.82,48.96,2.39,0.0,73.74
ACAD,2008,7,64.8,74.52,55.08,3.64,0.0,61.68
ACAD,2008,8,61.82,72.45,55.26,2.66,0.0,62.85
ACAD,2008,9,58.9,73.8,46.08,10.41,0.0,52.74
ACAD,2008,10,49.53,61.11,31.5,4.3,0.0,49.33
ACAD,2008,11,40.92,57.69,22.41,4.76,1.24,59.06
ACAD,2008,12,31.32,54.54,9.63,4.11,20.06,66.16
ACAD,2009,1,19.82,41.22,-6.12,0.83,17.61,48.65
ACAD,2009,2,27.54,44.73,4.86,0.91,17.91,64.17
ACAD,2009,3,30.83,43.47,11.25,2.01,6.04,56.06
ACAD,2009,4,43.13,62.91,30.69,4.09,0.44,60.79
ACAD,2009,5,50.0,68.31,41.31,3.64,0.0,75.07
ACAD,2009,6,56.12,65.43,44.73,6.19,0.0,81.18
ACAD,2009,7,60.81,69.66,52.29,6.22,0.0,74.32
ACAD,2009,8,65.62,80.37,53.28,3.93,0.0,55.26
ACAD,2009,9,58.24,69.3,44.01,1.95,0.0,44.5
ACAD,2009,10,47.07,58.86,35.28,5.1,0.44,67.48
ACAD,2009,11,44.53,56.07,32.58,3.11,0.0,62.09
ACAD,2009,12,30.32,56.16,6.93,2.78,17.2,60.25
ACAD,2010,1,26.64,46.53,4.5,1.08,18.66,55.25
ACAD,2010,2,28.69,43.29,6.03,1.99,5.37,65.49
ACAD,2010,3,37.24,52.83,16.38,3.78,5.48,60.42
ACAD,2010,4,45.2,58.14,34.47,2.48,0.03,64.23
ACAD,2010,5,53.11,70.65,37.98,1.73,0.0,56.19
ACAD,2010,6,59.26,74.34,50.22,4.7,0.0,64.65
ACAD,2010,7,66.22,74.97,55.98,3.17,0.0,56.55
ACAD,2010,8,65.58,80.1,57.78,1.88,0.0,52.5
ACAD,2010,9,60.89,78.93,50.85,4.77,0.0,60.52
ACAD,2010,10,50.82,69.03,36.9,7.21,0.03,57.32
ACAD,2010,11,41.27,57.42,27.0,5.7,0.5,56.82
ACAD,2010,12,31.44,51.66,13.68,5.45,20.64,69.77
ACAD,2011,1,24.21,42.48,-3.06,0.7,21.0,57.9
ACAD,2011,2,25.16,40.5,8.46,0.85,20.97,57.44
ACAD,2011,3,32.95,53.82,6.57,3.28,3.5,50.68
ACAD,2011,4,42.09,56.07,29.25,4.21,10.89,68.2
ACAD,2011,5,49.95,68.49,40.68,4.17,0.0,86.47
ACAD,2011,6,56.98,68.49,47.34,2.3,0.0,69.87
ACAD,2011,7,66.11,80.37,57.24,1.5,0.0,53.52
ACAD,2011,8,63.91,73.26,56.34,5.86,0.0,63.03
ACAD,2011,9,60.56,71.1,49.68,2.06,0.0,61.42
ACAD,2011,10,52.06,71.91,35.64,4.33,5.13,60.07
ACAD,2011,11,45.28,56.34,27.27,2.39,7.55,56.93
ACAD,2011,12,35.92,51.66,11.79,3.63,3.78,59.08
ACAD,2012,1,28.36,46.35,1.35,1.73,11.69,56.64
ACAD,2012,2,30.27,44.19,9.63,1.15,4.74,54.39
ACAD,2012,3,37.86,62.01,16.47,1.3,9.29,55.22
ACAD,2012,4,43.86,59.49,32.49,3.28,0.22,58.23
ACAD,2012,5,52.02,67.95,38.34,4.09,0.0,72.28
ACAD,2012,6,57.88,74.79,47.61,6.6,0.0,62.13
ACAD,2012,7,65.48,76.77,59.31,2.06,0.0,47.37
ACAD,2012,8,65.89,74.97,58.23,4.54,0.0,61.65
ACAD,2012,9,60.19,69.21,49.86,5.24,0.0,54.9
ACAD,2012,10,53.07,64.17,37.8,6.22,0.0,62.96
ACAD,2012,11,40.11,57.42,18.81,1.0,2.62,52.75
ACAD,2012,12,33.8,52.56,15.57,3.34,20.12,62.74
ACAD,2013,1,25.76,50.76,-2.07,0.78,5.04,55.85
ACAD,2013,2,27.28,43.11,4.95,1.07,21.0,63.29
ACAD,2013,3,33.91,48.15,15.84,1.24,12.21,66.82
ACAD,2013,4,41.26,54.81,28.26,2.51,2.07,58.85
ACAD,2013,5,50.17,69.3,39.96,4.57,0.0,63.92
ACAD,2013,6,58.53,72.09,50.22,4.5,0.0,69.77
ACAD,2013,7,65.56,79.02,56.25,6.39,0.0,68.22
ACAD,2013,8,63.61,72.54,56.52,2.53,0.0,46.68
ACAD,2013,9,58.72,68.76,45.72,4.46,0.0,56.3
ACAD,2013,10,52.21,67.77,35.37,1.04,0.0,53.35
ACAD,2013,11,39.16,60.03,19.8,3.83,0.39,48.79
ACAD,2013,12,28.58,49.23,0.45,2.54,16.48,66.72
ACAD,2014,1,24.95,47.97,-5.49,2.91,6.61,67.55
ACAD,2014,2,24.97,42.66,3.6,1.04,26.98,61.37
ACAD,2014,3,26.69,42.57,5.49,2.89,12.9,55.84
ACAD,2014,4,40.49,53.37,25.92,3.41,3.22,65.58
ACAD,2014,5,49.44,63.54,38.43,2.43,0.0,70.24
ACAD,2014,6,58.92,71.73,48.6,4.67,0.0,62.62
ACAD,2014,7,63.97,71.37,54.36,6.65,0.0,68.07
ACAD,2014,8,63.29,72.0,57.51,2.23,0.0,56.15
ACAD,2014,9,59.56,73.17,44.91,0.56,0.0,44.84
ACAD,2014,10,53.53,62.55,40.77,6.02,0.0,62.56
ACAD,2014,11,40.26,57.15,21.42,3.17,16.23,65.25
ACAD,2014,12,34.82,53.1,8.91,5.64,4.57,68.77
ACAD,2015,1,22.93,45.81,-7.02,1.02,29.24,55.74
ACAD,2015,2,14.53,36.54,-4.32,0.08,22.85,58.08
ACAD,2015,3,26.81,43.65,5.85,0.77,12.43,56.82
ACAD,2015,4,38.59,49.14,21.33,3.31,3.2,65.11
ACAD,2015,5,51.04,64.71,33.39,2.09,0.0,64.58
ACAD,2015,6,55.96,68.4,44.01,4.92,0.0,66.35
ACAD,2015,7,62.8,73.62,53.82,1.97,0.0,64.36
ACAD,2015,8,65.18,73.44,57.6,2.61,0.0,57.09
ACAD,2015,9,62.53,75.87,48.15,6.44,0.0,43.93
ACAD,2015,10,49.42,60.39,33.03,2.9,0.0,52.31
ACAD,2015,11,43.26,59.31,21.6,3.6,1.6,56.03
ACAD,2015,12,38.61,51.57,16.02,3.44,12.37,73.94
ACAD,2016,1,27.69,48.69,7.11,1.56,7.33,54.37
ACAD,2016,2,30.24,50.49,-0.9,3.51,15.13,67.01
ACAD,2016,3,34.62,50.67,9.72,2.5,5.73,65.72
ACAD,2016,4,40.82,56.43,19.35,2.05,1.65,47.98
ACAD,2016,5,50.6,68.58,38.79,2.18,0.0,66.4
ACAD,2016,6,58.1,70.02,49.41,2.66,0.0,56.31
ACAD,2016,7,65.4,75.15,54.99,2.68,0.0,59.68
ACAD,2016,8,66.07,75.96,59.4,4.24,0.0,55.51
ACAD,2016,9,61.01,73.62,48.15,1.63,0.0,57.28
ACAD,2016,10,51.49,65.79,38.25,3.69,0.0,59.79
ACAD,2016,11,43.47,55.26,32.85,3.31,0.08,64.3
ACAD,2016,12,31.16,50.4,-5.49,3.53,8.85,57.23
ACAD,2017,1,29.54,48.83,2.57,3.85,5.21,58.91
ACAD,2017,2,28.01,47.48,5.45,0.68,27.28,58.88
ACAD,2017,3,27.75,49.1,2.57,0.86,14.58,54.9
ACAD,2017,4,43.26,66.56,27.86,2.74,5.79,74.19
ACAD,2017,5,50.76,80.6,39.65,6.47,0.0,74.4
ACAD,2017,6,60.71,86.09,45.59,2.47,0.0,61.73
ACAD,2017,7,66.05,84.29,55.58,1.92,0.0,56.47
ACAD,2017,8,65.92,84.29,55.76,3.41,0.0,50.13
ACAD,2017,9,62.59,76.73,48.29,1.96,0.0,56.34
ACAD,2017,10,57.04,73.94,42.98,4.7,0.0,52.12
ACAD,2017,11,40.52,61.88,21.65,3.1,0.3,58.3
ACAD,2017,12,25.05,51.53,-4.81,2.76,12.48,54.16
ACAD,2018,1,23.46,53.87,-6.34,4.0,17.75,63.32
ACAD,2018,2,31.35,52.97,2.57,2.71,13.75,66.12
ACAD,2018,3,32.27,46.58,11.93,0.41,25.82,66.04
ACAD,2018,4,39.78,58.19,23.81,3.96,3.0,68.37
ACAD,2018,5,53.51,79.16,37.31,1.61,0.0,59.03
ACAD,2018,6,60.04,82.04,45.23,3.59,0.0,58.25
ACAD,2018,7,67.66,87.71,56.3,2.15,0.0,58.93
ACAD,2018,8,69.45,83.48,58.01,2.63,0.0,58.37
ACAD,2018,9,61.91,85.91,45.59,4.44,0.0,66.07
ACAD,2018,10,48.47,78.98,31.37,5.47,0.36,58.21
ACAD,2018,11,36.71,58.46,11.12,6.96,9.73,64.22
ACAD,2018,12,28.2,52.43,7.52,3.32,7.91,48.69
ACAD,2019,1,23.68,49.28,4.37,4.35,16.2,56.31
ACAD,2019,2,23.79,44.51,-0.31,1.94,14.25,51.72
ACAD,2019,3,30.02,51.89,6.8,2.2,11.33,47.34
ACAD,2019,4,41.58,59.45,25.79,5.79,13.31,71.14
ACAD,2019,5,48.53,67.64,35.96,4.28,0.3,73.88
ACAD,2019,6,58.99,77.18,45.77,6.64,0.0,62.76
ACAD,2019,7,68.96,86.81,57.83,1.43,0.0,48.63
ACAD,2019,8,67.08,82.4,55.76,3.45,0.0,49.13
ACAD,2019,9,60.07,74.57,45.14,3.62,0.0,45.21
ACAD,2019,10,52.01,65.66,42.44,6.64,0.0,70.31
ACAD,2019,11,37.6,63.77,17.87,3.94,3.06,55.24
ACAD,2019,12,30.74,52.52,11.21,4.67,10.5,64.35
ACAD,2020,1,28.04,50.81,1.94,2.09,7.39,63.39
ACAD,2020,2,28.41,48.11,-2.56,2.33,7.74,54.61
ACAD,2020,3,34.91,56.12,14.36,1.8,10.0,60.22
ACAD,2020,4,40.12,54.95,30.11,3.76,6.61,60.9
ACAD,2020,5,50.12,75.38,34.61,2.66,1.63,57.02
ACAD,2020,6,61.23,84.65,43.34,2.29,0.0,54.74
ACAD,2020,7,67.75,86.45,55.22,2.03,0.0,66.82
ACAD,2020,8,68.43,86.54,54.05,2.17,0.0,49.35
ACAD,2020,9,60.16,76.19,45.32,2.7,0.0,50.9
ACAD,2020,10,50.79,64.49,31.1,4.36,0.17,54.53
ACAD,2020,11,43.97,64.76,24.26,3.69,2.12,59.72
ACAD,2020,12,34.37,56.48,9.77,7.19,4.93,67.57
ACAD,2021,1,27.47,43.79,6.08,1.24,6.5,57.49
ACAD,2021,2,25.7,43.16,3.11,2.05,12.84,65.07
ACAD,2021,3,33.09,52.34,5.63,3.12,0.44,43.96
ACAD,2021,4,44.1,64.4,26.33,4.42,3.5,61.86
ACAD,2021,5,52.61,76.46,39.83,2.78,0.0,62.48
ACAD,2021,6,65.09,86.72,51.17,2.37,0.0,59.83
ACAD,2021,7,65.15,81.77,54.5,8.8,0.0,73.41
ACAD,2021,8,68.15,85.73,57.92,5.08,0.0,67.13
ACAD,2021,9,62.54,73.94,51.44,8.23,0.0,55.59
ACAD,2021,10,54.05,71.24,41.0,4.36,0.0,56.57
ACAD,2021,11,41.35,58.19,24.17,3.8,3.75,47.31
ACAD,2021,12,32.7,55.13,12.11,3.08,5.04,67.49
ACAD,2022,1,21.76,46.22,-3.46,1.44,20.01,66.42
ACAD,2022,2,27.04,54.05,3.11,3.99,7.5,63.61
ACAD,2022,3,34.32,59.09,3.38,3.92,6.81,66.25
ACAD,2022,4,43.03,59.45,30.83,5.62,0.14,68.28
ACAD,2022,5,52.57,80.69,37.76,2.49,0.0,67.88
ACAD,2022,6,60.26,83.39,46.13,3.48,0.0,56.3
ACAD,2022,7,69.61,85.91,58.01,2.84,0.0,48.68
ACAD,2022,8,68.57,84.29,60.53,4.41,0.0,69.35
ACAD,2022,9,61.11,81.32,47.39,5.76,0.0,51.64
ACAD,2022,10,54.1,70.7,40.37,7.3,0.0,61.94
ACAD,2022,11,44.09,64.94,20.3,5.02,0.41,52.29
ACAD,2022,12,34.03,51.8,17.24,5.33,6.45,69.73
ACAD,2023,1,31.56,49.19,14.27,5.78,18.99,71.95
ACAD,2023,2,26.36,51.89,-16.87,0.56,8.27,67.4
ACAD,2023,3,33.85,51.35,20.3,0.98,18.91,65.74
ACAD,2023,4,43.32,68.27,26.69,2.76,0.74,63.31
ACAD,2023,5,53.14,76.46,38.66,3.87,0.0,41.99
ACAD,2023,6,57.82,77.18,43.7,6.81,0.0,78.25
ACAD,2023,7,68.42,83.66,57.92,6.92,0.0,75.43
ACAD,2023,8,65.76,81.41,53.87,6.07,0.0,61.74
ACAD,2023,9,62.64,87.26,46.13,6.09,0.0,63.93
ACAD,2023,10,54.25,79.07,32.36,5.57,0.0,59.67
ACAD,2023,11,37.55,55.4,20.21,2.46,0.08,47.79
ACAD,2023,12,34.14,56.75,12.38,5.25,4.99,62.07
ACAD,2024,1,26.02,48.65,3.83,2.44,15.05,60.61
ACAD,2024,2,28.96,49.01,10.4,1.76,2.01,51.14
ACAD,2024,3,36.2,56.93,9.77,9.88,7.5,78.57
ACAD,2024,4,42.49,62.51,25.25,2.91,8.85,52.53
ACAD,2024,5,53.94,77.63,37.76,2.92,0.0,68.68
ACAD,2024,6,63.79,94.28,46.22,2.44,0.0,60.36
ACAD,2024,7,69.42,87.44,57.74,3.45,0.0,59.35
ACAD,2024,8,66.81,88.52,53.87,7.32,0.0,55.52
ACAD,2024,9,61.58,82.76,49.55,1.48,0.0,46.03
ACAD,2024,10,51.1,69.17,30.2,1.52,0.0,42.08
ACAD,2024,11,42.76,71.33,27.05,2.77,0.77,56.16
ACAD,2024,12,29.99,57.74,7.43,3.2,9.18,55.09
ACAD,2025,1,22.12,43.52,-2.65,1.33,7.94,57.71
ACAD,2025,2,22.19,44.69,-3.73,1.3,11.35,57.11
ACAD,2025,3,34.22,49.1,2.93,4.83,7.06,66.83
ACAD,2025,4,43.17,70.16,23.0,5.86,3.56,69.41
ACAD,2025,5,52.17,81.05,35.15,6.96,0.0,75.97
ACAD,2025,6,62.54,93.56,45.5,3.05,0.0,52.63
ACAD,2025,7,68.2,84.74,54.86,0.92,0.0,64.83
ACAD,2025,8,66.36,94.19,49.82,1.55,0.0,36.72
ACAD,2025,9,61.2,77.9,45.23,3.54,0.0,45.58
ACAD,2025,10,51.86,76.28,37.04,3.89,0.0,48.93
ACAD,2025,11,39.52,59.27,25.88,5.0,0.83,60.98
ACAD,2025,12,25.62,54.5,2.93,2.96,11.99,60.26
ARCH,2006,1,33.4,54.09,15.21,0.27,2.62,43.39
ARCH,2006,2,35.89,64.8,14.67,0.07,0.36,30.9
ARCH,2006,3,39.27,64.8,-2.43,1.13,7.83,61.17
ARCH,2006,4,55.33,82.26,28.26,0.91,0.08,31.99
ARCH,2006,5,68.4,89.82,40.86,0.09,0.0,28.73
ARCH,2006,6,78.87,98.1,53.01,0.28,0.0,25.89
ARCH,2006,7,82.77,102.24,59.94,0.85,0.0,39.95
ARCH,2006,8,77.03,93.15,51.75,0.76,0.0,32.96
ARCH,2006,9,63.06,88.65,37.98,1.84,0.0,27.04
ARCH,2006,10,50.3,82.08,30.96,3.45,0.14,41.34
ARCH,2006,11,40.58,68.94,7.65,0.18,3.94,42.59
ARCH,2006,12,28.84,52.02,10.98,0.21,2.73,37.83
ARCH,2007,1,24.62,49.86,-4.59,0.11,5.65,27.69
ARCH,2007,2,36.19,60.57,9.9,0.57,3.64,55.39
ARCH,2007,3,47.06,75.24,12.51,0.44,0.39,44.35
ARCH,2007,4,54.63,84.06,29.79,1.14,0.03,46.05
ARCH,2007,5,65.79,89.19,36.72,0.4,0.03,40.73
ARCH,2007,6,77.61,98.82,43.65,0.11,0.0,26.4
ARCH,2007,7,84.07,100.62,61.74,0.5,0.0,34.38
ARCH,2007,8,79.87,97.56,59.22,1.33,0.0,31.62
ARCH,2007,9,68.15,91.44,37.17,2.13,0.0,26.45
ARCH,2007,10,53.48,78.48,29.79,1.07,0.0,28.15
ARCH,2007,11,44.31,68.31,17.91,0.42,0.85,32.36
ARCH,2007,12,23.36,47.7,-10.8,1.65,7.3,51.07
ARCH,2008,1,23.99,45.9,-6.93,0.41,6.42,45.31
ARCH,2008,2,31.3,54.45,1.62,0.68,8.38,48.64
ARCH,2008,3,41.41,68.76,21.24,0.27,0.52,32.64
ARCH,2008,4,49.64,79.65,26.19,0.38,1.43,30.83
ARCH,2008,5,60.52,91.71,31.77,0.63,0.03,40.68
ARCH,2008,6,74.2,94.68,45.36,0.35,0.0,17.47
ARCH,2008,7,82.42,98.28,62.28,0.45,0.0,30.59
ARCH,2008,8,77.57,100.62,55.8,1.83,0.0,28.8
ARCH,2008,9,68.83,86.58,45.9,0.28,0.0,15.01
ARCH,2008,10,55.02,81.36,27.9,0.56,0.0,18.44
ARCH,2008,11,44.01,72.99,24.3,0.92,0.25,40.25
ARCH,2008,12,27.25,54.99,-6.84,0.18,9.34,46.59
ARCH,2009,1,29.2,52.74,-2.25,0.47,0.99,25.04
ARCH,2009,2,37.58,62.73,19.89,0.41,1.96,40.71
ARCH,2009,3,45.05,72.99,20.52,0.13,1.63,42.5
ARCH,2009,4,50.76,80.73,16.38,1.04,3.94,41.2
ARCH,2009,5,66.33,90.63,45.81,1.59,0.0,45.28
ARCH,2009,6,71.87,94.5,50.76,0.39,0.0,48.58
ARCH,2009,7,82.73,99.0,62.1,0.06,0.0,26.51
ARCH,2009,8,78.49,97.92,57.6,0.09,0.0,27.37
ARCH,2009,9,69.47,90.72,42.84,1.0,0.0,29.07
ARCH,2009,10,51.25,78.3,19.26,0.42,2.62,34.41
ARCH,2009,11,41.67,68.49,22.32,0.29,1.05,29.34
ARCH,2009,12,19.18,44.73,-17.01,0.26,11.3,40.58
ARCH,2010,1,23.6,42.75,-3.33,0.17,9.67,53.37
ARCH,2010,2,26.42,45.72,-2.52,0.07,9.51,51.8
ARCH,2010,3,38.43,67.59,19.53,0.79,7.17,48.78
ARCH,2010,4,51.34,77.67,26.64,0.72,0.88,52.75
ARCH,2010,5,59.78,89.82,33.66,0.28,0.06,39.68
ARCH,2010,6,75.84,99.27,48.06,0.57,0.0,26.37
ARCH,2010,7,82.08,100.89,55.98,0.97,0.0,32.32
ARCH,2010,8,76.02,95.4,54.9,1.2,0.0,28.46
ARCH,2010,9,70.45,92.88,46.26,0.74,0.0,9.99
ARCH,2010,10,56.76,86.04,28.17,1.0,0.0,34.25
ARCH,2010,11,39.16,68.76,10.26,0.52,2.31,36.18
ARCH,2010,12,36.14,53.91,-3.42,1.27,8.52,63.81
ARCH,2011,1,20.3,48.87,-18.45,0.03,2.59,32.72
ARCH,2011,2,31.05,56.07,-1.17,0.48,1.63,38.56
ARCH,2011,3,45.21,71.64,22.95,0.44,1.07,52.44
ARCH,2011,4,50.86,79.2,27.36,0.74,0.22,51.02
ARCH,2011,5,58.96,83.97,28.8,1.16,0.0,44.7
ARCH,2011,6,74.19,97.65,46.17,0.56,0.0,25.77
ARCH,2011,7,81.42,98.28,57.6,0.57,0.0,31.2
ARCH,2011,8,81.8,98.64,60.39,0.24,0.0,19.62
ARCH,2011,9,68.86,91.62,48.06,1.32,0.0,27.23
ARCH,2011,10,54.64,81.81,29.43,1.09,0.0,25.54
ARCH,2011,11,38.51,63.27,22.59,0.65,3.25,38.02
ARCH,2011,12,27.24,53.73,5.04,0.13,3.61,35.12
ARCH,2012,1,32.85,56.34,16.02,0.26,3.31,42.23
ARCH,2012,2,34.61,56.7,19.17,0.36,4.46,49.03
ARCH,2012,3,48.15,78.93,18.36,0.17,1.57,36.16
ARCH,2012,4,56.97,86.04,31.32,0.11,1.16,38.91
ARCH,2012,5,67.64,91.98,43.02,0.04,0.0,22.88
ARCH,2012,6,79.48,99.09,48.96,0.0,0.0,13.31
ARCH,2012,7,81.85,99.18,61.74,0.74,0.0,40.02
ARCH,2012,8,80.07,98.55,55.17,0.91,0.0,34.36
ARCH,2012,9,69.96,89.73,47.16,0.91,0.0,27.38
ARCH,2012,10,55.62,82.44,27.27,0.38,0.0,23.49
ARCH,2012,11,43.53,69.66,22.77,0.4,0.41,30.95
ARCH,2012,12,28.09,59.49,-7.29,0.12,8.79,57.83
ARCH,2013,1,18.6,47.16,-14.13,0.48,2.4,33.57
ARCH,2013,2,29.74,48.33,7.74,0.17,4.85,43.04
ARCH,2013,3,45.1,70.65,23.13,0.41,0.85,49.53
ARCH,2013,4,51.41,81.9,21.51,0.65,1.85,45.96
ARCH,2013,5,64.08,88.2,33.93,0.5,0.0,36.93
ARCH,2013,6,79.74,102.51,48.87,0.0,0.0,19.79
ARCH,2013,7,83.11,100.26,60.12,0.98,0.0,43.35
ARCH,2013,8,77.17,95.76,57.96,1.68,0.0,50.49
ARCH,2013,9,65.88,93.06,36.54,4.73,0.0,29.07
ARCH,2013,10,50.03,76.95,29.7,1.09,0.08,30.44
ARCH,2013,11,38.65,60.93,16.92,0.69,5.02,38.95
ARCH,2013,12,18.78,46.35,-13.77,0.04,5.68,32.88
ARCH,2014,1,30.38,47.79,11.16,0.11,1.98,28.1
ARCH,2014,2,38.32,61.11,14.49,0.57,0.88,45.63
ARCH,2014,3,45.56,67.5,24.48,0.69,0.19,42.46
ARCH,2014,4,53.46,78.93,26.55,0.59,0.08,53.46
ARCH,2014,5,63.1,92.7,30.06,1.16,1.3,46.14
ARCH,2014,6,76.06,95.49,50.76,0.0,0.0,28.98
ARCH,2014,7,83.11,100.98,62.73,0.59,0.0,36.1
ARCH,2014,8,74.31,94.68,52.38,1.87,0.0,40.43
ARCH,2014,9,69.88,92.52,44.55,1.89,0.0,21.28
ARCH,2014,10,56.71,77.4,35.73,0.23,0.0,27.89
ARCH,2014,11,39.14,71.46,17.46,0.81,0.8,35.93
ARCH,2014,12,33.64,58.68,4.86,0.5,3.94,60.28
ARCH,2015,1,30.74,54.27,-4.77,0.58,2.37,41.38
ARCH,2015,2,40.37,63.54,23.49,0.06,2.56,36.45
ARCH,2015,3,50.04,77.58,23.13,0.31,0.91,34.49
ARCH,2015,4,53.13,80.1,26.55,0.77,0.61,39.64
ARCH,2015,5,61.53,90.18,38.43,1.17,0.0,60.27
ARCH,2015,6,77.06,101.25,50.49,1.68,0.0,27.24
ARCH,2015,7,79.19,99.63,57.78,0.59,0.0,45.02
ARCH,2015,8,77.68,96.39,55.26,1.4,0.0,38.57
ARCH,2015,9,72.74,90.09,48.24,0.44,0.0,29.57
ARCH,2015,10,57.47,88.92,34.11,2.39,0.0,45.39
ARCH,2015,11,37.11,67.05,18.45,1.19,4.35,25.71
ARCH,2015,12,26.63,50.76,-4.05,0.13,9.09,53.7
ARCH,2016,1,23.52,51.12,-3.06,0.13,7.77,54.9
ARCH,2016,2,30.75,60.03,-10.17,0.16,5.7,42.9
ARCH,2016,3,45.71,72.27,24.93,0.51,1.43,48.97
ARCH,2016,4,52.95,80.46,29.34,1.32,0.36,54.02
ARCH,2016,5,62.27,86.31,35.91,0.72,0.0,45.6
ARCH,2016,6,81.35,102.87,53.73,0.07,0.0,26.73
ARCH,2016,7,83.24,100.89,62.73,0.22,0.0,28.88
ARCH,2016,8,76.27,95.58,56.88,1.44,0.0,39.11
ARCH,2016,9,67.71,90.9,42.57,1.32,0.0,28.09
ARCH,2016,10,58.23,79.29,33.75,0.78,0.0,37.31
ARCH,2016,11,44.63,65.25,21.15,1.53,1.35,39.62
ARCH,2016,12,29.16,53.46,4.68,0.66,5.29,45.3
ARCH,2017,1,30.7,50.27,6.35,0.8,6.5,58.83
ARCH,2017,2,42.15,64.94,16.7,0.67,0.5,58.43
ARCH,2017,3,51.62,79.61,22.73,0.57,0.3,51.39
ARCH,2017,4,54.63,79.79,28.85,0.34,0.0,41.59
ARCH,2017,5,64.62,89.24,36.68,0.55,0.0,38.55
ARCH,2017,6,80.8,101.03,50.81,0.11,0.0,19.93
ARCH,2017,7,83.3,101.3,62.06,1.27,0.0,46.28
ARCH,2017,8,80.26,95.72,56.93,0.33,0.0,26.56
ARCH,2017,9,69.73,97.7,34.97,0.62,0.0,36.55
ARCH,2017,10,53.02,77.54,30.74,0.17,0.06,23.11
ARCH,2017,11,45.79,69.17,21.83,0.15,0.0,38.99
ARCH,2017,12,31.51,61.79,5.72,0.02,3.28,31.06
ARCH,2018,1,33.41,55.67,14.72,0.17,1.24,46.34
ARCH,2018,2,38.02,61.52,16.43,0.28,2.18,46.27
ARCH,2018,3,47.21,74.12,18.77,0.4,0.88,47.01
ARCH,2018,4,57.48,81.68,29.3,0.28,0.08,49.03
ARCH,2018,5,68.75,90.86,41.36,0.3,0.0,38.69
ARCH,2018,6,80.46,102.02,55.85,0.04,0.0,19.47
ARCH,2018,7,86.39,102.2,59.45,0.07,0.0,39.24
ARCH,2018,8,82.04,98.6,58.82,0.17,0.0,28.78
ARCH,2018,9,74.49,93.38,44.87,0.01,0.0,20.1
ARCH,2018,10,50.02,79.7,24.98,2.43,0.0,43.65
ARCH,2018,11,37.27,60.8,18.86,0.07,0.47,26.23
ARCH,2018,12,28.4,47.66,8.15,0.07,5.62,45.25
ARCH,2019,1,28.63,45.95,2.03,0.17,3.75,47.54
ARCH,2019,2,32.25,53.87,6.8,0.59,5.4,50.77
ARCH,2019,3,42.86,71.42,22.28,2.04,2.54,54.54
ARCH,2019,4,57.13,78.8,28.49,0.73,1.02,54.39
ARCH,2019,5,59.28,86.09,34.16,0.99,0.0,48.33
ARCH,2019,6,74.55,96.98,44.6,0.14,0.0,33.82
ARCH,2019,7,84.48,100.22,62.42,0.07,0.0,30.22
ARCH,2019,8,83.03,98.24,57.92,0.01,0.0,32.65
ARCH,2019,9,73.02,98.24,44.24,0.19,0.0,21.47
ARCH,2019,10,48.96,78.71,12.02,0.04,0.03,17.01
ARCH,2019,11,41.57,60.53,16.52,0.74,2.43,32.77
ARCH,2019,12,29.28,50.36,5.45,0.58,5.57,55.81
ARCH,2020,1,26.52,45.05,11.03,0.01,1.79,48.13
ARCH,2020,2,33.82,56.21,9.59,0.15,0.91,36.09
ARCH,2020,3,46.92,68.45,25.97,1.09,0.63,52.8
ARCH,2020,4,56.07,87.71,24.89,0.07,0.0,36.74
ARCH,2020,5,70.02,96.17,44.33,0.11,0.0,30.84
ARCH,2020,6,76.81,99.23,39.65,0.59,0.0,27.95
ARCH,2020,7,84.16,101.84,54.5,0.24,0.0,24.67
ARCH,2020,8,85.92,101.75,61.34,0.0,0.0,19.35
ARCH,2020,9,70.73,99.14,39.11,0.33,0.0,22.0
ARCH,2020,10,57.95,82.22,15.98,0.22,1.79,21.03
ARCH,2020,11,42.26,69.8,18.14,0.36,0.96,29.36
ARCH,2020,12,28.03,48.92,11.48,0.0,3.14,32.61
ARCH,2021,1,29.47,53.33,12.2,0.19,1.6,42.55
ARCH,2021,2,35.47,57.02,15.98,0.7,1.21,41.64
ARCH,2021,3,44.63,70.88,20.48,0.56,1.52,42.44
ARCH,2021,4,55.44,82.76,31.1,0.34,0.03,32.25
ARCH,2021,5,67.25,89.15,42.35,0.2,0.0,38.62
ARCH,2021,6,81.98,103.46,53.96,0.01,0.0,28.29
ARCH,2021,7,85.85,105.98,64.22,0.11,0.0,41.12
ARCH,2021,8,80.36,99.14,52.43,0.94,0.0,18.66
ARCH,2021,9,71.27,96.62,44.33,1.29,0.0,22.64
ARCH,2021,10,51.24,76.91,29.66,1.77,0.33,41.35
ARCH,2021,11,43.9,72.05,23.45,0.12,0.14,35.93
ARCH,2021,12,34.21,53.87,15.44,0.7,3.2,50.05
ARCH,2022,1,29.22,50.27,8.69,0.05,0.55,34.82
ARCH,2022,2,31.66,58.55,6.8,0.02,4.69,32.66
ARCH,2022,3,44.68,80.51,17.42,0.61,1.32,46.61
ARCH,2022,4,54.98,82.49,24.89,0.24,0.3,46.28
ARCH,2022,5,65.4,91.4,37.13,0.26,0.03,49.61
ARCH,2022,6,78.54,101.12,48.83,0.22,0.0,31.6
ARCH,2022,7,84.68,103.64,64.31,0.49,0.0,40.06
ARCH,2022,8,81.16,99.77,59.09,0.39,0.0,34.86
ARCH,2022,9,73.83,100.94,44.6,0.55,0.0,22.48
ARCH,2022,10,54.36,78.44,28.13,1.15,1.87,24.02
ARCH,2022,11,35.12,63.14,15.44,0.41,1.46,34.81
ARCH,2022,12,30.41,50.45,9.05,0.37,2.67,61.04
ARCH,2023,1,30.3,52.07,12.56,0.75,9.45,68.01
ARCH,2023,2,30.13,51.44,9.59,0.1,3.89,50.51
ARCH,2023,3,37.65,58.01,20.84,1.67,7.77,56.97
ARCH,2023,4,51.92,82.85,23.45,0.33,1.27,40.67
ARCH,2023,5,68.81,86.9,43.16,0.15,0.0,44.82
ARCH,2023,6,74.42,93.74,52.16,0.25,0.0,35.22
ARCH,2023,7,87.05,107.24,62.6,0.04,0.0,20.83
ARCH,2023,8,81.74,97.79,62.06,0.26,0.0,31.74
ARCH,2023,9,71.77,92.03,48.65,0.07,0.0,26.84
ARCH,2023,10,56.39,80.78,21.83,0.52,0.03,17.25
ARCH,2023,11,40.76,72.41,14.72,0.9,3.58,41.67
ARCH,2023,12,31.41,49.28,14.0,0.57,1.27,50.98
ARCH,2024,1,32.26,51.71,12.65,0.26,2.29,55.22
ARCH,2024,2,37.88,61.52,18.77,0.45,4.52,52.71
ARCH,2024,3,45.46,68.09,26.15,0.85,3.33,60.28
ARCH,2024,4,57.39,83.66,31.73,0.27,0.14,33.34
ARCH,2024,5,63.95,89.51,37.04,0.28,0.3,33.63
ARCH,2024,6,80.49,100.85,51.44,0.36,0.0,32.82
ARCH,2024,7,85.64,102.92,65.57,0.01,0.0,17.65
ARCH,2024,8,79.89,100.67,53.06,1.17,0.0,35.46
ARCH,2024,9,74.17,92.75,50.18,0.02,0.0,14.51
ARCH,2024,10,61.31,88.34,27.77,1.22,0.39,32.85
ARCH,2024,11,37.56,61.79,20.93,0.68,0.61,35.43
ARCH,2024,12,31.6,46.58,14.9,0.01,1.05,40.43
ARCH,2025,1,29.08,46.4,7.88,0.0,0.08,35.13
ARCH,2025,2,41.49,69.08,19.04,0.08,5.95,44.61
ARCH,2025,3,48.55,79.52,26.69,0.33,2.76,48.84
ARCH,2025,4,56.48,84.2,27.23,0.19,1.49,45.86
ARCH,2025,5,67.2,94.01,42.26,0.25,0.0,32.29
ARCH,2025,6,79.42,102.2,53.96,0.36,0.0,18.84
ARCH,2025,7,84.16,103.1,62.78,0.16,0.0,31.61
ARCH,2025,8,81.2,101.66,55.4,0.43,0.0,32.42
ARCH,2025,9,70.65,92.93,47.57,0.35,0.0,27.96
ARCH,2025,10,55.67,86.45,30.11,2.21,0.0,21.77
ARCH,2025,11,45.25,70.61,25.52,0.64,1.35,52.83
ARCH,2025,12,37.45,64.13,21.92,0.34,1.3,49.96
BADL,2006,1,36.17,59.81,19.22,0.1,0.91,45.01
BADL,2006,2,27.04,71.33,-22.0,0.03,3.44,47.74
BADL,2006,3,34.35,70.25,4.01,0.39,13.04,65.39
BADL,2006,4,51.43,82.04,23.0,2.19,7.17,52.32
BADL,2006,5,61.43,93.65,34.52,1.19,0.0,36.13
BADL,2006,6,74.22,101.12,49.91,0.76,0.0,37.43
BADL,2006,7,82.36,109.94,62.69,0.67,0.0,35.24
BADL,2006,8,76.45,102.11,53.06,1.65,0.0,35.91
BADL,2006,9,60.62,93.92,36.86,2.04,0.0,46.62
BADL,2006,10,47.5,83.57,17.69,0.12,1.3,51.04
BADL,2006,11,37.65,74.21,6.26,0.26,1.85,47.92
BADL,2006,12,30.91,58.01,5.9,0.01,1.82,45.32
BADL,2007,1,27.65,57.02,2.21,0.08,1.13,42.56
BADL,2007,2,23.73,57.29,-21.64,0.02,5.62,59.41
BADL,2007,3,45.1,78.89,19.13,2.22,2.04,55.08
BADL,2007,4,46.07,80.6,15.8,1.08,1.38,53.25
BADL,2007,5,63.1,90.77,41.99,2.43,0.0,47.89
BADL,2007,6,72.71,105.62,43.52,2.09,0.0,42.63
BADL,2007,7,82.28,105.44,56.21,0.74,0.0,32.49
BADL,2007,8,77.19,103.64,54.05,1.37,0.0,44.23
BADL,2007,9,67.88,98.24,42.35,0.56,0.0,29.82
BADL,2007,10,53.33,86.99,32.9,0.95,0.0,41.43
BADL,2007,11,40.63,72.5,11.66,0.02,0.11,45.96
BADL,2007,12,27.11,62.15,12.29,0.07,4.24,48.3
BADL,2008,1,24.91,58.64,-14.44,0.0,3.42,41.97
BADL,2008,2,28.6,56.3,1.94,0.09,3.33,55.95
BADL,2008,3,37.2,71.51,9.41,0.44,6.2,57.13
BADL,2008,4,46.6,84.11,18.32,0.87,2.31,49.32
BADL,2008,5,54.74,84.56,22.91,4.81,4.6,57.66
BADL,2008,6,65.9,91.04,42.17,3.14,0.0,46.05
BADL,2008,7,78.0,96.8,54.86,0.66,0.0,33.03
BADL,2008,8,75.17,98.24,54.05,1.41,0.0,27.73
BADL,2008,9,62.91,87.98,42.8,1.66,0.0,37.04
BADL,2008,10,49.75,78.89,23.9,1.98,0.0,40.49
BADL,2008,11,37.13,77.09,12.02,0.92,7.28,54.59
BADL,2008,12,21.61,50.81,-11.92,0.06,4.22,44.64
BADL,2009,1,26.51,59.63,-15.88,0.03,3.53,55.43
BADL,2009,2,30.39,65.48,3.11,0.76,2.48,51.32
BADL,2009,3,34.41,77.09,-1.39,0.26,13.37,44.84
BADL,2009,4,41.17,82.22,6.08,1.69,12.4,60.54
BADL,2009,5,59.5,97.97,32.09,1.2,0.0,52.99
BADL,2009,6,65.08,96.8,41.72,2.37,0.0,56.64
BADL,2009,7,71.85,93.47,51.26,2.82,0.0,38.25
BADL,2009,8,70.08,94.82,50.36,3.75,0.0,38.09
BADL,2009,9,65.62,87.62,41.72,1.05,0.0,31.4
BADL,2009,10,40.68,75.11,19.67,2.85,5.62,64.96
BADL,2009,11,41.48,72.23,24.44,0.12,0.22,34.45
BADL,2009,12,14.99,38.12,-17.41,0.0,10.97,63.3
BADL,2010,1,18.14,40.01,-24.97,0.13,2.67,56.08
BADL,2010,2,19.39,44.15,-5.98,0.05,4.02,62.16
BADL,2010,3,39.4,79.52,18.68,0.17,6.53,55.19
BADL,2010,4,49.36,80.24,28.67,3.39,2.45,63.06
BADL,2010,5,55.56,90.95,27.41,3.29,1.07,56.27
BADL,2010,6,67.73,95.81,46.85,4.59,0.0,46.68
BADL,2010,7,75.58,98.24,53.6,1.75,0.0,29.63
BADL,2010,8,77.43,104.18,55.04,0.85,0.0,26.74
BADL,2010,9,63.98,93.74,42.26,1.65,0.0,30.86
BADL,2010,10,55.33,88.34,31.73,1.43,0.28,38.59
BADL,2010,11,35.9,72.86,4.01,0.12,2.76,49.91
BADL,2010,12,26.52,52.52,-1.03,0.08,5.1,55.97
BADL,2011,1,18.68,54.86,-20.74,0.04,4.6,62.91
BADL,2011,2,22.04,63.68,-12.1,0.09,8.02,53.57
BADL,2011,3,31.91,68.54,-2.56,0.46,6.37,72.78
BADL,2011,4,45.59,76.91,24.26,0.85,7.03,66.63
BADL,2011,5,53.99,82.49,32.99,6.4,0.0,67.22
BADL,2011,6,67.32,99.77,45.95,2.83,0.0,42.8
BADL,2011,7,78.42,101.84,58.46,2.63,0.0,33.96
BADL,2011,8,76.46,99.23,57.38,2.0,0.0,31.07
BADL,2011,9,63.92,89.15,39.56,0.65,0.0,25.11
BADL,2011,10,53.23,91.22,28.22,1.0,0.0,43.63
BADL,2011,11,37.68,62.96,11.57,0.22,2.07,42.13
BADL,2011,12,30.3,55.67,8.87,0.08,1.63,33.21
BADL,2012,1,31.31,63.05,3.47,0.13,1.68,45.77
BADL,2012,2,29.96,54.68,2.57,0.18,5.04,49.94
BADL,2012,3,51.12,84.47,11.75,0.01,0.06,41.41
BADL,2012,4,54.13,87.26,33.53,2.55,0.0,51.39
BADL,2012,5,60.77,97.61,38.12,1.69,0.0,46.39
BADL,2012,6,74.39,107.15,50.18,1.97,0.0,42.13
BADL,2012,7,83.17,106.16,62.24,0.36,0.0,37.71
BADL,2012,8,76.79,104.81,55.67,0.24,0.0,21.58
BADL,2012,9,68.6,99.95,45.59,0.05,0.0,30.09
BADL,2012,10,49.23,84.83,23.63,0.66,0.58,46.6
BADL,2012,11,40.51,70.79,16.52,0.11,1.63,48.01
BADL,2012,12,29.94,66.11,9.5,0.03,1.35,52.73
BADL,2013,1,26.69,53.69,-3.19,0.02,3.86,53.14
BADL,2013,2,31.89,57.92,13.1,0.02,2.48,53.03
BADL,2013,3,36.12,70.61,13.55,0.11,3.22,54.57
BADL,2013,4,36.81,75.92,0.14,0.34,21.58,57.03
BADL,2013,5,58.27,89.96,28.22,3.64,0.0,57.75
BADL,2013,6,67.62,88.61,41.9,2.69,0.0,44.35
BADL,2013,7,75.27,98.6,55.04,1.86,0.0,35.14
BADL,2013,8,74.66,97.25,57.92,2.76,0.0,47.72
BADL,2013,9,69.06,94.37,40.73,1.32,0.0,40.43
BADL,2013,10,43.58,71.33,27.14,2.98,21.66,57.23
BADL,2013,11,34.68,57.47,12.65,0.21,3.94,39.33
BADL,2013,12,20.09,52.52,-15.52,0.1,4.77,51.94
BADL,2014,1,28.06,56.12,-6.61,0.14,0.5,48.42
BADL,2014,2,23.39,64.22,-6.97,0.05,2.29,52.86
BADL,2014,3,33.35,70.34,-15.7,0.25,6.15,62.76
BADL,2014,4,46.56,81.23,15.62,1.54,3.58,57.99
BADL,2014,5,56.76,91.04,30.92,2.63,3.89,64.85
BADL,2014,6,65.17,89.78,44.06,3.87,0.0,48.65
BADL,2014,7,74.52,103.28,50.45,0.28,0.0,32.34
BADL,2014,8,72.94,98.51,51.44,2.61,0.0,51.03
BADL,2014,9,62.6,91.58,32.81,2.8,0.0,36.15
BADL,2014,10,53.04,79.34,31.37,0.3,0.0,36.96
BADL,2014,11,30.86,68.81,-7.51,0.17,2.92,53.93
BADL,2014,12,26.48,59.0,-13.09,0.07,6.06,51.71
BADL,2015,1,26.54,66.02,-4.99,0.05,1.05,43.53
BADL,2015,2,29.66,66.29,2.48,0.01,1.21,49.61
BADL,2015,3,44.13,79.88,8.51,0.05,1.1,44.9
BADL,2015,4,49.46,77.45,24.08,2.33,0.0,50.74
BADL,2015,5,52.64,81.77,24.71,4.44,14.88,71.92
BADL,2015,6,69.34,91.31,50.99,3.58,0.0,49.54
BADL,2015,7,74.94,97.79,57.11,1.34,0.0,31.83
BADL,2015,8,72.88,98.15,45.32,3.14,0.0,35.7
BADL,2015,9,68.5,95.63,46.58,0.32,0.0,29.5
BADL,2015,10,53.91,86.27,24.71,1.24,0.0,46.35
BADL,2015,11,37.4,70.7,12.56,0.29,3.31,43.12
BADL,2015,12,24.28,63.59,-6.43,0.07,9.84,54.31
BADL,2016,1,23.54,54.23,-4.63,0.06,1.68,59.13
BADL,2016,2,36.91,69.89,17.87,0.26,1.79,50.49
BADL,2016,3,43.16,74.21,21.47,1.34,3.17,53.79
BADL,2016,4,49.55,82.04,28.13,2.2,6.7,58.53
BADL,2016,5,58.21,84.38,32.09,0.85,0.0,48.95
BADL,2016,6,76.29,103.19,48.11,0.74,0.0,26.79
BADL,2016,7,77.67,102.83,58.46,1.45,0.0,31.87
BADL,2016,8,74.31,101.3,49.28,1.17,0.0,35.07
BADL,2016,9,65.19,89.06,46.13,1.03,0.0,38.5
BADL,2016,10,56.27,84.47,31.46,0.77,0.0,41.72
BADL,2016,11,45.02,73.04,21.2,0.01,3.44,43.67
BADL,2016,12,19.81,44.33,-24.88,0.29,7.91,42.4
BADL,2017,1,15.95,41.63,-17.05,0.0,5.51,52.4
BADL,2017,2,32.12,68.27,-5.17,0.06,3.83,53.39
BADL,2017,3,40.89,72.32,11.03,1.33,1.07,63.33
BADL,2017,4,48.65,77.27,27.23,2.18,4.3,61.28
BADL,2017,5,57.87,89.78,37.58,2.68,0.0,48.2
BADL,2017,6,71.02,100.22,50.63,2.58,0.0,41.47
BADL,2017,7,80.97,104.0,54.23,0.89,0.0,39.66
BADL,2017,8,71.93,93.47,54.23,1.43,0.0,36.12
BADL,2017,9,64.72,97.34,41.72,1.86,0.0,35.26
BADL,2017,10,49.91,80.15,20.21,0.63,0.03,35.94
BADL,2017,11,39.64,69.8,21.2,0.37,1.63,50.95
BADL,2017,12,26.7,56.93,-16.42,0.07,4.66,57.25
BADL,2018,1,25.19,59.9,-17.05,0.08,3.36,54.15
BADL,2018,2,16.86,50.09,-20.2,0.02,7.61,49.36
BADL,2018,3,34.08,64.13,13.1,0.28,8.52,55.53
BADL,2018,4,39.76,79.43,7.07,0.55,7.8,56.35
BADL,2018,5,62.28,94.19,41.27,2.81,0.0,59.82
BADL,2018,6,70.96,102.02,51.44,3.4,0.0,46.18
BADL,2018,7,75.13,101.48,54.77,4.19,0.0,34.59
BADL,2018,8,71.5,95.81,49.1,1.92,0.0,35.66
BADL,2018,9,64.01,92.93,39.38,1.04,0.0,45.18
BADL,2018,10,46.04,76.28,23.27,0.94,3.11,43.72
BADL,2018,11,34.35,56.57,11.48,0.39,1.54,53.91
BADL,2018,12,28.74,55.22,2.3,0.24,8.54,46.17
BADL,2019,1,26.42,49.55,-5.71,0.14,3.56,55.89
BADL,2019,2,11.77,57.74,-13.27,0.11,6.01,62.36
BADL,2019,3,24.55,65.39,-24.07,0.61,14.03,54.65
BADL,2019,4,43.45,75.47,11.75,1.8,9.92,61.44
BADL,2019,5,50.2,84.02,27.05,5.43,2.23,65.25
BADL,2019,6,66.9,93.83,46.58,2.31,0.0,43.82
BADL,2019,7,73.61,93.56,56.21,3.88,0.0,42.93
BADL,2019,8,70.35,89.78,48.02,1.8,0.0,42.73
BADL,2019,9,64.69,88.16,45.23,1.98,0.0,45.74
BADL,2019,10,40.29,70.79,9.95,0.53,5.26,44.33
BADL,2019,11,34.27,66.11,9.41,0.26,11.52,57.49
BADL,2019,12,28.78,52.7,8.51,0.02,8.05,53.76
BADL,2020,1,28.76,49.46,3.02,0.13,2.2,47.53
BADL,2020,2,29.67,59.9,0.32,0.01,6.15,47.21
BADL,2020,3,38.68,66.92,10.94,0.7,3.61,49.15
BADL,2020,4,44.26,85.28,12.65,0.26,6.04,44.87
BADL,2020,5,56.88,88.97,31.19,2.01,0.39,56.98
BADL,2020,6,73.06,98.51,48.83,0.74,0.0,42.19
BADL,2020,7,78.13,103.46,55.76,2.22,0.0,28.99
BADL,2020,8,77.78,101.93,50.9,0.1,0.0,27.29
BADL,2020,9,63.37,97.52,36.23,0.64,0.0,32.88
BADL,2020,10,44.7,82.04,2.3,0.33,6.34,45.19
BADL,2020,11,40.6,72.77,21.38,0.07,0.63,29.31
BADL,2020,12,32.56,58.55,16.61,0.08,1.82,48.72
BADL,2021,1,31.27,53.33,13.82,0.09,1.21,47.32
BADL,2021,2,16.56,57.92,-22.18,0.01,6.31,55.0
BADL,2021,3,40.09,70.61,21.38,0.26,10.97,47.29
BADL,2021,4,45.87,85.28,22.01,0.72,6.61,49.36
BADL,2021,5,56.59,82.4,33.8,2.42,0.0,55.71
BADL,2021,6,75.29,101.84,54.14,1.05,0.0,35.23
BADL,2021,7,78.73,102.83,60.08,1.7,0.0,30.84
BADL,2021,8,75.0,102.56,51.71,1.0,0.0,22.52
BADL,2021,9,67.54,92.3,46.4,1.98,0.0,34.5
BADL,2021,10,52.18,84.47,27.77,2.51,0.25,41.71
BADL,2021,11,41.7,67.82,18.41,0.28,0.36,58.0
BADL,2021,12,28.92,65.3,-1.48,0.0,6.92,68.19
BADL,2022,1,28.7,54.95,-7.78,0.04,0.5,62.62
BADL,2022,2,26.81,59.54,-14.26,0.1,4.11,62.17
BADL,2022,3,36.85,69.89,4.1,0.03,4.24,65.04
BADL,2022,4,43.06,79.79,18.41,0.82,1.38,67.72
BADL,2022,5,56.89,90.05,32.54,2.43,0.0,61.55
BADL,2022,6,69.07,98.6,44.42,2.13,0.0,44.79
BADL,2022,7,76.86,104.72,56.21,2.24,0.0,28.0
BADL,2022,8,75.85,100.49,56.66,1.8,0.0,33.6
BADL,2022,9,68.63,99.77,43.88,0.59,0.0,27.99
BADL,2022,10,50.33,76.28,29.66,0.29,0.25,43.85
BADL,2022,11,31.41,73.31,1.04,0.02,1.87,55.52
BADL,2022,12,19.43,54.05,-26.95,0.01,8.85,64.43
BADL,2023,1,27.18,54.14,-2.47,0.15,7.83,70.91
BADL,2023,2,28.05,54.77,-21.19,0.07,6.81,48.62
BADL,2023,3,29.9,65.93,10.49,0.02,12.93,63.94
BADL,2023,4,40.8,78.08,9.23,0.36,9.23,56.25
BADL,2023,5,61.81,82.85,31.73,4.21,0.0,47.3
BADL,2023,6,67.75,90.86,49.28,7.39,0.0,52.14
BADL,2023,7,73.52,97.16,52.79,0.76,0.0,36.31
BADL,2023,8,73.35,101.48,54.86,1.93,0.0,38.65
BADL,2023,9,65.4,99.5,48.38,1.91,0.0,34.17
BADL,2023,10,47.6,84.83,13.64,3.35,0.41,45.9
BADL,2023,11,39.19,67.01,16.97,0.02,0.44,45.25
BADL,2023,12,33.02,59.36,14.54,0.08,4.88,50.18
BADL,2024,1,22.35,61.7,-17.59,0.01,2.76,49.07
BADL,2024,2,34.0,63.59,4.01,0.41,2.34,53.51
BADL,2024,3,37.1,64.94,9.86,0.1,4.8,57.87
BADL,2024,4,47.78,79.79,23.27,3.12,3.03,51.48
BADL,2024,5,56.92,86.27,30.65,2.17,0.14,50.69
BADL,2024,6,69.82,91.85,46.04,1.42,0.0,43.7
BADL,2024,7,76.9,103.64,55.13,0.97,0.0,26.33
BADL,2024,8,74.75,104.9,52.52,1.85,0.0,37.53
BADL,2024,9,70.85,96.89,43.34,0.62,0.0,19.95
BADL,2024,10,56.3,85.37,32.54,0.26,0.0,35.66
BADL,2024,11,36.46,62.15,10.22,0.32,0.44,45.15
BADL,2024,12,31.55,57.92,6.08,0.06,2.15,52.65
BADL,2025,1,21.66,53.42,-8.14,0.08,3.58,53.5
BADL,2025,2,19.21,63.77,-21.73,0.06,3.97,53.46
BADL,2025,3,40.57,77.09,13.01,0.37,5.26,57.45
BADL,2025,4,48.4,78.44,25.52,2.04,1.1,53.81
BADL,2025,5,59.31,95.36,37.04,3.25,0.0,50.11
BADL,2025,6,69.47,101.84,43.97,1.96,0.0,45.37
BADL,2025,7,75.32,97.97,54.23,2.72,0.0,46.9
BADL,2025,8,73.94,97.97,55.76,1.19,0.0,39.83
BADL,2025,9,67.08,92.66,41.0,1.44,0.0,43.49
BADL,2025,10,53.47,92.48,24.08,0.73,0.0,38.13
BADL,2025,11,40.78,74.12,-1.75,0.2,1.85,53.68
BADL,2025,12,33.11,65.03,4.01,0.2,2.65,62.99
BIBE,2006,1,51.09,73.92,31.08,0.13,0.0,34.83
BIBE,2006,2,52.26,80.13,23.52,0.06,0.0,36.0
BIBE,2006,3,62.67,85.08,31.35,0.0,0.0,39.65
BIBE,2006,4,71.8,94.8,47.01,0.4,0.0,39.14
BIBE,2006,5,77.78,96.96,54.84,0.11,0.0,24.86
BIBE,2006,6,79.58,97.23,61.23,0.27,0.0,25.38
BIBE,2006,7,79.55,95.25,61.59,0.2,0.0,39.61
BIBE,2006,8,77.54,95.52,63.39,1.5,0.0,49.33
BIBE,2006,9,72.06,90.84,53.58,1.0,0.0,39.82
BIBE,2006,10,65.99,83.82,41.16,0.88,0.0,31.05
BIBE,2006,11,57.03,80.22,31.71,0.06,0.0,16.41
BIBE,2006,12,45.88,75.27,26.22,0.67,0.85,35.74
BIBE,2007,1,41.58,75.18,20.46,0.88,3.03,56.85
BIBE,2007,2,51.77,83.28,24.33,0.13,0.0,25.86
BIBE,2007,3,60.5,85.53,27.21,1.33,0.0,26.15
BIBE,2007,4,64.9,89.22,29.46,0.67,0.0,33.57
BIBE,2007,5,70.34,92.91,51.24,1.18,0.0,27.41
BIBE,2007,6,77.19,100.11,61.95,1.29,0.0,27.03
BIBE,2007,7,74.97,93.0,61.95,1.42,0.0,47.85
BIBE,2007,8,77.64,95.07,64.38,1.15,0.0,32.54
BIBE,2007,9,74.72,90.21,61.14,0.72,0.0,35.36
BIBE,2007,10,68.94,90.39,38.73,0.09,0.0,10.04
BIBE,2007,11,56.05,80.04,26.76,0.18,0.14,37.19
BIBE,2007,12,50.25,78.87,26.49,0.0,0.0,21.36
BIBE,2008,1,46.67,75.09,23.79,0.28,0.0,36.66
BIBE,2008,2,55.48,86.52,31.62,0.01,0.0,29.17
BIBE,2008,3,58.84,84.72,27.57,0.38,0.0,24.53
BIBE,2008,4,68.09,92.01,40.17,0.07,0.0,20.01
BIBE,2008,5,74.81,97.23,51.33,0.85,0.0,27.38
BIBE,2008,6,82.56,101.1,66.45,0.24,0.0,19.23
BIBE,2008,7,76.34,94.17,61.95,1.72,0.0,45.77
BIBE,2008,8,75.06,92.37,61.5,2.54,0.0,55.55
BIBE,2008,9,67.96,85.8,52.95,1.6,0.0,43.28
BIBE,2008,10,66.0,87.24,42.87,0.25,0.0,16.7
BIBE,2008,11,55.24,81.12,32.61,0.01,0.0,21.06
BIBE,2008,12,50.19,78.87,26.67,0.11,0.0,26.19
BIBE,2009,1,50.35,79.68,28.74,0.0,0.0,30.49
BIBE,2009,2,56.55,85.17,31.71,0.0,0.0,27.25
BIBE,2009,3,60.75,87.06,34.41,0.69,0.0,41.59
BIBE,2009,4,67.82,92.19,36.93,0.02,0.0,27.85
BIBE,2009,5,74.47,98.58,54.39,0.82,0.0,35.52
BIBE,2009,6,79.48,99.66,62.58,3.21,0.0,36.33
BIBE,2009,7,81.85,97.41,66.36,0.68,0.0,36.5
BIBE,2009,8,80.24,93.9,63.48,0.29,0.0,39.24
BIBE,2009,9,70.52,89.22,52.32,1.09,0.0,41.35
BIBE,2009,10,65.84,91.2,37.74,0.61,0.0,34.01
BIBE,2009,11,55.21,76.8,35.13,0.56,0.0,24.51
BIBE,2009,12,44.63,70.32,25.23,0.44,0.63,40.77
BIBE,2010,1,43.86,77.88,18.84,0.43,0.0,33.5
BIBE,2010,2,46.33,78.24,25.68,0.68,0.22,28.79
BIBE,2010,3,56.13,87.6,31.26,0.07,0.0,26.78
BIBE,2010,4,65.65,90.84,42.69,0.79,0.0,30.97
BIBE,2010,5,75.95,98.04,45.84,0.09,0.0,17.11
BIBE,2010,6,81.2,100.92,64.11,0.72,0.0,29.39
BIBE,2010,7,74.37,89.76,63.12,5.38,0.0,53.0
BIBE,2010,8,81.1,95.52,64.47,0.26,0.0,23.55
BIBE,2010,9,75.26,91.65,55.2,0.41,0.0,30.78
BIBE,2010,10,68.5,86.07,45.03,0.04,0.0,19.86
BIBE,2010,11,56.39,80.85,30.09,0.0,0.0,8.85
BIBE,2010,12,50.91,73.47,28.65,0.0,0.0,16.62
BIBE,2011,1,47.56,71.67,21.36,0.0,0.0,25.82
BIBE,2011,2,49.51,82.56,7.41,0.0,0.0,8.92
BIBE,2011,3,66.0,87.33,37.38,0.02,0.0,20.66
BIBE,2011,4,73.75,97.23,47.37,0.0,0.0,16.79
BIBE,2011,5,76.48,99.75,44.04,0.05,0.0,14.71
BIBE,2011,6,84.37,101.46,66.81,0.04,0.0,10.09
BIBE,2011,7,81.5,94.8,66.9,0.31,0.0,30.0
BIBE,2011,8,83.29,96.96,67.71,0.34,0.0,23.74
BIBE,2011,9,76.23,91.83,56.1,0.46,0.0,20.24
BIBE,2011,10,68.01,90.75,38.82,0.09,0.0,7.92
BIBE,2011,11,56.09,83.19,27.66,0.07,0.0,18.72
BIBE,2011,12,44.17,71.67,22.08,0.13,0.03,49.38
BIBE,2012,1,49.72,75.99,25.32,0.09,0.0,30.49
BIBE,2012,2,51.56,85.44,27.84,0.61,0.0,36.5
BIBE,2012,3,62.43,86.88,32.25,0.37,0.0,40.54
BIBE,2012,4,71.63,96.33,46.29,0.32,0.0,30.82
BIBE,2012,5,74.64,99.84,50.34,0.91,0.0,19.67
BIBE,2012,6,81.91,98.67,64.29,0.11,0.0,24.19
BIBE,2012,7,77.7,94.53,63.03,0.69,0.0,40.71
BIBE,2012,8,79.89,98.49,62.31,0.76,0.0,34.06
BIBE,2012,9,72.95,93.36,52.95,1.61,0.0,26.04
BIBE,2012,10,67.8,88.95,41.79,0.03,0.0,20.1
BIBE,2012,11,58.96,83.28,35.85,0.29,0.0,32.42
BIBE,2012,12,51.41,75.63,27.75,0.06,0.0,42.97
BIBE,2013,1,44.79,75.09,20.37,1.7,1.16,38.42
BIBE,2013,2,52.38,82.38,30.9,0.0,0.0,30.78
BIBE,2013,3,60.11,85.62,33.33,0.03,0.0,20.66
BIBE,2013,4,67.01,90.84,41.07,0.14,0.0,16.36
BIBE,2013,5,73.33,97.05,36.66,0.44,0.0,28.94
BIBE,2013,6,80.04,97.41,62.85,0.74,0.0,37.82
BIBE,2013,7,75.62,91.74,61.23,2.0,0.0,61.12
BIBE,2013,8,79.45,94.71,64.56,0.34,0.0,29.31
BIBE,2013,9,71.04,92.01,53.31,4.69,0.0,42.05
BIBE,2013,10,64.63,87.96,43.77,1.18,0.0,31.09
BIBE,2013,11,49.91,73.38,27.75,1.04,0.0,43.57
BIBE,2013,12,45.77,75.18,21.54,0.35,0.0,43.12
BIBE,2014,1,46.85,77.25,20.64,0.0,0.0,35.08
BIBE,2014,2,53.06,83.28,18.12,0.06,0.0,33.19
BIBE,2014,3,58.38,82.92,29.55,0.09,0.0,45.21
BIBE,2014,4,67.21,89.94,35.58,0.51,0.0,35.06
BIBE,2014,5,73.29,94.71,41.97,0.14,0.0,21.22
BIBE,2014,6,81.39,99.03,62.58,0.48,0.0,35.49
BIBE,2014,7,80.37,96.06,65.55,0.08,0.0,37.23
BIBE,2014,8,78.9,93.81,65.01,0.86,0.0,42.66
BIBE,2014,9,71.07,94.53,52.68,2.35,0.0,48.85
BIBE,2014,10,69.23,89.85,48.45,0.34,0.0,19.39
BIBE,2014,11,49.72,77.7,25.86,2.15,0.0,31.96
BIBE,2014,12,48.58,70.05,23.88,0.2,0.08,43.91
BIBE,2015,1,42.02,70.59,21.36,1.23,0.55,68.21
BIBE,2015,2,49.28,76.8,23.16,0.26,0.0,37.4
BIBE,2015,3,54.83,85.35,27.48,1.72,0.0,49.34
BIBE,2015,4,66.27,87.78,42.15,0.5,0.0,45.35
BIBE,2015,5,72.0,91.29,49.62,1.3,0.0,27.4
BIBE,2015,6,77.66,94.71,61.05,0.5,0.0,22.01
BIBE,2015,7,81.6,97.05,65.91,0.41,0.0,31.39
BIBE,2015,8,81.91,96.33,63.84,0.06,0.0,22.42
BIBE,2015,9,77.37,93.0,60.24,0.09,0.0,33.66
BIBE,2015,10,67.23,87.06,43.68,0.85,0.0,45.89
BIBE,2015,11,55.63,80.85,32.7,0.47,0.0,39.2
BIBE,2015,12,49.73,76.35,24.87,0.22,1.6,34.1
BIBE,2016,1,45.81,72.75,24.78,0.23,0.0,27.75
BIBE,2016,2,54.27,84.81,24.24,0.11,0.0,23.74
BIBE,2016,3,62.41,87.6,37.74,0.04,0.0,30.56
BIBE,2016,4,67.56,89.76,37.47,0.33,0.0,24.13
BIBE,2016,5,73.35,94.62,47.46,0.85,0.0,33.71
BIBE,2016,6,79.12,97.86,56.73,0.48,0.0,27.45
BIBE,2016,7,83.22,99.84,67.44,0.31,0.0,31.46
BIBE,2016,8,75.31,95.16,59.43,1.93,0.0,49.29
BIBE,2016,9,73.36,91.38,53.4,1.22,0.0,45.3
BIBE,2016,10,70.97,88.95,49.26,0.03,0.0,23.7
BIBE,2016,11,58.39,82.47,36.3,0.07,0.0,30.37
BIBE,2016,12,49.94,76.26,21.72,0.82,0.0,50.47
BIBE,2017,1,52.75,79.07,18.95,0.49,0.58,27.9
BIBE,2017,2,59.49,85.1,33.53,1.13,0.0,31.17
BIBE,2017,3,65.42,89.96,42.62,0.33,0.0,25.88
BIBE,2017,4,68.47,92.3,41.99,1.03,0.0,29.14
BIBE,2017,5,73.93,97.07,51.26,1.01,0.0,21.97
BIBE,2017,6,81.19,103.01,61.79,0.71,0.0,28.71
BIBE,2017,7,78.95,93.74,64.94,1.78,0.0,41.5
BIBE,2017,8,75.69,92.12,62.51,4.65,0.0,42.64
BIBE,2017,9,74.42,94.1,60.53,2.65,0.0,43.06
BIBE,2017,10,66.41,86.99,41.45,0.35,0.0,18.12
BIBE,2017,11,62.85,85.28,40.64,0.04,0.0,22.43
BIBE,2017,12,50.45,72.77,14.09,0.76,6.23,48.31
BIBE,2018,1,47.76,74.75,20.84,0.13,1.6,32.77
BIBE,2018,2,59.56,82.67,34.79,0.44,0.0,50.94
BIBE,2018,3,62.82,88.34,40.64,0.15,0.0,42.92
BIBE,2018,4,68.1,88.43,41.9,0.38,0.0,34.55
BIBE,2018,5,77.75,100.22,53.78,1.66,0.0,26.62
BIBE,2018,6,81.45,99.68,65.57,2.16,0.0,43.05
BIBE,2018,7,79.72,99.23,64.22,3.11,0.0,54.09
BIBE,2018,8,78.15,93.02,61.97,2.34,0.0,43.78
BIBE,2018,9,69.2,88.7,56.48,6.74,0.0,45.52
BIBE,2018,10,62.66,86.27,34.16,4.18,0.0,47.6
BIBE,2018,11,53.02,76.46,24.17,0.17,0.88,35.45
BIBE,2018,12,48.45,69.71,25.34,1.78,0.06,41.05
BIBE,2019,1,48.64,72.32,24.44,0.62,0.0,41.26
BIBE,2019,2,55.8,78.35,28.76,0.15,0.0,49.62
BIBE,2019,3,58.21,83.3,25.7,0.26,0.19,49.31
BIBE,2019,4,68.47,91.76,33.89,0.55,0.0,32.97
BIBE,2019,5,73.41,96.44,46.76,1.87,0.0,20.51
BIBE,2019,6,78.25,97.88,57.74,3.48,0.0,31.15
BIBE,2019,7,80.14,96.08,63.77,1.55,0.0,41.69
BIBE,2019,8,83.05,98.96,69.26,1.0,0.0,44.53
BIBE,2019,9,75.85,90.23,64.67,2.99,0.0,49.59
BIBE,2019,10,66.26,87.89,31.55,0.63,0.0,21.79
BIBE,2019,11,57.48,79.07,25.97,2.17,0.0,60.59
BIBE,2019,12,52.93,75.02,27.86,0.51,0.0,32.82
BIBE,2020,1,51.73,74.57,32.09,0.38,0.06,38.35
BIBE,2020,2,51.11,76.19,24.26,0.76,0.52,52.79
BIBE,2020,3,64.01,91.67,37.04,1.44,0.0,59.43
BIBE,2020,4,69.3,92.21,40.28,0.08,0.0,38.62
BIBE,2020,5,76.06,95.18,52.25,0.48,0.0,26.28
BIBE,2020,6,79.38,97.52,60.35,0.54,0.0,25.87
BIBE,2020,7,81.95,100.22,65.75,0.34,0.0,29.25
BIBE,2020,8,82.03,96.71,67.01,0.04,0.0,18.06
BIBE,2020,9,70.96,94.46,48.47,1.95,0.0,30.69
BIBE,2020,10,68.78,89.78,28.4,0.04,0.0,16.49
BIBE,2020,11,62.11,82.4,33.71,0.0,0.0,13.72
BIBE,2020,12,49.1,73.67,24.62,0.16,6.34,17.58
BIBE,2021,1,47.45,71.78,21.11,0.63,0.03,25.7
BIBE,2021,2,51.42,76.91,2.39,0.42,2.51,34.1
BIBE,2021,3,60.22,86.72,31.46,0.04,0.0,25.74
BIBE,2021,4,65.73,90.59,37.49,0.6,0.0,37.75
BIBE,2021,5,73.92,93.2,51.62,1.29,0.0,26.53
BIBE,2021,6,79.52,99.95,58.82,1.87,0.0,36.5
BIBE,2021,7,78.01,94.1,64.58,0.93,0.0,37.65
BIBE,2021,8,76.33,91.85,64.58,3.56,0.0,51.7
BIBE,2021,9,76.87,93.47,59.9,0.6,0.0,21.85
BIBE,2021,10,69.53,89.6,48.56,1.63,0.0,26.47
BIBE,2021,11,59.78,79.61,40.19,0.61,0.0,36.19
BIBE,2021,12,60.89,78.44,32.81,0.5,3.09,54.29
BIBE,2022,1,48.65,70.25,25.25,0.31,0.11,33.99
BIBE,2022,2,49.37,79.07,17.78,0.25,0.06,30.49
BIBE,2022,3,59.36,88.52,26.42,0.0,0.17,21.45
BIBE,2022,4,71.64,91.85,46.58,0.15,0.0,26.33
BIBE,2022,5,79.35,96.98,51.98,0.49,0.0,24.64
BIBE,2022,6,81.2,101.75,66.11,0.25,0.0,22.06
BIBE,2022,7,82.33,99.95,69.53,0.76,0.0,36.19
BIBE,2022,8,76.44,97.88,62.6,4.84,0.0,60.01
BIBE,2022,9,72.48,87.53,59.18,1.78,0.0,31.11
BIBE,2022,10,64.91,85.01,45.5,1.26,0.0,30.41
BIBE,2022,11,52.75,83.3,29.75,0.26,9.01,27.23
BIBE,2022,12,52.41,76.46,11.03,0.16,0.0,32.7
BIBE,2023,1,53.76,75.56,29.39,0.22,0.0,35.32
BIBE,2023,2,53.51,83.39,27.05,1.17,0.58,52.98
BIBE,2023,3,61.15,83.93,29.48,0.94,6.45,52.07
BIBE,2023,4,66.25,86.54,42.89,0.06,0.0,34.29
BIBE,2023,5,72.89,91.31,57.11,2.55,0.0,49.58
BIBE,2023,6,84.2,102.92,58.64,0.71,0.0,37.33
BIBE,2023,7,83.1,99.59,66.29,0.84,0.0,20.38
BIBE,2023,8,82.67,101.03,62.6,2.08,0.0,22.93
BIBE,2023,9,80.12,98.15,62.06,0.55,0.0,17.1
BIBE,2023,10,67.44,89.33,30.38,1.94,0.0,34.85
BIBE,2023,11,55.99,83.21,35.51,1.22,0.0,51.52
BIBE,2023,12,53.6,72.14,30.2,0.69,0.0,34.28
BIBE,2024,1,48.44,70.43,13.91,0.98,0.0,27.02
BIBE,2024,2,56.81,85.73,27.32,0.4,0.0,41.89
BIBE,2024,3,60.17,86.36,36.23,0.57,0.0,46.94
BIBE,2024,4,69.59,97.07,45.05,0.07,0.0,33.21
BIBE,2024,5,80.06,98.06,60.98,0.29,0.0,24.06
BIBE,2024,6,82.56,100.22,63.41,0.43,0.0,25.98
BIBE,2024,7,78.81,97.25,62.78,2.93,0.0,26.75
BIBE,2024,8,81.65,96.26,64.94,0.99,0.0,27.39
BIBE,2024,9,73.66,92.84,59.63,1.67,0.0,28.51
BIBE,2024,10,72.01,86.72,55.94,0.09,0.0,9.06
BIBE,2024,11,62.02,81.23,32.27,0.31,0.0,25.6
BIBE,2024,12,55.78,75.65,35.15,0.15,0.0,29.62
BIBE,2025,1,43.67,73.4,14.63,0.09,1.16,34.65
BIBE,2025,2,58.1,84.56,19.4,0.02,0.0,20.65
BIBE,2025,3,63.37,85.1,35.96,0.37,0.0,30.41
BIBE,2025,4,70.18,93.47,31.46,0.47,0.0,34.41
BIBE,2025,5,75.07,97.52,50.81,1.35,0.0,39.57
BIBE,2025,6,79.82,100.76,61.52,1.95,0.0,35.88
BIBE,2025,7,77.5,94.46,63.05,3.06,0.0,47.96
BIBE,2025,8,79.33,96.44,64.76,1.24,0.0,31.91
BIBE,2025,9,73.47,93.11,60.71,1.26,0.0,46.58
BIBE,2025,10,70.13,87.98,41.99,0.17,0.0,16.34
BIBE,2025,11,63.02,82.67,37.58,1.03,0.0,20.11
BIBE,2025,12,57.72,77.99,32.63,0.05,0.0,34.94
BISC,2006,1,69.6,81.34,48.31,0.22,0.0,46.84
BISC,2006,2,67.92,82.87,44.98,1.55,0.0,39.25
BISC,2006,3,71.85,86.11,53.17,0.26,0.0,32.23
BISC,2006,4,75.76,88.99,63.52,2.0,0.0,36.23
BISC,2006,5,78.28,89.35,65.23,2.94,0.0,41.09
BISC,2006,6,80.93,88.99,74.32,3.91,0.0,52.86
BISC,2006,7,81.33,87.73,76.21,4.93,0.0,72.55
BISC,2006,8,82.37,92.23,77.2,4.85,0.0,55.82
BISC,2006,9,81.14,87.55,75.4,3.94,0.0,55.66
BISC,2006,10,78.87,87.37,64.6,1.52,0.0,43.9
BISC,2006,11,72.3,83.95,49.66,2.01,0.0,53.28
BISC,2006,12,73.63,81.88,58.57,2.19,0.0,60.42
BISC,2007,1,72.37,80.89,54.61,0.83,0.0,49.8
BISC,2007,2,69.59,84.31,45.88,1.67,0.0,51.74
BISC,2007,3,73.0,83.41,59.11,0.99,0.0,48.08
BISC,2007,4,74.58,87.37,56.05,1.19,0.0,42.58
BISC,2007,5,77.24,88.99,64.15,2.81,0.0,34.73
BISC,2007,6,79.69,88.09,72.25,10.06,0.0,57.41
BISC,2007,7,82.56,88.45,75.58,6.79,0.0,61.73
BISC,2007,8,83.23,90.79,77.02,1.99,0.0,47.62
BISC,2007,9,80.79,89.62,72.97,7.1,0.0,61.54
BISC,2007,10,79.58,85.93,73.96,6.14,0.0,62.96
BISC,2007,11,73.89,82.42,60.91,0.5,0.0,39.88
BISC,2007,12,73.63,81.7,54.7,0.9,0.0,37.43
BISC,2008,1,69.92,81.16,41.47,1.3,0.0,52.71
BISC,2008,2,73.07,83.23,49.75,1.56,0.0,48.08
BISC,2008,3,73.08,87.91,52.9,2.11,0.0,50.15
BISC,2008,4,74.93,86.47,54.7,1.76,0.0,40.29
BISC,2008,5,79.72,90.52,67.21,1.98,0.0,28.53
BISC,2008,6,81.42,88.27,74.59,4.9,0.0,58.46
BISC,2008,7,81.8,89.44,75.85,4.69,0.0,64.14
BISC,2008,8,82.59,90.43,77.02,9.56,0.0,70.05
BISC,2008,9,81.0,88.27,73.78,5.66,0.0,62.38
BISC,2008,10,76.77,85.3,55.42,5.03,0.0,66.48
BISC,2008,11,71.26,83.86,56.32,0.5,0.0,33.45
BISC,2008,12,71.14,79.36,56.05,0.66,0.0,40.48
BISC,2009,1,68.0,79.9,46.51,0.41,0.0,44.06
BISC,2009,2,67.68,79.72,41.38,0.26,0.0,39.07
BISC,2009,3,70.85,82.69,47.32,2.16,0.0,46.89
BISC,2009,4,75.27,87.19,57.94,0.5,0.0,36.71
BISC,2009,5,78.41,88.09,70.72,6.69,0.0,49.66
BISC,2009,6,81.01,93.85,74.32,6.87,0.0,66.79
BISC,2009,7,83.1,90.88,75.67,4.29,0.0,63.3
BISC,2009,8,83.3,89.8,76.75,3.01,0.0,57.38
BISC,2009,9,81.21,87.55,75.76,6.97,0.0,75.05
BISC,2009,10,79.85,88.45,60.46,1.41,0.0,42.38
BISC,2009,11,74.68,85.12,54.25,0.9,0.0,61.03
BISC,2009,12,72.69,85.03,50.74,1.49,0.0,58.28
BISC,2010,1,63.49,81.16,34.63,1.23,0.0,52.84
BISC,2010,2,63.85,78.55,45.7,3.65,0.0,57.1
BISC,2010,3,65.93,79.27,43.36,5.32,0.0,47.16
BISC,2010,4,73.63,83.23,57.94,2.61,0.0,51.58
BISC,2010,5,80.33,90.16,73.24,1.78,0.0,36.79
BISC,2010,6,84.07,92.32,75.76,2.95,0.0,49.58
BISC,2010,7,82.91,90.97,76.84,4.11,0.0,64.04
BISC,2010,8,82.75,89.44,76.12,6.92,0.0,69.83
BISC,2010,9,81.53,87.55,73.51,7.33,0.0,56.62
BISC,2010,10,77.59,85.39,69.37,2.19,0.0,38.95
BISC,2010,11,73.42,83.41,55.06,1.03,0.0,40.02
BISC,2010,12,62.56,81.88,40.75,1.21,0.0,28.63
BISC,2011,1,67.4,79.72,47.23,1.15,0.0,50.51
BISC,2011,2,71.29,81.34,55.24,0.38,0.0,36.92
BISC,2011,3,72.82,85.21,54.43,1.35,0.0,29.53
BISC,2011,4,78.69,88.0,69.91,0.83,0.0,29.03
BISC,2011,5,79.53,88.63,69.73,0.93,0.0,31.68
BISC,2011,6,82.04,91.42,75.76,3.3,0.0,55.03
BISC,2011,7,82.79,89.89,76.66,4.78,0.0,66.69
BISC,2011,8,82.92,90.88,78.1,7.2,0.0,75.87
BISC,2011,9,81.73,88.45,75.4,5.85,0.0,60.72
BISC,2011,10,76.95,86.38,63.16,9.91,0.0,69.61
BISC,2011,11,73.91,82.24,59.56,1.0,0.0,34.18
BISC,2011,12,72.46,80.53,56.77,0.39,0.0,43.66
BISC,2012,1,68.93,80.8,44.71,0.44,0.0,46.78
BISC,2012,2,72.14,84.31,51.82,1.55,0.0,59.11
BISC,2012,3,74.04,84.49,57.67,0.7,0.0,36.18
BISC,2012,4,75.1,87.28,58.84,5.07,0.0,47.16
BISC,2012,5,77.97,86.29,71.17,6.09,0.0,50.05
BISC,2012,6,80.43,89.26,72.07,6.0,0.0,73.72
BISC,2012,7,81.8,89.62,75.4,2.94,0.0,51.7
BISC,2012,8,82.36,89.53,76.57,8.2,0.0,73.03
BISC,2012,9,80.79,91.33,75.13,4.94,0.0,67.41
BISC,2012,10,77.63,86.29,61.99,4.25,0.0,52.19
BISC,2012,11,70.9,80.89,57.76,0.63,0.0,41.74
BISC,2012,12,72.01,81.61,49.93,1.23,0.0,51.76
BISC,2013,1,72.94,80.62,57.94,0.46,0.0,47.48
BISC,2013,2,71.1,83.14,51.01,2.02,0.0,42.92
BISC,2013,3,67.88,83.23,47.77,1.26,0.0,42.04
BISC,2013,4,76.08,84.49,61.81,4.54,0.0,48.34
BISC,2013,5,77.06,87.55,63.79,5.91,0.0,48.91
BISC,2013,6,80.81,87.37,74.14,5.96,0.0,68.78
BISC,2013,7,80.52,88.36,74.32,7.96,0.0,69.65
BISC,2013,8,82.04,87.46,76.21,3.09,0.0,59.17
BISC,2013,9,80.83,87.01,75.22,5.68,0.0,67.59
BISC,2013,10,79.12,87.28,71.98,1.59,0.0,46.13
BISC,2013,11,75.75,84.94,56.14,3.2,0.0,59.23
BISC,2013,12,74.66,83.05,64.15,1.1,0.0,48.65
BISC,2014,1,68.64,81.16,47.77,3.21,0.0,52.19
BISC,2014,2,73.12,83.32,53.26,1.47,0.0,36.58
BISC,2014,3,72.81,83.77,56.86,1.91,0.0,47.3
BISC,2014,4,76.65,87.73,65.68,0.42,0.0,44.83
BISC,2014,5,78.77,87.46,69.46,2.37,0.0,48.9
BISC,2014,6,80.43,88.63,73.51,5.74,0.0,69.1
BISC,2014,7,82.29,89.62,76.39,6.64,0.0,76.74
BISC,2014,8,83.49,91.69,76.66,4.17,0.0,53.56
BISC,2014,9,80.9,89.26,74.68,6.04,0.0,73.41
BISC,2014,10,78.48,88.27,67.93,2.48,0.0,45.47
BISC,2014,11,71.85,83.05,52.99,3.09,0.0,50.42
BISC,2014,12,70.95,81.97,51.82,0.47,0.0,43.05
BISC,2015,1,70.68,81.61,53.53,1.12,0.0,59.66
BISC,2015,2,68.21,82.42,43.27,1.64,0.0,44.34
BISC,2015,3,75.7,86.56,60.55,0.63,0.0,38.87
BISC,2015,4,78.86,89.26,64.42,2.76,0.0,43.9
BISC,2015,5,79.28,89.8,68.11,0.91,0.0,36.61
BISC,2015,6,82.06,90.07,74.14,2.26,0.0,56.42
BISC,2015,7,83.99,93.31,76.48,1.63,0.0,54.98
BISC,2015,8,84.35,93.85,77.11,4.9,0.0,62.12
BISC,2015,9,82.01,89.35,76.66,6.14,0.0,80.27
BISC,2015,10,78.99,88.81,73.69,2.98,0.0,53.25
BISC,2015,11,77.74,86.83,68.2,3.13,0.0,45.22
BISC,2015,12,75.98,82.15,67.84,4.78,0.0,60.88
BISC,2016,1,67.9,81.97,47.95,6.07,0.0,75.71
BISC,2016,2,67.91,81.34,48.76,1.02,0.0,57.3
BISC,2016,3,74.6,85.48,57.22,2.05,0.0,73.97
BISC,2016,4,75.67,87.28,66.13,1.31,0.0,44.54
BISC,2016,5,78.72,88.27,62.89,5.04,0.0,48.61
BISC,2016,6,81.74,89.08,75.85,6.12,0.0,69.9
BISC,2016,7,82.97,90.34,77.02,3.87,0.0,55.59
BISC,2016,8,82.5,90.34,77.02,7.95,0.0,72.89
BISC,2016,9,81.38,88.9,75.04,7.03,0.0,70.55
BISC,2016,10,77.97,86.74,66.94,5.19,0.0,62.52
BISC,2016,11,74.1,81.7,61.54,0.95,0.0,51.48
BISC,2016,12,75.07,82.42,62.44,1.96,0.0,49.78
BISC,2017,1,70.34,82.72,51.13,1.0,0.0,46.24
BISC,2017,2,71.93,85.24,56.98,1.14,0.0,36.49
BISC,2017,3,71.94,84.07,54.19,0.85,0.0,39.9
BISC,2017,4,75.89,89.92,59.59,1.55,0.0,46.49
BISC,2017,5,79.16,91.36,64.36,3.45,0.0,39.38
BISC,2017,6,80.94,87.13,73.99,14.67,0.0,78.18
BISC,2017,7,82.57,89.47,76.78,5.22,0.0,62.35
BISC,2017,8,83.1,89.2,75.97,6.93,0.0,51.79
BISC,2017,9,81.75,89.02,74.62,11.55,0.0,56.93
BISC,2017,10,77.99,85.78,56.62,10.43,0.0,63.95
BISC,2017,11,74.27,81.55,64.09,1.77,0.0,35.64
BISC,2017,12,70.0,82.36,49.33,0.56,0.0,32.33
BISC,2018,1,66.81,78.85,45.55,2.84,0.0,65.31
BISC,2018,2,74.28,80.11,65.8,0.78,0.0,34.06
BISC,2018,3,70.07,87.4,50.23,1.06,0.0,29.88
BISC,2018,4,75.64,87.49,58.78,3.81,0.0,36.32
BISC,2018,5,77.15,84.88,71.11,17.08,0.0,80.65
BISC,2018,6,80.2,87.31,71.56,7.9,0.0,78.73
BISC,2018,7,81.85,91.36,74.8,5.89,0.0,71.52
BISC,2018,8,81.8,87.94,74.89,5.1,0.0,59.48
BISC,2018,9,81.43,87.04,73.45,5.61,0.0,56.7
BISC,2018,10,79.85,87.04,64.54,2.08,0.0,45.9
BISC,2018,11,75.41,83.62,50.68,1.75,0.0,55.77
BISC,2018,12,71.88,84.61,52.57,1.4,0.0,53.54
BISC,2019,1,68.46,81.64,48.34,3.95,0.0,46.99
BISC,2019,2,73.49,82.63,59.05,2.31,0.0,37.26
BISC,2019,3,72.49,87.67,55.63,2.31,0.0,41.74
BISC,2019,4,76.44,89.83,62.29,2.35,0.0,38.09
BISC,2019,5,79.76,90.28,72.1,3.92,0.0,42.0
BISC,2019,6,82.37,90.28,76.24,5.3,0.0,62.69
BISC,2019,7,82.91,91.81,74.62,4.68,0.0,67.11
BISC,2019,8,82.11,90.28,75.88,8.7,0.0,77.54
BISC,2019,9,81.91,91.99,70.84,3.28,0.0,50.8
BISC,2019,10,80.8,86.95,73.63,4.47,0.0,49.76
BISC,2019,11,74.41,84.43,56.8,1.1,0.0,49.93
BISC,2019,12,72.53,84.07,54.64,3.04,0.0,48.52
BISC,2020,1,70.26,82.9,41.41,0.63,0.0,42.58
BISC,2020,2,71.7,82.72,50.41,3.5,0.0,46.2
BISC,2020,3,74.82,88.12,52.66,0.29,0.0,36.34
BISC,2020,4,79.51,94.96,67.42,2.57,0.0,48.17
BISC,2020,5,78.0,91.81,64.36,9.2,0.0,60.16
BISC,2020,6,81.64,89.65,75.07,3.31,0.0,68.23
BISC,2020,7,82.78,90.46,76.33,5.23,0.0,67.93
BISC,2020,8,83.52,89.47,76.69,4.22,0.0,64.81
BISC,2020,9,81.86,88.66,76.24,11.44,0.0,75.35
BISC,2020,10,80.53,86.86,72.55,9.48,0.0,65.9
BISC,2020,11,76.78,83.8,67.87,8.28,0.0,52.05
BISC,2020,12,68.43,82.18,46.99,1.27,0.0,46.0
BISC,2021,1,67.76,84.7,48.61,0.89,0.0,55.91
BISC,2021,2,72.68,82.9,46.45,2.84,0.0,36.35
BISC,2021,3,73.36,86.77,57.61,1.0,0.0,37.84
BISC,2021,4,75.89,90.46,61.57,1.98,0.0,46.06
BISC,2021,5,79.0,87.67,71.02,2.38,0.0,50.73
BISC,2021,6,80.9,90.19,73.54,6.24,0.0,78.65
BISC,2021,7,81.96,89.11,74.89,5.43,0.0,68.7
BISC,2021,8,83.16,88.84,74.62,4.36,0.0,64.89
BISC,2021,9,80.53,90.55,72.37,5.71,0.0,62.93
BISC,2021,10,79.32,88.39,67.6,2.48,0.0,51.51
BISC,2021,11,72.05,82.72,57.43,4.08,0.0,59.7
BISC,2021,12,73.02,81.19,55.45,0.76,0.0,30.91
BISC,2022,1,67.37,81.91,41.59,5.18,0.0,49.24
BISC,2022,2,71.73,82.0,55.27,2.16,0.0,39.36
BISC,2022,3,74.59,86.68,54.01,1.83,0.0,37.29
BISC,2022,4,76.04,88.66,56.08,3.04,0.0,46.81
BISC,2022,5,78.6,89.29,67.15,6.26,0.0,45.18
BISC,2022,6,80.15,88.39,71.38,12.62,0.0,67.13
BISC,2022,7,82.99,90.37,73.99,3.36,0.0,49.49
BISC,2022,8,82.64,89.56,75.88,4.7,0.0,70.25
BISC,2022,9,81.07,89.38,68.41,11.42,0.0,62.64
BISC,2022,10,76.81,86.14,61.3,4.33,0.0,43.26
BISC,2022,11,76.95,84.97,65.71,3.21,0.0,50.21
BISC,2022,12,71.06,82.63,45.46,3.77,0.0,48.57
BISC,2023,1,70.09,82.99,43.66,0.67,0.0,30.55
BISC,2023,2,73.83,86.05,57.7,1.99,0.0,26.19
BISC,2023,3,74.92,88.12,60.4,2.3,0.0,38.31
BISC,2023,4,76.66,86.5,65.89,6.37,0.0,49.39
BISC,2023,5,78.08,87.94,65.8,4.35,0.0,45.14
BISC,2023,6,80.1,92.08,70.75,9.91,0.0,64.67
BISC,2023,7,84.38,96.85,76.15,4.96,0.0,71.35
BISC,2023,8,84.26,94.42,76.06,5.81,0.0,62.76
BISC,2023,9,81.96,93.61,73.63,9.19,0.0,60.84
BISC,2023,10,78.95,91.81,59.86,4.59,0.0,46.06
BISC,2023,11,75.6,84.97,59.68,12.22,0.0,55.2
BISC,2023,12,70.34,84.43,53.38,7.52,0.0,75.65
BISC,2024,1,69.91,82.72,50.5,2.97,0.0,69.94
BISC,2024,2,67.4,81.01,51.22,2.71,0.0,41.85
BISC,2024,3,74.32,87.04,61.12,6.97,0.0,57.55
BISC,2024,4,74.99,85.69,58.51,1.08,0.0,41.3
BISC,2024,5,82.23,96.4,71.83,1.77,0.0,28.84
BISC,2024,6,81.2,89.47,73.99,14.38,0.0,64.66
BISC,2024,7,83.68,90.55,76.51,3.09,0.0,63.78
BISC,2024,8,83.1,91.63,76.06,8.09,0.0,66.07
BISC,2024,9,82.53,89.92,74.17,5.72,0.0,74.58
BISC,2024,10,79.05,87.58,69.94,8.39,0.0,69.26
BISC,2024,11,75.9,85.42,56.44,1.46,0.0,44.15
BISC,2024,12,70.97,82.18,53.29,4.16,0.0,50.16
BISC,2025,1,66.6,79.93,48.16,1.16,0.0,51.9
BISC,2025,2,73.55,83.35,59.32,1.33,0.0,39.28
BISC,2025,3,72.06,85.42,52.93,2.24,0.0,32.13
BISC,2025,4,76.19,83.53,60.58,2.23,0.0,31.28
BISC,2025,5,81.01,91.27,69.76,4.65,0.0,45.23
BISC,2025,6,82.15,89.92,72.01,8.1,0.0,57.2
BISC,2025,7,82.59,91.99,73.0,5.15,0.0,64.43
BISC,2025,8,83.37,93.52,74.89,5.31,0.0,49.99
BISC,2025,9,80.14,92.8,72.73,9.87,0.0,73.88
BISC,2025,10,78.81,90.55,64.45,6.7,0.0,45.41
BISC,2025,11,73.38,86.23,50.41,0.7,0.0,47.12
BISC,2025,12,72.21,84.16,46.18,1.98,0.0,44.03
BLCA,2006,1,21.72,47.93,-9.85,0.11,7.96,48.09
BLCA,2006,2,22.69,52.61,-7.6,0.19,4.13,36.86
BLCA,2006,3,29.43,52.88,-4.18,0.54,10.72,65.72
BLCA,2006,4,42.73,71.42,23.9,0.71,4.3,37.07
BLCA,2006,5,55.61,80.42,29.57,0.51,0.03,31.33
BLCA,2006,6,67.1,87.71,39.2,0.12,0.0,26.66
BLCA,2006,7,70.28,91.94,47.93,1.5,0.0,45.23
BLCA,2006,8,66.15,84.47,41.45,0.63,0.0,47.46
BLCA,2006,9,53.18,79.43,26.69,1.28,3.61,30.6
BLCA,2006,10,42.13,71.51,11.48,2.04,3.97,46.29
BLCA,2006,11,31.28,64.76,-22.27,0.21,7.96,44.44
BLCA,2006,12,18.34,49.46,-19.93,0.04,5.81,41.89
BLCA,2007,1,15.27,43.43,-23.89,0.1,8.46,36.23
BLCA,2007,2,24.8,50.81,-12.01,0.1,8.46,60.61
BLCA,2007,3,33.6,63.95,-17.77,0.55,6.56,49.81
BLCA,2007,4,42.77,71.51,17.24,1.12,6.97,52.66
BLCA,2007,5,52.43,75.02,28.94,0.94,3.42,45.98
BLCA,2007,6,65.04,89.42,33.44,0.35,0.06,29.94
BLCA,2007,7,71.33,91.58,51.98,0.89,0.0,40.05
BLCA,2007,8,69.43,87.62,50.54,0.65,0.0,35.31
BLCA,2007,9,60.07,83.93,32.27,0.85,0.19,30.29
BLCA,2007,10,45.22,73.04,11.57,0.88,2.67,32.8
BLCA,2007,11,37.34,62.78,9.14,0.2,2.12,29.44
BLCA,2007,12,17.07,49.28,-14.8,0.91,18.46,61.51
BLCA,2008,1,15.17,41.0,-20.47,0.22,11.35,50.01
BLCA,2008,2,22.76,47.75,-1.48,0.25,11.91,53.79
BLCA,2008,3,28.75,50.9,1.49,0.37,6.61,38.79
BLCA,2008,4,35.78,61.43,11.84,0.41,6.01,37.12
BLCA,2008,5,47.62,77.81,15.98,1.48,4.19,43.44
BLCA,2008,6,62.25,84.92,31.28,0.39,0.99,23.25
BLCA,2008,7,70.11,88.79,50.9,0.7,0.0,33.68
BLCA,2008,8,67.51,88.7,43.88,0.54,0.0,29.87
BLCA,2008,9,59.25,79.16,36.86,0.26,0.0,18.94
BLCA,2008,10,46.13,73.4,25.16,0.98,0.17,24.83
BLCA,2008,11,35.6,65.21,2.3,0.44,6.89,45.54
BLCA,2008,12,19.98,46.94,-14.89,0.28,19.57,55.87
BLCA,2009,1,21.22,47.12,-1.21,0.22,5.43,36.73
BLCA,2009,2,24.96,50.72,1.49,0.35,6.26,44.75
BLCA,2009,3,31.13,57.74,5.45,0.21,10.2,50.75
BLCA,2009,4,37.13,66.56,4.01,0.45,13.17,47.34
BLCA,2009,5,54.4,79.61,31.55,1.53,0.0,49.13
BLCA,2009,6,59.58,83.21,38.12,0.93,0.0,52.43
BLCA,2009,7,69.84,89.06,49.64,0.47,0.0,27.19
BLCA,2009,8,66.27,87.53,43.34,0.56,0.0,27.06
BLCA,2009,9,58.83,81.41,29.21,0.54,0.0,37.67
BLCA,2009,10,41.17,69.17,-0.85,0.59,5.59,41.21
BLCA,2009,11,33.16,63.23,0.77,0.25,2.54,30.74
BLCA,2009,12,14.95,43.52,-19.3,0.05,10.36,46.67
BLCA,2010,1,18.52,43.7,-17.5,0.1,6.7,55.69
BLCA,2010,2,20.33,45.05,-9.94,0.05,11.33,60.49
BLCA,2010,3,29.33,55.31,6.89,0.37,11.24,48.49
BLCA,2010,4,37.25,63.14,11.93,0.99,8.57,56.5
BLCA,2010,5,48.29,79.7,15.35,0.44,1.21,38.2
BLCA,2010,6,64.39,87.35,38.48,0.83,0.0,26.24
BLCA,2010,7,70.26,91.94,44.15,0.41,0.0,36.48
BLCA,2010,8,65.4,84.38,46.94,1.31,0.0,31.67
BLCA,2010,9,60.63,83.48,35.87,0.72,0.0,13.43
BLCA,2010,10,47.46,78.62,21.2,1.19,2.04,36.36
BLCA,2010,11,28.3,63.05,-22.72,0.15,5.81,34.45
BLCA,2010,12,26.92,49.64,-11.11,0.36,10.44,68.01
BLCA,2011,1,15.77,42.44,-27.13,0.09,6.31,41.21
BLCA,2011,2,19.91,47.84,-23.98,0.25,7.69,48.9
BLCA,2011,3,32.48,56.3,4.01,0.52,8.96,56.95
BLCA,2011,4,39.47,64.49,11.66,1.43,8.98,59.97
BLCA,2011,5,46.88,73.31,14.81,1.25,3.64,45.53
BLCA,2011,6,63.53,87.53,37.04,0.54,0.0,27.72
BLCA,2011,7,69.84,89.15,45.59,1.13,0.0,33.21
BLCA,2011,8,69.46,88.7,49.01,0.65,0.0,31.99
BLCA,2011,9,58.41,82.4,37.49,0.94,0.0,31.77
BLCA,2011,10,45.58,74.3,26.33,1.24,0.58,26.61
BLCA,2011,11,29.51,59.09,-2.02,0.27,4.52,39.75
BLCA,2011,12,17.0,45.23,-13.45,0.06,7.58,36.36
BLCA,2012,1,20.61,45.77,-12.37,0.17,7.36,43.13
BLCA,2012,2,22.32,45.68,-3.37,0.15,10.58,52.49
BLCA,2012,3,33.26,69.08,-6.79,0.09,5.54,33.82
BLCA,2012,4,46.46,74.84,25.43,0.61,2.04,42.67
BLCA,2012,5,56.47,80.96,30.38,0.26,0.11,27.28
BLCA,2012,6,69.54,90.95,35.42,0.08,0.0,20.6
BLCA,2012,7,70.64,89.87,52.7,1.09,0.0,45.65
BLCA,2012,8,68.7,88.97,49.55,1.0,0.0,36.12
BLCA,2012,9,59.27,83.03,37.22,1.19,0.0,30.64
BLCA,2012,10,46.39,72.23,25.88,0.33,0.66,22.85
BLCA,2012,11,35.12,63.05,-1.75,0.17,2.31,28.66
BLCA,2012,12,22.99,53.15,-16.06,0.06,10.61,62.88
BLCA,2013,1,13.34,47.48,-27.31,0.38,6.94,40.19
BLCA,2013,2,18.28,41.9,-7.51,0.04,12.18,51.07
BLCA,2013,3,30.47,53.96,1.13,0.39,6.94,51.34
BLCA,2013,4,37.25,68.99,0.95,0.9,10.06,52.42
BLCA,2013,5,51.49,75.65,25.52,0.91,0.99,40.59
BLCA,2013,6,67.99,92.48,33.26,0.03,0.0,23.57
BLCA,2013,7,70.83,90.86,50.54,1.37,0.0,49.33
BLCA,2013,8,66.93,86.36,48.92,1.23,0.0,49.99
BLCA,2013,9,59.28,86.45,27.5,2.64,0.11,32.79
BLCA,2013,10,40.88,71.6,22.19,1.13,6.39,35.12
BLCA,2013,11,30.39,56.21,-1.66,0.39,8.38,40.98
BLCA,2013,12,15.28,44.15,-18.04,0.08,8.1,40.14
BLCA,2014,1,19.21,41.81,-12.1,0.21,10.94,33.03
BLCA,2014,2,26.99,50.45,-7.51,0.25,9.78,56.35
BLCA,2014,3,32.38,53.78,12.56,0.52,5.7,44.01
BLCA,2014,4,39.07,65.12,12.83,0.36,6.67,59.24
BLCA,2014,5,50.66,79.25,23.81,1.84,4.0,48.84
BLCA,2014,6,64.17,86.09,36.68,0.09,0.0,31.7
BLCA,2014,7,70.96,90.77,48.29,1.29,0.0,41.48
BLCA,2014,8,64.73,84.83,43.25,1.41,0.0,43.07
BLCA,2014,9,60.15,82.76,33.44,1.91,0.0,26.14
BLCA,2014,10,48.26,71.33,26.87,0.59,0.44,31.31
BLCA,2014,11,29.29,65.66,-10.12,0.47,7.5,39.64
BLCA,2014,12,23.98,49.64,-9.31,0.27,10.72,64.76
BLCA,2015,1,22.38,53.15,-7.33,0.08,4.88,45.46
BLCA,2015,2,29.66,56.66,-3.01,0.14,8.82,39.29
BLCA,2015,3,37.0,65.84,-7.96,0.31,2.54,35.96
BLCA,2015,4,42.54,70.79,19.04,0.69,4.16,45.47
BLCA,2015,5,49.23,75.83,27.68,2.46,1.79,62.34
BLCA,2015,6,66.14,91.31,39.74,1.37,0.0,30.15
BLCA,2015,7,66.92,89.87,47.57,1.41,0.0,49.81
BLCA,2015,8,67.88,88.43,46.76,0.5,0.0,41.21
BLCA,2015,9,62.13,80.96,40.01,0.18,0.0,35.1
BLCA,2015,10,50.62,80.96,25.97,1.26,0.47,47.42
BLCA,2015,11,25.75,64.22,-4.54,0.48,14.58,35.68
BLCA,2015,12,18.23,48.29,-11.47,0.13,14.72,59.83
BLCA,2016,1,19.49,44.6,-9.49,0.09,11.46,56.98
BLCA,2016,2,26.21,54.32,-7.06,0.04,4.02,44.05
BLCA,2016,3,33.15,58.46,9.14,0.33,7.74,51.46
BLCA,2016,4,39.77,67.55,12.02,1.2,9.12,55.52
BLCA,2016,5,50.43,72.77,27.5,1.04,2.01,46.44
BLCA,2016,6,68.8,93.56,41.45,0.21,0.0,33.46
BLCA,2016,7,71.13,89.69,49.01,0.58,0.0,31.88
BLCA,2016,8,64.82,87.89,45.14,1.35,0.0,42.96
BLCA,2016,9,58.5,80.51,32.27,1.0,0.25,29.56
BLCA,2016,10,49.73,70.97,27.32,0.43,0.77,37.04
BLCA,2016,11,36.32,64.76,-2.65,0.59,6.61,40.95
BLCA,2016,12,20.3,47.39,-12.55,0.71,11.19,53.1
BLCA,2017,1,25.89,45.72,-5.12,0.56,16.43,67.25
BLCA,2017,2,34.16,56.26,3.88,0.53,6.94,59.99
BLCA,2017,3,41.45,68.4,3.97,0.91,4.41,50.95
BLCA,2017,4,45.27,71.38,20.88,1.17,3.53,47.9
BLCA,2017,5,52.82,76.51,21.06,0.71,4.02,42.99
BLCA,2017,6,70.88,91.44,43.66,0.19,0.0,23.13
BLCA,2017,7,71.8,92.26,53.28,2.14,0.0,43.98
BLCA,2017,8,68.47,86.76,49.5,0.87,0.0,34.19
BLCA,2017,9,62.11,88.84,34.03,1.3,0.0,32.27
BLCA,2017,10,49.05,72.9,24.12,0.63,1.96,25.04
BLCA,2017,11,43.99,64.89,19.98,0.46,2.29,41.42
BLCA,2017,12,33.99,57.16,14.77,0.01,2.12,32.64
BLCA,2018,1,27.67,51.66,-2.16,0.09,7.5,40.4
BLCA,2018,2,28.97,49.78,-1.17,0.02,12.26,50.39
BLCA,2018,3,36.39,61.84,4.24,0.52,5.73,50.3
BLCA,2018,4,47.27,70.48,23.22,1.18,4.24,55.5
BLCA,2018,5,60.11,84.6,29.44,0.3,0.41,40.0
BLCA,2018,6,71.96,94.14,46.44,0.25,0.0,24.48
BLCA,2018,7,75.24,93.06,51.58,0.4,0.0,39.2
BLCA,2018,8,71.64,90.09,49.68,0.72,0.0,34.34
BLCA,2018,9,65.79,84.7,38.26,0.34,0.0,22.31
BLCA,2018,10,45.87,69.84,20.88,2.1,1.52,48.79
BLCA,2018,11,31.89,51.04,5.14,0.15,5.43,35.4
BLCA,2018,12,23.36,46.0,-0.36,0.0,9.34,54.62
BLCA,2019,1,23.56,44.38,-7.46,0.01,9.98,53.78
BLCA,2019,2,25.08,43.75,-0.53,0.24,16.23,56.81
BLCA,2019,3,34.01,56.34,10.62,0.94,14.72,58.2
BLCA,2019,4,44.25,66.97,21.6,1.36,3.2,54.67
BLCA,2019,5,47.6,73.18,25.74,1.85,7.72,54.85
BLCA,2019,6,63.45,85.96,37.08,1.34,0.0,38.34
BLCA,2019,7,73.85,91.72,50.4,0.26,0.0,30.35
BLCA,2019,8,73.19,89.38,51.76,0.29,0.0,34.51
BLCA,2019,9,65.11,90.09,41.94,0.41,0.0,27.82
BLCA,2019,10,43.52,73.54,-3.42,0.12,4.8,21.75
BLCA,2019,11,36.29,60.76,6.49,0.35,7.47,35.43
BLCA,2019,12,24.43,44.46,-3.59,0.17,7.33,56.15
BLCA,2020,1,24.14,42.3,-0.89,0.0,8.19,53.35
BLCA,2020,2,26.44,52.84,-5.58,0.04,4.66,48.12
BLCA,2020,3,37.3,56.98,15.48,0.31,8.21,54.85
BLCA,2020,4,46.5,78.48,19.54,0.54,1.43,41.06
BLCA,2020,5,60.72,86.22,31.5,0.64,0.0,32.9
BLCA,2020,6,68.65,89.38,36.28,0.46,0.69,35.49
BLCA,2020,7,74.21,94.96,47.52,0.62,0.0,34.77
BLCA,2020,8,75.77,93.78,52.84,0.44,0.0,24.68
BLCA,2020,9,62.71,90.09,33.48,0.72,0.63,20.09
BLCA,2020,10,51.74,78.76,-3.78,0.3,3.2,22.77
BLCA,2020,11,35.67,66.06,6.67,0.34,6.06,32.28
BLCA,2020,12,22.3,51.58,1.72,0.0,8.27,38.14
BLCA,2021,1,24.07,47.7,-0.72,0.0,6.04,42.29
BLCA,2021,2,26.6,47.44,-0.53,0.08,11.82,49.71
BLCA,2021,3,33.26,57.42,4.24,0.04,12.62,46.68
BLCA,2021,4,46.48,74.98,18.72,0.25,2.15,37.86
BLCA,2021,5,56.44,80.47,30.42,0.83,0.33,44.82
BLCA,2021,6,71.45,95.86,44.64,0.41,0.0,32.5
BLCA,2021,7,74.43,97.3,54.9,0.93,0.0,42.12
BLCA,2021,8,70.9,91.44,44.38,0.8,0.0,23.77
BLCA,2021,9,64.12,87.48,37.72,1.58,0.0,25.8
BLCA,2021,10,45.76,72.9,20.7,0.89,6.48,46.97
BLCA,2021,11,41.09,64.36,19.26,0.55,4.08,41.25
BLCA,2021,12,29.02,55.36,-1.26,0.62,21.06,56.98
BLCA,2022,1,24.07,44.1,0.54,0.0,3.64,38.48
BLCA,2022,2,24.21,47.34,-4.76,0.01,8.76,39.89
BLCA,2022,3,33.1,66.79,-2.42,0.23,10.39,48.86
BLCA,2022,4,45.31,71.74,17.1,0.28,4.16,51.2
BLCA,2022,5,57.01,83.16,29.44,0.63,2.15,53.99
BLCA,2022,6,68.63,93.24,41.04,1.05,0.0,39.44
BLCA,2022,7,72.9,94.5,52.84,1.45,0.0,44.52
BLCA,2022,8,70.32,90.19,49.68,2.29,0.0,38.85
BLCA,2022,9,65.74,91.8,42.48,1.53,0.0,24.99
BLCA,2022,10,46.75,68.58,11.8,0.87,6.92,30.24
BLCA,2022,11,29.56,59.04,1.27,0.15,6.28,45.56
BLCA,2022,12,24.83,48.7,-2.96,0.19,15.02,68.33
BLCA,2023,1,24.3,46.98,2.89,0.16,12.51,74.57
BLCA,2023,2,23.48,45.64,1.17,0.0,13.64,54.2
BLCA,2023,3,29.09,48.88,7.75,0.7,18.6,68.9
BLCA,2023,4,38.53,66.52,9.46,0.21,7.8,46.36
BLCA,2023,5,54.92,77.22,32.4,1.58,2.76,50.39
BLCA,2023,6,63.42,86.5,40.14,1.21,0.0,37.84
BLCA,2023,7,76.74,96.22,48.25,0.12,0.0,21.96
BLCA,2023,8,71.63,91.72,53.64,0.44,0.0,31.23
BLCA,2023,9,63.08,85.87,40.86,0.43,0.0,30.57
BLCA,2023,10,49.81,73.44,20.16,1.26,2.48,23.06
BLCA,2023,11,37.12,64.8,4.59,0.12,3.91,39.91
BLCA,2023,12,26.53,51.66,-0.72,0.0,5.1,53.94
BLCA,2024,1,24.69,48.78,-4.04,0.01,9.29,61.51
BLCA,2024,2,29.12,51.22,0.46,0.06,7.63,56.85
BLCA,2024,3,34.12,54.9,6.76,0.19,16.76,61.18
BLCA,2024,4,45.81,73.18,18.99,0.58,6.37,38.89
BLCA,2024,5,52.86,78.22,24.76,1.63,2.34,41.6
BLCA,2024,6,70.09,91.0,48.52,1.52,0.0,36.33
BLCA,2024,7,73.19,94.96,47.98,0.62,0.0,20.24
BLCA,2024,8,70.22,94.59,50.94,1.4,0.0,44.07
BLCA,2024,9,63.94,83.7,40.68,0.88,0.0,22.52
BLCA,2024,10,54.83,80.38,16.48,1.9,2.54,30.42
BLCA,2024,11,31.22,58.78,4.06,0.28,9.95,44.83
BLCA,2024,12,30.2,52.56,6.76,0.0,4.49,43.89
BLCA,2025,1,20.71,49.42,-12.14,0.0,3.03,42.62
BLCA,2025,2,34.14,60.12,4.59,0.02,6.97,47.67
BLCA,2025,3,38.25,67.96,10.9,0.14,9.26,50.5
BLCA,2025,4,47.06,75.79,17.91,0.19,7.69,48.66
BLCA,2025,5,56.41,85.69,32.13,1.21,1.49,38.62
BLCA,2025,6,69.37,92.08,44.92,1.77,0.0,26.98
BLCA,2025,7,72.89,93.52,50.76,0.6,0.0,39.17
BLCA,2025,8,72.06,93.78,48.25,1.39,0.0,35.67
BLCA,2025,9,61.26,84.34,40.5,1.57,0.0,35.05
BLCA,2025,10,51.04,78.04,26.82,2.64,0.36,24.6
BLCA,2025,11,42.83,68.22,26.92,0.22,1.85,49.18
BLCA,2025,12,34.75,58.5,10.36,0.13,6.2,55.84
BRCA,2006,1,23.71,43.74,-6.93,0.05,5.79,41.27
BRCA,2006,2,27.35,49.05,7.2,0.23,1.98,34.89
BRCA,2006,3,24.76,46.98,-13.05,0.54,23.34,62.41
BRCA,2006,4,39.02,63.09,11.7,0.44,3.89,31.9
BRCA,2006,5,53.7,74.88,29.97,0.56,0.0,28.23
BRCA,2006,6,65.12,85.23,42.03,0.41,0.0,28.17
BRCA,2006,7,67.12,87.21,46.17,2.52,0.0,51.46
BRCA,2006,8,63.85,79.47,43.83,0.77,0.0,25.77
BRCA,2006,9,52.34,73.08,28.26,1.44,0.0,27.02
BRCA,2006,10,40.99,67.77,22.95,3.48,1.6,34.97
BRCA,2006,11,34.28,64.44,5.4,0.01,2.76,37.88
BRCA,2006,12,22.2,46.53,-2.34,0.01,6.81,36.65
BRCA,2007,1,13.55,38.07,-20.79,0.0,4.19,24.36
BRCA,2007,2,27.81,48.33,-3.6,0.12,3.72,50.75
BRCA,2007,3,35.11,64.98,-2.25,0.51,2.7,37.22
BRCA,2007,4,41.0,68.31,20.16,0.78,4.71,45.21
BRCA,2007,5,52.76,74.79,26.1,0.26,0.47,36.5
BRCA,2007,6,64.22,84.6,30.96,0.11,0.0,27.28
BRCA,2007,7,69.66,88.2,50.31,1.73,0.0,47.06
BRCA,2007,8,65.76,83.79,43.56,1.01,0.0,28.23
BRCA,2007,9,57.08,78.48,27.09,1.21,0.0,24.85
BRCA,2007,10,44.86,64.53,22.5,0.45,0.3,20.97
BRCA,2007,11,38.37,61.29,19.98,0.2,4.6,35.6
BRCA,2007,12,14.45,46.35,-12.33,0.43,12.54,45.44
BRCA,2008,1,13.23,32.58,-13.59,0.08,19.37,44.55
BRCA,2008,2,17.42,41.58,-2.07,0.06,12.73,45.55
BRCA,2008,3,24.44,45.27,0.45,0.06,3.25,26.99
BRCA,2008,4,35.34,63.27,13.32,0.06,0.66,17.22
BRCA,2008,5,46.9,78.66,20.7,0.56,1.05,35.57
BRCA,2008,6,61.72,81.54,32.67,0.26,0.28,12.35
BRCA,2008,7,67.31,84.33,49.14,1.8,0.0,35.57
BRCA,2008,8,65.83,83.34,46.53,1.72,0.0,31.32
BRCA,2008,9,58.0,78.66,36.9,0.35,0.0,18.35
BRCA,2008,10,45.79,68.58,20.79,0.39,0.19,19.25
BRCA,2008,11,36.67,59.67,20.97,0.37,0.94,40.88
BRCA,2008,12,20.42,56.52,-13.95,0.0,20.92,46.29
BRCA,2009,1,18.1,39.69,-11.16,0.13,3.72,25.83
BRCA,2009,2,20.76,41.4,-5.4,0.13,9.15,43.87
BRCA,2009,3,29.25,54.81,2.16,0.06,3.47,33.92
BRCA,2009,4,37.59,63.63,14.58,0.39,5.54,35.82
BRCA,2009,5,54.8,77.4,33.66,1.53,0.0,40.49
BRCA,2009,6,56.91,81.45,35.64,0.73,0.0,45.41
BRCA,2009,7,68.0,86.4,48.78,1.27,0.0,39.36
BRCA,2009,8,65.21,84.78,41.04,0.26,0.0,24.61
BRCA,2009,9,58.91,77.67,36.72,0.31,0.0,24.56
BRCA,2009,10,41.33,67.59,17.1,0.54,0.61,27.97
BRCA,2009,11,35.88,61.29,13.32,0.06,1.13,26.73
BRCA,2009,12,14.52,45.63,-21.24,0.01,17.58,44.52
BRCA,2010,1,18.68,35.19,-9.27,0.01,21.33,56.52
BRCA,2010,2,18.3,34.11,-2.16,0.0,10.17,56.29
BRCA,2010,3,24.49,46.8,4.86,0.07,9.92,46.96
BRCA,2010,4,32.22,58.14,7.74,0.43,5.46,43.04
BRCA,2010,5,44.07,69.75,23.13,0.22,0.19,28.12
BRCA,2010,6,61.87,84.51,35.19,0.34,0.0,21.96
BRCA,2010,7,68.56,86.67,44.28,1.51,0.0,36.26
BRCA,2010,8,63.18,81.54,41.13,1.29,0.0,25.88
BRCA,2010,9,60.49,80.28,34.74,0.39,0.0,8.77
BRCA,2010,10,44.81,75.69,21.33,3.05,0.08,43.09
BRCA,2010,11,27.74,62.19,-17.64,0.14,9.15,35.91
BRCA,2010,12,24.68,47.7,-18.45,1.44,26.04,63.19
BRCA,2011,1,15.65,41.22,-24.75,0.0,0.25,30.05
BRCA,2011,2,17.83,41.58,-17.1,0.07,18.8,36.42
BRCA,2011,3,26.19,46.35,2.97,0.03,6.83,47.5
BRCA,2011,4,33.58,56.97,-0.27,0.48,6.5,40.72
BRCA,2011,5,43.73,66.69,20.61,1.0,4.33,37.73
BRCA,2011,6,59.72,81.27,32.31,0.15,0.0,18.16
BRCA,2011,7,66.0,84.24,45.72,1.25,0.0,32.63
BRCA,2011,8,67.27,83.7,45.18,0.29,0.0,18.71
BRCA,2011,9,57.63,78.57,39.51,1.01,0.0,32.97
BRCA,2011,10,44.89,69.12,21.87,0.75,2.26,25.07
BRCA,2011,11,30.07,52.11,8.19,0.11,3.89,35.65
BRCA,2011,12,17.32,47.88,-4.68,0.0,5.76,33.48
BRCA,2012,1,25.09,49.05,-7.74,0.02,6.09,37.54
BRCA,2012,2,20.44,45.45,-13.05,0.04,5.98,46.43
BRCA,2012,3,31.04,59.58,-12.24,0.07,8.21,40.07
BRCA,2012,4,41.4,69.93,1.26,0.2,5.59,37.89
BRCA,2012,5,54.38,78.21,28.89,0.31,0.0,18.89
BRCA,2012,6,65.45,84.51,37.53,0.01,0.0,7.36
BRCA,2012,7,66.74,83.88,50.49,0.96,0.0,48.24
BRCA,2012,8,65.96,81.72,47.88,1.44,0.0,39.61
BRCA,2012,9,58.97,78.21,38.34,0.65,0.0,31.37
BRCA,2012,10,47.02,74.16,22.05,0.78,0.22,26.92
BRCA,2012,11,36.44,61.74,14.31,0.56,2.31,30.3
BRCA,2012,12,21.19,51.39,-7.83,0.04,9.73,53.32
BRCA,2013,1,12.39,41.22,-24.93,0.07,6.15,33.34
BRCA,2013,2,15.98,42.66,-7.47,0.01,3.97,30.76
BRCA,2013,3,32.22,55.8,5.13,0.19,4.22,44.89
BRCA,2013,4,39.96,70.2,9.99,0.31,2.56,34.81
BRCA,2013,5,50.86,74.07,24.75,0.71,0.11,31.84
BRCA,2013,6,66.37,89.64,41.49,0.04,0.0,20.99
BRCA,2013,7,68.46,88.47,49.77,1.59,0.0,50.08
BRCA,2013,8,63.99,81.72,48.42,2.15,0.0,53.09
BRCA,2013,9,53.73,74.07,27.0,3.56,0.0,29.68
BRCA,2013,10,39.89,65.16,12.96,0.49,3.69,28.61
BRCA,2013,11,30.71,54.54,7.02,0.13,13.7,35.69
BRCA,2013,12,12.83,39.6,-24.66,0.04,5.9,25.84
BRCA,2014,1,20.95,43.92,-7.38,0.04,2.98,32.93
BRCA,2014,2,26.66,51.93,-9.36,0.28,2.01,46.22
BRCA,2014,3,33.57,54.54,8.28,0.26,4.63,41.41
BRCA,2014,4,40.61,65.34,19.8,0.24,3.09,46.92
BRCA,2014,5,49.88,77.13,14.22,0.39,3.64,38.19
BRCA,2014,6,63.55,84.78,39.96,0.0,0.0,24.69
BRCA,2014,7,68.82,85.32,51.03,0.95,0.0,51.8
BRCA,2014,8,62.32,82.44,40.05,0.94,0.0,37.43
BRCA,2014,9,59.4,79.83,33.84,2.15,0.0,21.71
BRCA,2014,10,49.1,68.76,28.62,0.0,0.0,25.77
BRCA,2014,11,34.53,60.84,12.06,0.12,0.58,30.42
BRCA,2014,12,25.27,45.72,-1.44,0.29,7.33,60.07
BRCA,2015,1,24.17,46.08,-6.48,0.15,8.9,43.31
BRCA,2015,2,28.65,53.82,-3.06,0.0,11.8,32.83
BRCA,2015,3,32.57,62.01,-7.29,0.03,10.89,37.53
BRCA,2015,4,40.52,65.61,19.53,0.29,1.65,35.07
BRCA,2015,5,46.28,73.62,25.11,2.13,2.59,59.02
BRCA,2015,6,64.37,88.2,37.8,1.05,0.0,29.32
BRCA,2015,7,65.1,87.93,46.44,0.84,0.0,38.54
BRCA,2015,8,64.44,81.54,46.08,3.04,0.0,41.64
BRCA,2015,9,60.21,80.64,38.34,0.48,0.0,32.28
BRCA,2015,10,47.59,73.35,27.9,3.72,0.03,46.44
BRCA,2015,11,26.52,59.94,-7.65,0.07,6.12,21.32
BRCA,2015,12,17.3,49.23,-16.2,0.0,7.63,48.71
BRCA,2016,1,16.1,38.16,-8.91,0.0,16.59,58.11
BRCA,2016,2,23.31,48.42,-12.42,0.14,2.29,34.9
BRCA,2016,3,34.46,56.79,8.55,0.25,3.75,46.47
BRCA,2016,4,39.83,63.54,20.43,1.12,4.74,51.79
BRCA,2016,5,48.63,70.92,25.29,0.84,0.08,43.27
BRCA,2016,6,67.66,89.64,45.27,0.21,0.0,25.87
BRCA,2016,7,68.32,88.92,47.34,1.35,0.0,32.63
BRCA,2016,8,62.88,83.34,43.83,2.31,0.0,44.05
BRCA,2016,9,55.24,77.76,30.69,3.14,0.0,24.61
BRCA,2016,10,48.28,65.52,26.01,0.35,0.0,38.93
BRCA,2016,11,35.13,61.74,-6.75,0.61,3.61,32.12
BRCA,2016,12,19.36,45.09,-15.57,0.33,16.48,48.23
BRCA,2017,1,20.73,35.57,0.83,0.06,25.49,61.37
BRCA,2017,2,27.44,43.4,2.72,0.43,14.36,64.99
BRCA,2017,3,34.95,57.08,8.75,0.5,5.93,45.35
BRCA,2017,4,40.11,62.12,20.09,0.29,2.29,37.35
BRCA,2017,5,50.37,71.66,23.06,0.97,0.88,32.29
BRCA,2017,6,67.45,86.87,40.79,0.16,0.0,22.65
BRCA,2017,7,69.76,86.6,53.75,2.34,0.0,51.99
BRCA,2017,8,66.56,82.91,51.77,1.88,0.0,38.56
BRCA,2017,9,55.78,81.38,29.36,0.96,0.08,36.07
BRCA,2017,10,47.1,66.35,24.86,0.17,0.52,16.09
BRCA,2017,11,41.02,61.04,18.83,0.14,0.5,38.19
BRCA,2017,12,32.83,53.84,9.92,0.0,1.35,26.63
BRCA,2018,1,28.68,47.81,7.04,0.05,7.96,51.76
BRCA,2018,2,25.46,51.14,-1.06,0.02,5.18,35.69
BRCA,2018,3,30.77,58.16,4.52,0.72,4.0,47.54
BRCA,2018,4,45.3,66.89,18.56,0.22,2.2,40.78
BRCA,2018,5,53.07,74.36,26.48,0.92,3.97,37.94
BRCA,2018,6,67.02,85.79,43.76,0.08,0.0,17.48
BRCA,2018,7,70.42,84.53,52.58,1.78,0.0,48.98
BRCA,2018,8,68.06,86.06,49.79,1.75,0.0,30.4
BRCA,2018,9,61.91,77.51,45.38,0.56,0.0,17.33
BRCA,2018,10,41.38,65.45,20.99,1.8,4.38,42.42
BRCA,2018,11,33.54,56.81,17.03,0.0,4.69,28.33
BRCA,2018,12,22.49,38.09,0.02,0.0,5.51,49.8
BRCA,2019,1,22.04,34.76,-0.61,0.02,15.52,48.97
BRCA,2019,2,17.82,33.86,-0.07,0.01,29.65,57.18
BRCA,2019,3,28.65,45.74,9.47,0.24,17.86,56.3
BRCA,2019,4,39.65,61.49,20.72,0.93,2.56,50.05
BRCA,2019,5,41.72,62.93,17.3,1.5,18.35,49.4
BRCA,2019,6,59.19,78.14,36.11,0.72,0.0,33.62
BRCA,2019,7,68.22,84.53,49.61,1.69,0.0,33.23
BRCA,2019,8,68.87,83.54,51.41,0.5,0.0,31.2
BRCA,2019,9,59.01,83.99,33.86,0.7,0.0,24.96
BRCA,2019,10,41.83,66.26,6.77,0.0,0.0,8.08
BRCA,2019,11,35.93,58.97,4.52,0.85,15.82,33.58
BRCA,2019,12,22.58,36.47,0.2,0.02,13.39,62.36
BRCA,2020,1,22.18,33.77,8.21,0.0,3.22,44.58
BRCA,2020,2,24.27,43.31,1.37,0.01,5.54,31.84
BRCA,2020,3,29.24,48.35,10.28,0.14,13.39,53.18
BRCA,2020,4,40.84,69.95,18.83,0.46,2.81,36.92
BRCA,2020,5,55.58,79.76,30.35,0.36,0.25,29.32
BRCA,2020,6,62.3,82.91,28.46,0.61,0.03,26.51
BRCA,2020,7,69.38,86.69,47.36,0.75,0.0,21.45
BRCA,2020,8,71.62,87.59,50.78,0.36,0.0,23.5
BRCA,2020,9,61.58,87.05,30.17,0.36,0.0,14.26
BRCA,2020,10,52.31,74.54,9.47,0.06,0.44,11.08
BRCA,2020,11,35.06,60.41,7.31,0.16,2.81,30.71
BRCA,2020,12,26.61,44.48,10.01,0.01,6.28,34.14
BRCA,2021,1,22.17,41.78,-1.06,0.0,9.65,51.03
BRCA,2021,2,23.49,39.62,6.32,0.01,4.38,40.11
BRCA,2021,3,29.36,51.77,1.28,0.0,7.91,38.64
BRCA,2021,4,43.81,66.71,24.95,0.19,3.2,27.32
BRCA,2021,5,53.47,73.55,26.84,0.31,0.39,28.36
BRCA,2021,6,68.55,88.85,43.49,0.61,0.0,37.69
BRCA,2021,7,69.85,90.11,53.93,2.56,0.0,49.73
BRCA,2021,8,67.06,84.53,42.32,1.31,0.0,21.66
BRCA,2021,9,60.77,81.11,34.76,1.19,0.0,18.46
BRCA,2021,10,41.42,62.48,19.55,1.43,5.26,39.62
BRCA,2021,11,40.66,60.41,20.9,0.02,0.14,30.3
BRCA,2021,12,26.06,53.03,2.81,0.02,24.14,58.93
BRCA,2022,1,23.54,39.17,2.09,0.0,0.63,37.08
BRCA,2022,2,22.5,42.59,-0.25,0.0,3.8,28.07
BRCA,2022,3,32.02,60.59,4.52,0.22,4.41,41.26
BRCA,2022,4,42.25,63.02,13.25,0.09,3.0,39.27
BRCA,2022,5,52.32,77.06,25.49,0.02,0.0,34.88
BRCA,2022,6,64.62,84.35,37.91,0.72,0.0,25.86
BRCA,2022,7,68.27,86.24,52.58,2.73,0.0,45.13
BRCA,2022,8,64.02,80.48,51.95,4.46,0.0,42.4
BRCA,2022,9,60.94,85.07,42.95,1.77,0.0,28.35
BRCA,2022,10,44.95,65.18,14.42,0.7,3.69,20.79
BRCA,2022,11,24.97,48.98,5.78,0.04,9.09,36.47
BRCA,2022,12,22.33,38.9,2.9,0.04,11.88,63.92
BRCA,2023,1,18.63,32.24,5.42,0.0,30.67,68.57
BRCA,2023,2,19.73,33.5,2.81,0.01,14.52,58.64
BRCA,2023,3,21.84,34.58,2.54,0.15,23.67,62.38
BRCA,2023,4,33.74,64.1,6.86,0.02,1.43,34.21
BRCA,2023,5,49.53,66.53,26.21,2.02,1.3,43.65
BRCA,2023,6,56.5,74.54,41.15,2.39,0.25,36.77
BRCA,2023,7,71.22,88.49,52.04,1.72,0.0,23.88
BRCA,2023,8,63.34,80.39,49.52,3.19,0.0,36.99
BRCA,2023,9,55.94,76.88,38.81,1.56,0.06,26.83
BRCA,2023,10,46.8,69.68,17.3,0.24,0.3,14.49
BRCA,2023,11,34.97,59.51,9.47,0.09,4.55,39.35
BRCA,2023,12,28.67,43.67,8.57,0.02,1.16,44.95
BRCA,2024,1,23.01,41.69,1.46,0.03,12.02,58.99
BRCA,2024,2,24.02,39.62,6.86,0.02,16.92,59.9
BRCA,2024,3,29.1,49.34,10.82,0.07,12.76,54.15
BRCA,2024,4,41.04,63.56,15.32,0.24,4.63,25.69
BRCA,2024,5,50.17,74.0,21.62,0.69,0.99,26.94
BRCA,2024,6,67.09,83.99,37.73,1.74,0.0,25.72
BRCA,2024,7,70.31,88.4,53.21,2.25,0.0,23.15
BRCA,2024,8,64.33,84.26,46.64,5.23,0.0,33.32
BRCA,2024,9,61.34,78.59,41.06,0.35,0.0,16.44
BRCA,2024,10,51.34,77.69,20.45,0.52,1.9,31.64
BRCA,2024,11,30.14,50.42,12.71,0.18,3.33,32.62
BRCA,2024,12,30.97,47.63,10.1,0.0,1.19,42.58
BRCA,2025,1,23.16,46.28,5.96,0.0,1.07,35.05
BRCA,2025,2,30.96,53.48,5.33,0.0,7.66,40.95
BRCA,2025,3,32.95,60.5,9.47,0.1,10.03,53.85
BRCA,2025,4,40.28,67.25,19.1,0.44,6.7,43.52
BRCA,2025,5,50.84,79.85,28.19,1.25,3.5,37.99
BRCA,2025,6,63.08,83.54,40.52,2.32,0.0,26.72
BRCA,2025,7,66.75,87.32,47.36,1.09,0.0,26.31
BRCA,2025,8,65.84,85.79,46.55,2.04,0.0,40.31
BRCA,2025,9,56.57,78.14,40.43,1.55,0.0,31.71
BRCA,2025,10,45.56,66.8,24.23,1.6,0.94,19.94
BRCA,2025,11,38.19,61.22,20.0,0.47,9.4,55.49
BRCA,2025,12,34.22,56.18,13.25,1.02,1.16,46.67
CANY,2006,1,35.76,57.08,17.75,0.14,1.41,42.21
CANY,2006,2,38.7,65.36,18.92,0.01,0.25,29.69
CANY,2006,3,41.42,65.54,5.33,0.59,5.18,58.34
CANY,2006,4,57.23,82.82,31.52,0.29,0.0,29.12
CANY,2006,5,69.92,91.01,46.46,0.03,0.0,27.06
CANY,2006,6,80.63,98.57,56.36,0.02,0.0,21.29
CANY,2006,7,83.76,102.17,61.04,0.34,0.0,39.02
CANY,2006,8,78.71,92.27,55.82,0.37,0.0,32.9
CANY,2006,9,65.5,88.76,40.61,1.04,0.0,24.55
CANY,2006,10,52.77,82.01,31.88,1.76,0.03,36.54
CANY,2006,11,44.35,73.01,8.03,0.11,2.09,39.91
CANY,2006,12,31.69,55.19,15.05,0.13,1.82,33.8
CANY,2007,1,27.46,50.96,4.16,0.18,4.22,24.2
CANY,2007,2,39.5,61.22,13.43,0.15,2.29,52.03
CANY,2007,3,49.49,78.14,13.61,0.31,0.41,43.0
CANY,2007,4,56.48,84.44,33.95,1.07,0.0,43.84
CANY,2007,5,67.61,89.57,39.62,0.32,0.0,39.3
CANY,2007,6,79.26,98.57,44.84,0.02,0.0,24.91
CANY,2007,7,84.96,101.0,64.73,0.33,0.0,35.02
CANY,2007,8,81.72,97.4,62.84,0.5,0.0,30.39
CANY,2007,9,70.8,92.81,35.66,0.7,0.0,23.72
CANY,2007,10,56.67,80.12,33.68,0.25,0.0,23.71
CANY,2007,11,46.74,69.32,20.63,0.23,0.94,33.14
CANY,2007,12,26.56,50.96,-7.63,0.9,5.04,47.61
CANY,2008,1,27.4,46.37,5.06,0.2,2.18,41.72
CANY,2008,2,35.05,58.07,11.36,0.34,4.66,47.68
CANY,2008,3,44.56,69.77,23.96,0.26,0.69,30.15
CANY,2008,4,52.14,79.76,29.27,0.25,0.33,27.93
CANY,2008,5,61.99,92.45,35.3,0.46,0.0,36.63
CANY,2008,6,75.78,94.79,45.83,0.46,0.0,16.52
CANY,2008,7,83.75,98.75,66.26,0.18,0.0,29.13
CANY,2008,8,79.5,99.74,58.34,1.08,0.0,27.37
CANY,2008,9,71.23,87.86,51.05,0.05,0.0,14.81
CANY,2008,10,57.42,82.37,32.42,0.27,0.0,15.79
CANY,2008,11,46.45,75.08,29.54,0.6,0.19,38.79
CANY,2008,12,29.97,56.54,0.2,0.28,6.39,46.83
CANY,2009,1,32.8,54.74,2.63,0.07,0.8,22.26
CANY,2009,2,39.72,63.02,21.53,0.25,0.17,36.93
CANY,2009,3,47.3,74.09,21.98,0.09,1.57,39.38
CANY,2009,4,52.59,80.03,22.16,0.48,3.0,39.5
CANY,2009,5,68.24,91.55,49.43,1.31,0.0,42.49
CANY,2009,6,73.47,95.42,53.57,0.18,0.0,45.88
CANY,2009,7,83.9,100.1,63.29,0.22,0.0,29.43
CANY,2009,8,80.02,99.02,57.08,0.03,0.0,25.3
CANY,2009,9,71.6,90.38,47.99,0.35,0.0,28.48
CANY,2009,10,53.19,79.4,24.86,0.08,2.89,31.22
CANY,2009,11,43.14,69.05,25.4,0.57,0.39,30.0
CANY,2009,12,22.44,46.64,-9.43,0.1,7.72,45.88
CANY,2010,1,26.21,43.13,7.22,0.26,6.53,58.24
CANY,2010,2,30.07,48.62,10.01,0.3,6.48,54.07
CANY,2010,3,40.95,69.59,22.88,0.83,4.3,45.45
CANY,2010,4,53.55,78.05,29.27,0.23,0.39,50.34
CANY,2010,5,61.2,89.21,35.84,0.15,0.0,32.4
CANY,2010,6,77.36,99.83,50.69,0.3,0.0,22.85
CANY,2010,7,83.17,100.82,60.05,0.33,0.0,31.16
CANY,2010,8,77.34,96.59,57.26,0.61,0.0,26.82
CANY,2010,9,73.06,93.35,50.78,0.32,0.0,8.22
CANY,2010,10,58.47,88.13,30.71,0.54,0.0,35.99
CANY,2010,11,41.57,72.02,13.43,0.14,0.94,32.7
CANY,2010,12,39.02,58.7,2.81,0.63,4.66,63.71
CANY,2011,1,24.88,50.6,-9.97,0.03,0.96,31.32
CANY,2011,2,33.78,57.89,0.2,0.2,0.61,35.28
CANY,2011,3,47.79,71.3,26.84,0.3,0.06,49.59
CANY,2011,4,52.56,78.59,28.91,0.69,0.0,45.72
CANY,2011,5,60.72,84.98,30.44,0.41,0.0,37.11
CANY,2011,6,75.66,97.76,48.44,0.18,0.0,21.76
CANY,2011,7,82.6,98.12,60.59,0.27,0.0,30.53
CANY,2011,8,83.23,98.57,63.38,0.14,0.0,17.97
CANY,2011,9,71.44,91.55,51.23,0.38,0.0,25.79
CANY,2011,10,56.72,83.18,31.34,0.68,0.0,22.99
CANY,2011,11,40.71,65.81,21.71,0.67,1.05,35.97
CANY,2011,12,28.37,54.74,9.11,0.13,3.03,35.12
CANY,2012,1,35.66,57.35,19.37,0.18,0.52,40.5
CANY,2012,2,36.51,57.89,17.66,0.12,2.7,44.91
CANY,2012,3,49.88,78.68,20.18,0.15,0.99,37.56
CANY,2012,4,58.28,86.69,33.32,0.09,0.69,37.23
CANY,2012,5,69.07,91.46,44.84,0.01,0.0,21.12
CANY,2012,6,80.48,98.21,49.97,0.0,0.0,11.52
CANY,2012,7,82.83,98.03,65.72,0.56,0.0,39.31
CANY,2012,8,81.4,97.94,62.66,0.39,0.0,34.67
CANY,2012,9,72.11,89.66,51.23,0.13,0.0,25.56
CANY,2012,10,58.13,85.34,30.98,0.36,0.0,22.74
CANY,2012,11,46.61,71.03,24.59,0.07,0.11,28.07
CANY,2012,12,31.13,59.69,1.1,0.13,4.35,52.67
CANY,2013,1,21.37,48.62,-2.86,0.41,2.12,34.47
CANY,2013,2,32.73,50.6,16.13,0.02,2.12,39.23
CANY,2013,3,47.71,70.94,24.59,0.41,0.8,49.2
CANY,2013,4,53.82,83.36,22.43,0.31,0.94,42.92
CANY,2013,5,65.68,89.21,35.39,0.21,0.0,33.37
CANY,2013,6,81.2,103.07,52.31,0.02,0.0,18.48
CANY,2013,7,83.94,100.46,63.29,0.51,0.0,41.85
CANY,2013,8,78.24,96.59,58.79,1.01,0.0,51.15
CANY,2013,9,67.57,93.53,40.79,2.56,0.0,26.45
CANY,2013,10,52.89,78.95,34.31,0.31,0.0,27.99
CANY,2013,11,39.93,63.47,12.44,0.31,8.19,39.96
CANY,2013,12,20.62,46.28,-11.5,0.02,4.93,34.12
CANY,2014,1,33.35,50.87,12.8,0.04,2.29,29.02
CANY,2014,2,40.19,63.02,15.59,0.19,0.61,43.83
CANY,2014,3,47.85,69.23,27.92,0.2,0.0,39.75
CANY,2014,4,54.97,78.95,29.0,0.3,0.0,48.83
CANY,2014,5,64.53,92.36,31.97,0.73,0.0,45.14
CANY,2014,6,77.57,96.59,52.4,0.01,0.0,26.21
CANY,2014,7,84.23,100.37,66.62,0.16,0.0,38.79
CANY,2014,8,76.99,95.06,56.81,0.42,0.0,37.92
CANY,2014,9,72.59,92.27,46.46,0.56,0.0,20.36
CANY,2014,10,59.88,77.96,42.41,0.09,0.0,26.18
CANY,2014,11,42.23,72.02,21.71,0.33,0.5,32.51
CANY,2014,12,35.65,59.96,4.43,0.34,2.56,56.9
CANY,2015,1,33.36,53.66,4.61,0.83,1.38,45.2
CANY,2015,2,41.45,63.92,19.55,0.02,3.25,32.5
CANY,2015,3,51.31,77.69,22.61,0.28,0.17,32.59
CANY,2015,4,54.51,81.56,29.54,0.57,0.61,36.78
CANY,2015,5,62.77,89.93,39.44,0.59,0.0,53.19
CANY,2015,6,78.93,101.54,53.39,1.02,0.0,23.82
CANY,2015,7,80.18,99.56,58.88,0.35,0.0,43.78
CANY,2015,8,79.12,97.31,59.96,0.85,0.0,38.72
CANY,2015,9,74.39,91.46,54.65,0.11,0.0,27.72
CANY,2015,10,59.42,88.4,41.33,2.13,0.0,44.29
CANY,2015,11,39.46,66.71,17.84,0.57,1.16,21.92
CANY,2015,12,29.71,56.45,3.89,0.15,4.33,51.93
CANY,2016,1,25.97,50.78,2.99,0.09,7.03,57.69
CANY,2016,2,34.7,62.66,-4.66,0.04,3.75,43.58
CANY,2016,3,48.75,72.74,28.46,0.25,0.36,48.81
CANY,2016,4,54.65,80.93,32.33,0.77,0.11,50.05
CANY,2016,5,63.52,85.79,37.19,0.4,0.14,40.92
CANY,2016,6,82.58,102.53,55.55,0.0,0.0,24.39
CANY,2016,7,84.26,101.72,64.91,0.1,0.0,29.15
CANY,2016,8,76.96,94.43,56.63,0.9,0.0,36.55
CANY,2016,9,69.56,88.67,44.39,0.59,0.0,26.0
CANY,2016,10,61.24,79.13,38.18,0.16,0.0,37.62
CANY,2016,11,46.46,68.33,21.98,0.89,0.25,35.33
CANY,2016,12,32.94,56.27,12.44,0.33,3.42,44.31
CANY,2017,1,32.77,50.99,9.77,0.42,4.85,57.98
CANY,2017,2,43.9,67.55,18.86,0.8,0.85,58.43
CANY,2017,3,53.19,78.89,23.18,0.54,0.47,49.28
CANY,2017,4,55.4,79.16,32.45,0.33,0.0,40.15
CANY,2017,5,65.19,89.24,38.66,0.44,0.0,35.51
CANY,2017,6,81.35,101.75,49.37,0.13,0.0,18.74
CANY,2017,7,83.92,102.11,66.11,0.69,0.0,45.07
CANY,2017,8,80.57,96.62,64.04,0.41,0.0,25.18
CANY,2017,9,70.41,96.53,41.54,0.38,0.0,32.64
CANY,2017,10,55.54,77.81,34.07,0.09,0.33,20.41
CANY,2017,11,49.55,70.52,25.16,0.09,0.0,37.06
CANY,2017,12,35.4,62.51,16.52,0.0,3.14,30.23
CANY,2018,1,35.51,60.08,15.8,0.33,0.69,47.37
CANY,2018,2,39.86,62.96,18.23,0.13,1.41,44.59
CANY,2018,3,47.84,73.85,20.12,0.31,0.69,44.0
CANY,2018,4,58.95,81.86,30.56,0.35,0.06,43.86
CANY,2018,5,69.3,89.6,40.19,0.28,0.0,33.66
CANY,2018,6,81.04,100.58,53.42,0.03,0.0,18.48
CANY,2018,7,86.09,101.03,66.11,0.01,0.0,38.65
CANY,2018,8,82.8,98.15,59.63,0.17,0.0,27.59
CANY,2018,9,75.37,93.02,54.59,0.0,0.0,19.34
CANY,2018,10,51.47,78.71,26.51,2.95,0.03,47.59
CANY,2018,11,39.66,61.25,22.37,0.09,0.08,23.27
CANY,2018,12,29.96,49.01,12.65,0.04,5.02,46.26
CANY,2019,1,29.83,45.5,1.31,0.09,4.55,46.34
CANY,2019,2,33.14,52.43,12.65,0.45,4.55,48.3
CANY,2019,3,44.42,69.08,23.0,1.85,1.71,53.09
CANY,2019,4,58.05,79.34,31.28,0.59,0.25,52.27
CANY,2019,5,59.28,84.56,40.37,0.98,0.03,45.59
CANY,2019,6,75.52,95.81,47.39,0.08,0.0,33.79
CANY,2019,7,84.72,98.96,65.03,0.0,0.0,28.45
CANY,2019,8,83.72,97.79,66.56,0.0,0.0,32.48
CANY,2019,9,73.9,98.78,49.55,0.02,0.0,20.72
CANY,2019,10,51.58,79.07,14.18,0.03,0.08,14.13
CANY,2019,11,44.31,65.84,22.64,0.89,2.26,33.61
CANY,2019,12,31.08,50.72,9.5,0.43,4.8,54.94
CANY,2020,1,28.42,45.59,12.47,0.01,1.93,45.6
CANY,2020,2,36.01,57.11,11.84,0.13,1.74,36.66
CANY,2020,3,48.32,67.91,28.13,0.73,0.63,50.58
CANY,2020,4,57.19,86.54,28.58,0.04,0.0,36.52
CANY,2020,5,70.6,95.54,43.61,0.02,0.0,27.02
CANY,2020,6,77.32,97.7,40.73,0.44,0.0,26.43
CANY,2020,7,84.51,102.02,60.26,0.29,0.0,25.43
CANY,2020,8,86.18,102.2,67.55,0.0,0.0,19.53
CANY,2020,9,71.48,99.59,37.67,0.44,0.0,18.7
CANY,2020,10,60.16,83.75,17.33,0.24,1.13,16.52
CANY,2020,11,44.55,71.15,22.82,0.19,0.55,29.54
CANY,2020,12,29.75,49.91,13.73,0.0,2.7,30.2
CANY,2021,1,31.68,51.71,13.19,0.09,2.15,40.22
CANY,2021,2,38.31,57.2,20.48,0.41,1.13,40.56
CANY,2021,3,45.63,69.98,23.72,0.17,1.79,40.89
CANY,2021,4,57.05,81.68,32.9,0.19,0.0,30.76
CANY,2021,5,68.04,87.89,43.34,0.24,0.0,34.05
CANY,2021,6,82.33,103.46,55.85,0.09,0.0,26.34
CANY,2021,7,85.68,106.43,65.21,0.21,0.0,41.02
CANY,2021,8,81.0,98.33,53.6,0.73,0.0,18.46
CANY,2021,9,72.89,95.27,46.76,1.17,0.0,22.74
CANY,2021,10,53.07,77.9,32.09,1.21,0.03,37.57
CANY,2021,11,46.78,70.7,23.72,0.04,0.0,34.07
CANY,2021,12,36.59,54.95,16.61,0.67,1.6,49.5
CANY,2022,1,31.83,53.51,9.86,0.09,0.99,34.49
CANY,2022,2,34.98,58.1,12.29,0.01,3.47,30.91
CANY,2022,3,46.77,79.16,18.68,0.37,0.3,46.83
CANY,2022,4,56.53,80.96,26.06,0.12,0.39,42.65
CANY,2022,5,66.46,92.3,37.31,0.11,0.0,44.01
CANY,2022,6,79.29,99.68,51.62,0.09,0.0,31.28
CANY,2022,7,84.37,103.01,66.11,0.34,0.0,38.06
CANY,2022,8,80.96,98.51,61.61,0.35,0.0,34.87
CANY,2022,9,75.5,99.32,54.68,0.42,0.0,25.38
CANY,2022,10,55.91,77.81,31.1,0.87,1.9,23.09
CANY,2022,11,36.36,63.95,18.23,0.43,1.85,32.06
CANY,2022,12,33.52,52.34,13.46,0.42,2.65,59.35
CANY,2023,1,31.39,51.8,14.18,0.61,5.9,63.02
CANY,2023,2,30.04,49.73,3.65,0.1,8.19,49.59
CANY,2023,3,39.1,60.98,21.2,1.47,5.21,56.73
CANY,2023,4,52.82,86.0,23.9,0.26,0.63,41.71
CANY,2023,5,68.7,85.55,43.43,0.28,0.0,41.05
CANY,2023,6,74.5,92.66,53.42,0.39,0.0,32.66
CANY,2023,7,87.23,105.08,66.38,0.04,0.0,17.46
CANY,2023,8,81.26,98.06,64.22,0.22,0.0,32.49
CANY,2023,9,72.28,91.85,49.64,0.01,0.0,25.16
CANY,2023,10,58.79,79.61,27.86,0.4,0.0,14.24
CANY,2023,11,44.32,72.05,20.93,0.34,1.9,39.42
CANY,2023,12,34.64,54.05,18.32,0.63,0.28,47.84
CANY,2024,1,34.73,53.51,13.1,0.15,2.78,52.54
CANY,2024,2,40.03,61.97,22.28,0.45,1.76,52.23
CANY,2024,3,46.87,69.89,28.13,0.47,2.65,54.12
CANY,2024,4,58.42,83.39,28.22,0.14,0.03,29.31
CANY,2024,5,65.25,88.25,37.58,0.23,0.08,30.28
CANY,2024,6,81.89,99.41,52.79,0.15,0.0,29.94
CANY,2024,7,86.08,102.47,65.66,0.03,0.0,15.96
CANY,2024,8,81.13,101.3,61.25,0.26,0.0,37.5
CANY,2024,9,74.86,93.38,54.5,0.04,0.0,13.02
CANY,2024,10,62.99,89.51,31.73,1.22,0.0,32.11
CANY,2024,11,39.85,62.15,24.26,0.4,0.58,34.84
CANY,2024,12,34.74,58.55,20.84,0.06,0.77,39.97
CANY,2025,1,30.17,50.18,9.23,0.01,0.39,32.47
CANY,2025,2,43.45,67.73,19.85,0.06,2.73,42.23
CANY,2025,3,49.01,78.44,27.41,0.24,1.49,45.84
CANY,2025,4,56.87,84.74,28.22,0.46,0.94,40.96
CANY,2025,5,67.04,95.81,39.83,0.52,0.0,31.81
CANY,2025,6,79.29,101.48,55.31,0.23,0.0,18.02
CANY,2025,7,83.68,101.12,61.16,0.04,0.0,26.17
CANY,2025,8,81.75,100.94,61.16,0.05,0.0,31.62
CANY,2025,9,70.69,92.66,50.27,0.24,0.0,30.99
CANY,2025,10,57.6,85.91,34.34,1.28,0.0,20.72
CANY,2025,11,47.37,72.05,30.56,0.7,0.33,51.85
CANY,2025,12,40.19,66.2,24.35,0.22,0.47,47.6
CARE,2006,1,32.44,51.88,12.46,0.07,3.64,41.48
CARE,2006,2,33.78,60.97,5.89,0.08,2.92,34.1
CARE,2006,3,34.16,61.06,-4.19,0.39,13.92,58.63
CARE,2006,4,51.22,75.46,27.76,0.33,0.85,31.7
CARE,2006,5,64.93,87.16,37.3,0.37,0.0,33.07
CARE,2006,6,75.75,94.54,49.99,0.26,0.0,31.75
CARE,2006,7,78.43,98.14,56.83,1.98,0.0,48.22
CARE,2006,8,72.97,89.14,49.63,1.3,0.0,32.88
CARE,2006,9,61.13,85.9,33.07,1.7,0.03,27.54
CARE,2006,10,48.85,80.68,26.32,3.28,3.0,35.8
CARE,2006,11,39.67,69.25,2.2,0.08,3.33,39.02
CARE,2006,12,28.35,52.42,6.16,0.06,5.18,36.0
CARE,2007,1,21.54,49.18,-13.19,0.03,4.71,23.71
CARE,2007,2,35.87,55.75,9.22,0.07,4.24,53.48
CARE,2007,3,44.62,74.92,7.96,0.41,3.53,40.24
CARE,2007,4,51.91,81.04,30.55,0.67,2.48,46.99
CARE,2007,5,62.94,85.99,35.59,0.37,0.61,42.44
CARE,2007,6,75.18,97.42,42.25,0.12,0.0,28.99
CARE,2007,7,80.41,99.4,60.61,1.02,0.0,45.28
CARE,2007,8,75.81,94.81,54.4,2.1,0.0,31.78
CARE,2007,9,65.5,87.25,31.27,0.96,0.0,26.45
CARE,2007,10,52.17,76.63,27.94,0.55,0.19,25.11
CARE,2007,11,43.61,67.27,20.83,0.16,2.95,35.66
CARE,2007,12,24.9,51.16,-3.74,0.44,7.77,42.71
CARE,2008,1,24.61,43.6,3.37,0.1,6.28,43.93
CARE,2008,2,30.77,56.11,7.24,0.11,7.28,45.32
CARE,2008,3,38.07,62.86,17.77,0.07,3.75,28.7
CARE,2008,4,47.14,77.8,21.46,0.1,1.24,22.48
CARE,2008,5,57.27,90.04,30.1,0.67,1.74,37.5
CARE,2008,6,71.44,92.56,40.0,0.39,0.69,21.22
CARE,2008,7,78.64,96.43,58.0,1.35,0.0,37.47
CARE,2008,8,74.56,96.52,53.5,2.89,0.0,33.51
CARE,2008,9,66.03,85.27,41.26,0.62,0.0,19.59
CARE,2008,10,52.89,78.97,26.68,0.65,0.47,20.06
CARE,2008,11,43.15,70.69,23.44,0.24,1.19,38.74
CARE,2008,12,26.51,60.7,-10.49,0.06,10.89,43.5
CARE,2009,1,27.04,52.51,-10.13,0.05,2.4,23.07
CARE,2009,2,32.52,58.36,11.11,0.2,3.72,36.07
CARE,2009,3,42.08,70.06,21.55,0.11,3.33,35.38
CARE,2009,4,47.7,76.9,22.72,0.65,5.98,38.88
CARE,2009,5,64.05,88.51,43.15,2.33,0.0,41.68
CARE,2009,6,67.48,90.49,44.14,1.1,0.0,47.77
CARE,2009,7,78.76,97.15,58.0,1.1,0.0,41.08
CARE,2009,8,75.26,94.0,50.44,0.37,0.0,31.68
CARE,2009,9,67.25,88.69,44.95,1.02,0.0,29.32
CARE,2009,10,49.71,78.16,22.9,0.37,2.56,29.7
CARE,2009,11,40.43,68.17,18.58,0.16,1.54,28.8
CARE,2009,12,19.58,49.9,-8.51,0.04,8.87,39.88
CARE,2010,1,24.94,44.59,-2.3,0.0,13.28,55.42
CARE,2010,2,24.72,45.13,-1.76,0.05,9.92,54.51
CARE,2010,3,35.57,61.96,14.08,0.26,8.3,44.76
CARE,2010,4,46.48,73.66,20.74,0.41,1.93,44.87
CARE,2010,5,55.47,83.56,29.74,0.57,2.4,32.77
CARE,2010,6,72.08,96.97,45.58,0.73,0.0,27.0
CARE,2010,7,78.44,97.96,51.07,1.35,0.0,39.19
CARE,2010,8,72.42,92.38,48.91,1.7,0.0,28.35
CARE,2010,9,68.77,92.29,44.32,0.41,0.0,10.06
CARE,2010,10,52.85,86.26,27.67,2.43,0.11,44.03
CARE,2010,11,36.06,67.36,-3.2,0.17,3.78,33.43
CARE,2010,12,34.38,56.38,5.62,0.58,11.22,63.09
CARE,2011,1,24.78,51.97,-13.64,0.02,0.85,30.01
CARE,2011,2,28.85,52.15,2.2,0.18,7.08,37.13
CARE,2011,3,40.15,64.93,16.51,0.28,3.39,46.06
CARE,2011,4,47.31,74.65,23.53,0.47,3.09,42.48
CARE,2011,5,55.5,80.59,28.84,0.84,5.02,40.33
CARE,2011,6,70.94,95.62,43.69,0.53,0.0,22.62
CARE,2011,7,76.47,95.35,52.96,1.31,0.0,36.44
CARE,2011,8,77.78,95.53,55.57,0.82,0.0,24.5
CARE,2011,9,66.71,89.23,47.2,1.48,0.0,32.94
CARE,2011,10,53.12,81.22,27.85,0.69,2.59,26.14
CARE,2011,11,35.12,59.44,7.06,0.07,4.11,36.99
CARE,2011,12,25.74,53.14,1.48,0.01,5.79,34.8
CARE,2012,1,32.92,57.64,14.44,0.04,2.07,39.46
CARE,2012,2,32.94,54.85,9.22,0.09,4.11,49.3
CARE,2012,3,42.95,73.3,13.63,0.26,6.72,40.54
CARE,2012,4,53.1,82.48,27.4,0.26,2.87,37.22
CARE,2012,5,64.49,90.49,38.56,0.15,0.0,22.76
CARE,2012,6,76.07,96.61,44.86,0.06,0.0,13.76
CARE,2012,7,77.91,94.27,57.91,1.27,0.0,50.01
CARE,2012,8,75.87,93.64,57.1,1.78,0.0,41.36
CARE,2012,9,67.48,87.61,45.04,0.95,0.0,31.65
CARE,2012,10,54.34,83.56,29.83,0.63,0.14,26.44
CARE,2012,11,42.71,67.0,19.39,0.17,0.58,30.04
CARE,2012,12,27.28,57.91,-8.69,0.04,6.64,50.52
CARE,2013,1,21.11,44.41,-6.71,0.07,4.82,33.17
CARE,2013,2,28.6,50.08,8.32,0.03,3.11,37.19
CARE,2013,3,42.04,67.45,12.37,0.32,4.77,47.39
CARE,2013,4,48.44,81.04,24.16,0.83,4.82,40.85
CARE,2013,5,60.98,84.73,32.08,0.85,0.14,35.07
CARE,2013,6,76.49,99.31,44.95,0.11,0.0,25.78
CARE,2013,7,79.82,97.69,57.28,1.78,0.0,52.88
CARE,2013,8,73.74,92.65,55.3,1.72,0.0,55.63
CARE,2013,9,62.73,88.15,32.08,4.31,0.0,31.7
CARE,2013,10,48.74,77.35,28.39,0.33,1.82,30.74
CARE,2013,11,36.96,60.16,11.92,0.17,14.66,34.76
CARE,2013,12,19.96,40.81,-16.61,0.02,5.76,28.16
CARE,2014,1,27.56,49.81,0.58,0.1,4.3,31.73
CARE,2014,2,33.42,60.7,-4.1,0.07,0.41,39.71
CARE,2014,3,42.82,65.29,24.97,0.17,2.09,38.42
CARE,2014,4,50.85,75.28,29.2,0.31,1.13,49.1
CARE,2014,5,60.33,87.97,30.64,0.54,4.49,41.44
CARE,2014,6,73.31,94.9,45.4,0.05,0.0,34.03
CARE,2014,7,79.62,95.98,60.7,1.17,0.0,49.91
CARE,2014,8,71.57,91.12,50.08,1.54,0.0,41.77
CARE,2014,9,68.27,90.94,44.14,2.03,0.0,25.58
CARE,2014,10,55.68,76.0,34.24,0.07,0.0,27.3
CARE,2014,11,39.11,64.66,17.59,0.24,1.74,33.09
CARE,2014,12,31.52,54.31,6.79,0.26,7.55,59.11
CARE,2015,1,30.24,52.69,-0.14,0.42,6.48,40.85
CARE,2015,2,36.42,60.43,8.59,0.0,6.89,32.43
CARE,2015,3,41.76,74.02,-1.22,0.11,7.55,35.54
CARE,2015,4,50.53,76.72,28.66,0.35,1.57,38.05
CARE,2015,5,57.64,85.54,36.67,1.96,0.77,60.46
CARE,2015,6,74.63,99.67,49.81,1.64,0.0,30.24
CARE,2015,7,75.67,97.06,53.59,1.33,0.0,44.75
CARE,2015,8,74.2,95.17,55.66,2.16,0.0,44.83
CARE,2015,9,69.77,89.5,48.19,0.46,0.0,30.95
CARE,2015,10,56.15,84.37,32.17,1.8,0.52,46.5
CARE,2015,11,36.1,66.91,14.08,0.07,3.56,21.99
CARE,2015,12,23.23,54.4,-4.73,0.08,7.85,52.71
CARE,2016,1,23.54,50.71,-2.66,0.03,7.96,55.99
CARE,2016,2,32.64,61.42,-7.07,0.04,2.2,36.93
CARE,2016,3,44.88,70.96,27.94,0.14,2.07,47.1
CARE,2016,4,51.18,76.27,29.83,0.83,3.75,51.99
CARE,2016,5,58.83,82.57,34.42,1.31,0.11,44.65
CARE,2016,6,78.28,100.03,51.16,0.32,0.0,31.46
CARE,2016,7,79.31,98.41,56.65,1.31,0.0,37.72
CARE,2016,8,73.33,91.75,50.44,1.59,0.0,42.62
CARE,2016,9,64.83,87.97,39.82,1.74,0.0,26.09
CARE,2016,10,56.85,79.06,33.88,0.14,0.0,39.61
CARE,2016,11,42.24,65.92,10.12,0.52,2.37,32.17
CARE,2016,12,27.46,54.22,-5.63,0.3,7.36,41.28
CARE,2017,1,26.48,49.68,-3.42,0.29,9.95,52.83
CARE,2017,2,38.75,61.11,16.38,0.75,0.47,51.48
CARE,2017,3,49.41,75.6,22.95,0.66,0.66,47.88
CARE,2017,4,51.17,75.78,28.44,0.65,0.08,38.43
CARE,2017,5,61.9,87.48,34.02,0.34,0.0,31.92
CARE,2017,6,77.91,98.37,49.86,0.13,0.0,22.27
CARE,2017,7,81.07,97.92,63.36,0.59,0.0,47.33
CARE,2017,8,77.96,93.78,55.53,0.27,0.0,30.55
CARE,2017,9,66.72,93.78,35.91,0.73,0.0,37.02
CARE,2017,10,51.97,76.41,31.23,0.09,0.39,18.28
CARE,2017,11,45.6,71.55,21.15,0.08,0.0,35.58
CARE,2017,12,35.44,61.2,18.0,0.0,1.02,26.69
CARE,2018,1,34.15,59.67,17.28,0.33,1.38,48.12
CARE,2018,2,36.76,62.73,13.5,0.05,1.19,39.06
CARE,2018,3,44.62,73.26,18.36,0.18,0.8,45.04
CARE,2018,4,55.49,80.28,27.54,0.1,0.08,42.33
CARE,2018,5,65.06,88.38,41.85,0.49,0.06,41.33
CARE,2018,6,77.99,98.55,52.29,0.05,0.0,19.53
CARE,2018,7,83.04,97.38,57.96,0.1,0.0,44.73
CARE,2018,8,79.49,96.12,58.14,0.21,0.0,29.78
CARE,2018,9,71.9,91.98,45.18,0.0,0.0,17.52
CARE,2018,10,48.87,76.95,28.53,3.22,0.47,45.6
CARE,2018,11,37.47,62.91,20.25,0.0,0.96,24.12
CARE,2018,12,27.46,50.4,7.65,0.0,2.78,40.87
CARE,2019,1,28.38,45.72,8.55,0.05,2.89,46.59
CARE,2019,2,26.76,46.71,5.22,0.85,7.11,50.35
CARE,2019,3,39.23,61.02,20.52,0.56,5.02,53.03
CARE,2019,4,54.22,76.68,30.78,0.43,0.17,52.09
CARE,2019,5,54.86,81.9,36.36,1.41,0.03,46.49
CARE,2019,6,71.13,92.52,45.54,0.19,0.0,36.04
CARE,2019,7,80.92,96.93,60.48,0.04,0.0,33.8
CARE,2019,8,80.96,95.85,61.47,0.03,0.0,33.57
CARE,2019,9,70.12,96.03,43.74,0.06,0.0,21.68
CARE,2019,10,48.29,76.95,12.69,0.03,0.19,12.67
CARE,2019,11,41.08,61.29,13.14,1.28,2.59,32.82
CARE,2019,12,27.4,48.87,4.59,0.06,5.98,56.08
CARE,2020,1,25.66,44.1,4.5,0.0,1.38,46.12
CARE,2020,2,32.79,55.08,12.42,0.08,4.49,36.83
CARE,2020,3,42.8,64.89,26.37,0.81,1.41,47.6
CARE,2020,4,53.45,83.07,23.58,0.09,0.0,34.84
CARE,2020,5,66.56,89.82,43.2,0.07,0.0,31.19
CARE,2020,6,73.17,95.04,40.41,0.35,0.0,30.9
CARE,2020,7,80.85,98.37,53.91,0.2,0.0,24.95
CARE,2020,8,83.12,99.54,61.65,0.0,0.0,22.83
CARE,2020,9,69.29,95.85,39.06,0.02,0.0,19.6
CARE,2020,10,57.52,80.91,19.8,0.05,0.0,15.89
CARE,2020,11,41.0,65.79,20.52,0.17,2.29,29.22
CARE,2020,12,29.13,50.49,5.76,0.0,2.98,30.52
CARE,2021,1,27.81,50.85,5.58,0.02,2.56,41.86
CARE,2021,2,35.11,54.0,19.44,0.17,0.5,39.01
CARE,2021,3,41.68,66.96,18.0,0.07,3.47,38.35
CARE,2021,4,53.52,78.75,29.79,0.57,0.55,29.51
CARE,2021,5,63.89,86.76,37.53,0.16,0.0,35.02
CARE,2021,6,79.03,100.08,50.49,0.17,0.0,33.13
CARE,2021,7,82.8,102.33,63.81,0.09,0.0,42.11
CARE,2021,8,77.89,95.58,49.95,0.53,0.0,18.9
CARE,2021,9,69.07,91.71,43.38,1.19,0.0,20.72
CARE,2021,10,49.66,75.51,27.27,1.32,1.35,39.74
CARE,2021,11,45.0,67.95,25.83,0.0,0.0,35.67
CARE,2021,12,33.53,56.97,15.57,0.62,1.41,51.39
CARE,2022,1,30.81,51.12,7.92,0.01,0.94,34.76
CARE,2022,2,32.72,57.6,4.05,0.0,2.2,30.42
CARE,2022,3,44.14,78.12,15.66,0.41,0.52,45.57
CARE,2022,4,53.11,78.66,24.48,0.09,0.61,40.23
CARE,2022,5,62.74,88.83,34.47,0.05,0.0,41.33
CARE,2022,6,75.37,98.28,47.88,0.61,0.0,31.88
CARE,2022,7,80.98,98.1,61.47,0.28,0.0,40.02
CARE,2022,8,77.77,95.4,57.42,0.15,0.0,37.16
CARE,2022,9,72.14,96.57,51.3,0.85,0.0,24.32
CARE,2022,10,54.07,77.58,29.34,0.48,1.1,22.65
CARE,2022,11,35.82,60.3,13.77,0.25,1.32,34.82
CARE,2022,12,29.14,50.04,5.13,0.17,3.11,60.73
CARE,2023,1,26.16,46.62,-0.9,0.58,9.09,61.46
CARE,2023,2,26.48,44.01,-0.81,0.1,5.93,54.12
CARE,2023,3,34.73,56.16,18.18,0.65,4.88,54.45
CARE,2023,4,49.53,81.81,21.78,0.07,0.03,37.58
CARE,2023,5,64.27,82.71,38.25,0.54,0.0,46.13
CARE,2023,6,69.56,89.82,48.42,0.82,0.0,32.31
CARE,2023,7,82.99,101.7,58.59,0.06,0.0,24.7
CARE,2023,8,76.81,95.4,58.32,0.23,0.0,35.2
CARE,2023,9,67.18,91.08,45.45,0.15,0.0,25.95
CARE,2023,10,54.24,77.58,24.66,0.25,0.0,14.11
CARE,2023,11,39.96,73.44,9.27,0.19,4.33,41.62
CARE,2023,12,31.97,50.4,14.76,0.23,0.39,43.96
CARE,2024,1,31.97,49.5,11.16,0.21,2.73,54.95
CARE,2024,2,34.53,58.23,17.28,0.8,1.57,51.75
CARE,2024,3,40.39,60.66,24.57,0.65,7.28,55.35
CARE,2024,4,53.12,79.92,25.11,0.22,0.39,30.12
CARE,2024,5,61.03,86.94,33.39,0.35,0.0,32.53
CARE,2024,6,77.77,97.74,49.5,0.18,0.0,29.31
CARE,2024,7,82.24,100.26,61.83,0.01,0.0,19.63
CARE,2024,8,76.36,96.93,53.01,0.54,0.0,34.2
CARE,2024,9,70.54,90.45,48.69,0.05,0.0,14.51
CARE,2024,10,59.3,86.94,30.78,0.66,0.55,33.16
CARE,2024,11,36.16,56.34,20.7,0.29,0.83,33.59
CARE,2024,12,33.17,54.54,18.63,0.01,0.14,39.88
CARE,2025,1,28.35,48.69,7.83,0.0,0.88,34.38
CARE,2025,2,38.66,64.17,15.75,0.01,0.66,36.98
CARE,2025,3,45.37,75.78,25.83,0.33,0.3,49.65
CARE,2025,4,52.16,82.17,26.19,0.31,4.35,45.78
CARE,2025,5,62.3,91.17,38.34,0.71,0.08,35.03
CARE,2025,6,74.8,97.65,50.49,0.22,0.0,25.67
CARE,2025,7,78.25,99.09,54.36,0.13,0.0,31.04
CARE,2025,8,76.09,98.28,52.92,0.29,0.0,40.67
CARE,2025,9,66.45,89.46,47.07,0.43,0.0,29.59
CARE,2025,10,53.85,80.37,32.94,0.79,0.0,20.36
CARE,2025,11,44.24,69.75,27.99,0.8,0.28,51.33
CARE,2025,12,37.21,59.67,22.05,0.53,0.69,46.83
CAVE,2006,1,45.83,69.7,24.16,0.05,0.0,27.81
CAVE,2006,2,46.43,77.53,21.01,0.13,0.0,37.47
CAVE,2006,3,52.98,77.53,26.32,0.33,0.0,46.98
CAVE,2006,4,64.34,86.8,41.71,0.19,0.0,31.52
CAVE,2006,5,73.19,93.46,49.9,0.13,0.0,23.91
CAVE,2006,6,78.08,98.41,59.53,0.47,0.0,26.71
CAVE,2006,7,77.72,95.71,59.44,1.3,0.0,46.7
CAVE,2006,8,70.64,90.13,58.9,6.27,0.0,55.62
CAVE,2006,9,63.82,81.94,47.83,5.07,0.0,32.69
CAVE,2006,10,57.66,82.03,38.65,2.37,0.0,32.66
CAVE,2006,11,51.08,73.39,20.38,0.0,0.39,19.41
CAVE,2006,12,39.78,64.93,22.09,0.65,0.36,28.92
CAVE,2007,1,35.07,63.67,18.4,0.33,9.12,51.66
CAVE,2007,2,44.74,67.9,21.1,0.06,0.25,23.45
CAVE,2007,3,52.71,77.62,25.24,2.18,0.3,37.68
CAVE,2007,4,56.96,81.13,23.89,1.24,1.05,31.83
CAVE,2007,5,62.63,86.98,46.48,3.28,0.0,43.69
CAVE,2007,6,73.08,94.0,56.11,1.28,0.0,33.48
CAVE,2007,7,73.28,93.19,58.99,1.88,0.0,45.62
CAVE,2007,8,73.69,95.62,60.7,2.19,0.0,33.97
CAVE,2007,9,69.77,87.25,56.83,2.05,0.0,31.66
CAVE,2007,10,63.43,85.18,36.67,0.02,0.0,12.76
CAVE,2007,11,50.37,76.54,22.81,0.22,4.33,43.38
CAVE,2007,12,41.53,65.56,20.29,0.93,0.3,22.87
CAVE,2008,1,39.87,64.03,17.77,0.01,0.11,41.34
CAVE,2008,2,47.86,71.86,23.62,0.31,1.82,22.72
CAVE,2008,3,52.33,78.16,24.7,0.31,2.4,26.46
CAVE,2008,4,60.68,82.57,34.96,0.01,0.0,15.44
CAVE,2008,5,69.38,95.98,41.62,0.26,0.0,29.64
CAVE,2008,6,79.6,99.85,59.53,1.77,0.0,24.98
CAVE,2008,7,72.14,89.77,59.17,2.46,0.0,59.46
CAVE,2008,8,71.54,89.32,56.2,4.7,0.0,50.01
CAVE,2008,9,63.69,79.87,48.82,1.57,0.0,29.48
CAVE,2008,10,58.33,80.77,33.25,2.22,0.0,20.51
CAVE,2008,11,49.03,73.57,23.62,0.03,0.0,18.33
CAVE,2008,12,43.09,67.63,16.51,0.13,0.44,29.54
CAVE,2009,1,44.29,68.35,22.36,0.03,0.0,18.76
CAVE,2009,2,49.49,77.17,26.95,0.02,0.0,25.64
CAVE,2009,3,54.14,79.06,26.14,0.23,0.22,41.68
CAVE,2009,4,60.0,85.27,31.0,0.14,0.0,24.79
CAVE,2009,5,68.91,93.19,51.34,1.76,0.0,39.65
CAVE,2009,6,76.74,93.91,55.93,0.9,0.0,37.79
CAVE,2009,7,77.82,96.97,60.79,1.74,0.0,43.87
CAVE,2009,8,77.24,93.82,59.71,0.84,0.0,44.41
CAVE,2009,9,66.61,87.97,46.75,1.18,0.0,36.48
CAVE,2009,10,58.31,81.58,30.37,1.18,0.36,29.34
CAVE,2009,11,50.76,73.84,28.93,0.18,0.69,29.12
CAVE,2009,12,37.36,58.9,17.14,0.17,5.59,37.65
CAVE,2010,1,37.97,59.62,16.06,1.02,0.41,37.72
CAVE,2010,2,39.57,60.7,21.55,0.98,5.84,43.18
CAVE,2010,3,48.74,78.61,26.77,0.42,0.25,26.46
CAVE,2010,4,58.24,80.41,35.5,1.13,0.0,35.91
CAVE,2010,5,68.4,91.75,42.43,0.73,0.0,26.21
CAVE,2010,6,79.01,100.03,59.26,2.48,0.0,28.48
CAVE,2010,7,71.51,89.5,60.88,4.76,0.0,48.17
CAVE,2010,8,76.91,92.38,55.93,1.57,0.0,27.6
CAVE,2010,9,70.04,90.04,51.43,2.3,0.0,31.33
CAVE,2010,10,61.72,79.69,41.17,0.23,0.0,22.2
CAVE,2010,11,49.66,71.77,23.71,0.01,0.0,12.47
CAVE,2010,12,45.94,66.91,26.14,0.05,0.06,32.69
CAVE,2011,1,40.76,69.61,21.01,0.0,0.03,21.08
CAVE,2011,2,40.42,73.75,-10.49,0.01,2.81,20.29
CAVE,2011,3,58.75,80.14,32.35,0.01,0.0,22.09
CAVE,2011,4,65.84,86.8,39.73,0.0,0.0,16.29
CAVE,2011,5,68.72,93.64,36.76,0.01,0.0,10.48
CAVE,2011,6,81.78,100.48,60.88,0.17,0.0,17.48
CAVE,2011,7,80.16,94.63,64.93,0.51,0.0,21.89
CAVE,2011,8,81.48,96.34,64.75,0.8,0.0,28.54
CAVE,2011,9,70.95,90.22,52.42,1.33,0.0,24.42
CAVE,2011,10,61.98,84.19,34.51,0.66,0.0,13.14
CAVE,2011,11,49.97,76.54,24.43,0.1,0.0,28.11
CAVE,2011,12,34.46,63.13,9.76,0.67,7.72,45.81
CAVE,2012,1,43.45,66.1,23.53,0.43,1.3,25.28
CAVE,2012,2,43.3,69.79,21.01,0.4,0.5,24.43
CAVE,2012,3,56.41,82.57,26.95,0.14,0.19,26.76
CAVE,2012,4,65.01,91.03,38.2,0.45,0.0,25.32
CAVE,2012,5,68.13,91.39,43.33,3.19,0.0,21.54
CAVE,2012,6,79.76,97.51,55.66,0.28,0.0,20.34
CAVE,2012,7,75.17,92.11,61.69,1.63,0.0,37.11
CAVE,2012,8,78.12,96.61,62.23,0.6,0.0,29.22
CAVE,2012,9,70.16,93.19,48.46,2.32,0.0,30.41
CAVE,2012,10,60.76,82.66,33.25,0.15,0.0,23.41
CAVE,2012,11,53.5,75.28,31.45,0.09,0.0,23.59
CAVE,2012,12,44.02,69.88,20.83,0.33,0.0,34.67
CAVE,2013,1,38.18,68.26,17.86,0.26,2.62,34.64
CAVE,2013,2,43.48,63.76,24.07,0.35,0.3,24.51
CAVE,2013,3,54.33,79.42,24.7,0.01,0.0,28.51
CAVE,2013,4,60.51,86.62,31.54,0.06,0.0,20.75
CAVE,2013,5,68.49,91.75,33.16,0.52,0.0,30.7
CAVE,2013,6,78.77,99.85,59.71,0.75,0.0,30.32
CAVE,2013,7,72.95,93.64,57.55,4.61,0.0,55.34
CAVE,2013,8,76.61,91.12,62.59,0.33,0.0,37.27
CAVE,2013,9,69.29,89.59,50.08,1.99,0.0,33.71
CAVE,2013,10,60.01,83.83,34.69,0.08,0.0,24.54
CAVE,2013,11,46.99,68.98,20.02,0.46,2.2,38.56
CAVE,2013,12,39.41,65.38,14.53,0.67,0.14,35.94
CAVE,2014,1,41.64,66.55,13.99,0.0,0.0,31.19
CAVE,2014,2,47.54,77.44,11.92,0.29,1.38,48.67
CAVE,2014,3,52.24,79.78,25.15,0.37,0.06,37.71
CAVE,2014,4,59.36,81.85,30.19,0.74,0.0,30.1
CAVE,2014,5,67.62,91.93,39.19,0.76,0.0,26.98
CAVE,2014,6,79.7,100.57,56.11,0.42,0.0,25.3
CAVE,2014,7,77.72,94.99,62.05,0.37,0.0,48.58
CAVE,2014,8,74.87,93.28,60.79,1.41,0.0,51.28
CAVE,2014,9,65.5,94.27,45.67,7.95,0.0,57.71
CAVE,2014,10,61.07,82.12,43.69,0.52,0.0,23.5
CAVE,2014,11,45.5,73.12,17.77,0.93,0.36,32.67
CAVE,2014,12,42.6,66.19,14.35,0.37,1.57,49.34
CAVE,2015,1,35.77,66.19,8.95,0.52,5.95,50.5
CAVE,2015,2,44.54,71.59,16.78,0.17,1.13,38.21
CAVE,2015,3,50.99,80.95,20.2,0.82,0.36,48.83
CAVE,2015,4,58.77,80.59,37.21,1.22,0.0,33.19
CAVE,2015,5,64.53,86.35,44.77,2.58,0.0,33.65
CAVE,2015,6,75.23,92.92,58.45,0.7,0.0,32.64
CAVE,2015,7,79.05,94.18,63.22,0.8,0.0,46.23
CAVE,2015,8,79.13,96.7,59.8,0.42,0.0,34.52
CAVE,2015,9,73.11,91.39,55.66,1.61,0.0,41.13
CAVE,2015,10,59.79,84.55,40.81,3.19,0.0,50.92
CAVE,2015,11,48.54,72.94,26.68,0.71,0.0,30.24
CAVE,2015,12,41.41,67.81,13.18,0.17,7.52,36.83
CAVE,2016,1,39.6,65.56,22.81,0.16,1.49,29.76
CAVE,2016,2,48.5,78.52,21.64,0.11,0.08,27.23
CAVE,2016,3,55.88,78.52,31.0,0.06,0.0,28.09
CAVE,2016,4,59.36,82.12,30.55,0.94,0.03,24.28
CAVE,2016,5,65.87,88.51,38.74,1.27,0.0,34.86
CAVE,2016,6,76.5,97.15,53.77,0.54,0.0,32.96
CAVE,2016,7,82.41,99.22,64.21,0.23,0.0,27.09
CAVE,2016,8,73.0,93.19,59.26,5.04,0.0,49.01
CAVE,2016,9,67.32,84.55,47.56,2.66,0.0,43.08
CAVE,2016,10,64.24,82.93,44.5,0.54,0.0,26.0
CAVE,2016,11,49.98,77.17,24.97,2.33,0.0,41.23
CAVE,2016,12,43.45,67.36,16.24,0.63,1.13,53.7
CAVE,2017,1,43.6,70.56,9.9,1.33,0.63,36.0
CAVE,2017,2,51.57,77.4,29.25,0.43,0.25,42.78
CAVE,2017,3,58.81,83.43,34.2,0.1,0.0,24.37
CAVE,2017,4,61.54,84.78,33.57,0.58,0.0,30.6
CAVE,2017,5,66.49,88.2,44.28,1.26,0.0,23.08
CAVE,2017,6,77.84,99.27,56.79,0.78,0.0,35.45
CAVE,2017,7,75.26,91.08,61.65,2.94,0.0,39.77
CAVE,2017,8,71.74,86.04,57.96,3.23,0.0,38.29
CAVE,2017,9,69.4,89.46,53.91,3.67,0.0,35.71
CAVE,2017,10,60.3,82.53,35.19,0.81,0.03,23.83
CAVE,2017,11,56.01,75.51,34.02,0.45,0.0,38.53
CAVE,2017,12,45.06,69.39,12.96,0.26,3.64,42.27
CAVE,2018,1,42.08,69.93,9.63,0.09,0.11,29.54
CAVE,2018,2,49.3,73.62,17.37,0.33,0.0,40.38
CAVE,2018,3,55.49,80.64,33.03,0.27,0.0,45.44
CAVE,2018,4,61.89,85.59,32.94,0.09,0.0,33.66
CAVE,2018,5,74.13,95.4,51.21,0.57,0.0,29.81
CAVE,2018,6,80.23,99.18,59.94,0.11,0.0,31.03
CAVE,2018,7,77.4,95.94,61.2,2.09,0.0,53.5
CAVE,2018,8,76.55,91.08,59.94,1.17,0.0,45.92
CAVE,2018,9,67.32,85.41,49.95,2.76,0.0,33.25
CAVE,2018,10,57.17,84.24,27.45,2.98,0.17,48.91
CAVE,2018,11,47.42,71.46,20.34,0.16,0.0,32.54
CAVE,2018,12,42.0,65.52,20.07,0.21,1.85,42.73
CAVE,2019,1,42.27,66.15,16.11,0.23,0.28,40.67
CAVE,2019,2,46.74,71.28,18.63,0.15,0.3,43.02
CAVE,2019,3,49.79,79.74,15.21,1.51,0.25,53.23
CAVE,2019,4,61.84,85.05,30.6,0.5,0.06,34.96
CAVE,2019,5,65.96,87.75,40.86,0.99,0.0,32.03
CAVE,2019,6,74.61,93.15,53.91,0.83,0.0,27.87
CAVE,2019,7,78.37,95.4,61.11,1.65,0.0,48.3
CAVE,2019,8,80.76,99.09,63.36,0.74,0.0,49.59
CAVE,2019,9,72.78,87.57,59.04,1.58,0.0,43.58
CAVE,2019,10,58.91,80.55,21.69,0.74,0.0,21.51
CAVE,2019,11,49.38,74.52,21.6,1.53,0.47,50.98
CAVE,2019,12,44.6,66.96,21.96,0.46,0.28,41.18
CAVE,2020,1,44.24,64.89,25.02,0.45,0.69,31.85
CAVE,2020,2,43.75,67.86,14.31,0.18,4.55,47.44
CAVE,2020,3,53.8,80.01,33.12,3.41,0.74,59.35
CAVE,2020,4,62.06,87.93,30.6,0.03,0.0,32.0
CAVE,2020,5,72.24,92.88,46.44,0.23,0.0,22.61
CAVE,2020,6,77.84,95.67,56.25,0.06,0.0,23.04
CAVE,2020,7,82.16,101.97,64.71,0.26,0.0,36.61
CAVE,2020,8,81.57,97.83,65.79,0.07,0.0,28.77
CAVE,2020,9,68.01,92.61,37.17,0.77,0.0,15.98
CAVE,2020,10,63.09,87.21,16.56,0.0,2.18,18.4
CAVE,2020,11,54.59,78.84,26.19,0.41,0.0,20.41
CAVE,2020,12,43.52,65.88,23.22,0.03,1.32,24.92
CAVE,2021,1,41.49,66.06,20.88,0.05,3.25,33.48
CAVE,2021,2,43.81,70.38,-4.05,0.05,4.02,29.24
CAVE,2021,3,52.53,76.32,26.91,0.05,0.41,25.7
CAVE,2021,4,57.27,83.07,29.61,1.05,0.77,39.86
CAVE,2021,5,68.4,89.91,41.67,0.63,0.0,31.06
CAVE,2021,6,77.0,100.8,51.57,4.09,0.0,36.56
CAVE,2021,7,72.83,87.21,58.77,2.2,0.0,44.35
CAVE,2021,8,72.22,90.72,58.86,5.26,0.0,42.21
CAVE,2021,9,70.92,87.75,52.56,0.52,0.0,28.42
CAVE,2021,10,63.27,85.59,41.31,0.25,0.0,14.57
CAVE,2021,11,54.58,78.21,30.69,0.2,0.0,39.23
CAVE,2021,12,52.03,70.74,26.73,0.67,0.0,53.91
CAVE,2022,1,42.28,66.78,19.26,0.17,0.0,31.98
CAVE,2022,2,41.2,68.13,8.73,0.03,1.87,29.77
CAVE,2022,3,51.69,83.88,20.07,0.11,0.22,29.34
CAVE,2022,4,64.04,86.49,36.09,0.06,0.0,22.65
CAVE,2022,5,73.96,93.42,44.37,0.15,0.0,18.74
CAVE,2022,6,77.94,100.89,55.8,1.17,0.0,38.04
CAVE,2022,7,80.63,98.46,66.96,0.66,0.0,30.9
CAVE,2022,8,73.81,97.11,59.31,4.8,0.0,49.92
CAVE,2022,9,70.19,86.04,55.26,0.8,0.0,32.39
CAVE,2022,10,57.39,81.36,36.9,2.54,0.03,46.15
CAVE,2022,11,45.37,75.87,24.03,0.02,9.01,40.49
CAVE,2022,12,43.38,66.6,4.05,0.33,0.25,47.3
CAVE,2023,1,43.01,67.32,16.56,0.24,3.97,44.67
CAVE,2023,2,44.0,70.56,20.34,0.73,0.91,48.31
CAVE,2023,3,52.72,73.62,28.08,0.03,0.39,54.36
CAVE,2023,4,59.07,84.96,30.87,0.04,0.03,23.53
CAVE,2023,5,68.35,88.83,47.34,0.41,0.0,45.71
CAVE,2023,6,79.78,102.51,53.73,0.22,0.0,33.84
CAVE,2023,7,82.39,101.16,63.0,0.64,0.0,28.52
CAVE,2023,8,78.81,97.92,60.66,1.96,0.0,30.61
CAVE,2023,9,74.95,94.41,57.96,0.17,0.0,26.34
CAVE,2023,10,61.8,84.15,25.56,0.33,0.03,22.87
CAVE,2023,11,50.67,78.84,28.08,0.83,1.13,41.49
CAVE,2023,12,46.2,67.59,24.57,0.7,1.43,33.63
CAVE,2024,1,40.98,63.99,6.3,0.28,0.74,38.39
CAVE,2024,2,48.58,76.77,23.58,0.16,1.38,43.28
CAVE,2024,3,52.73,75.51,28.17,0.74,0.14,45.58
CAVE,2024,4,60.54,84.96,35.46,0.29,0.0,34.48
CAVE,2024,5,71.77,93.15,51.93,0.27,0.0,19.11
CAVE,2024,6,79.76,98.19,61.2,0.91,0.0,35.22
CAVE,2024,7,77.64,97.29,60.12,0.85,0.0,25.6
CAVE,2024,8,79.59,96.12,61.11,0.86,0.0,21.49
CAVE,2024,9,70.08,91.98,52.56,1.06,0.0,18.86
CAVE,2024,10,66.57,86.58,42.3,0.09,0.0,14.15
CAVE,2024,11,52.05,77.4,28.44,0.71,0.0,35.49
CAVE,2024,12,47.97,68.85,25.83,0.15,1.27,33.72
CAVE,2025,1,35.68,69.48,7.47,0.0,2.12,32.31
CAVE,2025,2,49.99,78.21,12.42,0.01,0.0,33.18
CAVE,2025,3,55.54,79.2,29.61,0.06,0.03,28.89
CAVE,2025,4,61.67,87.93,24.93,1.07,3.83,29.06
CAVE,2025,5,67.32,95.13,41.67,0.85,0.0,37.44
CAVE,2025,6,75.49,102.06,54.99,3.42,0.0,38.71
CAVE,2025,7,73.39,91.8,57.78,2.16,0.0,41.84
CAVE,2025,8,75.75,96.75,59.22,1.72,0.0,30.46
CAVE,2025,9,68.9,90.0,53.28,1.41,0.0,41.97
CAVE,2025,10,63.67,83.79,33.66,1.1,0.0,26.86
CAVE,2025,11,55.94,80.91,28.53,0.18,0.0,22.16
CAVE,2025,12,51.35,75.6,23.76,0.04,1.35,26.38
CHIS,2006,1,56.01,64.94,47.03,2.34,0.0,37.3
CHIS,2006,2,56.05,64.4,48.2,2.96,0.0,39.19
CHIS,2006,3,53.26,58.1,45.14,2.29,0.0,51.39
CHIS,2006,4,56.2,60.98,49.73,3.49,0.0,46.92
CHIS,2006,5,58.69,67.64,53.69,1.36,0.0,47.6
CHIS,2006,6,61.82,70.52,57.38,0.0,0.0,33.86
CHIS,2006,7,65.21,72.77,59.18,0.0,0.0,36.17
CHIS,2006,8,65.23,71.06,60.35,0.0,0.0,26.52
CHIS,2006,9,63.59,69.26,58.55,0.0,0.0,32.74
CHIS,2006,10,62.28,71.96,56.84,0.28,0.0,19.43
CHIS,2006,11,61.74,70.34,52.61,0.17,0.0,32.33
CHIS,2006,12,57.61,65.75,47.03,0.63,0.0,30.75
CHIS,2007,1,54.58,65.21,43.97,1.81,0.0,23.79
CHIS,2007,2,55.91,69.98,47.48,1.13,0.0,37.88
CHIS,2007,3,56.79,65.21,49.91,0.0,0.0,40.27
CHIS,2007,4,56.22,64.13,50.63,0.57,0.0,37.41
CHIS,2007,5,56.9,70.16,52.16,0.0,0.0,40.14
CHIS,2007,6,59.59,67.64,53.78,0.0,0.0,38.17
CHIS,2007,7,63.7,69.89,58.73,0.0,0.0,40.83
CHIS,2007,8,64.37,69.62,60.62,0.01,0.0,22.55
CHIS,2007,9,63.7,73.31,58.1,1.24,0.0,20.78
CHIS,2007,10,62.12,74.03,55.4,0.14,0.0,19.63
CHIS,2007,11,59.44,67.82,53.33,0.0,0.0,35.99
CHIS,2007,12,55.47,68.0,47.93,0.94,0.0,26.32
CHIS,2008,1,54.62,63.32,45.77,6.44,0.0,47.25
CHIS,2008,2,54.82,60.89,45.86,1.91,0.0,38.25
CHIS,2008,3,56.49,63.59,49.64,0.0,0.0,25.19
CHIS,2008,4,56.2,70.25,49.55,0.22,0.0,16.66
CHIS,2008,5,57.22,68.18,50.9,0.02,0.0,22.52
CHIS,2008,6,61.33,74.84,54.59,0.0,0.0,24.19
CHIS,2008,7,64.08,70.7,59.45,0.0,0.0,33.83
CHIS,2008,8,65.65,69.44,61.16,0.0,0.0,23.77
CHIS,2008,9,64.92,72.59,59.45,0.0,0.0,23.78
CHIS,2008,10,64.08,75.11,57.38,0.12,0.0,19.23
CHIS,2008,11,61.79,74.93,54.77,1.58,0.0,35.29
CHIS,2008,12,55.79,61.97,47.12,1.83,0.0,41.5
CHIS,2009,1,56.93,69.17,47.57,0.8,0.0,19.32
CHIS,2009,2,54.88,63.59,48.65,3.49,0.0,46.76
CHIS,2009,3,55.93,64.76,48.2,0.18,0.0,27.96
CHIS,2009,4,55.86,64.4,49.46,0.09,0.0,29.56
CHIS,2009,5,58.91,68.45,53.96,0.0,0.0,48.18
CHIS,2009,6,61.32,65.39,57.29,0.04,0.0,44.99
CHIS,2009,7,63.35,67.37,58.91,0.0,0.0,29.32
CHIS,2009,8,63.32,74.93,57.2,0.0,0.0,39.66
CHIS,2009,9,65.86,72.5,61.16,0.0,0.0,24.2
CHIS,2009,10,63.1,74.21,55.58,0.58,0.0,22.31
CHIS,2009,11,60.41,66.02,53.69,0.01,0.0,19.49
CHIS,2009,12,55.83,64.13,48.11,1.99,0.0,55.29
CHIS,2010,1,57.12,63.05,49.73,4.92,0.0,51.86
CHIS,2010,2,56.47,62.15,44.51,3.81,0.0,47.39
CHIS,2010,3,56.6,67.55,49.19,0.46,0.0,36.62
CHIS,2010,4,55.98,65.03,48.02,1.17,0.0,37.37
CHIS,2010,5,57.26,64.67,50.9,0.19,0.0,27.39
CHIS,2010,6,59.8,67.01,56.3,0.0,0.0,38.85
CHIS,2010,7,61.0,66.92,55.67,0.0,0.0,47.96
CHIS,2010,8,61.36,66.56,57.38,0.0,0.0,30.28
CHIS,2010,9,61.73,71.33,55.67,0.0,0.0,29.73
CHIS,2010,10,62.2,69.08,55.04,1.01,0.0,52.52
CHIS,2010,11,58.25,69.98,47.75,0.51,0.0,25.02
CHIS,2010,12,56.2,64.13,48.47,8.11,0.0,64.57
CHIS,2011,1,55.84,65.3,47.21,1.43,0.0,28.02
CHIS,2011,2,54.12,61.43,45.59,1.7,0.0,32.37
CHIS,2011,3,55.63,63.5,48.47,3.2,0.0,51.77
CHIS,2011,4,56.91,65.48,47.48,0.01,0.0,30.07
CHIS,2011,5,57.21,64.49,52.52,0.46,0.0,19.52
CHIS,2011,6,58.68,65.84,54.14,0.87,0.0,46.56
CHIS,2011,7,63.28,69.17,58.28,0.0,0.0,33.16
CHIS,2011,8,63.26,70.25,58.01,0.0,0.0,33.48
CHIS,2011,9,63.16,69.98,58.37,0.0,0.0,32.65
CHIS,2011,10,62.55,71.33,56.12,0.41,0.0,32.06
CHIS,2011,11,58.62,72.14,49.1,2.0,0.0,35.6
CHIS,2011,12,55.96,62.51,48.11,0.75,0.0,14.42
CHIS,2012,1,57.03,65.66,48.2,0.92,0.0,39.97
CHIS,2012,2,55.42,63.77,48.02,0.59,0.0,30.72
CHIS,2012,3,54.51,60.89,45.95,1.11,0.0,40.11
CHIS,2012,4,56.04,64.76,49.28,1.9,0.0,42.45
CHIS,2012,5,58.68,68.63,52.16,0.0,0.0,20.17
CHIS,2012,6,60.39,65.57,55.67,0.0,0.0,27.95
CHIS,2012,7,61.8,68.54,57.56,0.01,0.0,43.03
CHIS,2012,8,65.28,71.6,59.81,0.0,0.0,23.35
CHIS,2012,9,65.62,70.97,60.8,0.04,0.0,30.49
CHIS,2012,10,65.23,74.12,58.37,0.06,0.0,24.67
CHIS,2012,11,61.07,73.58,53.51,1.53,0.0,34.12
CHIS,2012,12,56.76,65.12,47.57,1.47,0.0,48.67
CHIS,2013,1,54.15,63.14,43.97,1.88,0.0,28.08
CHIS,2013,2,54.6,63.5,46.4,0.37,0.0,20.99
CHIS,2013,3,56.62,63.23,49.46,0.76,0.0,46.65
CHIS,2013,4,57.44,63.95,50.09,0.02,0.0,33.73
CHIS,2013,5,60.82,68.36,55.4,0.17,0.0,26.07
CHIS,2013,6,62.33,73.85,56.93,0.01,0.0,43.46
CHIS,2013,7,63.83,70.07,58.73,0.11,0.0,44.75
CHIS,2013,8,63.4,73.13,59.36,0.0,0.0,35.01
CHIS,2013,9,65.32,72.68,59.0,0.0,0.0,17.82
CHIS,2013,10,63.02,75.83,55.94,0.14,0.0,20.45
CHIS,2013,11,61.24,72.32,54.68,0.6,0.0,36.38
CHIS,2013,12,57.25,66.02,46.85,0.07,0.0,27.04
CHIS,2014,1,59.91,71.87,52.34,0.07,0.0,45.95
CHIS,2014,2,57.92,65.12,51.44,3.15,0.0,57.09
CHIS,2014,3,59.17,67.46,53.51,1.1,0.0,44.22
CHIS,2014,4,58.56,73.76,51.17,0.24,0.0,33.92
CHIS,2014,5,61.54,78.8,54.05,0.0,0.0,32.29
CHIS,2014,6,62.22,68.63,56.84,0.0,0.0,31.47
CHIS,2014,7,66.91,74.57,60.89,0.18,0.0,37.94
CHIS,2014,8,66.63,76.01,62.42,0.0,0.0,29.44
CHIS,2014,9,68.2,78.17,62.96,0.0,0.0,17.76
CHIS,2014,10,67.85,74.57,61.34,0.31,0.0,28.06
CHIS,2014,11,64.08,70.16,56.57,0.29,0.0,30.48
CHIS,2014,12,60.46,68.45,46.58,4.02,0.0,52.86
CHIS,2015,1,59.6,71.87,46.76,0.67,0.0,33.74
CHIS,2015,2,60.46,71.06,52.88,1.08,0.0,44.54
CHIS,2015,3,61.71,72.41,49.46,0.34,0.0,38.2
CHIS,2015,4,59.37,67.46,53.87,0.12,0.0,29.75
CHIS,2015,5,58.23,62.33,53.96,0.33,0.0,42.51
CHIS,2015,6,62.57,73.76,57.11,0.07,0.0,39.86
CHIS,2015,7,66.44,73.94,60.8,0.07,0.0,38.2
CHIS,2015,8,68.08,75.74,62.78,0.0,0.0,32.92
CHIS,2015,9,70.75,77.09,65.03,0.46,0.0,28.37
CHIS,2015,10,70.01,77.54,62.15,0.24,0.0,29.32
CHIS,2015,11,61.68,71.69,51.62,0.19,0.0,14.59
CHIS,2015,12,58.85,69.35,49.28,0.48,0.0,34.06
CHIS,2016,1,57.67,64.31,48.29,2.48,0.0,64.3
CHIS,2016,2,60.57,72.41,50.36,0.6,0.0,24.03
CHIS,2016,3,59.36,67.46,52.34,1.44,0.0,42.82
CHIS,2016,4,59.44,70.25,53.87,0.31,0.0,36.97
CHIS,2016,5,59.08,63.77,54.05,0.01,0.0,50.08
CHIS,2016,6,62.55,71.6,56.57,0.03,0.0,43.59
CHIS,2016,7,65.4,75.83,59.0,0.0,0.0,33.63
CHIS,2016,8,65.17,70.97,61.07,0.0,0.0,40.2
CHIS,2016,9,66.13,76.19,59.99,0.0,0.0,26.69
CHIS,2016,10,64.72,73.85,58.1,0.75,0.0,43.05
CHIS,2016,11,62.25,73.13,51.35,1.35,0.0,31.67
CHIS,2016,12,56.93,61.43,47.03,2.9,0.0,47.07
CHIS,2017,1,55.32,68.73,45.6,5.87,0.0,51.61
CHIS,2017,2,55.92,67.65,45.06,4.9,0.0,64.83
CHIS,2017,3,58.72,75.48,46.86,0.97,0.0,40.42
CHIS,2017,4,59.62,77.19,50.64,0.66,0.0,42.21
CHIS,2017,5,59.5,78.18,51.81,0.09,0.0,29.85
CHIS,2017,6,61.92,75.12,54.6,0.0,0.0,25.06
CHIS,2017,7,65.97,83.85,55.32,0.02,0.0,25.04
CHIS,2017,8,66.11,85.47,58.29,0.06,0.0,25.57
CHIS,2017,9,68.47,90.87,58.56,0.39,0.0,21.5
CHIS,2017,10,67.57,96.9,57.48,0.01,0.0,15.54
CHIS,2017,11,62.71,77.82,53.16,0.25,0.0,49.99
CHIS,2017,12,60.46,78.54,48.3,0.0,0.0,38.29
CHIS,2018,1,60.11,81.69,48.39,1.35,0.0,57.88
CHIS,2018,2,57.3,74.22,44.43,0.16,0.0,14.41
CHIS,2018,3,56.73,72.69,47.67,3.23,0.0,55.86
CHIS,2018,4,58.17,80.43,49.2,0.12,0.0,36.42
CHIS,2018,5,58.04,69.99,51.36,0.0,0.0,27.84
CHIS,2018,6,61.6,75.75,53.43,0.01,0.0,23.92
CHIS,2018,7,68.45,87.81,58.83,0.01,0.0,31.1
CHIS,2018,8,68.49,81.6,59.82,0.0,0.0,20.67
CHIS,2018,9,64.52,76.11,57.48,0.0,0.0,23.08
CHIS,2018,10,65.88,84.57,57.48,0.59,0.0,22.19
CHIS,2018,11,64.06,82.05,54.69,0.77,0.0,38.17
CHIS,2018,12,57.84,68.55,48.03,1.47,0.0,39.76
CHIS,2019,1,57.27,73.23,48.39,6.26,0.0,52.91
CHIS,2019,2,53.27,62.25,43.26,3.87,0.0,47.88
CHIS,2019,3,56.86,73.14,47.76,2.81,0.0,47.75
CHIS,2019,4,59.07,77.82,51.45,0.24,0.0,52.3
CHIS,2019,5,58.64,68.28,52.44,1.09,0.0,37.06
CHIS,2019,6,61.4,78.81,53.61,0.0,0.0,45.5
CHIS,2019,7,63.17,75.84,55.86,0.0,0.0,18.76
CHIS,2019,8,64.0,75.75,56.49,0.0,0.0,27.89
CHIS,2019,9,67.57,83.76,58.47,0.0,0.0,12.94
CHIS,2019,10,65.85,89.97,54.42,0.0,0.0,7.55
CHIS,2019,11,60.48,81.69,48.57,1.57,0.0,29.29
CHIS,2019,12,56.77,67.38,46.05,2.73,0.0,54.12
CHIS,2020,1,56.76,72.42,47.58,0.26,0.0,34.84
CHIS,2020,2,58.19,76.47,44.34,0.09,0.0,24.3
CHIS,2020,3,55.93,70.17,46.86,2.67,0.0,50.53
CHIS,2020,4,59.26,85.92,47.13,2.09,0.0,31.71
CHIS,2020,5,61.69,81.33,51.63,0.06,0.0,28.31
CHIS,2020,6,63.3,86.55,55.86,0.02,0.0,36.71
CHIS,2020,7,63.28,78.81,56.49,0.0,0.0,16.75
CHIS,2020,8,66.88,86.01,55.32,0.02,0.0,21.3
CHIS,2020,9,67.03,96.36,57.21,0.0,0.0,15.25
CHIS,2020,10,68.08,95.28,55.05,0.0,0.0,23.22
CHIS,2020,11,60.1,84.57,48.3,0.13,0.0,24.32
CHIS,2020,12,58.11,75.48,45.42,0.68,0.0,34.07
CHIS,2021,1,57.24,80.43,46.59,2.14,0.0,37.36
CHIS,2021,2,56.04,71.79,47.85,0.02,0.0,27.16
CHIS,2021,3,54.61,81.15,43.89,0.64,0.0,23.2
CHIS,2021,4,56.36,78.54,49.65,0.02,0.0,32.26
CHIS,2021,5,57.97,74.94,50.73,0.0,0.0,30.65
CHIS,2021,6,62.35,78.9,51.99,0.01,0.0,30.26
CHIS,2021,7,64.47,76.65,56.94,0.13,0.0,20.5
CHIS,2021,8,64.73,77.82,57.03,0.02,0.0,21.17
CHIS,2021,9,63.49,77.82,55.41,0.0,0.0,26.46
CHIS,2021,10,62.87,86.37,51.45,0.56,0.0,32.15
CHIS,2021,11,62.52,84.3,51.27,0.0,0.0,34.65
CHIS,2021,12,54.83,71.34,45.42,4.08,0.0,48.64
CHIS,2022,1,57.25,70.98,48.3,0.21,0.0,44.53
CHIS,2022,2,58.48,83.76,44.43,0.06,0.0,15.41
CHIS,2022,3,57.58,78.45,47.67,1.32,0.0,30.78
CHIS,2022,4,58.96,95.19,49.29,0.33,0.0,26.39
CHIS,2022,5,58.03,81.15,48.93,0.01,0.0,31.9
CHIS,2022,6,63.44,77.28,54.69,0.0,0.0,27.56
CHIS,2022,7,63.29,76.56,55.77,0.03,0.0,29.92
CHIS,2022,8,64.14,74.4,55.95,0.0,0.0,36.79
CHIS,2022,9,69.68,95.55,59.46,0.77,0.0,22.59
CHIS,2022,10,64.03,91.05,55.95,0.07,0.0,34.38
CHIS,2022,11,58.32,74.31,48.12,0.52,0.0,29.64
CHIS,2022,12,56.83,70.35,47.22,3.74,0.0,55.58
CHIS,2023,1,55.09,64.59,45.69,5.45,0.0,51.36
CHIS,2023,2,54.01,72.96,43.98,2.73,0.19,45.17
CHIS,2023,3,53.4,64.23,45.33,7.06,0.0,66.11
CHIS,2023,4,55.39,76.56,47.22,0.0,0.0,43.25
CHIS,2023,5,57.84,67.02,48.93,0.37,0.0,51.41
CHIS,2023,6,60.44,68.1,54.15,0.39,0.0,49.08
CHIS,2023,7,61.59,71.43,54.33,0.0,0.0,37.76
CHIS,2023,8,64.74,73.23,59.1,1.13,0.0,28.5
CHIS,2023,9,64.58,72.15,59.64,0.34,0.0,31.23
CHIS,2023,10,63.6,80.52,57.84,0.01,0.0,18.8
CHIS,2023,11,62.14,76.56,57.48,2.35,0.0,38.08
CHIS,2023,12,60.25,71.7,56.04,4.42,0.0,56.41
CHIS,2024,1,57.42,69.45,51.0,2.39,0.0,50.74
CHIS,2024,2,56.6,62.79,50.01,6.99,0.0,56.4
CHIS,2024,3,56.17,63.24,52.08,2.06,0.0,41.27
CHIS,2024,4,56.05,65.94,48.12,0.83,0.0,30.28
CHIS,2024,5,55.45,62.07,50.73,0.05,0.0,44.61
CHIS,2024,6,58.94,69.36,52.89,0.06,0.0,40.05
CHIS,2024,7,60.77,72.6,54.6,0.0,0.0,42.78
CHIS,2024,8,62.47,71.07,56.04,0.01,0.0,28.2
CHIS,2024,9,62.96,81.51,57.75,0.02,0.0,31.19
CHIS,2024,10,62.9,74.04,56.04,0.0,0.0,46.08
CHIS,2024,11,58.49,66.93,53.61,0.24,0.0,34.53
CHIS,2024,12,57.36,65.85,51.36,0.09,0.0,53.26
CHIS,2025,1,56.35,67.11,50.37,0.19,0.0,28.43
CHIS,2025,2,56.27,67.11,50.1,1.87,0.0,54.73
CHIS,2025,3,54.29,62.88,47.94,2.57,0.0,49.45
CHIS,2025,4,54.83,60.9,50.37,0.15,0.0,34.38
CHIS,2025,5,57.12,68.28,52.44,0.04,0.0,33.63
CHIS,2025,6,58.92,66.57,53.16,0.02,0.0,40.0
CHIS,2025,7,59.66,65.67,53.97,0.0,0.0,48.07
CHIS,2025,8,62.67,74.85,55.95,0.0,0.0,38.09
CHIS,2025,9,66.31,75.57,62.25,1.49,0.0,27.94
CHIS,2025,10,64.05,71.43,58.56,0.68,0.0,14.38
CHIS,2025,11,61.66,71.79,55.05,4.98,0.0,46.35
CHIS,2025,12,61.54,72.42,55.68,4.48,0.0,39.72
CONG,2006,1,52.18,71.05,31.63,3.22,0.0,54.1
CONG,2006,2,47.42,69.34,29.47,3.34,0.0,56.3
CONG,2006,3,55.7,81.58,35.05,1.22,0.0,47.21
CONG,2006,4,68.05,89.77,43.69,2.83,0.0,43.66
CONG,2006,5,72.21,93.91,49.54,1.67,0.0,40.84
CONG,2006,6,78.73,98.5,60.43,3.14,0.0,44.35
CONG,2006,7,83.52,99.85,65.38,1.94,0.0,45.05
CONG,2006,8,81.04,101.02,66.73,6.92,0.0,58.53
CONG,2006,9,73.02,87.88,57.28,4.17,0.0,48.18
CONG,2006,10,63.76,86.17,39.1,2.38,0.0,44.31
CONG,2006,11,55.2,77.35,35.86,2.71,0.06,45.96
CONG,2006,12,52.72,74.65,26.5,2.95,0.0,47.67
CONG,2007,1,49.94,73.57,27.58,3.27,0.0,62.78
CONG,2007,2,46.72,71.77,27.13,2.55,0.0,44.9
CONG,2007,3,60.38,89.14,32.89,1.78,0.0,49.11
CONG,2007,4,64.15,89.05,33.79,2.14,0.0,48.5
CONG,2007,5,72.65,92.11,49.54,1.06,0.0,38.22
CONG,2007,6,77.37,93.55,62.68,6.47,0.0,48.79
CONG,2007,7,80.1,96.16,65.65,3.87,0.0,60.78
CONG,2007,8,84.69,103.36,71.41,3.48,0.0,49.45
CONG,2007,9,76.4,92.92,59.8,2.62,0.0,35.3
CONG,2007,10,69.32,86.98,44.32,5.31,0.0,52.01
CONG,2007,11,56.21,78.16,37.03,0.45,0.0,32.88
CONG,2007,12,54.33,78.88,30.37,5.59,0.0,55.76
CONG,2008,1,45.42,72.76,24.16,2.6,1.05,53.6
CONG,2008,2,52.92,75.91,28.48,3.35,0.0,50.3
CONG,2008,3,56.6,79.6,33.79,2.74,0.0,44.34
CONG,2008,4,63.69,83.02,40.63,3.25,0.0,55.15
CONG,2008,5,71.88,89.23,51.88,2.44,0.0,46.12
CONG,2008,6,81.87,100.39,65.56,2.14,0.0,38.45
CONG,2008,7,80.41,97.6,66.37,3.9,0.0,47.68
CONG,2008,8,79.72,101.47,63.67,3.95,0.0,59.92
CONG,2008,9,73.81,89.86,56.56,6.9,0.0,56.45
CONG,2008,10,62.54,83.38,38.74,3.24,0.0,34.82
CONG,2008,11,52.25,74.38,27.94,6.15,0.0,36.15
CONG,2008,12,53.23,74.92,28.21,1.05,0.0,55.0
CONG,2009,1,46.32,72.49,22.99,1.38,0.36,51.51
CONG,2009,2,49.32,74.74,24.07,1.83,0.0,44.31
CONG,2009,3,55.31,82.48,25.69,4.12,0.0,53.08
CONG,2009,4,63.52,88.24,38.02,3.78,0.0,44.47
CONG,2009,5,72.12,88.87,49.9,4.38,0.0,69.55
CONG,2009,6,80.97,98.77,65.74,2.81,0.0,56.89
CONG,2009,7,80.54,97.69,67.99,4.44,0.0,58.65
CONG,2009,8,80.73,100.03,69.88,2.9,0.0,55.74
CONG,2009,9,76.32,90.58,56.29,1.12,0.0,64.5
CONG,2009,10,64.85,87.34,41.89,3.59,0.0,63.39
CONG,2009,11,56.55,74.11,38.92,3.97,0.0,56.56
CONG,2009,12,46.9,73.57,31.27,6.51,0.0,68.93
CONG,2010,1,41.32,67.9,23.98,4.32,0.0,44.36
CONG,2010,2,41.87,63.31,23.08,2.52,2.95,48.91
CONG,2010,3,52.9,74.2,31.45,2.7,0.39,49.74
CONG,2010,4,67.37,89.68,47.2,0.84,0.0,31.29
CONG,2010,5,74.21,91.93,54.4,3.07,0.0,55.91
CONG,2010,6,83.33,100.75,67.0,3.25,0.0,50.4
CONG,2010,7,83.04,100.75,64.03,3.51,0.0,48.39
CONG,2010,8,81.1,96.43,65.92,5.38,0.0,59.61
CONG,2010,9,78.7,94.45,62.23,4.94,0.0,38.9
CONG,2010,10,66.71,85.36,47.74,0.58,0.0,25.53
CONG,2010,11,57.0,76.72,37.48,0.72,0.0,36.47
CONG,2010,12,39.71,68.53,22.99,1.9,1.43,42.35
CONG,2011,1,41.95,71.32,21.28,1.34,3.28,49.44
CONG,2011,2,52.02,81.13,31.09,3.29,0.0,48.4
CONG,2011,3,58.08,85.36,36.67,3.51,0.0,52.72
CONG,2011,4,68.2,88.6,44.05,2.08,0.0,46.03
CONG,2011,5,73.85,96.25,49.45,1.84,0.0,54.9
CONG,2011,6,84.56,100.03,66.19,1.14,0.0,43.69
CONG,2011,7,84.53,102.37,70.42,2.95,0.0,55.39
CONG,2011,8,82.6,99.22,68.44,3.41,0.0,47.16
CONG,2011,9,74.99,92.92,57.46,3.91,0.0,59.2
CONG,2011,10,62.76,82.3,41.26,2.86,0.0,30.48
CONG,2011,11,57.3,79.6,37.93,1.67,0.0,42.65
CONG,2011,12,53.06,75.46,34.78,1.61,0.0,47.49
CONG,2012,1,51.12,72.94,25.96,1.44,0.0,44.22
CONG,2012,2,52.68,76.63,26.41,2.48,0.0,67.07
CONG,2012,3,63.69,84.82,35.95,3.63,0.0,48.51
CONG,2012,4,66.58,87.79,43.42,2.29,0.0,46.02
CONG,2012,5,73.25,91.3,57.46,5.49,0.0,51.34
CONG,2012,6,76.76,106.87,60.16,2.67,0.0,49.09
CONG,2012,7,84.1,107.86,73.21,4.6,0.0,58.98
CONG,2012,8,77.76,91.84,63.94,6.12,0.0,64.14
CONG,2012,9,74.46,91.84,58.18,1.75,0.0,52.08
CONG,2012,10,65.72,85.81,46.48,1.27,0.0,46.81
CONG,2012,11,52.8,80.05,34.78,0.92,0.0,41.3
CONG,2012,12,53.1,74.11,31.27,4.04,0.0,65.27
CONG,2013,1,52.45,77.08,27.94,1.1,0.0,59.81
CONG,2013,2,47.63,68.44,28.3,6.67,0.0,52.86
CONG,2013,3,50.52,76.18,29.74,2.63,0.0,43.97
CONG,2013,4,63.44,83.02,41.62,4.87,0.0,61.54
CONG,2013,5,70.0,90.76,51.61,2.51,0.0,55.83
CONG,2013,6,76.81,92.56,65.83,8.53,0.0,65.02
CONG,2013,7,77.79,91.57,69.79,7.67,0.0,72.78
CONG,2013,8,77.18,93.46,61.87,5.06,0.0,66.41
CONG,2013,9,75.57,90.67,57.37,0.77,0.0,45.36
CONG,2013,10,66.56,87.88,38.11,0.99,0.0,52.12
CONG,2013,11,53.57,80.23,28.93,2.96,0.0,48.91
CONG,2013,12,52.11,77.89,30.1,4.68,0.0,65.09
CONG,2014,1,40.97,67.09,14.35,2.64,1.96,47.79
CONG,2014,2,48.32,77.62,26.86,3.28,1.74,64.96
CONG,2014,3,51.03,75.82,29.92,4.3,0.0,54.64
CONG,2014,4,64.8,88.06,38.56,4.56,0.0,55.98
CONG,2014,5,75.06,94.27,52.33,2.25,0.0,49.15
CONG,2014,6,80.78,97.06,60.7,1.8,0.0,58.96
CONG,2014,7,81.1,98.05,69.52,3.12,0.0,64.04
CONG,2014,8,80.05,97.24,64.75,3.07,0.0,59.99
CONG,2014,9,74.45,96.79,57.73,6.63,0.0,76.95
CONG,2014,10,66.97,86.53,48.1,2.06,0.0,32.71
CONG,2014,11,51.69,76.18,27.94,4.32,0.0,45.43
CONG,2014,12,50.01,69.16,31.0,3.2,0.0,57.86
CONG,2015,1,45.03,73.57,19.93,3.2,0.0,52.22
CONG,2015,2,42.2,66.1,20.65,4.46,0.11,54.84
CONG,2015,3,57.32,81.13,31.09,2.37,0.0,68.57
CONG,2015,4,65.92,87.79,47.11,4.09,0.0,70.7
CONG,2015,5,73.58,90.4,50.62,0.67,0.0,53.42
CONG,2015,6,82.12,101.29,63.76,2.64,0.0,57.0
CONG,2015,7,84.08,99.04,70.96,1.69,0.0,60.32
CONG,2015,8,80.69,96.97,69.25,4.88,0.0,59.85
CONG,2015,9,75.29,90.76,58.09,2.87,0.0,68.9
CONG,2015,10,64.01,80.05,42.07,13.9,0.0,49.45
CONG,2015,11,58.7,80.68,34.42,4.75,0.0,61.93
CONG,2015,12,59.68,76.36,34.15,4.67,0.0,64.34
CONG,2016,1,44.03,64.75,25.24,1.91,0.17,56.1
CONG,2016,2,48.38,71.32,25.24,4.52,0.06,46.56
CONG,2016,3,60.88,82.84,37.75,2.41,0.0,53.66
CONG,2016,4,64.47,88.33,39.37,2.76,0.0,50.86
CONG,2016,5,71.24,89.5,51.43,6.55,0.0,53.47
CONG,2016,6,79.66,95.62,63.58,3.65,0.0,54.06
CONG,2016,7,85.02,99.04,73.21,3.17,0.0,41.6
CONG,2016,8,82.06,95.35,70.33,3.93,0.0,53.78
CONG,2016,9,76.48,90.76,66.01,6.39,0.0,48.13
CONG,2016,10,67.42,83.29,47.38,5.55,0.0,30.01
CONG,2016,11,57.72,79.96,39.01,0.88,0.0,43.19
CONG,2016,12,50.42,74.83,28.48,4.13,0.0,60.87
CONG,2017,1,52.73,73.67,21.02,5.08,0.25,56.42
CONG,2017,2,56.46,77.18,31.46,1.17,0.0,45.29
CONG,2017,3,56.93,84.56,26.33,1.73,0.3,44.96
CONG,2017,4,68.04,88.7,41.36,4.34,0.0,47.13
CONG,2017,5,72.39,90.59,48.47,5.94,0.0,49.12
CONG,2017,6,77.66,95.27,59.72,5.42,0.0,70.33
CONG,2017,7,80.96,95.36,64.49,5.84,0.0,49.57
CONG,2017,8,79.46,96.71,64.22,4.46,0.0,65.39
CONG,2017,9,74.93,91.85,58.91,4.01,0.0,37.46
CONG,2017,10,67.2,87.98,38.66,1.87,0.0,37.76
CONG,2017,11,55.72,81.77,36.23,0.89,0.0,41.58
CONG,2017,12,48.75,75.02,29.93,4.64,0.0,60.97
CONG,2018,1,41.88,72.14,18.32,2.62,0.58,43.7
CONG,2018,2,58.24,79.25,25.97,2.79,0.0,65.92
CONG,2018,3,53.78,82.22,31.82,1.86,0.0,51.92
CONG,2018,4,62.25,86.63,37.22,3.85,0.0,45.67
CONG,2018,5,74.59,94.91,51.17,8.56,0.0,66.78
CONG,2018,6,80.09,96.62,64.49,2.41,0.0,57.67
CONG,2018,7,79.83,97.25,67.46,5.67,0.0,62.93
CONG,2018,8,79.61,93.02,66.47,3.78,0.0,51.87
CONG,2018,9,78.96,93.38,67.28,6.0,0.0,53.4
CONG,2018,10,67.16,89.78,43.43,3.09,0.0,48.51
CONG,2018,11,53.12,79.79,28.49,5.48,0.0,59.42
CONG,2018,12,49.89,73.4,29.66,7.32,0.0,63.28
CONG,2019,1,47.59,72.23,25.25,4.32,0.0,52.64
CONG,2019,2,53.86,77.09,31.28,1.74,0.0,70.77
CONG,2019,3,55.73,81.32,28.49,1.81,0.17,65.28
CONG,2019,4,65.21,88.25,35.87,4.37,0.0,56.3
CONG,2019,5,77.4,99.32,52.97,1.91,0.0,42.47
CONG,2019,6,78.14,94.91,58.37,3.87,0.0,66.57
CONG,2019,7,82.04,97.79,64.94,2.4,0.0,57.6
CONG,2019,8,80.67,99.77,64.58,3.59,0.0,51.49
CONG,2019,9,79.13,95.18,58.82,1.37,0.0,31.48
CONG,2019,10,70.03,97.16,48.56,4.26,0.0,53.44
CONG,2019,11,51.77,76.19,27.32,2.72,0.0,48.42
CONG,2019,12,51.8,77.18,28.4,7.89,0.0,58.51
CONG,2020,1,51.58,78.35,27.14,2.86,0.0,59.36
CONG,2020,2,51.85,75.38,25.52,7.52,0.0,65.48
CONG,2020,3,60.94,84.65,30.38,4.53,0.0,67.67
CONG,2020,4,64.14,87.62,43.25,5.07,0.0,44.26
CONG,2020,5,69.6,90.05,45.86,6.76,0.0,52.65
CONG,2020,6,76.85,92.3,59.63,3.74,0.0,62.85
CONG,2020,7,82.43,98.33,71.51,3.5,0.0,49.44
CONG,2020,8,79.84,94.91,66.83,5.16,0.0,66.4
CONG,2020,9,73.83,97.16,50.27,6.45,0.0,60.3
CONG,2020,10,68.22,86.27,48.83,1.15,0.0,52.73
CONG,2020,11,59.98,82.13,35.87,5.96,0.0,44.74
CONG,2020,12,46.98,71.42,24.71,2.94,0.0,50.82
CONG,2021,1,47.58,74.48,28.04,5.66,0.0,55.37
CONG,2021,2,48.4,77.27,27.23,5.48,0.0,61.66
CONG,2021,3,58.07,84.2,31.1,3.3,0.0,62.4
CONG,2021,4,64.47,87.8,33.08,2.23,0.0,42.77
CONG,2021,5,71.13,93.38,45.14,1.74,0.0,51.52
CONG,2021,6,76.21,90.32,57.56,7.56,0.0,65.95
CONG,2021,7,79.44,98.69,62.96,5.96,0.0,61.16
CONG,2021,8,79.71,95.63,66.02,6.17,0.0,61.89
CONG,2021,9,73.85,89.6,53.33,5.11,0.0,46.2
CONG,2021,10,67.78,86.27,47.3,1.32,0.0,48.02
CONG,2021,11,53.15,76.1,30.92,0.66,0.0,39.4
CONG,2021,12,56.45,78.62,34.97,3.4,0.0,58.35
CONG,2022,1,44.4,79.07,25.25,5.23,1.1,50.16
CONG,2022,2,53.49,84.2,30.56,1.87,0.0,55.05
CONG,2022,3,59.68,84.29,26.24,3.64,0.0,52.57
CONG,2022,4,64.86,87.26,38.3,2.84,0.0,43.58
CONG,2022,5,73.99,94.91,48.29,3.0,0.0,53.9
CONG,2022,6,80.68,101.39,60.8,4.58,0.0,66.32
CONG,2022,7,80.28,95.45,68.72,5.85,0.0,71.26
CONG,2022,8,78.44,96.26,64.13,5.66,0.0,75.6
CONG,2022,9,73.94,95.81,53.96,6.61,0.0,52.13
CONG,2022,10,62.27,81.95,38.66,1.19,0.0,41.14
CONG,2022,11,58.18,81.59,32.9,2.76,0.0,61.89
CONG,2022,12,47.03,75.65,14.54,3.94,0.0,58.54
CONG,2023,1,51.46,73.58,28.22,4.81,0.0,64.26
CONG,2023,2,57.26,81.23,30.2,3.99,0.0,70.3
CONG,2023,3,59.26,84.92,32.36,3.06,0.0,56.13
CONG,2023,4,65.26,87.35,41.18,5.97,0.0,56.97
CONG,2023,5,69.04,93.38,46.76,3.88,0.0,62.99
CONG,2023,6,75.33,91.04,55.4,4.79,0.0,51.02
CONG,2023,7,81.57,95.81,67.73,6.15,0.0,60.92
CONG,2023,8,80.98,97.97,67.28,5.24,0.0,49.11
CONG,2023,9,73.21,92.03,56.21,1.91,0.0,46.53
CONG,2023,10,64.62,82.85,45.5,2.07,0.0,30.08
CONG,2023,11,54.37,79.43,30.92,2.24,0.0,52.43
CONG,2023,12,50.22,73.22,27.14,4.78,0.0,54.35
CONG,2024,1,47.2,76.55,20.12,3.02,0.0,55.46
CONG,2024,2,50.76,76.46,29.75,2.61,0.0,55.9
CONG,2024,3,58.79,78.26,35.06,6.83,0.0,60.35
CONG,2024,4,65.7,88.25,40.46,2.11,0.0,49.06
CONG,2024,5,73.26,90.41,54.59,3.12,0.0,54.25
CONG,2024,6,79.69,98.06,53.96,1.5,0.0,40.94
CONG,2024,7,81.56,98.51,68.63,7.29,0.0,72.64
CONG,2024,8,77.93,94.28,61.16,7.57,0.0,46.85
CONG,2024,9,74.66,91.22,57.74,3.91,0.0,54.63
CONG,2024,10,64.99,84.11,42.8,0.08,0.0,24.18
CONG,2024,11,59.26,82.31,30.65,3.81,0.0,50.55
CONG,2024,12,47.8,74.39,21.56,2.0,0.0,47.57
CONG,2025,1,40.84,77.45,17.24,1.84,2.34,42.21
CONG,2025,2,52.78,79.52,22.91,1.61,0.0,43.14
CONG,2025,3,59.27,81.32,32.0,5.0,0.0,41.68
CONG,2025,4,67.29,86.09,40.64,3.65,0.0,49.29
CONG,2025,5,71.44,89.96,51.8,6.62,0.0,68.04
CONG,2025,6,79.18,98.6,61.79,3.31,0.0,51.73
CONG,2025,7,81.9,100.76,69.89,5.39,0.0,54.27
CONG,2025,8,76.14,94.46,62.24,5.34,0.0,63.97
CONG,2025,9,73.91,93.74,57.92,1.25,0.0,38.17
CONG,2025,10,62.95,83.66,43.88,5.32,0.0,47.26
CONG,2025,11,55.89,79.88,28.94,0.25,0.0,31.59
CONG,2025,12,47.82,77.36,19.4,2.72,0.0,47.07
CRLA,2006,1,27.26,39.42,13.23,2.45,72.76,83.05
CRLA,2006,2,25.92,46.98,0.9,0.73,25.71,60.03
CRLA,2006,3,25.2,41.85,7.83,0.27,42.14,84.77
CRLA,2006,4,33.01,60.48,17.19,0.85,19.35,68.17
CRLA,2006,5,40.93,70.02,24.03,2.51,4.35,50.7
CRLA,2006,6,52.27,85.68,33.48,2.85,0.0,45.26
CRLA,2006,7,63.0,90.0,37.98,0.47,0.0,20.34
CRLA,2006,8,59.03,82.35,36.54,0.53,0.0,15.9
CRLA,2006,9,53.77,81.36,30.69,0.46,0.55,26.64
CRLA,2006,10,43.45,67.5,24.03,1.2,0.8,42.79
CRLA,2006,11,31.47,54.09,9.18,5.07,57.24,87.69
CRLA,2006,12,26.94,40.32,6.57,3.26,43.87,76.91
CRLA,2007,1,23.05,43.56,-0.9,0.36,25.63,53.71
CRLA,2007,2,27.46,45.54,11.25,1.77,41.89,84.02
CRLA,2007,3,33.2,55.53,18.27,0.75,18.27,71.27
CRLA,2007,4,33.67,56.7,17.55,0.64,20.39,63.43
CRLA,2007,5,42.81,72.0,23.13,0.83,4.08,50.99
CRLA,2007,6,51.02,74.34,27.9,0.69,1.32,42.48
CRLA,2007,7,62.42,90.45,41.4,1.43,0.0,32.04
CRLA,2007,8,58.85,86.49,40.23,0.76,0.0,16.96
CRLA,2007,9,50.8,79.65,28.08,1.46,1.43,29.48
CRLA,2007,10,38.95,64.44,22.5,4.85,11.57,59.63
CRLA,2007,11,34.58,60.3,5.13,5.54,11.19,57.66
CRLA,2007,12,24.12,39.78,7.74,2.09,55.31,85.22
CRLA,2008,1,21.93,37.8,2.52,0.28,78.1,74.71
CRLA,2008,2,27.86,47.43,11.97,0.12,31.0,68.26
CRLA,2008,3,26.46,46.08,4.77,0.61,40.18,72.48
CRLA,2008,4,29.2,58.32,7.47,0.07,26.35,60.6
CRLA,2008,5,39.05,75.96,19.17,2.17,3.17,72.39
CRLA,2008,6,47.98,83.88,27.0,1.04,2.81,38.4
CRLA,2008,7,60.82,84.06,41.31,0.06,0.0,14.22
CRLA,2008,8,59.53,89.91,32.49,1.13,0.0,31.02
CRLA,2008,9,56.32,82.44,30.51,0.07,0.0,22.43
CRLA,2008,10,43.7,69.21,23.4,2.05,1.52,49.25
CRLA,2008,11,36.37,61.29,22.59,2.91,20.53,76.19
CRLA,2008,12,25.61,49.77,-1.89,1.17,68.46,72.91
CRLA,2009,1,28.08,47.16,7.29,0.71,28.03,54.34
CRLA,2009,2,26.5,43.92,11.52,0.69,31.03,73.73
CRLA,2009,3,26.99,43.11,9.09,0.47,50.13,71.02
CRLA,2009,4,31.58,64.08,12.87,0.7,15.24,58.22
CRLA,2009,5,41.78,69.12,24.57,3.33,8.16,52.16
CRLA,2009,6,49.75,76.86,31.05,3.73,0.0,55.69
CRLA,2009,7,61.83,87.48,34.74,0.59,0.0,24.87
CRLA,2009,8,59.62,87.84,37.08,0.5,0.0,27.11
CRLA,2009,9,56.48,83.88,27.99,0.4,0.94,34.53
CRLA,2009,10,39.98,64.44,21.87,2.41,7.58,65.03
CRLA,2009,11,30.85,59.22,13.14,0.84,31.14,65.13
CRLA,2009,12,22.82,38.79,-1.26,1.19,28.72,59.64
CRLA,2010,1,29.63,39.42,16.29,0.94,25.16,89.15
CRLA,2010,2,28.78,45.81,11.88,0.44,20.28,70.75
CRLA,2010,3,29.39,51.3,12.87,1.06,36.85,76.62
CRLA,2010,4,30.17,54.18,12.06,0.77,37.04,74.95
CRLA,2010,5,34.53,54.09,19.17,1.7,12.21,74.67
CRLA,2010,6,45.54,72.9,27.72,2.64,1.21,54.47
CRLA,2010,7,60.63,85.68,34.65,0.27,0.0,14.8
CRLA,2010,8,58.34,85.5,33.48,0.51,0.11,23.06
CRLA,2010,9,52.53,79.83,31.41,2.13,0.0,41.89
CRLA,2010,10,44.18,76.77,14.94,3.57,16.2,60.53
CRLA,2010,11,30.36,61.65,7.29,1.06,43.52,76.25
CRLA,2010,12,27.2,41.67,8.37,2.29,67.44,85.4
CRLA,2011,1,28.01,45.27,4.86,2.75,6.06,65.91
CRLA,2011,2,24.16,43.2,-2.52,0.12,34.45,72.25
CRLA,2011,3,28.05,46.53,15.75,0.96,77.17,87.65
CRLA,2011,4,29.14,49.68,14.4,2.1,33.21,75.91
CRLA,2011,5,34.3,56.07,22.32,1.61,15.74,74.93
CRLA,2011,6,44.52,68.49,25.02,1.34,0.88,55.85
CRLA,2011,7,55.53,80.46,34.83,0.94,0.0,23.65
CRLA,2011,8,60.01,82.35,38.52,0.1,0.0,11.53
CRLA,2011,9,58.4,80.46,35.01,0.24,0.0,28.51
CRLA,2011,10,43.11,66.06,25.47,2.22,1.35,63.48
CRLA,2011,11,29.69,49.95,14.31,1.15,37.65,79.43
CRLA,2011,12,27.11,43.92,9.72,2.99,6.64,40.56
CRLA,2012,1,27.35,45.27,9.72,2.11,56.39,73.03
CRLA,2012,2,25.86,43.2,9.9,0.65,29.46,72.89
CRLA,2012,3,27.86,45.9,9.63,2.89,73.2,77.35
CRLA,2012,4,33.22,61.47,13.77,1.99,22.38,78.55
CRLA,2012,5,40.32,71.1,21.96,1.26,8.24,58.94
CRLA,2012,6,45.8,72.9,27.0,3.53,3.78,54.0
CRLA,2012,7,58.57,81.45,36.27,0.75,0.0,20.03
CRLA,2012,8,62.96,87.48,38.43,0.15,0.0,9.78
CRLA,2012,9,58.4,80.55,35.73,0.03,0.0,18.2
CRLA,2012,10,44.01,79.02,15.84,2.64,6.75,49.81
CRLA,2012,11,34.22,64.08,19.26,3.58,24.44,82.75
CRLA,2012,12,24.7,39.69,6.3,2.86,68.4,88.38
CRLA,2013,1,23.26,41.31,2.88,0.7,22.1,55.35
CRLA,2013,2,26.53,43.02,12.24,0.21,15.65,66.73
CRLA,2013,3,30.56,51.12,12.24,1.04,15.93,70.84
CRLA,2013,4,34.31,54.81,18.18,1.31,13.5,65.55
CRLA,2013,5,42.21,65.97,21.96,2.74,3.72,62.43
CRLA,2013,6,52.08,83.34,30.87,1.82,0.11,42.35
CRLA,2013,7,63.92,86.4,40.95,0.18,0.0,20.12
CRLA,2013,8,58.61,82.08,40.05,2.41,0.0,36.91
CRLA,2013,9,50.68,80.01,27.0,5.21,2.15,46.81
CRLA,2013,10,40.49,64.35,25.38,0.46,1.85,26.13
CRLA,2013,11,33.53,55.62,12.24,2.3,7.96,67.71
CRLA,2013,12,25.9,47.43,-2.07,0.22,12.4,58.58
CRLA,2014,1,30.14,49.68,14.85,1.74,23.89,53.04
CRLA,2014,2,28.1,46.35,10.35,4.23,48.39,85.44
CRLA,2014,3,31.98,49.14,16.83,4.24,37.73,68.39
CRLA,2014,4,35.5,60.57,18.72,1.46,15.1,71.0
CRLA,2014,5,43.51,71.73,21.78,2.22,6.09,61.05
CRLA,2014,6,51.06,80.28,29.43,1.15,0.03,41.52
CRLA,2014,7,64.51,86.58,37.35,0.79,0.0,34.18
CRLA,2014,8,60.47,83.34,41.49,1.41,0.0,30.68
CRLA,2014,9,55.9,80.64,35.82,1.8,0.0,36.08
CRLA,2014,10,46.08,74.25,29.16,5.0,2.07,57.47
CRLA,2014,11,34.53,64.17,12.15,4.22,14.72,77.4
CRLA,2014,12,29.33,43.83,1.8,6.31,34.94,86.31
CRLA,2015,1,31.2,50.04,9.36,1.48,4.49,69.06
CRLA,2015,2,34.38,53.55,17.91,4.59,12.43,70.38
CRLA,2015,3,38.09,59.67,11.25,1.99,12.43,65.29
CRLA,2015,4,36.46,65.34,15.75,0.36,14.39,58.57
CRLA,2015,5,45.28,68.49,25.83,3.44,1.21,61.06
CRLA,2015,6,59.38,90.09,36.09,0.72,0.0,37.97
CRLA,2015,7,61.61,88.83,40.5,1.28,0.0,39.66
CRLA,2015,8,61.07,87.93,41.31,0.58,0.0,32.58
CRLA,2015,9,52.71,84.69,32.31,0.95,0.03,36.21
CRLA,2015,10,49.45,76.23,31.5,1.79,0.0,55.94
CRLA,2015,11,29.38,48.96,2.88,3.2,15.1,66.26
CRLA,2015,12,26.07,41.4,9.18,3.5,91.33,88.31
CRLA,2016,1,26.19,39.87,2.34,1.99,48.81,81.12
CRLA,2016,2,30.77,44.82,14.31,1.04,18.93,75.15
CRLA,2016,3,31.43,49.5,19.53,2.36,42.25,77.63
CRLA,2016,4,36.9,64.62,20.52,0.89,14.85,62.75
CRLA,2016,5,43.36,70.56,27.9,1.7,1.98,61.21
CRLA,2016,6,52.72,83.25,26.82,1.23,1.35,41.14
CRLA,2016,7,58.32,88.02,37.35,1.02,0.0,20.33
CRLA,2016,8,62.58,89.1,40.23,0.02,0.0,13.7
CRLA,2016,9,51.76,79.65,34.29,0.6,0.0,34.09
CRLA,2016,10,39.48,64.17,23.04,7.26,13.5,82.83
CRLA,2016,11,35.6,59.94,20.88,2.72,25.71,77.65
CRLA,2016,12,23.11,37.8,1.53,1.98,47.65,75.12
CRLA,2017,1,23.41,46.85,4.37,0.47,82.21,71.57
CRLA,2017,2,26.64,41.63,8.51,1.76,96.9,87.42
CRLA,2017,3,31.23,48.29,9.95,3.27,74.57,86.53
CRLA,2017,4,31.14,47.3,18.41,0.5,56.58,75.38
CRLA,2017,5,40.25,64.85,22.19,0.53,18.69,45.4
CRLA,2017,6,50.98,84.2,26.96,1.38,4.19,44.87
CRLA,2017,7,63.29,85.73,44.69,0.51,0.0,11.24
CRLA,2017,8,65.43,87.89,45.05,0.69,0.0,25.92
CRLA,2017,9,53.66,88.97,26.06,2.06,8.9,47.22
CRLA,2017,10,41.51,66.92,24.35,2.51,23.01,42.39
CRLA,2017,11,31.17,46.76,17.78,4.06,64.02,80.99
CRLA,2017,12,31.85,50.9,17.06,0.52,21.83,57.65
CRLA,2018,1,31.5,46.22,17.96,1.48,57.19,86.55
CRLA,2018,2,25.13,52.16,2.48,0.1,38.0,67.24
CRLA,2018,3,27.45,46.13,12.02,0.18,46.55,75.36
CRLA,2018,4,33.07,59.27,17.87,1.93,44.18,70.42
CRLA,2018,5,43.44,63.5,24.89,1.94,0.19,47.9
CRLA,2018,6,49.92,77.99,25.79,0.98,2.89,32.17
CRLA,2018,7,63.89,84.11,35.06,0.09,0.0,14.28
CRLA,2018,8,61.6,87.35,42.8,0.16,0.0,11.76
CRLA,2018,9,52.58,77.0,34.79,0.24,0.0,24.03
CRLA,2018,10,44.0,65.48,18.23,2.91,3.03,47.11
CRLA,2018,11,36.11,52.88,22.73,0.87,25.22,59.55
CRLA,2018,12,27.12,37.67,16.79,0.32,60.11,75.19
CRLA,2019,1,31.24,48.11,17.51,1.67,41.06,71.69
CRLA,2019,2,20.53,36.14,6.89,0.07,111.67,83.22
CRLA,2019,3,28.15,49.19,11.57,0.02,29.3,65.97
CRLA,2019,4,34.92,55.22,22.82,3.85,31.72,70.84
CRLA,2019,5,40.71,62.06,24.71,1.27,13.23,57.79
CRLA,2019,6,51.04,76.82,25.61,0.62,0.5,30.59
CRLA,2019,7,57.27,79.25,38.75,0.17,0.0,22.64
CRLA,2019,8,60.78,82.94,43.43,1.45,0.0,26.97
CRLA,2019,9,49.0,77.45,25.34,3.89,6.2,54.06
CRLA,2019,10,38.4,60.17,17.87,1.01,10.78,42.9
CRLA,2019,11,38.24,62.15,14.45,0.44,14.47,55.93
CRLA,2019,12,29.15,40.64,15.62,0.69,37.34,74.29
CRLA,2020,1,27.41,43.52,15.35,1.24,105.06,91.19
CRLA,2020,2,27.45,49.46,9.14,0.14,17.36,50.8
CRLA,2020,3,28.16,44.96,13.1,0.02,43.32,58.62
CRLA,2020,4,35.37,58.91,14.27,1.77,6.28,54.38
CRLA,2020,5,39.99,69.8,23.99,1.46,20.7,69.72
CRLA,2020,6,48.28,79.16,25.61,1.1,7.36,59.13
CRLA,2020,7,59.55,83.75,36.32,0.15,0.0,10.44
CRLA,2020,8,62.23,85.01,41.18,0.16,0.0,23.27
CRLA,2020,9,59.23,86.54,38.57,2.15,0.0,25.97
CRLA,2020,10,47.62,74.66,17.87,2.19,0.25,33.86
CRLA,2020,11,32.11,64.13,14.99,1.52,51.09,58.85
CRLA,2020,12,29.66,44.51,18.5,1.09,43.96,65.67
CRLA,2021,1,28.71,42.71,12.2,1.61,41.61,76.6
CRLA,2021,2,25.45,38.93,14.99,0.04,66.75,74.71
CRLA,2021,3,27.26,49.19,11.84,0.01,25.88,54.14
CRLA,2021,4,35.8,57.11,19.22,0.0,9.07,39.21
CRLA,2021,5,40.19,72.5,22.01,0.54,1.52,51.51
CRLA,2021,6,55.83,90.77,30.11,1.17,2.87,33.03
CRLA,2021,7,65.64,83.3,45.68,0.36,0.0,17.09
CRLA,2021,8,61.52,86.36,39.83,0.43,0.0,19.67
CRLA,2021,9,54.6,82.76,31.37,2.67,4.96,28.07
CRLA,2021,10,39.57,65.3,24.17,3.06,26.51,69.78
CRLA,2021,11,35.33,51.26,18.23,3.19,20.23,81.11
CRLA,2021,12,26.58,57.29,10.04,0.18,79.7,88.86
CRLA,2022,1,31.39,50.45,12.56,0.62,42.22,59.76
CRLA,2022,2,29.63,54.68,4.55,0.08,9.15,50.75
CRLA,2022,3,31.93,51.98,13.73,0.38,18.11,74.15
CRLA,2022,4,28.96,57.83,12.83,0.34,59.03,78.49
CRLA,2022,5,35.22,57.56,19.31,2.87,43.87,75.17
CRLA,2022,6,46.65,78.35,27.05,3.26,5.7,58.29
CRLA,2022,7,62.78,88.79,41.45,0.86,0.0,25.63
CRLA,2022,8,64.31,85.28,46.76,0.47,0.0,21.39
CRLA,2022,9,57.06,84.56,39.11,1.79,0.03,31.96
CRLA,2022,10,49.72,72.05,22.82,1.42,6.75,36.57
CRLA,2022,11,28.94,44.96,14.81,2.36,43.6,64.91
CRLA,2022,12,26.93,43.97,13.19,1.42,74.85,74.88
CRLA,2023,1,25.69,44.51,7.16,0.04,37.37,71.67
CRLA,2023,2,23.88,46.49,7.88,0.02,38.47,74.06
CRLA,2023,3,22.38,39.47,8.87,0.02,77.99,83.53
CRLA,2023,4,31.31,62.87,11.48,0.82,43.57,78.86
CRLA,2023,5,42.93,63.5,22.64,0.81,13.7,47.52
CRLA,2023,6,51.1,75.38,28.58,1.63,2.84,50.23
CRLA,2023,7,61.84,82.49,45.77,0.0,0.0,5.85
CRLA,2023,8,60.75,87.62,42.89,1.36,0.0,31.95
CRLA,2023,9,50.34,75.83,33.53,3.0,0.74,38.88
CRLA,2023,10,44.68,68.27,21.92,2.15,15.41,49.73
CRLA,2023,11,35.52,52.7,19.85,2.12,20.75,64.99
CRLA,2023,12,33.53,46.31,20.21,3.79,50.49,84.07
CRLA,2024,1,30.4,47.75,16.97,2.56,98.3,90.31
CRLA,2024,2,28.31,41.72,14.72,0.12,59.97,83.44
CRLA,2024,3,28.63,53.06,12.92,0.17,57.41,68.98
CRLA,2024,4,33.54,56.84,16.79,0.66,21.25,67.64
CRLA,2024,5,39.08,62.33,20.39,0.69,20.92,43.23
CRLA,2024,6,51.25,74.21,26.69,2.42,0.47,35.9
CRLA,2024,7,65.52,87.35,43.07,0.13,0.0,10.45
CRLA,2024,8,58.32,86.18,35.78,1.75,2.45,28.07
CRLA,2024,9,55.17,80.06,37.58,0.64,0.0,40.33
CRLA,2024,10,45.67,74.93,26.69,1.4,18.05,51.22
CRLA,2024,11,30.95,50.27,18.68,2.19,72.26,77.87
CRLA,2024,12,31.87,51.08,16.97,1.99,88.24,77.03
CRLA,2025,1,30.27,49.28,10.22,1.77,32.6,45.01
CRLA,2025,2,26.37,53.15,4.91,2.26,68.84,74.42
CRLA,2025,3,29.76,56.03,15.44,0.61,86.12,82.13
CRLA,2025,4,36.45,56.57,14.81,0.81,8.32,50.68
CRLA,2025,5,41.91,70.79,23.81,0.48,3.53,55.35
CRLA,2025,6,50.57,80.42,30.02,0.12,4.24,31.77
CRLA,2025,7,60.77,81.86,42.35,0.99,0.0,19.07
CRLA,2025,8,60.97,82.76,44.15,0.84,0.0,31.34
CRLA,2025,9,55.91,79.43,37.58,2.93,0.0,40.35
CRLA,2025,10,40.72,61.79,22.91,2.07,19.43,58.79
CRLA,2025,11,38.77,60.71,25.34,2.93,9.07,74.24
CRLA,2025,12,34.71,57.47,19.13,5.54,37.12,79.58
CUVA,2006,1,36.85,58.16,22.52,2.5,5.62,79.5
CUVA,2006,2,29.24,57.62,9.38,1.98,7.25,72.1
CUVA,2006,3,36.8,68.78,19.19,2.38,1.54,68.86
CUVA,2006,4,51.09,75.08,28.64,3.3,0.69,59.09
CUVA,2006,5,58.57,88.67,37.64,3.85,0.0,65.82
CUVA,2006,6,66.93,86.96,48.98,4.09,0.0,55.68
CUVA,2006,7,73.83,90.92,58.61,6.37,0.0,53.62
CUVA,2006,8,72.5,91.19,56.63,3.76,0.0,53.0
CUVA,2006,9,62.05,79.85,46.55,5.8,0.0,67.02
CUVA,2006,10,50.19,78.68,34.76,5.37,0.08,59.7
CUVA,2006,11,43.87,64.19,27.83,3.36,0.22,69.21
CUVA,2006,12,37.27,59.78,18.02,2.79,2.34,72.81
CUVA,2007,1,31.43,56.54,8.03,3.75,7.11,81.83
CUVA,2007,2,18.33,44.57,-2.86,0.34,13.04,64.69
CUVA,2007,3,39.64,75.17,4.43,2.82,5.18,64.45
CUVA,2007,4,45.25,75.35,21.98,2.18,4.0,62.14
CUVA,2007,5,62.7,86.51,43.4,1.39,0.0,46.27
CUVA,2007,6,70.56,90.47,50.69,2.55,0.0,47.41
CUVA,2007,7,71.28,92.0,54.47,1.95,0.0,42.83
CUVA,2007,8,73.33,91.19,56.72,7.57,0.0,51.75
CUVA,2007,9,66.95,90.38,47.0,2.68,0.0,36.97
CUVA,2007,10,59.96,84.98,37.73,3.35,0.0,55.55
CUVA,2007,11,41.0,61.67,26.03,3.43,1.05,67.75
CUVA,2007,12,31.87,52.31,16.31,3.74,8.85,83.81
CUVA,2008,1,29.4,63.83,7.49,1.75,6.86,74.63
CUVA,2008,2,26.86,55.64,3.26,3.15,14.41,79.9
CUVA,2008,3,32.22,64.46,8.48,4.28,17.44,73.27
CUVA,2008,4,52.04,79.67,29.36,2.25,0.0,57.02
CUVA,2008,5,56.05,81.29,40.25,4.74,0.0,64.29
CUVA,2008,6,70.0,89.3,51.95,5.25,0.0,55.25
CUVA,2008,7,73.0,87.5,58.52,3.22,0.0,43.91
CUVA,2008,8,69.82,88.04,54.29,1.91,0.0,44.97
CUVA,2008,9,66.05,88.94,51.95,2.73,0.0,49.83
CUVA,2008,10,51.36,78.68,32.87,2.3,0.36,51.4
CUVA,2008,11,39.42,68.69,17.39,2.3,6.2,66.01
CUVA,2008,12,29.81,58.16,0.02,3.8,5.81,85.93
CUVA,2009,1,18.78,42.41,-11.5,0.53,19.15,74.43
CUVA,2009,2,29.41,62.66,-8.8,2.43,3.44,69.69
CUVA,2009,3,38.05,64.82,3.44,3.34,0.58,61.13
CUVA,2009,4,49.22,81.83,29.09,4.23,2.15,62.02
CUVA,2009,5,59.72,80.12,39.71,3.82,0.0,65.04
CUVA,2009,6,66.95,89.93,47.9,3.93,0.0,61.51
CUVA,2009,7,68.07,83.54,57.35,3.69,0.0,54.69
CUVA,2009,8,71.08,89.03,54.29,2.81,0.0,51.59
CUVA,2009,9,64.19,79.22,47.99,3.59,0.0,55.2
CUVA,2009,10,50.12,70.04,34.4,4.0,0.0,72.9
CUVA,2009,11,45.99,67.25,33.32,1.01,0.11,60.05
CUVA,2009,12,30.32,50.96,11.81,2.07,6.04,77.31
CUVA,2010,1,24.66,46.28,6.86,1.07,7.8,83.33
CUVA,2010,2,23.94,40.7,3.35,0.22,18.52,79.59
CUVA,2010,3,38.93,66.89,12.98,2.11,1.52,56.75
CUVA,2010,4,53.78,80.84,34.94,2.55,0.0,59.63
CUVA,2010,5,62.13,84.89,37.55,4.56,0.0,63.09
CUVA,2010,6,70.57,88.85,51.86,4.61,0.0,58.86
CUVA,2010,7,75.53,93.44,53.75,3.17,0.0,42.56
CUVA,2010,8,74.19,89.3,55.73,3.94,0.0,43.92
CUVA,2010,9,64.89,88.58,51.14,2.38,0.0,55.54
CUVA,2010,10,53.59,76.16,38.54,2.28,0.0,51.57
CUVA,2010,11,42.03,64.46,25.67,4.39,0.41,52.49
CUVA,2010,12,25.11,52.85,12.71,0.37,12.24,83.5
CUVA,2011,1,21.69,52.31,-7.99,0.52,9.65,78.06
CUVA,2011,2,27.26,59.51,-4.39,1.91,16.84,66.22
CUVA,2011,3,35.31,62.93,12.8,4.24,9.31,69.93
CUVA,2011,4,48.98,79.22,30.26,7.3,0.25,81.36
CUVA,2011,5,60.89,89.75,39.35,5.42,0.0,71.7
CUVA,2011,6,69.42,91.1,50.78,4.43,0.0,60.31
CUVA,2011,7,77.53,94.88,59.6,2.78,0.0,47.25
CUVA,2011,8,71.87,88.04,56.81,3.01,0.0,49.85
CUVA,2011,9,64.33,92.99,42.95,7.32,0.0,65.17
CUVA,2011,10,52.79,76.88,32.33,4.84,0.0,62.72
CUVA,2011,11,46.69,66.17,29.36,4.54,0.77,64.65
CUVA,2011,12,36.04,55.91,20.18,4.19,4.91,75.39
CUVA,2012,1,31.26,56.36,9.83,2.74,9.51,74.32
CUVA,2012,2,33.34,63.56,14.6,1.66,4.6,64.82
CUVA,2012,3,50.11,79.58,22.88,1.67,0.5,58.74
CUVA,2012,4,48.53,78.14,33.23,1.46,0.08,58.42
CUVA,2012,5,65.82,91.28,45.2,2.47,0.0,50.64
CUVA,2012,6,71.51,96.86,51.5,2.0,0.0,44.25
CUVA,2012,7,78.46,96.86,63.47,2.52,0.0,46.54
CUVA,2012,8,71.64,93.08,54.92,2.92,0.0,39.05
CUVA,2012,9,63.3,87.59,41.42,3.53,0.0,52.31
CUVA,2012,10,52.42,77.33,36.29,5.75,0.0,66.58
CUVA,2012,11,39.42,64.37,28.37,1.07,0.88,56.05
CUVA,2012,12,37.02,61.85,18.83,2.92,12.04,81.52
CUVA,2013,1,30.43,60.68,7.58,2.8,3.22,80.15
CUVA,2013,2,27.09,47.45,11.09,1.39,6.94,73.07
CUVA,2013,3,32.56,65.18,9.38,1.2,7.06,71.73
CUVA,2013,4,48.63,81.29,25.4,3.62,0.14,64.67
CUVA,2013,5,62.0,84.62,37.46,2.2,0.0,62.51
CUVA,2013,6,67.98,86.78,48.98,7.89,0.0,63.99
CUVA,2013,7,72.05,88.85,56.09,5.09,0.0,65.27
CUVA,2013,8,69.8,84.8,53.39,2.49,0.0,52.65
CUVA,2013,9,63.66,90.2,45.2,3.32,0.0,55.48
CUVA,2013,10,54.7,79.31,33.68,3.55,0.0,54.63
CUVA,2013,11,38.28,61.31,18.56,2.11,4.46,73.85
CUVA,2013,12,30.65,58.16,7.94,3.55,9.34,85.26
CUVA,2014,1,19.46,49.25,-17.44,1.13,11.24,76.76
CUVA,2014,2,20.47,51.77,-7.0,1.14,13.78,72.34
CUVA,2014,3,29.64,58.97,-1.69,1.3,9.15,67.52
CUVA,2014,4,48.16,76.07,25.76,5.85,1.38,67.22
CUVA,2014,5,60.03,84.35,38.9,2.75,0.0,63.76
CUVA,2014,6,69.08,88.31,50.96,6.04,0.0,64.59
CUVA,2014,7,68.95,87.32,54.65,3.56,0.0,54.02
CUVA,2014,8,69.67,85.43,53.3,3.57,0.0,55.04
CUVA,2014,9,63.67,86.51,44.84,1.85,0.0,51.6
CUVA,2014,10,53.47,78.14,39.62,3.33,0.0,69.16
CUVA,2014,11,36.66,64.01,8.66,1.56,6.12,76.41
CUVA,2014,12,34.5,54.74,17.21,2.25,1.35,83.41
CUVA,2015,1,21.96,53.93,-4.39,1.63,12.46,75.83
CUVA,2015,2,13.95,47.09,-12.4,0.2,14.72,75.91
CUVA,2015,3,32.69,60.95,-4.84,1.94,6.72,66.54
CUVA,2015,4,49.09,76.07,28.1,3.26,0.83,65.13
CUVA,2015,5,63.79,84.98,40.61,3.35,0.0,63.23
CUVA,2015,6,67.84,84.71,47.45,7.69,0.0,77.41
CUVA,2015,7,71.01,89.84,54.11,2.26,0.0,57.86
CUVA,2015,8,70.53,86.33,56.9,1.85,0.0,51.89
CUVA,2015,9,68.29,87.95,51.32,2.75,0.0,48.85
CUVA,2015,10,53.5,74.27,34.4,2.75,0.0,64.33
CUVA,2015,11,47.47,73.46,26.39,2.07,0.25,58.86
CUVA,2015,12,43.2,63.92,25.67,3.93,0.55,76.35
CUVA,2016,1,26.99,57.44,4.97,1.02,4.63,76.41
CUVA,2016,2,31.27,63.47,-10.69,2.06,9.7,70.38
CUVA,2016,3,43.98,72.74,21.44,4.53,2.4,75.58
CUVA,2016,4,46.48,76.79,11.99,2.86,6.09,65.66
CUVA,2016,5,58.74,85.07,36.92,4.14,0.0,62.57
CUVA,2016,6,69.97,88.49,50.15,2.35,0.0,54.77
CUVA,2016,7,74.62,90.74,57.26,4.63,0.0,61.44
CUVA,2016,8,74.75,88.67,59.78,5.02,0.0,57.83
CUVA,2016,9,68.25,88.13,51.86,3.28,0.0,43.03
CUVA,2016,10,56.81,79.04,39.35,3.5,0.0,57.63
CUVA,2016,11,46.4,74.0,28.55,1.8,1.85,59.83
CUVA,2016,12,30.31,61.4,4.16,2.41,8.74,83.71
CUVA,2017,1,32.67,61.97,4.64,4.68,6.2,84.65
CUVA,2017,2,38.45,73.58,14.54,2.0,3.17,74.51
CUVA,2017,3,37.32,71.06,10.94,3.99,5.9,75.83
CUVA,2017,4,54.26,79.79,23.54,3.63,4.77,72.25
CUVA,2017,5,57.12,83.48,35.24,6.68,0.0,70.4
CUVA,2017,6,68.1,88.43,48.11,4.14,0.0,55.4
CUVA,2017,7,71.21,86.0,56.3,6.34,0.0,55.88
CUVA,2017,8,68.2,88.16,51.62,2.36,0.0,53.27
CUVA,2017,9,64.77,89.15,45.68,1.69,0.0,47.44
CUVA,2017,10,57.08,79.07,33.71,3.89,0.0,61.87
CUVA,2017,11,40.99,66.11,20.3,3.93,1.02,72.14
CUVA,2017,12,27.39,53.78,1.04,0.7,9.73,76.48
CUVA,2018,1,24.64,59.99,-2.38,1.54,10.11,73.12
CUVA,2018,2,34.71,71.33,4.73,3.31,10.06,83.89
CUVA,2018,3,32.23,56.12,15.08,2.72,11.02,64.58
CUVA,2018,4,41.77,75.56,22.64,4.61,3.97,70.39
CUVA,2018,5,64.54,88.07,43.16,3.75,0.0,67.52
CUVA,2018,6,68.32,89.96,48.11,6.2,0.0,68.77
CUVA,2018,7,71.73,90.86,56.12,6.47,0.0,55.32
CUVA,2018,8,72.25,88.16,55.85,6.0,0.0,61.73
CUVA,2018,9,67.27,89.51,47.84,6.15,0.0,65.51
CUVA,2018,10,53.38,84.02,34.7,3.58,0.0,71.13
CUVA,2018,11,36.14,57.92,18.14,4.14,10.61,87.58
CUVA,2018,12,34.19,61.07,12.74,2.61,2.7,76.5
CUVA,2019,1,25.6,57.92,-4.72,1.64,12.84,78.21
CUVA,2019,2,30.78,60.08,6.35,2.74,4.57,81.44
CUVA,2019,3,33.82,69.71,4.73,3.17,4.99,67.08
CUVA,2019,4,49.43,75.74,22.64,4.05,0.72,75.11
CUVA,2019,5,59.75,83.48,40.91,5.79,0.0,75.29
CUVA,2019,6,65.9,85.1,45.41,9.23,0.0,69.78
CUVA,2019,7,73.72,92.75,57.65,6.2,0.0,51.83
CUVA,2019,8,70.11,86.72,52.61,4.35,0.0,51.7
CUVA,2019,9,68.03,87.44,51.26,2.8,0.0,52.34
CUVA,2019,10,55.62,85.28,35.42,3.66,0.14,58.56
CUVA,2019,11,36.89,56.93,12.56,1.34,5.51,74.17
CUVA,2019,12,35.33,61.52,13.1,2.55,6.17,74.38
CUVA,2020,1,33.53,65.48,14.18,3.3,8.68,86.74
CUVA,2020,2,31.37,57.83,0.5,1.61,13.12,72.44
CUVA,2020,3,42.57,69.98,19.67,4.57,1.05,73.26
CUVA,2020,4,44.61,71.24,23.45,3.02,3.56,64.59
CUVA,2020,5,56.3,85.82,29.12,3.81,0.47,69.26
CUVA,2020,6,68.64,89.15,43.52,2.98,0.0,48.72
CUVA,2020,7,75.08,91.85,58.19,3.24,0.0,50.24
CUVA,2020,8,71.03,89.06,52.79,6.12,0.0,48.18
CUVA,2020,9,64.43,85.64,41.81,2.24,0.0,46.43
CUVA,2020,10,52.84,75.83,30.74,4.06,0.0,61.4
CUVA,2020,11,46.12,73.4,27.68,2.83,2.78,54.15
CUVA,2020,12,33.0,55.67,9.86,0.99,17.97,83.12
CUVA,2021,1,29.87,44.33,9.32,1.06,5.93,83.64
CUVA,2021,2,25.69,58.37,1.04,0.49,11.74,80.76
CUVA,2021,3,42.9,70.07,18.32,2.32,0.0,50.76
CUVA,2021,4,49.57,79.7,23.72,2.78,4.96,63.71
CUVA,2021,5,57.63,86.99,35.24,3.5,0.85,65.15
CUVA,2021,6,70.74,92.3,49.91,4.69,0.0,63.53
CUVA,2021,7,70.98,90.14,53.24,8.4,0.0,56.01
CUVA,2021,8,72.89,89.96,54.59,3.74,0.0,52.9
CUVA,2021,9,66.09,85.28,49.28,2.8,0.0,45.02
CUVA,2021,10,59.19,81.77,38.48,5.7,0.0,68.81
CUVA,2021,11,39.87,66.65,23.9,1.55,6.09,68.9
CUVA,2021,12,38.95,62.78,21.11,3.18,2.45,79.38
CUVA,2022,1,22.66,53.69,-6.52,0.74,15.32,76.45
CUVA,2022,2,28.99,59.0,0.68,3.39,12.87,78.78
CUVA,2022,3,40.34,70.25,12.11,3.17,6.86,73.54
CUVA,2022,4,46.49,80.33,25.97,3.26,6.17,73.02
CUVA,2022,5,61.76,86.36,39.56,5.67,0.0,70.84
CUVA,2022,6,69.07,90.77,49.55,5.11,0.0,47.68
CUVA,2022,7,72.91,93.47,55.58,6.02,0.0,55.42
CUVA,2022,8,71.09,91.4,55.4,3.8,0.0,49.78
CUVA,2022,9,64.15,87.8,41.9,4.43,0.0,61.57
CUVA,2022,10,51.55,72.59,34.43,2.17,1.05,59.81
CUVA,2022,11,43.56,72.59,18.95,2.71,1.19,61.41
CUVA,2022,12,31.84,58.01,-6.7,1.85,3.47,81.12
CUVA,2023,1,34.91,58.55,14.63,3.98,11.22,89.66
CUVA,2023,2,35.98,67.73,12.2,2.21,1.71,67.52
CUVA,2023,3,37.3,64.13,18.77,4.16,4.55,73.6
CUVA,2023,4,50.32,81.86,25.7,3.65,0.8,63.73
CUVA,2023,5,57.81,86.99,34.34,1.95,1.21,54.35
CUVA,2023,6,66.02,87.62,47.66,5.2,0.0,55.89
CUVA,2023,7,71.22,90.23,54.05,4.61,0.0,48.8
CUVA,2023,8,68.62,86.18,52.79,4.3,0.0,51.92
CUVA,2023,9,64.52,88.52,45.5,2.37,0.0,50.1
CUVA,2023,10,54.26,82.58,30.11,2.9,0.06,64.59
CUVA,2023,11,41.37,63.41,18.59,1.67,1.57,60.47
CUVA,2023,12,39.39,58.91,20.93,2.42,4.08,79.31
CUVA,2024,1,29.24,52.52,3.83,2.79,10.2,88.99
CUVA,2024,2,35.44,66.83,14.18,1.9,1.82,61.56
CUVA,2024,3,41.9,69.71,21.83,2.61,3.33,68.11
CUVA,2024,4,52.33,80.69,30.47,5.72,0.99,67.81
CUVA,2024,5,63.35,85.46,44.15,5.27,0.0,55.56
CUVA,2024,6,70.15,91.85,46.22,4.13,0.0,57.92
CUVA,2024,7,71.85,89.6,52.88,3.32,0.0,44.47
CUVA,2024,8,70.87,91.04,50.99,7.71,0.0,48.05
CUVA,2024,9,67.07,84.02,46.76,3.69,0.0,45.69
CUVA,2024,10,55.6,79.7,35.33,2.49,0.41,41.2
CUVA,2024,11,46.05,74.12,19.49,3.66,1.27,74.73
CUVA,2024,12,32.48,58.01,12.47,3.49,4.96,84.13
CUVA,2025,1,21.19,42.17,-12.01,0.69,10.14,78.56
CUVA,2025,2,27.56,54.05,3.65,2.42,6.92,84.42
CUVA,2025,3,42.86,72.5,18.05,3.15,2.01,64.13
CUVA,2025,4,49.6,78.8,24.71,4.91,0.69,71.36
CUVA,2025,5,56.99,82.31,40.55,7.27,0.0,66.25
CUVA,2025,6,71.4,92.3,41.54,5.46,0.0,58.29
CUVA,2025,7,74.58,91.76,55.13,5.43,0.0,51.28
CUVA,2025,8,69.81,90.23,48.65,2.14,0.0,42.16
CUVA,2025,9,65.43,84.47,46.85,1.95,0.0,31.77
CUVA,2025,10,54.65,83.66,35.15,4.11,0.0,37.67
CUVA,2025,11,40.58,62.6,22.82,1.5,5.24,71.16
CUVA,2025,12,27.98,60.98,8.87,2.18,13.34,83.56
DEVA,2006,1,36.98,55.26,19.17,1.06,0.0,35.61
DEVA,2006,2,41.06,58.05,17.64,0.39,0.06,34.31
DEVA,2006,3,36.71,59.31,16.65,0.65,0.41,49.82
DEVA,2006,4,48.26,72.09,27.54,0.38,0.0,32.33
DEVA,2006,5,63.53,81.9,39.24,0.04,0.0,28.57
DEVA,2006,6,72.96,90.9,49.5,0.01,0.0,24.03
DEVA,2006,7,78.29,93.06,61.11,0.19,0.0,28.24
DEVA,2006,8,73.05,87.84,57.42,0.0,0.0,5.41
DEVA,2006,9,65.23,83.79,41.58,0.0,0.0,11.4
DEVA,2006,10,52.31,72.27,34.65,0.27,0.0,18.65
DEVA,2006,11,46.29,70.65,20.07,0.0,0.0,33.07
DEVA,2006,12,37.55,57.24,15.75,0.4,1.98,30.6
DEVA,2007,1,34.15,56.88,6.21,0.2,0.14,17.73
DEVA,2007,2,40.14,60.75,19.44,0.32,0.0,37.38
DEVA,2007,3,49.38,71.91,19.08,0.23,0.0,29.2
DEVA,2007,4,53.05,79.65,26.55,0.33,0.0,36.5
DEVA,2007,5,62.34,79.11,35.28,0.0,0.0,13.44
DEVA,2007,6,71.66,89.01,40.86,0.0,0.0,16.17
DEVA,2007,7,78.28,96.3,61.92,0.09,0.0,19.87
DEVA,2007,8,75.2,88.92,57.6,0.36,0.0,14.41
DEVA,2007,9,63.79,87.93,38.07,0.35,0.0,12.89
DEVA,2007,10,53.48,74.25,31.5,0.13,0.0,15.26
DEVA,2007,11,47.76,63.9,27.27,0.02,0.0,31.09
DEVA,2007,12,34.03,63.27,15.48,0.66,0.03,31.54
DEVA,2008,1,33.2,50.76,17.55,1.38,0.63,38.05
DEVA,2008,2,39.27,60.39,19.53,0.69,0.61,35.56
DEVA,2008,3,45.35,66.51,23.94,0.11,0.0,23.99
DEVA,2008,4,51.36,74.16,32.13,0.03,0.0,12.41
DEVA,2008,5,57.02,86.94,33.93,0.15,0.0,25.36
DEVA,2008,6,70.8,87.48,42.3,0.0,0.0,5.84
DEVA,2008,7,77.27,92.97,61.74,0.06,0.0,13.83
DEVA,2008,8,76.79,90.45,59.67,0.02,0.0,11.28
DEVA,2008,9,67.97,85.68,50.67,0.05,0.0,7.83
DEVA,2008,10,56.14,76.32,25.83,0.0,0.0,15.79
DEVA,2008,11,47.12,66.33,29.52,0.67,0.0,26.25
DEVA,2008,12,35.54,58.68,15.3,0.18,2.98,40.23
DEVA,2009,1,41.04,57.87,11.61,0.04,0.0,18.73
DEVA,2009,2,37.14,55.53,17.37,1.6,0.91,44.95
DEVA,2009,3,44.11,67.68,22.68,0.0,0.0,25.59
DEVA,2009,4,49.75,74.52,26.01,0.13,0.0,25.13
DEVA,2009,5,66.04,82.8,44.1,0.01,0.0,28.86
DEVA,2009,6,64.34,87.66,42.57,0.1,0.0,34.95
DEVA,2009,7,78.52,93.33,60.12,0.05,0.0,28.44
DEVA,2009,8,73.2,89.37,51.03,0.0,0.0,16.01
DEVA,2009,9,69.72,85.14,43.02,0.0,0.0,8.57
DEVA,2009,10,51.21,74.34,24.66,0.5,0.0,20.18
DEVA,2009,11,45.69,69.21,26.01,0.02,0.0,22.08
DEVA,2009,12,34.17,51.57,17.1,0.52,0.19,43.05
DEVA,2010,1,36.76,53.46,18.72,1.53,1.79,51.59
DEVA,2010,2,37.39,52.65,22.68,1.36,0.66,53.45
DEVA,2010,3,42.47,65.7,20.7,0.31,0.33,38.66
DEVA,2010,4,46.7,68.58,25.2,0.45,0.33,31.13
DEVA,2010,5,53.54,76.77,29.34,0.02,0.0,21.72
DEVA,2010,6,70.3,89.64,50.31,0.0,0.0,16.41
DEVA,2010,7,78.02,92.79,59.49,0.06,0.0,10.71
DEVA,2010,8,73.18,89.91,48.33,0.0,0.0,8.32
DEVA,2010,9,68.55,87.12,46.26,0.0,0.0,5.84
DEVA,2010,10,53.66,75.33,30.69,0.5,0.0,38.85
DEVA,2010,11,41.52,68.76,17.37,0.35,0.0,25.77
DEVA,2010,12,39.77,58.5,14.67,3.89,0.0,60.94
DEVA,2011,1,38.25,59.4,18.45,0.11,0.94,28.18
DEVA,2011,2,35.81,55.8,16.2,0.44,0.77,24.11
DEVA,2011,3,44.03,72.09,24.03,0.6,0.36,41.97
DEVA,2011,4,49.87,76.41,21.06,0.1,0.28,24.47
DEVA,2011,5,54.31,76.23,33.39,0.51,0.0,26.0
DEVA,2011,6,66.71,91.17,38.61,0.0,0.0,13.58
DEVA,2011,7,73.39,90.9,54.27,0.96,0.0,17.44
DEVA,2011,8,75.46,90.0,57.69,0.11,0.0,10.93
DEVA,2011,9,68.5,83.97,49.59,0.15,0.0,19.06
DEVA,2011,10,56.45,76.95,32.49,0.22,0.0,17.33
DEVA,2011,11,41.16,61.29,22.14,0.39,0.0,35.2
DEVA,2011,12,35.61,57.87,20.34,0.05,0.14,20.06
DEVA,2012,1,41.15,57.96,22.59,0.16,0.06,39.33
DEVA,2012,2,38.68,61.2,21.78,0.13,0.06,33.88
DEVA,2012,3,45.1,67.23,18.27,0.36,0.0,35.47
DEVA,2012,4,52.45,79.74,26.01,0.48,0.0,30.39
DEVA,2012,5,62.85,84.06,33.12,0.05,0.0,10.06
DEVA,2012,6,70.72,87.3,45.99,0.0,0.0,2.15
DEVA,2012,7,74.69,94.32,55.26,0.07,0.0,21.46
DEVA,2012,8,76.85,92.34,55.62,0.15,0.0,22.64
DEVA,2012,9,69.35,84.33,51.57,0.05,0.0,20.4
DEVA,2012,10,56.69,81.45,33.66,0.41,0.0,16.04
DEVA,2012,11,46.14,66.06,20.61,0.18,0.0,23.72
DEVA,2012,12,35.39,55.53,18.54,0.34,0.47,40.94
DEVA,2013,1,35.09,54.45,6.57,0.58,0.41,24.33
DEVA,2013,2,37.05,54.72,18.72,0.14,0.55,22.8
DEVA,2013,3,49.35,71.73,24.21,0.13,0.0,38.32
DEVA,2013,4,53.98,78.66,27.81,0.0,0.0,18.03
DEVA,2013,5,60.46,82.17,35.73,0.1,0.0,20.52
DEVA,2013,6,73.66,96.66,54.45,0.0,0.0,11.91
DEVA,2013,7,76.9,94.77,60.3,0.62,0.0,32.06
DEVA,2013,8,72.35,87.21,54.27,0.22,0.0,17.43
DEVA,2013,9,65.72,84.87,36.36,0.15,0.0,18.31
DEVA,2013,10,51.2,71.19,26.91,0.04,0.0,13.08
DEVA,2013,11,43.3,62.1,26.55,0.74,1.3,37.55
DEVA,2013,12,36.9,57.15,14.4,0.2,0.55,22.41
DEVA,2014,1,43.04,58.41,25.92,0.06,0.03,35.6
DEVA,2014,2,43.54,67.05,18.81,0.76,0.0,40.08
DEVA,2014,3,46.62,66.6,29.34,0.04,0.0,37.3
DEVA,2014,4,53.13,74.7,27.0,0.11,0.0,35.48
DEVA,2014,5,61.01,84.78,34.65,0.2,0.0,29.07
DEVA,2014,6,71.79,91.17,50.22,0.0,0.0,11.11
DEVA,2014,7,77.39,92.7,61.11,0.03,0.0,36.97
DEVA,2014,8,71.94,88.74,56.07,0.15,0.0,15.55
DEVA,2014,9,68.16,85.77,42.12,0.08,0.0,9.99
DEVA,2014,10,59.34,77.13,40.59,0.0,0.0,20.54
DEVA,2014,11,46.82,67.32,28.53,0.05,0.0,24.99
DEVA,2014,12,36.72,56.97,14.22,1.26,0.06,52.69
DEVA,2015,1,41.24,58.32,19.44,0.2,0.0,39.75
DEVA,2015,2,47.1,65.52,24.57,0.19,0.0,31.84
DEVA,2015,3,51.33,70.92,24.84,0.01,0.0,36.22
DEVA,2015,4,51.42,73.17,27.99,0.06,0.0,21.98
DEVA,2015,5,56.61,82.89,30.33,0.24,0.0,46.33
DEVA,2015,6,73.44,93.51,51.21,0.03,0.0,27.22
DEVA,2015,7,71.95,86.4,52.65,0.13,0.0,26.8
DEVA,2015,8,75.87,90.36,58.68,0.08,0.0,22.49
DEVA,2015,9,69.31,85.59,47.88,0.0,0.0,20.18
DEVA,2015,10,55.73,75.96,38.7,2.33,0.0,34.55
DEVA,2015,11,39.15,67.95,18.0,0.32,0.41,18.13
DEVA,2015,12,34.3,64.62,16.92,0.3,0.17,36.25
DEVA,2016,1,36.39,59.94,18.0,1.26,0.0,53.58
DEVA,2016,2,45.08,63.81,19.44,0.15,0.0,27.4
DEVA,2016,3,47.48,69.12,27.9,0.15,0.0,45.06
DEVA,2016,4,51.74,72.45,32.94,0.61,0.0,42.52
DEVA,2016,5,57.51,78.66,37.62,0.08,0.0,29.52
DEVA,2016,6,75.17,92.88,49.05,0.16,0.0,23.42
DEVA,2016,7,78.1,94.41,59.58,0.07,0.0,8.07
DEVA,2016,8,75.0,90.36,58.41,0.11,0.0,10.74
DEVA,2016,9,65.38,83.52,40.68,0.0,0.0,6.6
DEVA,2016,10,56.21,76.41,37.98,0.24,0.0,31.93
DEVA,2016,11,45.82,67.59,23.85,0.21,0.17,21.09
DEVA,2016,12,36.6,58.68,17.64,1.03,0.0,46.33
DEVA,2017,1,34.7,49.35,19.47,0.83,9.12,41.24
DEVA,2017,2,40.29,60.51,21.0,2.08,2.07,49.08
DEVA,2017,3,51.57,69.42,22.53,0.27,0.0,38.25
DEVA,2017,4,54.95,71.76,32.43,0.05,0.0,34.15
DEVA,2017,5,62.8,81.66,34.05,0.68,0.0,24.56
DEVA,2017,6,76.57,94.98,43.59,0.0,0.0,8.26
DEVA,2017,7,81.03,94.44,63.48,1.39,0.0,26.35
DEVA,2017,8,77.1,91.02,63.39,1.32,0.0,25.24
DEVA,2017,9,65.51,88.32,41.79,1.36,0.0,20.52
DEVA,2017,10,60.42,73.2,39.0,0.02,0.0,11.35
DEVA,2017,11,51.8,66.18,34.05,0.01,0.0,36.47
DEVA,2017,12,46.64,58.71,22.71,0.0,0.03,32.43
DEVA,2018,1,45.49,58.8,27.84,1.04,0.28,53.91
DEVA,2018,2,41.72,62.22,18.3,0.0,1.57,24.78
DEVA,2018,3,43.13,65.91,24.42,1.11,1.6,45.86
DEVA,2018,4,57.2,75.81,31.71,0.02,0.39,33.52
DEVA,2018,5,62.24,82.74,38.19,0.89,0.63,36.21
DEVA,2018,6,75.44,90.57,54.03,0.0,0.0,6.06
DEVA,2018,7,80.98,93.63,64.92,1.09,0.0,35.01
DEVA,2018,8,79.1,92.1,63.57,0.49,0.0,19.2
DEVA,2018,9,72.94,86.52,56.64,0.01,0.0,9.35
DEVA,2018,10,56.67,73.83,36.3,1.56,0.0,16.46
DEVA,2018,11,48.42,66.09,32.25,0.23,0.0,29.72
DEVA,2018,12,38.42,52.77,20.19,0.3,1.32,38.2
DEVA,2019,1,38.93,54.21,16.23,0.41,2.76,46.34
DEVA,2019,2,31.59,56.55,17.58,1.1,4.22,40.37
DEVA,2019,3,42.29,59.34,25.59,2.03,3.06,40.99
DEVA,2019,4,55.93,76.53,35.58,0.41,0.0,39.09
DEVA,2019,5,54.1,71.94,35.31,2.72,0.14,38.64
DEVA,2019,6,71.93,87.15,52.77,0.18,0.0,27.21
DEVA,2019,7,77.77,90.93,63.21,0.02,0.0,19.07
DEVA,2019,8,79.05,89.85,61.5,0.0,0.0,16.42
DEVA,2019,9,67.95,87.42,39.63,0.13,0.0,16.92
DEVA,2019,10,55.39,72.57,21.81,0.0,0.0,8.88
DEVA,2019,11,49.57,63.21,17.4,0.13,4.22,27.02
DEVA,2019,12,35.71,49.8,17.67,0.85,7.94,53.51
DEVA,2020,1,40.39,54.3,24.78,0.02,0.03,34.68
DEVA,2020,2,44.28,58.26,16.95,0.21,0.17,22.55
DEVA,2020,3,40.28,60.51,25.05,1.52,5.46,45.99
DEVA,2020,4,52.06,81.21,29.37,1.69,0.91,39.36
DEVA,2020,5,65.21,87.87,40.71,0.22,0.03,23.73
DEVA,2020,6,71.65,89.85,39.09,0.01,0.0,21.82
DEVA,2020,7,79.53,93.9,62.58,0.01,0.0,5.52
DEVA,2020,8,81.05,94.62,64.2,0.01,0.0,16.82
DEVA,2020,9,74.84,93.18,52.59,0.0,0.0,6.49
DEVA,2020,10,66.34,81.75,25.5,0.0,0.0,8.64
DEVA,2020,11,47.97,67.89,25.32,0.01,0.96,21.82
DEVA,2020,12,41.27,55.38,24.87,0.02,1.52,29.22
DEVA,2021,1,39.75,60.24,23.7,0.04,3.83,42.42
DEVA,2021,2,41.66,56.1,22.62,0.07,0.0,21.74
DEVA,2021,3,43.05,65.46,23.97,0.02,2.29,28.71
DEVA,2021,4,57.13,79.32,36.39,0.5,0.0,23.89
DEVA,2021,5,63.81,81.57,36.84,0.23,1.38,16.53
DEVA,2021,6,78.06,94.17,49.08,0.03,0.0,24.47
DEVA,2021,7,80.91,98.22,62.04,0.89,0.0,36.12
DEVA,2021,8,79.32,92.37,60.96,0.0,0.0,5.61
DEVA,2021,9,72.51,90.12,48.72,0.09,0.0,7.92
DEVA,2021,10,54.91,72.75,31.8,0.2,0.06,31.29
DEVA,2021,11,55.04,65.1,34.77,0.0,0.0,28.19
DEVA,2021,12,38.11,61.32,18.39,0.77,7.41,47.89
DEVA,2022,1,42.24,52.86,21.72,0.03,0.06,35.35
DEVA,2022,2,42.61,61.68,18.03,0.0,1.21,15.69
DEVA,2022,3,49.54,72.39,27.39,0.2,0.33,36.62
DEVA,2022,4,55.74,73.56,25.68,0.02,0.08,29.96
DEVA,2022,5,62.87,84.72,34.23,0.01,0.0,26.32
DEVA,2022,6,73.53,89.94,49.35,0.48,0.0,18.85
DEVA,2022,7,79.35,92.46,60.06,0.88,0.0,27.91
DEVA,2022,8,76.6,90.3,60.6,3.91,0.0,34.45
DEVA,2022,9,72.03,94.26,51.33,1.03,0.0,13.25
DEVA,2022,10,61.6,75.0,33.06,0.36,0.0,13.65
DEVA,2022,11,41.37,57.9,27.48,0.37,1.19,36.0
DEVA,2022,12,38.53,55.92,23.34,0.91,0.19,50.68
DEVA,2023,1,33.99,44.04,20.55,1.94,3.53,45.37
DEVA,2023,2,35.78,52.59,15.69,0.29,14.0,44.22
DEVA,2023,3,35.16,52.86,18.66,1.19,4.13,54.28
DEVA,2023,4,54.14,77.79,19.56,0.02,0.63,27.02
DEVA,2023,5,61.51,81.21,35.49,0.5,0.0,30.45
DEVA,2023,6,65.74,85.62,46.56,1.94,0.0,27.17
DEVA,2023,7,82.8,98.04,65.28,0.01,0.0,15.08
DEVA,2023,8,73.58,87.24,54.57,5.15,0.0,24.28
DEVA,2023,9,67.26,80.85,45.39,0.26,0.0,14.43
DEVA,2023,10,59.62,75.36,31.08,0.09,0.0,11.91
DEVA,2023,11,47.33,63.75,28.02,0.18,0.03,26.25
DEVA,2023,12,44.47,56.37,31.44,0.41,0.11,52.7
DEVA,2024,1,40.15,56.1,21.99,0.86,1.52,54.22
DEVA,2024,2,37.87,52.95,21.72,1.49,13.42,55.89
DEVA,2024,3,42.02,58.26,27.48,0.9,9.78,37.93
DEVA,2024,4,53.14,75.18,26.31,0.43,4.13,17.57
DEVA,2024,5,63.21,81.66,36.12,0.07,0.44,10.64
DEVA,2024,6,77.82,91.56,51.78,0.0,0.0,9.87
DEVA,2024,7,84.26,99.12,65.64,0.41,0.0,17.65
DEVA,2024,8,78.35,92.28,54.48,0.01,0.0,9.9
DEVA,2024,9,73.7,89.04,47.55,0.02,0.0,8.66
DEVA,2024,10,65.26,84.99,36.21,0.05,0.0,20.82
DEVA,2024,11,43.39,58.17,28.56,0.46,0.74,29.96
DEVA,2024,12,45.1,56.55,30.81,0.22,0.36,45.77
DEVA,2025,1,38.96,53.76,24.6,0.08,0.96,23.95
DEVA,2025,2,45.41,62.94,26.94,0.78,0.06,38.56
DEVA,2025,3,45.95,72.12,24.96,0.35,4.19,41.31
DEVA,2025,4,54.29,76.26,30.0,0.19,0.14,32.62
DEVA,2025,5,63.67,88.05,41.79,1.61,0.0,25.54
DEVA,2025,6,75.08,90.57,49.26,0.07,0.0,10.42
DEVA,2025,7,76.94,94.53,60.87,0.26,0.0,6.98
DEVA,2025,8,77.52,93.27,59.88,0.69,0.0,23.66
DEVA,2025,9,67.86,86.79,53.13,0.87,0.0,19.54
DEVA,2025,10,57.42,72.21,35.49,0.82,0.0,11.54
DEVA,2025,11,49.97,67.98,32.43,4.07,0.47,43.12
DEVA,2025,12,46.66,60.78,31.62,1.83,0.0,39.12
DENA,2006,1,-6.89,15.32,-31.84,0.0,5.13,56.2
DENA,2006,2,11.73,35.57,-28.06,0.06,20.59,80.75
DENA,2006,3,8.07,28.01,-19.33,0.0,11.71,54.35
DENA,2006,4,21.48,32.69,0.92,0.02,30.89,80.97
DENA,2006,5,35.98,56.09,20.27,1.04,17.22,64.74
DENA,2006,6,45.27,57.17,23.51,5.26,13.64,82.52
DENA,2006,7,50.59,63.02,39.62,6.23,15.68,79.17
DENA,2006,8,44.37,55.19,29.18,6.52,34.15,92.2
DENA,2006,9,40.45,53.48,16.4,3.04,23.45,76.99
DENA,2006,10,25.59,47.09,2.09,1.48,45.0,84.85
DENA,2006,11,-5.45,17.84,-24.01,0.0,2.65,35.72
DENA,2006,12,4.99,24.95,-18.52,0.0,17.67,78.32
DENA,2007,1,2.61,34.94,-29.5,0.0,16.34,78.77
DENA,2007,2,2.33,29.63,-28.06,0.0,2.98,37.56
DENA,2007,3,-6.68,28.82,-24.19,0.0,3.28,39.33
DENA,2007,4,28.86,41.51,10.01,0.21,20.81,70.16
DENA,2007,5,37.23,56.99,23.69,1.41,19.68,76.85
DENA,2007,6,48.34,62.12,33.5,3.78,10.2,78.3
DENA,2007,7,51.61,62.39,39.17,6.45,7.94,87.28
DENA,2007,8,49.55,64.46,38.36,6.99,15.93,77.14
DENA,2007,9,38.4,52.94,17.3,3.8,30.31,87.48
DENA,2007,10,18.26,32.24,-1.6,0.02,25.6,81.67
DENA,2007,11,16.86,29.36,-1.96,0.02,27.97,83.62
DENA,2007,12,3.93,28.01,-29.41,0.0,18.74,79.49
DENA,2008,1,-0.27,31.52,-27.52,0.0,15.41,78.18
DENA,2008,2,0.68,31.97,-26.35,0.02,12.21,51.55
DENA,2008,3,14.53,33.14,-17.8,0.01,16.07,78.01
DENA,2008,4,21.5,45.02,0.83,0.0,35.5,85.95
DENA,2008,5,34.25,47.36,20.36,0.7,13.89,71.66
DENA,2008,6,43.92,56.54,27.83,4.51,14.55,83.68
DENA,2008,7,47.82,64.64,32.69,6.06,17.53,89.58
DENA,2008,8,45.06,56.0,34.49,3.55,12.81,85.07
DENA,2008,9,36.74,54.02,6.14,4.22,26.04,86.1
DENA,2008,10,12.13,32.33,-9.61,0.0,22.79,64.39
DENA,2008,11,3.95,20.36,-18.7,0.0,11.93,66.01
DENA,2008,12,2.9,23.33,-26.44,0.0,9.18,59.46
DENA,2009,1,-2.37,34.49,-34.9,0.09,23.37,56.47
DENA,2009,2,5.27,26.93,-30.58,0.01,17.61,74.96
DENA,2009,3,6.56,29.45,-23.74,0.0,18.8,79.1
DENA,2009,4,23.76,51.32,-0.07,0.0,16.92,72.32
DENA,2009,5,36.97,58.07,19.91,1.22,21.77,57.82
DENA,2009,6,46.48,59.24,35.12,4.11,9.43,84.73
DENA,2009,7,54.68,69.59,40.07,5.3,2.45,76.42
DENA,2009,8,45.66,66.62,31.25,6.17,21.94,82.08
DENA,2009,9,37.76,56.18,9.47,2.51,23.73,79.95
DENA,2009,10,27.11,44.57,-1.24,0.76,11.49,71.56
DENA,2009,11,3.4,26.57,-21.67,0.0,13.26,61.26
DENA,2009,12,11.55,33.23,-26.53,0.0,23.54,64.06
DENA,2010,1,2.71,25.22,-17.98,0.0,5.15,51.66
DENA,2010,2,10.6,34.49,-21.31,0.06,13.5,64.28
DENA,2010,3,9.98,29.18,-15.19,0.0,12.02,60.56
DENA,2010,4,25.52,45.65,6.41,0.1,27.7,76.56
DENA,2010,5,38.2,60.86,22.97,1.16,12.84,66.59
DENA,2010,6,46.78,58.79,32.06,5.5,14.91,83.49
DENA,2010,7,49.22,64.91,36.83,7.5,20.5,86.55
DENA,2010,8,47.66,67.25,33.5,7.74,18.33,85.07
DENA,2010,9,39.07,55.46,17.39,1.92,8.87,49.22
DENA,2010,10,23.12,45.47,2.72,0.48,17.28,72.37
DENA,2010,11,12.75,36.02,-14.56,0.44,26.48,79.94
DENA,2010,12,-5.13,19.1,-21.04,0.0,10.09,47.3
DENA,2011,1,4.62,26.66,-23.65,0.01,9.26,50.75
DENA,2011,2,3.47,27.02,-22.03,0.0,20.42,60.13
DENA,2011,3,9.05,26.84,-13.57,0.0,10.67,35.57
DENA,2011,4,23.28,38.54,-0.52,0.21,25.63,66.92
DENA,2011,5,35.98,62.57,19.01,0.81,7.96,51.67
DENA,2011,6,46.08,59.33,31.79,5.43,10.83,84.61
DENA,2011,7,48.39,60.95,36.74,6.07,20.67,85.6
DENA,2011,8,44.51,55.73,33.5,7.88,30.01,89.53
DENA,2011,9,38.78,55.19,24.86,3.12,16.62,86.42
DENA,2011,10,22.99,37.64,-4.66,0.29,28.77,81.62
DENA,2011,11,-3.33,20.72,-26.53,0.0,11.49,60.22
DENA,2011,12,7.21,31.88,-31.75,0.06,32.33,80.2
DENA,2012,1,-16.56,17.39,-38.05,0.0,10.64,52.35
DENA,2012,2,12.5,28.1,-12.49,0.01,22.21,80.24
DENA,2012,3,4.51,33.05,-13.93,0.0,6.34,66.96
DENA,2012,4,27.52,41.96,5.6,0.19,15.19,57.8
DENA,2012,5,33.62,48.53,11.36,1.03,18.41,76.88
DENA,2012,6,47.18,63.38,32.06,4.85,15.02,76.24
DENA,2012,7,48.21,57.8,34.67,7.52,13.39,86.18
DENA,2012,8,46.87,62.03,33.68,7.36,23.43,83.4
DENA,2012,9,35.49,49.34,12.89,4.69,60.02,87.08
DENA,2012,10,17.81,44.66,-2.95,1.06,16.7,61.94
DENA,2012,11,1.02,27.2,-16.18,0.0,3.11,33.98
DENA,2012,12,-1.8,28.91,-23.47,0.01,12.1,49.62
DENA,2013,1,8.02,31.52,-30.94,0.01,24.78,74.71
DENA,2013,2,8.75,25.22,-19.78,0.0,17.0,84.42
DENA,2013,3,9.67,29.9,-17.26,0.0,11.91,64.11
DENA,2013,4,12.75,34.31,-7.81,0.0,13.15,58.19
DENA,2013,5,31.19,61.4,10.73,0.14,17.58,54.59
DENA,2013,6,52.21,73.19,33.14,2.9,3.28,60.97
DENA,2013,7,51.19,67.88,38.54,6.02,9.43,81.92
DENA,2013,8,47.72,64.28,30.62,8.5,21.28,84.81
DENA,2013,9,34.78,52.67,15.95,4.58,35.8,89.49
DENA,2013,10,29.41,38.72,9.83,1.12,58.67,84.11
DENA,2013,11,9.65,42.95,-20.59,0.09,25.66,84.34
DENA,2013,12,3.23,32.78,-21.85,0.0,9.62,59.68
DENA,2014,1,18.3,38.63,-13.93,0.23,28.99,74.61
DENA,2014,2,3.17,40.07,-21.04,0.02,3.53,49.4
DENA,2014,3,11.85,33.23,-11.41,0.0,8.9,34.04
DENA,2014,4,24.51,44.48,-4.66,0.04,12.18,51.52
DENA,2014,5,37.29,53.21,21.89,1.96,17.64,68.21
DENA,2014,6,43.83,59.96,24.68,5.77,30.07,83.63
DENA,2014,7,49.53,65.63,34.85,6.35,18.71,85.06
DENA,2014,8,48.0,60.23,30.71,6.03,19.46,85.34
DENA,2014,9,37.73,56.27,20.27,4.86,24.89,75.84
DENA,2014,10,15.85,34.58,-6.73,0.0,10.44,64.94
DENA,2014,11,16.61,35.66,-1.96,0.07,9.89,66.01
DENA,2014,12,14.94,29.72,1.19,0.09,25.44,82.31
DENA,2015,1,5.93,30.8,-27.79,0.09,10.31,49.45
DENA,2015,2,10.98,34.58,-25.81,0.33,15.68,55.2
DENA,2015,3,14.19,36.2,-23.92,0.04,14.8,55.54
DENA,2015,4,26.99,40.97,10.82,0.1,23.07,82.12
DENA,2015,5,40.87,59.87,22.88,2.16,5.54,62.98
DENA,2015,6,49.91,68.15,29.72,4.73,15.85,72.17
DENA,2015,7,51.14,69.41,39.44,5.97,15.85,86.34
DENA,2015,8,45.59,65.54,25.76,4.86,21.88,88.59
DENA,2015,9,33.33,51.14,5.51,2.61,47.57,86.14
DENA,2015,10,27.21,41.33,6.14,0.59,22.46,84.54
DENA,2015,11,11.14,29.99,-26.89,0.01,37.81,77.17
DENA,2015,12,7.25,31.97,-7.99,0.04,13.61,67.12
DENA,2016,1,13.87,29.54,-4.3,0.07,12.95,66.05
DENA,2016,2,15.25,32.6,-4.39,0.03,9.29,59.72
DENA,2016,3,17.65,41.33,-5.47,0.02,26.98,64.57
DENA,2016,4,31.83,44.66,22.34,0.36,13.67,69.98
DENA,2016,5,38.92,56.81,24.14,2.02,14.36,70.95
DENA,2016,6,48.28,67.97,33.5,5.67,23.23,82.95
DENA,2016,7,51.31,67.34,41.96,8.81,16.7,90.37
DENA,2016,8,49.72,59.69,36.92,8.78,17.75,81.08
DENA,2016,9,38.96,56.27,17.93,3.87,39.38,78.08
DENA,2016,10,24.47,45.74,3.08,0.62,9.07,51.13
DENA,2016,11,7.22,34.13,-30.58,0.04,9.04,59.46
DENA,2016,12,3.62,36.2,-19.42,0.0,17.22,63.74
DENA,2017,1,10.06,39.62,-25.45,0.02,10.33,58.52
DENA,2017,2,13.76,41.69,-19.6,0.01,18.13,63.06
DENA,2017,3,3.66,33.05,-15.19,0.01,4.35,37.35
DENA,2017,4,30.98,44.84,18.2,0.34,18.71,61.41
DENA,2017,5,37.25,53.03,25.31,2.85,23.31,67.27
DENA,2017,6,50.16,62.03,36.2,8.33,0.0,71.89
DENA,2017,7,54.75,69.05,45.29,9.31,0.0,83.43
DENA,2017,8,47.76,66.8,36.11,13.78,1.1,89.37
DENA,2017,9,40.02,53.57,26.75,6.1,9.18,86.5
DENA,2017,10,27.17,47.9,4.52,0.88,35.91,81.69
DENA,2017,11,17.1,49.16,-7.54,0.01,33.24,70.76
DENA,2017,12,21.9,37.55,1.46,0.22,28.8,73.61
DENA,2018,1,9.84,34.67,-27.43,0.0,10.28,49.78
DENA,2018,2,18.48,40.97,-4.93,0.01,18.38,66.63
DENA,2018,3,18.8,32.15,1.1,0.02,20.56,67.04
DENA,2018,4,27.49,42.68,-0.79,0.13,15.52,54.97
DENA,2018,5,35.64,50.78,19.82,3.32,29.1,79.35
DENA,2018,6,46.32,61.13,32.15,9.03,3.58,77.55
DENA,2018,7,53.85,68.42,39.26,10.53,0.08,77.19
DENA,2018,8,47.26,63.38,36.47,15.08,0.11,88.71
DENA,2018,9,44.21,59.87,32.78,3.3,1.07,70.22
DENA,2018,10,32.77,57.17,0.2,2.54,39.0,74.14
DENA,2018,11,23.38,38.54,2.72,0.02,10.97,64.65
DENA,2018,12,13.89,30.89,-5.65,0.03,14.3,77.43
DENA,2019,1,12.25,36.02,-30.4,0.0,8.82,57.04
DENA,2019,2,19.82,40.52,-6.37,0.02,12.9,62.81
DENA,2019,3,28.12,45.11,13.79,0.06,21.88,79.37
DENA,2019,4,27.0,48.62,6.86,0.0,16.43,58.21
DENA,2019,5,38.74,55.46,21.71,4.48,30.09,78.93
DENA,2019,6,52.79,73.46,37.82,5.24,0.0,70.18
DENA,2019,7,57.07,76.16,45.38,6.94,0.0,76.61
DENA,2019,8,49.98,67.52,33.41,10.91,0.0,82.57
DENA,2019,9,41.57,60.5,24.23,6.89,7.85,85.45
DENA,2019,10,28.6,45.56,10.1,1.6,44.15,80.25
DENA,2019,11,21.99,43.31,0.92,0.01,33.98,74.92
DENA,2019,12,10.16,39.44,-24.91,0.18,14.14,61.44
DENA,2020,1,-1.92,19.1,-26.89,0.0,8.68,57.95
DENA,2020,2,7.97,27.56,-24.55,0.02,17.25,65.79
DENA,2020,3,14.23,38.81,-16.27,0.03,23.26,74.55
DENA,2020,4,28.16,44.21,-1.06,0.54,16.07,66.74
DENA,2020,5,41.55,61.31,23.24,5.15,1.9,66.29
DENA,2020,6,48.01,61.04,38.36,7.28,0.0,82.98
DENA,2020,7,50.82,62.84,41.87,10.19,0.0,86.13
DENA,2020,8,49.69,62.39,38.63,10.5,0.0,75.62
DENA,2020,9,39.74,56.0,24.14,6.22,8.13,82.9
DENA,2020,10,28.17,48.26,-0.79,1.34,12.02,72.96
DENA,2020,11,16.43,33.86,-12.85,0.02,21.11,62.79
DENA,2020,12,13.27,33.05,-7.09,0.01,24.8,71.75
DENA,2021,1,17.03,34.13,-9.07,0.01,4.52,64.07
DENA,2021,2,9.43,29.99,-19.24,0.01,11.49,67.17
DENA,2021,3,11.5,37.73,-16.18,0.01,16.09,71.97
DENA,2021,4,26.2,54.38,-11.5,0.01,21.28,58.54
DENA,2021,5,38.49,56.81,19.1,1.71,9.87,74.41
DENA,2021,6,48.74,64.01,36.2,10.88,0.0,81.15
DENA,2021,7,52.74,67.97,37.73,11.52,0.08,81.29
DENA,2021,8,47.05,71.3,27.38,10.42,6.04,87.95
DENA,2021,9,35.43,58.52,18.47,5.19,13.89,73.29
DENA,2021,10,25.66,40.79,8.57,0.71,40.32,87.89
DENA,2021,11,1.19,34.58,-25.63,0.01,26.24,65.64
DENA,2021,12,11.3,50.42,-23.29,1.34,35.94,84.17
DENA,2022,1,8.48,34.04,-26.08,0.0,7.8,57.72
DENA,2022,2,15.29,40.34,-15.82,0.01,21.08,90.69
DENA,2022,3,18.59,37.82,-7.27,0.01,8.35,62.79
DENA,2022,4,27.21,43.58,-1.33,0.02,8.19,58.49
DENA,2022,5,37.76,60.14,22.61,0.26,20.26,73.94
DENA,2022,6,52.5,69.86,36.83,3.19,0.0,69.56
DENA,2022,7,51.85,69.23,37.82,13.52,0.85,80.93
DENA,2022,8,47.9,61.85,32.87,17.93,1.76,85.77
DENA,2022,9,38.77,51.05,25.31,9.02,21.74,86.35
DENA,2022,10,24.63,51.77,0.2,0.39,28.41,78.17
DENA,2022,11,19.24,47.9,-5.38,0.01,30.31,74.43
DENA,2022,12,13.86,42.95,-17.08,0.02,17.03,60.26
DENA,2023,1,17.6,39.35,-10.33,0.0,13.06,78.25
DENA,2023,2,10.16,37.55,-14.2,0.09,13.2,76.5
DENA,2023,3,15.52,47.54,-13.39,0.02,15.43,75.02
DENA,2023,4,16.63,40.16,-11.41,0.0,14.03,74.66
DENA,2023,5,37.56,59.15,21.98,2.84,19.68,86.18
DENA,2023,6,46.57,61.67,29.09,10.59,5.7,92.8
DENA,2023,7,55.12,73.1,38.27,8.18,0.11,81.12
DENA,2023,8,52.64,68.24,38.63,8.59,0.0,89.54
DENA,2023,9,36.92,52.31,22.25,5.25,18.91,88.37
DENA,2023,10,27.01,46.1,3.44,0.04,13.23,79.98
DENA,2023,11,18.46,42.14,-9.52,0.04,19.07,81.84
DENA,2023,12,7.8,29.09,-13.84,0.01,16.48,70.16
DENA,2024,1,8.35,35.84,-34.81,0.0,11.05,54.14
DENA,2024,2,15.38,39.08,-27.16,0.13,20.23,72.28
DENA,2024,3,16.92,41.51,-23.47,0.03,16.2,79.98
DENA,2024,4,27.61,44.75,-3.31,0.01,14.85,72.54
DENA,2024,5,37.94,55.91,24.23,1.7,13.48,86.29
DENA,2024,6,53.95,70.04,38.18,4.13,0.19,68.2
DENA,2024,7,51.8,74.81,38.18,10.93,0.28,78.97
DENA,2024,8,47.88,69.68,33.32,9.91,0.0,86.29
DENA,2024,9,39.54,55.46,25.76,4.52,14.36,82.74
DENA,2024,10,25.21,44.39,4.16,0.54,24.89,73.03
DENA,2024,11,13.36,34.31,-16.27,0.0,6.83,70.06
DENA,2024,12,18.31,39.26,-19.15,0.03,9.37,71.53
DENA,2025,1,15.28,38.27,-26.53,0.26,26.1,76.03
DENA,2025,2,17.82,33.68,-10.42,0.04,1.07,53.5
DENA,2025,3,17.51,37.19,-6.73,0.02,8.79,70.19
DENA,2025,4,26.62,37.91,-0.43,0.06,30.37,87.99
DENA,2025,5,36.76,49.07,26.39,3.23,18.8,80.22
DENA,2025,6,49.8,70.13,28.73,3.74,3.72,70.87
DENA,2025,7,53.71,70.13,42.32,5.72,0.0,81.86
DENA,2025,8,50.15,66.71,30.71,7.97,3.69,82.13
DENA,2025,9,38.44,61.04,22.25,6.37,12.81,88.97
DENA,2025,10,29.53,50.42,11.27,1.59,18.27,90.58
DENA,2025,11,14.68,33.23,-0.79,0.0,13.01,65.24
DENA,2025,12,-2.98,29.72,-26.44,0.0,9.89,44.51
DRTO,2006,1,69.59,75.09,60.51,0.25,0.0,43.35
DRTO,2006,2,67.91,74.64,55.38,2.61,0.0,35.92
DRTO,2006,3,71.15,76.62,62.22,0.07,0.0,27.13
DRTO,2006,4,74.66,79.68,68.79,0.47,0.0,24.21
DRTO,2006,5,77.67,81.12,73.2,2.15,0.0,38.25
DRTO,2006,6,80.5,83.55,76.71,1.84,0.0,37.93
DRTO,2006,7,81.87,84.45,77.34,3.03,0.0,62.82
DRTO,2006,8,82.7,85.17,77.97,3.33,0.0,49.76
DRTO,2006,9,82.62,85.35,78.78,1.74,0.0,44.45
DRTO,2006,10,80.5,85.53,70.59,1.45,0.0,51.7
DRTO,2006,11,74.34,80.85,61.32,2.43,0.0,53.16
DRTO,2006,12,73.46,77.61,65.55,4.38,0.0,57.8
DRTO,2007,1,72.4,76.8,61.77,0.3,0.0,38.96
DRTO,2007,2,69.77,77.61,58.26,2.43,0.0,54.27
DRTO,2007,3,71.92,76.35,63.3,0.3,0.0,30.85
DRTO,2007,4,73.21,77.79,64.11,2.17,0.0,32.9
DRTO,2007,5,77.37,79.68,71.58,0.6,0.0,22.1
DRTO,2007,6,80.45,84.45,75.81,4.79,0.0,48.81
DRTO,2007,7,83.12,86.25,78.6,1.82,0.0,58.66
DRTO,2007,8,83.51,86.25,78.78,2.62,0.0,49.49
DRTO,2007,9,81.65,85.26,76.98,4.37,0.0,58.69
DRTO,2007,10,80.42,83.64,74.91,6.53,0.0,59.36
DRTO,2007,11,75.2,81.3,65.1,0.2,0.0,30.26
DRTO,2007,12,74.2,78.78,62.13,1.1,0.0,27.53
DRTO,2008,1,70.35,76.8,51.42,1.31,0.0,45.47
DRTO,2008,2,72.66,77.34,58.98,0.68,0.0,38.13
DRTO,2008,3,72.09,78.42,61.05,1.26,0.0,38.26
DRTO,2008,4,74.45,77.88,63.93,0.91,0.0,25.93
DRTO,2008,5,78.75,82.92,73.38,0.24,0.0,18.03
DRTO,2008,6,81.24,84.54,75.81,2.39,0.0,52.06
DRTO,2008,7,81.97,84.27,76.98,1.92,0.0,67.35
DRTO,2008,8,83.33,85.71,78.96,4.21,0.0,58.29
DRTO,2008,9,81.64,85.44,76.53,5.85,0.0,58.42
DRTO,2008,10,78.31,82.92,65.64,5.16,0.0,58.35
DRTO,2008,11,72.38,79.41,61.32,0.23,0.0,25.63
DRTO,2008,12,71.46,75.63,62.31,1.1,0.0,28.07
DRTO,2009,1,68.56,75.09,56.82,0.47,0.0,37.64
DRTO,2009,2,67.1,72.39,51.42,0.27,0.0,19.74
DRTO,2009,3,70.81,78.33,59.07,0.22,0.0,31.64
DRTO,2009,4,74.76,79.59,64.56,0.56,0.0,28.81
DRTO,2009,5,77.85,81.48,72.21,4.17,0.0,35.63
DRTO,2009,6,81.16,84.45,74.91,2.67,0.0,53.76
DRTO,2009,7,83.59,86.43,79.32,0.65,0.0,51.62
DRTO,2009,8,83.41,85.71,78.06,2.35,0.0,47.97
DRTO,2009,9,82.48,85.8,78.06,4.15,0.0,61.24
DRTO,2009,10,81.32,85.17,68.79,0.45,0.0,33.28
DRTO,2009,11,75.96,81.48,66.36,2.13,0.0,58.14
DRTO,2009,12,73.19,79.59,60.96,1.51,0.0,50.24
DRTO,2010,1,66.29,75.99,51.06,1.32,0.0,58.01
DRTO,2010,2,65.66,75.99,56.91,5.61,0.0,66.3
DRTO,2010,3,66.76,74.37,57.0,1.47,0.0,46.52
DRTO,2010,4,72.98,77.88,64.11,1.28,0.0,42.97
DRTO,2010,5,79.3,82.11,76.53,0.22,0.0,26.7
DRTO,2010,6,83.63,85.53,77.79,1.17,0.0,42.63
DRTO,2010,7,82.88,85.26,79.32,3.04,0.0,61.41
DRTO,2010,8,83.53,86.16,78.69,5.61,0.0,74.97
DRTO,2010,9,82.52,85.44,78.78,4.09,0.0,60.72
DRTO,2010,10,78.89,81.75,75.36,3.25,0.0,31.49
DRTO,2010,11,74.65,80.13,63.84,1.45,0.0,30.54
DRTO,2010,12,65.84,77.52,55.83,1.24,0.0,43.69
DRTO,2011,1,67.07,73.11,55.47,1.76,0.0,43.62
DRTO,2011,2,68.57,74.37,59.79,0.26,0.0,22.28
DRTO,2011,3,72.08,79.77,62.94,0.37,0.0,18.57
DRTO,2011,4,77.17,80.49,71.31,0.3,0.0,16.87
DRTO,2011,5,79.05,81.84,74.37,0.35,0.0,20.83
DRTO,2011,6,81.38,84.72,75.54,1.58,0.0,49.17
DRTO,2011,7,83.0,85.8,77.7,4.16,0.0,62.85
DRTO,2011,8,83.34,86.7,79.05,4.56,0.0,72.8
DRTO,2011,9,82.36,85.53,77.79,3.87,0.0,52.47
DRTO,2011,10,78.47,83.46,70.95,9.96,0.0,66.77
DRTO,2011,11,74.78,78.33,68.16,0.63,0.0,23.38
DRTO,2011,12,72.23,75.72,62.22,0.14,0.0,29.42
DRTO,2012,1,69.77,75.09,56.28,0.71,0.0,40.48
DRTO,2012,2,72.31,76.44,58.08,1.9,0.0,57.55
DRTO,2012,3,74.36,78.06,64.92,0.22,0.0,24.4
DRTO,2012,4,75.24,78.33,68.16,2.82,0.0,33.73
DRTO,2012,5,78.47,82.56,73.47,3.54,0.0,42.94
DRTO,2012,6,81.0,83.73,77.52,10.47,0.0,70.5
DRTO,2012,7,81.99,84.54,77.34,2.2,0.0,44.91
DRTO,2012,8,83.18,85.8,77.79,5.28,0.0,55.12
DRTO,2012,9,80.99,84.18,76.8,6.2,0.0,59.47
DRTO,2012,10,79.08,83.01,70.86,2.8,0.0,49.4
DRTO,2012,11,72.65,77.97,66.99,0.24,0.0,40.99
DRTO,2012,12,72.89,78.33,61.14,0.85,0.0,40.65
DRTO,2013,1,72.89,76.44,62.04,0.45,0.0,39.1
DRTO,2013,2,71.5,77.25,56.82,1.38,0.0,34.93
DRTO,2013,3,68.0,77.16,58.26,1.75,0.0,41.92
DRTO,2013,4,75.23,78.96,65.91,1.88,0.0,36.57
DRTO,2013,5,77.34,82.11,70.68,3.45,0.0,36.96
DRTO,2013,6,80.89,83.64,77.16,11.58,0.0,60.02
DRTO,2013,7,81.11,84.18,76.26,6.15,0.0,58.84
DRTO,2013,8,82.45,84.72,77.16,3.28,0.0,60.07
DRTO,2013,9,81.84,84.45,77.97,4.22,0.0,65.09
DRTO,2013,10,80.27,83.19,75.81,1.18,0.0,43.5
DRTO,2013,11,76.46,80.76,60.87,1.1,0.0,54.09
DRTO,2013,12,74.98,78.42,68.25,0.87,0.0,41.35
DRTO,2014,1,69.71,76.98,57.45,3.5,0.0,52.24
DRTO,2014,2,72.65,76.89,63.75,0.91,0.0,32.32
DRTO,2014,3,72.52,78.33,63.48,1.58,0.0,35.21
DRTO,2014,4,75.09,80.13,67.98,0.35,0.0,36.69
DRTO,2014,5,78.23,80.76,73.2,1.25,0.0,42.57
DRTO,2014,6,81.0,85.35,76.35,1.87,0.0,57.84
DRTO,2014,7,82.99,85.98,76.98,1.63,0.0,59.01
DRTO,2014,8,83.68,86.43,78.78,2.66,0.0,51.57
DRTO,2014,9,81.98,84.45,77.61,4.43,0.0,77.59
DRTO,2014,10,79.67,83.73,74.73,5.02,0.0,46.47
DRTO,2014,11,73.3,78.78,62.67,1.97,0.0,48.53
DRTO,2014,12,71.59,77.43,62.76,0.45,0.0,45.05
DRTO,2015,1,70.4,76.08,61.86,1.1,0.0,56.39
DRTO,2015,2,68.07,74.91,54.75,1.19,0.0,39.84
DRTO,2015,3,74.21,79.23,68.34,0.33,0.0,26.13
DRTO,2015,4,77.87,82.38,72.66,1.4,0.0,39.9
DRTO,2015,5,79.19,82.29,74.28,0.18,0.0,24.68
DRTO,2015,6,81.53,85.08,75.54,2.56,0.0,52.36
DRTO,2015,7,83.43,85.62,79.86,0.96,0.0,52.03
DRTO,2015,8,83.62,85.98,78.06,3.59,0.0,55.85
DRTO,2015,9,82.47,86.43,77.34,7.91,0.0,70.16
DRTO,2015,10,80.06,83.46,77.25,2.59,0.0,50.89
DRTO,2015,11,78.64,81.75,72.21,1.13,0.0,38.89
DRTO,2015,12,76.39,78.96,68.97,6.24,0.0,54.8
DRTO,2016,1,70.51,77.61,60.69,8.24,0.0,77.41
DRTO,2016,2,69.09,76.17,61.5,1.23,0.0,47.39
DRTO,2016,3,73.85,78.96,62.76,1.38,0.0,59.77
DRTO,2016,4,75.24,79.59,67.26,0.9,0.0,31.06
DRTO,2016,5,78.55,82.38,71.67,2.76,0.0,34.08
DRTO,2016,6,81.76,85.53,78.33,5.61,0.0,59.71
DRTO,2016,7,83.48,85.89,78.42,1.87,0.0,52.99
DRTO,2016,8,83.24,85.8,78.78,5.36,0.0,70.57
DRTO,2016,9,82.41,85.17,77.88,3.49,0.0,64.83
DRTO,2016,10,79.42,84.54,73.92,2.62,0.0,50.64
DRTO,2016,11,75.04,79.05,68.52,0.69,0.0,29.47
DRTO,2016,12,74.86,78.6,65.82,0.27,0.0,36.5
DRTO,2017,1,72.37,79.41,57.99,1.22,0.0,31.95
DRTO,2017,2,71.69,75.63,66.18,1.23,0.0,25.45
DRTO,2017,3,72.06,77.16,61.86,0.08,0.0,24.11
DRTO,2017,4,75.65,79.5,68.79,1.91,0.0,39.49
DRTO,2017,5,78.84,82.47,72.48,1.22,0.0,32.45
DRTO,2017,6,81.66,84.54,77.16,5.52,0.0,65.52
DRTO,2017,7,83.11,85.8,77.07,2.67,0.0,60.71
DRTO,2017,8,84.12,87.06,77.88,3.16,0.0,50.46
DRTO,2017,9,82.58,85.8,76.89,8.65,0.0,53.27
DRTO,2017,10,80.05,84.63,69.33,7.19,0.0,64.64
DRTO,2017,11,76.39,79.95,72.66,1.35,0.0,28.38
DRTO,2017,12,73.53,79.14,64.02,1.11,0.0,36.85
DRTO,2018,1,68.24,76.17,57.45,1.3,0.0,63.53
DRTO,2018,2,72.95,76.89,67.53,0.52,0.0,30.66
DRTO,2018,3,71.9,78.06,63.21,1.95,0.0,25.41
DRTO,2018,4,75.15,79.05,68.52,1.07,0.0,31.4
DRTO,2018,5,77.15,81.21,71.31,13.69,0.0,69.27
DRTO,2018,6,81.3,85.53,75.54,1.71,0.0,66.17
DRTO,2018,7,83.31,88.05,77.25,2.39,0.0,61.78
DRTO,2018,8,82.81,86.16,76.98,6.24,0.0,67.67
DRTO,2018,9,82.39,85.71,77.16,4.47,0.0,59.16
DRTO,2018,10,80.94,84.81,74.64,4.15,0.0,41.38
DRTO,2018,11,76.9,81.48,64.47,1.96,0.0,50.42
DRTO,2018,12,73.57,81.03,63.03,1.73,0.0,50.74
DRTO,2019,1,70.2,78.06,59.97,4.37,0.0,47.42
DRTO,2019,2,73.99,78.51,66.45,1.72,0.0,23.15
DRTO,2019,3,74.06,78.6,64.92,1.28,0.0,30.21
DRTO,2019,4,76.57,80.4,71.04,1.12,0.0,29.55
DRTO,2019,5,79.94,82.56,74.64,1.01,0.0,26.68
DRTO,2019,6,82.71,86.25,75.63,2.91,0.0,55.5
DRTO,2019,7,83.41,87.78,77.61,3.22,0.0,58.28
DRTO,2019,8,83.89,88.05,77.7,4.47,0.0,78.0
DRTO,2019,9,82.9,87.42,78.6,3.78,0.0,48.08
DRTO,2019,10,81.7,84.54,78.24,3.59,0.0,50.0
DRTO,2019,11,77.71,83.19,72.75,1.8,0.0,49.24
DRTO,2019,12,74.67,79.14,67.35,3.52,0.0,48.53
DRTO,2020,1,71.9,78.24,57.9,1.65,0.0,41.45
DRTO,2020,2,72.0,78.6,63.3,1.82,0.0,43.62
DRTO,2020,3,74.33,78.87,63.84,0.19,0.0,24.09
DRTO,2020,4,78.41,82.83,69.87,0.84,0.0,36.12
DRTO,2020,5,78.55,82.92,71.94,6.65,0.0,52.93
DRTO,2020,6,82.11,85.98,77.61,4.04,0.0,60.78
DRTO,2020,7,83.52,86.79,78.42,5.76,0.0,58.68
DRTO,2020,8,84.21,87.78,78.69,2.39,0.0,59.94
DRTO,2020,9,83.08,86.79,77.07,6.41,0.0,63.28
DRTO,2020,10,81.62,84.72,76.62,11.06,0.0,61.53
DRTO,2020,11,78.05,81.57,72.66,8.3,0.0,42.27
DRTO,2020,12,71.5,77.88,58.8,1.13,0.0,51.45
DRTO,2021,1,69.65,75.99,62.76,0.44,0.0,56.79
DRTO,2021,2,71.91,77.97,62.22,0.81,0.0,31.86
DRTO,2021,3,73.21,77.88,64.83,0.33,0.0,25.52
DRTO,2021,4,75.83,79.95,66.45,1.43,0.0,37.03
DRTO,2021,5,79.18,82.11,75.36,0.76,0.0,42.23
DRTO,2021,6,81.0,84.63,75.18,4.78,0.0,72.09
DRTO,2021,7,82.73,86.25,77.79,2.85,0.0,47.6
DRTO,2021,8,83.79,87.15,78.15,7.07,0.0,61.86
DRTO,2021,9,82.93,86.52,78.51,3.06,0.0,57.36
DRTO,2021,10,81.3,85.26,75.99,2.72,0.0,52.95
DRTO,2021,11,74.92,80.58,68.61,4.39,0.0,55.28
DRTO,2021,12,75.37,78.96,67.44,1.23,0.0,24.28
DRTO,2022,1,71.0,78.06,57.63,1.31,0.0,49.35
DRTO,2022,2,71.51,76.17,60.51,1.85,0.0,29.58
DRTO,2022,3,74.9,78.87,63.03,1.18,0.0,26.81
DRTO,2022,4,76.47,80.31,66.99,0.64,0.0,33.92
DRTO,2022,5,79.04,82.47,73.02,3.2,0.0,31.95
DRTO,2022,6,81.27,85.35,74.46,5.79,0.0,59.53
DRTO,2022,7,83.43,86.61,74.64,3.35,0.0,55.21
DRTO,2022,8,83.83,87.69,77.88,2.53,0.0,62.45
DRTO,2022,9,82.97,86.79,77.07,13.74,0.0,57.88
DRTO,2022,10,79.24,83.28,69.78,2.13,0.0,40.19
DRTO,2022,11,78.51,82.29,71.49,2.6,0.0,44.8
DRTO,2022,12,74.01,79.59,59.61,2.12,0.0,45.62
DRTO,2023,1,72.3,77.52,61.23,0.21,0.0,28.17
DRTO,2023,2,74.92,79.23,66.63,0.69,0.0,20.13
DRTO,2023,3,75.46,80.31,64.92,0.38,0.0,28.77
DRTO,2023,4,77.53,82.47,70.59,1.93,0.0,40.42
DRTO,2023,5,78.94,82.74,73.83,1.33,0.0,31.7
DRTO,2023,6,82.07,85.8,74.28,2.96,0.0,43.95
DRTO,2023,7,85.15,88.95,78.69,1.08,0.0,53.28
DRTO,2023,8,85.16,88.86,78.33,4.41,0.0,62.65
DRTO,2023,9,83.49,87.24,76.17,5.5,0.0,48.58
DRTO,2023,10,80.82,86.25,72.57,2.69,0.0,47.66
DRTO,2023,11,77.21,81.39,69.42,1.72,0.0,51.82
DRTO,2023,12,73.41,80.31,64.74,4.98,0.0,71.92
DRTO,2024,1,71.97,78.6,62.58,3.07,0.0,74.16
DRTO,2024,2,69.83,75.54,62.31,2.88,0.0,38.96
DRTO,2024,3,74.27,78.96,68.7,1.61,0.0,48.98
DRTO,2024,4,75.51,79.86,69.06,0.23,0.0,28.84
DRTO,2024,5,81.28,86.07,74.46,0.44,0.0,17.85
DRTO,2024,6,82.32,85.44,76.35,11.26,0.0,54.45
DRTO,2024,7,84.55,88.32,78.51,2.52,0.0,64.57
DRTO,2024,8,84.24,87.78,78.42,8.69,0.0,59.43
DRTO,2024,9,84.33,88.32,75.9,6.45,0.0,65.45
DRTO,2024,10,80.55,85.17,75.18,7.09,0.0,70.28
DRTO,2024,11,77.71,82.2,69.69,4.67,0.0,38.68
DRTO,2024,12,72.05,77.79,61.86,3.49,0.0,46.0
DRTO,2025,1,68.91,76.08,59.25,2.81,0.0,58.71
DRTO,2025,2,72.0,76.26,66.18,0.85,0.0,39.74
DRTO,2025,3,72.04,77.97,64.38,0.35,0.0,22.3
DRTO,2025,4,75.9,79.23,68.79,0.43,0.0,18.4
DRTO,2025,5,80.6,84.72,73.02,1.08,0.0,29.31
DRTO,2025,6,82.56,85.26,75.0,6.37,0.0,47.97
DRTO,2025,7,83.64,86.97,77.97,1.75,0.0,59.0
DRTO,2025,8,84.8,89.31,78.33,4.85,0.0,42.35
DRTO,2025,9,83.21,87.15,77.52,8.38,0.0,62.33
DRTO,2025,10,80.96,86.07,73.47,4.96,0.0,35.82
DRTO,2025,11,75.87,81.66,61.05,0.68,0.0,41.11
DRTO,2025,12,74.65,79.95,65.01,1.58,0.0,40.14
EVER,2006,1,68.57,81.0,43.56,0.1,0.0,40.88
EVER,2006,2,66.92,85.23,40.14,0.66,0.0,32.77
EVER,2006,3,71.65,85.77,50.85,0.09,0.0,24.87
EVER,2006,4,75.76,89.28,58.68,0.63,0.0,31.18
EVER,2006,5,78.73,92.07,62.28,3.04,0.0,38.73
EVER,2006,6,81.68,93.69,73.62,4.0,0.0,48.74
EVER,2006,7,81.44,92.52,74.79,5.43,0.0,72.87
EVER,2006,8,82.65,95.31,75.42,6.8,0.0,54.97
EVER,2006,9,80.68,88.83,72.72,4.47,0.0,53.51
EVER,2006,10,78.77,90.18,60.93,1.11,0.0,43.56
EVER,2006,11,71.31,86.49,47.07,1.32,0.0,49.83
EVER,2006,12,72.93,84.06,55.17,1.43,0.0,55.12
EVER,2007,1,71.68,83.25,51.12,0.18,0.0,42.06
EVER,2007,2,68.57,86.4,41.4,1.18,0.0,48.15
EVER,2007,3,73.01,86.4,54.09,0.43,0.0,36.61
EVER,2007,4,74.63,91.26,54.0,1.07,0.0,37.53
EVER,2007,5,77.6,92.61,61.74,1.79,0.0,29.45
EVER,2007,6,79.64,90.36,70.74,8.85,0.0,57.67
EVER,2007,7,82.52,91.26,75.33,3.89,0.0,61.79
EVER,2007,8,83.61,93.87,76.14,3.12,0.0,50.29
EVER,2007,9,80.88,93.06,71.64,4.43,0.0,60.2
EVER,2007,10,79.61,88.83,71.82,3.67,0.0,57.8
EVER,2007,11,73.63,85.68,55.98,0.1,0.0,31.98
EVER,2007,12,72.8,84.24,52.56,0.57,0.0,27.07
EVER,2008,1,68.8,83.25,37.26,0.66,0.0,43.74
EVER,2008,2,72.54,85.14,48.42,1.51,0.0,39.39
EVER,2008,3,73.0,87.93,50.31,1.02,0.0,38.85
EVER,2008,4,75.13,86.76,53.1,1.15,0.0,31.7
EVER,2008,5,80.29,92.7,65.97,0.39,0.0,24.57
EVER,2008,6,81.5,92.07,72.45,3.44,0.0,56.06
EVER,2008,7,81.54,91.98,74.61,3.52,0.0,66.05
EVER,2008,8,82.27,92.88,75.42,12.13,0.0,68.4
EVER,2008,9,80.83,90.18,72.72,3.53,0.0,57.58
EVER,2008,10,75.92,87.66,51.3,4.46,0.0,63.17
EVER,2008,11,69.66,84.87,51.75,0.28,0.0,25.05
EVER,2008,12,69.78,81.18,50.31,0.67,0.0,30.01
EVER,2009,1,66.73,81.27,41.31,0.15,0.0,37.34
EVER,2009,2,66.61,80.91,38.43,0.29,0.0,25.0
EVER,2009,3,70.4,84.6,45.45,0.86,0.0,38.39
EVER,2009,4,75.36,86.76,51.57,0.35,0.0,31.95
EVER,2009,5,78.92,91.08,68.67,3.53,0.0,45.76
EVER,2009,6,80.96,92.34,72.9,5.89,0.0,67.36
EVER,2009,7,83.0,94.41,75.42,2.7,0.0,58.7
EVER,2009,8,83.65,93.51,74.43,2.63,0.0,54.94
EVER,2009,9,80.79,90.63,74.43,4.92,0.0,73.15
EVER,2009,10,79.88,90.9,58.05,0.34,0.0,37.45
EVER,2009,11,74.3,88.74,50.49,0.94,0.0,56.85
EVER,2009,12,71.61,86.94,48.33,1.22,0.0,50.74
EVER,2010,1,62.49,82.62,34.02,0.69,0.0,50.95
EVER,2010,2,63.08,80.55,43.83,4.64,0.0,58.09
EVER,2010,3,65.26,81.0,43.11,3.14,0.0,46.15
EVER,2010,4,73.79,85.86,51.57,0.79,0.0,46.63
EVER,2010,5,81.0,91.62,70.47,0.44,0.0,31.79
EVER,2010,6,84.55,95.67,74.79,2.27,0.0,53.09
EVER,2010,7,82.96,93.24,75.24,3.29,0.0,65.12
EVER,2010,8,82.6,92.52,75.24,7.96,0.0,73.14
EVER,2010,9,81.07,89.19,73.26,5.53,0.0,58.93
EVER,2010,10,76.75,86.76,64.35,1.58,0.0,34.1
EVER,2010,11,72.33,85.5,52.29,1.19,0.0,32.6
EVER,2010,12,61.26,81.45,37.8,0.63,0.0,27.12
EVER,2011,1,66.07,80.64,42.75,1.13,0.0,43.58
EVER,2011,2,69.93,83.88,50.67,0.22,0.0,28.44
EVER,2011,3,72.8,88.2,50.49,0.11,0.0,21.43
EVER,2011,4,78.95,90.0,65.52,0.36,0.0,24.35
EVER,2011,5,80.06,93.15,66.87,0.7,0.0,30.65
EVER,2011,6,83.1,96.66,72.36,1.68,0.0,52.88
EVER,2011,7,82.57,92.25,75.24,3.75,0.0,67.71
EVER,2011,8,82.59,92.88,77.31,5.62,0.0,77.4
EVER,2011,9,81.4,90.9,71.37,2.86,0.0,60.04
EVER,2011,10,76.54,88.83,59.94,6.13,0.0,66.96
EVER,2011,11,72.99,84.06,56.52,0.13,0.0,25.24
EVER,2011,12,71.39,82.44,52.2,0.12,0.0,31.95
EVER,2012,1,67.57,82.53,40.68,0.92,0.0,40.67
EVER,2012,2,71.35,84.96,48.06,1.71,0.0,54.99
EVER,2012,3,73.75,83.97,53.28,0.52,0.0,31.17
EVER,2012,4,75.17,89.19,56.43,3.05,0.0,44.0
EVER,2012,5,78.15,89.55,68.85,4.18,0.0,47.82
EVER,2012,6,80.74,92.88,70.02,7.2,0.0,73.24
EVER,2012,7,82.26,93.69,74.25,2.29,0.0,53.58
EVER,2012,8,82.78,93.69,75.6,6.93,0.0,66.84
EVER,2012,9,80.33,92.52,73.17,4.78,0.0,65.68
EVER,2012,10,77.06,87.21,61.56,4.03,0.0,52.73
EVER,2012,11,70.03,82.08,54.9,0.15,0.0,35.51
EVER,2012,12,70.73,83.34,48.51,0.8,0.0,42.93
EVER,2013,1,72.21,83.34,57.33,0.1,0.0,41.03
EVER,2013,2,70.44,85.41,46.8,1.17,0.0,34.64
EVER,2013,3,67.33,84.06,45.99,1.35,0.0,36.36
EVER,2013,4,76.47,88.11,60.93,3.07,0.0,42.73
EVER,2013,5,77.62,91.53,60.3,4.29,0.0,43.53
EVER,2013,6,80.52,89.1,73.62,6.89,0.0,68.82
EVER,2013,7,80.33,89.46,72.63,6.38,0.0,67.24
EVER,2013,8,81.98,90.63,72.99,2.76,0.0,58.26
EVER,2013,9,80.44,88.74,73.17,2.83,0.0,66.98
EVER,2013,10,78.79,89.1,67.59,1.16,0.0,46.4
EVER,2013,11,75.36,87.66,52.38,1.59,0.0,51.79
EVER,2013,12,74.12,84.6,59.85,0.11,0.0,39.41
EVER,2014,1,67.1,82.8,44.01,1.93,0.0,47.34
EVER,2014,2,72.33,85.05,51.21,1.03,0.0,30.31
EVER,2014,3,72.37,86.85,53.91,1.57,0.0,38.92
EVER,2014,4,76.55,90.9,61.11,0.69,0.0,39.72
EVER,2014,5,79.57,91.17,64.98,1.91,0.0,42.83
EVER,2014,6,80.48,92.25,71.01,4.07,0.0,66.66
EVER,2014,7,82.51,92.34,75.69,3.02,0.0,74.59
EVER,2014,8,83.53,94.77,75.96,3.68,0.0,55.01
EVER,2014,9,81.07,92.52,74.43,4.06,0.0,74.64
EVER,2014,10,78.17,90.99,63.36,3.39,0.0,41.67
EVER,2014,11,71.09,86.04,51.03,1.01,0.0,40.36
EVER,2014,12,70.22,84.24,49.41,0.32,0.0,40.03
EVER,2015,1,70.18,84.69,51.84,0.24,0.0,53.46
EVER,2015,2,67.2,83.34,38.97,1.38,0.0,33.54
EVER,2015,3,75.62,87.39,56.34,0.45,0.0,32.04
EVER,2015,4,79.23,91.26,58.5,1.85,0.0,42.26
EVER,2015,5,80.31,92.43,65.97,0.22,0.0,36.82
EVER,2015,6,81.96,95.67,72.18,2.77,0.0,54.4
EVER,2015,7,84.3,94.68,75.51,1.07,0.0,54.56
EVER,2015,8,84.26,95.49,75.96,3.34,0.0,60.13
EVER,2015,9,81.78,90.81,74.7,3.45,0.0,75.82
EVER,2015,10,79.11,89.91,70.38,1.47,0.0,52.05
EVER,2015,11,77.73,89.82,62.91,1.03,0.0,39.1
EVER,2015,12,75.28,84.24,64.62,2.74,0.0,54.99
EVER,2016,1,66.34,83.7,46.35,6.49,0.0,73.83
EVER,2016,2,66.92,82.8,46.98,0.72,0.0,51.85
EVER,2016,3,74.35,87.84,54.0,0.73,0.0,66.89
EVER,2016,4,75.65,88.29,63.9,1.84,0.0,36.25
EVER,2016,5,78.59,90.09,61.65,4.66,0.0,42.05
EVER,2016,6,81.39,89.82,73.35,4.73,0.0,72.0
EVER,2016,7,82.97,93.15,74.61,2.82,0.0,58.99
EVER,2016,8,82.15,92.25,75.51,7.56,0.0,74.77
EVER,2016,9,80.8,89.64,73.98,6.13,0.0,71.19
EVER,2016,10,77.23,87.48,62.19,3.09,0.0,56.78
EVER,2016,11,72.81,83.43,56.07,0.42,0.0,39.84
EVER,2016,12,73.87,83.43,54.72,2.31,0.0,41.2
EVER,2017,1,69.37,84.2,46.76,1.0,0.0,41.61
EVER,2017,2,71.51,86.9,51.8,1.56,0.0,35.05
EVER,2017,3,71.95,87.08,50.54,0.93,0.0,38.39
EVER,2017,4,76.38,91.22,56.93,1.44,0.0,46.3
EVER,2017,5,79.9,94.1,59.81,3.39,0.0,39.31
EVER,2017,6,80.54,91.67,73.04,14.15,0.0,75.7
EVER,2017,7,81.46,90.95,74.12,6.61,0.0,65.72
EVER,2017,8,82.55,94.82,74.3,6.33,0.0,54.11
EVER,2017,9,80.53,90.5,72.05,16.71,0.0,56.12
EVER,2017,10,76.35,88.25,54.59,8.37,0.0,63.39
EVER,2017,11,73.13,85.46,61.25,1.28,0.0,32.89
EVER,2017,12,68.86,84.47,42.62,1.02,0.0,34.43
EVER,2018,1,65.82,81.5,41.99,1.6,0.0,63.44
EVER,2018,2,73.87,87.08,58.73,0.7,0.0,35.76
EVER,2018,3,69.52,89.87,45.68,1.54,0.0,28.71
EVER,2018,4,75.34,91.49,56.3,3.65,0.0,34.18
EVER,2018,5,76.49,91.22,67.28,16.36,0.0,80.08
EVER,2018,6,79.48,89.15,69.98,8.7,0.0,78.85
EVER,2018,7,80.72,90.05,72.05,7.01,0.0,72.91
EVER,2018,8,80.34,92.57,73.31,7.15,0.0,62.25
EVER,2018,9,79.86,89.06,71.24,6.38,0.0,58.76
EVER,2018,10,78.73,88.88,58.37,1.69,0.0,44.94
EVER,2018,11,74.31,87.89,46.13,1.88,0.0,54.46
EVER,2018,12,70.37,84.92,47.66,1.41,0.0,49.67
EVER,2019,1,66.83,82.58,45.95,4.82,0.0,44.53
EVER,2019,2,72.2,84.2,56.3,2.35,0.0,36.46
EVER,2019,3,72.15,87.08,51.89,2.19,0.0,37.63
EVER,2019,4,76.19,89.87,56.48,2.82,0.0,34.63
EVER,2019,5,80.06,93.74,67.73,3.19,0.0,35.73
EVER,2019,6,82.1,94.64,73.4,7.06,0.0,65.27
EVER,2019,7,82.26,93.92,72.68,5.1,0.0,70.75
EVER,2019,8,81.35,92.93,74.21,8.21,0.0,80.18
EVER,2019,9,81.94,94.28,68.72,2.26,0.0,48.66
EVER,2019,10,80.37,90.5,71.96,4.09,0.0,49.21
EVER,2019,11,73.96,90.23,53.24,0.77,0.0,48.04
EVER,2019,12,71.72,86.09,53.78,2.89,0.0,47.56
EVER,2020,1,69.75,84.65,38.3,0.57,0.0,38.73
EVER,2020,2,71.14,85.28,46.31,3.53,0.0,42.37
EVER,2020,3,75.0,91.31,48.11,0.29,0.0,36.77
EVER,2020,4,80.06,95.99,63.14,1.98,0.0,45.49
EVER,2020,5,77.95,93.92,60.71,9.53,0.0,57.55
EVER,2020,6,80.87,91.85,71.87,6.15,0.0,69.1
EVER,2020,7,82.33,93.02,74.12,5.48,0.0,67.68
EVER,2020,8,83.12,93.2,73.67,4.05,0.0,69.03
EVER,2020,9,80.98,97.52,72.14,11.07,0.0,77.12
EVER,2020,10,79.22,88.16,70.34,9.14,0.0,63.22
EVER,2020,11,74.94,85.55,64.94,6.35,0.0,48.14
EVER,2020,12,66.43,81.05,44.87,1.65,0.0,42.2
EVER,2021,1,67.08,83.39,46.58,1.02,0.0,56.55
EVER,2021,2,72.4,85.73,40.91,2.21,0.0,36.67
EVER,2021,3,73.12,87.8,54.59,0.5,0.0,36.03
EVER,2021,4,75.67,92.66,58.82,2.26,0.0,44.58
EVER,2021,5,79.47,95.45,66.56,1.15,0.0,49.29
EVER,2021,6,80.72,91.49,71.42,7.17,0.0,77.61
EVER,2021,7,81.33,92.75,72.77,7.18,0.0,69.85
EVER,2021,8,82.39,94.28,73.31,4.58,0.0,69.86
EVER,2021,9,80.05,93.83,68.27,7.51,0.0,63.46
EVER,2021,10,78.95,91.67,67.46,2.86,0.0,52.32
EVER,2021,11,70.78,85.01,54.59,3.84,0.0,56.91
EVER,2021,12,72.87,86.81,51.17,0.84,0.0,34.2
EVER,2022,1,66.82,83.93,38.3,2.71,0.0,48.87
EVER,2022,2,71.23,86.45,50.09,2.02,0.0,34.84
EVER,2022,3,74.7,88.88,52.34,2.0,0.0,35.24
EVER,2022,4,76.3,90.05,52.52,2.97,0.0,44.11
EVER,2022,5,79.33,95.45,64.22,4.23,0.0,43.06
EVER,2022,6,79.24,90.59,69.17,13.15,0.0,69.69
EVER,2022,7,82.59,94.55,71.42,3.14,0.0,52.7
EVER,2022,8,82.64,94.55,72.68,4.14,0.0,70.92
EVER,2022,9,79.92,93.65,66.83,10.98,0.0,64.05
EVER,2022,10,75.93,90.59,57.38,3.62,0.0,46.01
EVER,2022,11,76.32,89.33,64.94,1.61,0.0,50.44
EVER,2022,12,70.08,86.18,42.62,2.38,0.0,47.47
EVER,2023,1,69.91,86.18,40.37,0.51,0.0,30.04
EVER,2023,2,73.78,88.88,49.46,0.56,0.0,26.78
EVER,2023,3,74.83,93.74,54.86,2.01,0.0,33.75
EVER,2023,4,76.9,89.51,62.87,3.54,0.0,48.36
EVER,2023,5,78.5,94.1,63.68,5.71,0.0,43.22
EVER,2023,6,80.11,93.2,68.45,8.16,0.0,60.28
EVER,2023,7,83.64,98.33,74.03,5.43,0.0,69.3
EVER,2023,8,83.65,96.17,74.66,6.05,0.0,64.94
EVER,2023,9,80.92,95.72,70.25,6.85,0.0,59.68
EVER,2023,10,78.18,90.32,58.28,2.65,0.0,44.16
EVER,2023,11,74.86,89.78,57.2,6.3,0.0,53.29
EVER,2023,12,68.64,84.47,49.73,5.5,0.0,74.05
EVER,2024,1,68.68,82.04,47.75,2.48,0.0,68.53
EVER,2024,2,66.05,82.67,47.75,3.02,0.0,41.75
EVER,2024,3,73.62,85.91,58.64,6.04,0.0,57.26
EVER,2024,4,74.88,89.69,55.67,0.78,0.0,38.85
EVER,2024,5,82.27,97.16,67.46,1.86,0.0,24.9
EVER,2024,6,80.71,92.66,71.42,18.53,0.0,60.8
EVER,2024,7,82.51,93.29,73.58,5.27,0.0,67.08
EVER,2024,8,81.87,93.2,73.13,9.76,0.0,69.01
EVER,2024,9,81.66,91.04,71.51,5.65,0.0,73.56
EVER,2024,10,77.49,91.04,66.74,7.77,0.0,66.94
EVER,2024,11,74.09,88.07,51.89,0.91,0.0,41.82
EVER,2024,12,68.64,82.76,49.64,5.03,0.0,45.5
EVER,2025,1,64.66,80.15,45.5,1.07,0.0,52.12
EVER,2025,2,71.8,84.11,57.11,1.46,0.0,43.44
EVER,2025,3,70.35,87.17,47.66,1.42,0.0,29.49
EVER,2025,4,74.87,87.89,55.67,1.95,0.0,24.82
EVER,2025,5,80.03,91.85,67.19,4.17,0.0,41.47
EVER,2025,6,80.25,91.13,70.79,8.42,0.0,56.73
EVER,2025,7,81.35,93.65,70.88,6.1,0.0,65.51
EVER,2025,8,82.33,95.9,73.31,6.55,0.0,48.55
EVER,2025,9,79.79,92.75,70.88,7.91,0.0,69.82
EVER,2025,10,77.86,90.77,62.33,4.21,0.0,40.08
EVER,2025,11,72.1,89.33,48.11,0.61,0.0,43.93
EVER,2025,12,70.47,85.1,43.16,1.56,0.0,39.5
GAAR,2006,1,-21.7,-1.64,-42.05,0.0,0.19,76.36
GAAR,2006,2,-4.6,20.23,-40.88,0.0,13.12,83.07
GAAR,2006,3,-9.53,15.19,-33.32,0.0,0.66,51.51
GAAR,2006,4,5.31,28.33,-18.02,0.0,5.07,64.42
GAAR,2006,5,32.29,56.5,3.04,0.26,1.71,59.79
GAAR,2006,6,42.3,55.96,19.51,2.59,4.66,80.28
GAAR,2006,7,45.95,62.26,32.74,3.68,0.08,85.57
GAAR,2006,8,40.91,53.98,26.26,2.17,3.22,76.33
GAAR,2006,9,37.28,51.55,21.04,0.47,4.3,79.78
GAAR,2006,10,18.23,33.28,-7.76,0.27,18.63,90.81
GAAR,2006,11,-9.31,13.66,-31.34,0.0,1.16,55.99
GAAR,2006,12,-7.53,16.9,-31.34,0.0,7.63,90.58
GAAR,2007,1,-11.06,22.03,-36.56,0.0,5.4,92.63
GAAR,2007,2,-15.21,18.43,-39.98,0.0,0.08,31.91
GAAR,2007,3,-16.49,19.51,-38.81,0.0,0.25,34.09
GAAR,2007,4,19.09,37.33,-1.46,0.0,4.3,64.83
GAAR,2007,5,33.56,57.13,-0.74,0.26,0.25,51.57
GAAR,2007,6,49.3,62.17,34.0,4.06,0.0,67.29
GAAR,2007,7,54.46,66.94,42.37,4.84,0.0,64.39
GAAR,2007,8,48.12,60.28,34.18,1.81,0.0,62.68
GAAR,2007,9,33.76,49.66,18.79,1.58,2.37,80.52
GAAR,2007,10,10.78,31.57,-1.46,0.0,2.84,75.71
GAAR,2007,11,1.52,22.84,-21.44,0.0,7.66,86.49
GAAR,2007,12,-11.39,17.62,-42.14,0.0,2.31,73.38
GAAR,2008,1,-19.38,17.53,-45.47,0.0,10.75,81.42
GAAR,2008,2,-14.73,18.7,-38.54,0.0,4.33,66.46
GAAR,2008,3,-8.26,17.35,-38.0,0.0,7.44,62.02
GAAR,2008,4,11.95,35.53,-12.8,0.0,14.08,84.16
GAAR,2008,5,29.88,45.07,4.93,0.27,4.33,58.46
GAAR,2008,6,46.17,62.98,27.97,3.19,0.25,75.01
GAAR,2008,7,47.95,62.8,29.5,2.45,0.28,75.42
GAAR,2008,8,40.14,52.0,26.71,1.51,1.82,63.06
GAAR,2008,9,31.06,50.2,10.6,0.37,5.54,55.16
GAAR,2008,10,4.86,22.21,-11.72,0.0,7.55,68.28
GAAR,2008,11,-6.97,11.86,-31.43,0.0,3.47,78.2
GAAR,2008,12,-11.71,14.83,-33.41,0.0,4.19,72.31
GAAR,2009,1,-17.07,27.34,-38.18,0.0,13.5,56.08
GAAR,2009,2,-11.17,13.12,-40.16,0.0,12.21,89.28
GAAR,2009,3,-14.75,11.14,-43.31,0.0,4.08,66.09
GAAR,2009,4,11.02,44.53,-19.19,0.01,15.24,68.98
GAAR,2009,5,28.81,52.81,7.9,0.13,3.83,59.77
GAAR,2009,6,44.58,57.22,31.75,3.56,0.61,72.36
GAAR,2009,7,52.64,66.58,40.39,2.63,0.0,73.06
GAAR,2009,8,40.12,63.7,25.9,1.74,2.59,71.77
GAAR,2009,9,31.25,53.35,5.65,0.86,4.99,73.52
GAAR,2009,10,17.14,38.59,-5.51,0.03,3.11,76.81
GAAR,2009,11,-12.47,14.11,-36.65,0.0,5.04,69.84
GAAR,2009,12,-5.21,16.18,-34.04,0.0,6.67,78.48
GAAR,2010,1,-19.04,6.64,-40.61,0.0,1.54,52.08
GAAR,2010,2,-9.27,21.76,-38.99,0.0,4.77,68.07
GAAR,2010,3,-3.36,22.57,-27.29,0.0,4.52,52.3
GAAR,2010,4,16.79,45.16,-10.82,0.06,9.73,65.64
GAAR,2010,5,35.22,60.55,10.87,0.6,3.2,58.75
GAAR,2010,6,48.87,61.54,31.93,3.45,0.0,62.18
GAAR,2010,7,47.69,65.23,34.63,4.06,0.0,80.95
GAAR,2010,8,46.08,62.35,30.58,2.25,0.0,77.37
GAAR,2010,9,34.09,51.55,10.06,0.99,0.03,63.1
GAAR,2010,10,11.28,33.28,-7.49,0.0,4.52,78.06
GAAR,2010,11,-0.67,18.79,-29.18,0.0,12.79,91.04
GAAR,2010,12,-20.73,2.32,-41.06,0.0,2.34,64.96
GAAR,2011,1,-7.93,16.27,-44.03,0.0,4.3,64.61
GAAR,2011,2,-11.65,10.33,-34.94,0.0,12.07,73.58
GAAR,2011,3,-0.54,18.25,-24.95,0.0,2.98,46.09
GAAR,2011,4,9.78,34.36,-11.9,0.0,2.67,49.76
GAAR,2011,5,32.03,61.72,2.5,0.87,4.05,45.83
GAAR,2011,6,44.7,61.27,29.5,3.14,1.41,75.89
GAAR,2011,7,47.77,62.62,35.26,3.2,0.0,77.22
GAAR,2011,8,42.12,52.45,30.76,2.85,0.33,75.52
GAAR,2011,9,32.11,49.21,18.79,0.39,7.5,83.93
GAAR,2011,10,14.2,28.87,-8.75,0.0,14.61,89.64
GAAR,2011,11,-19.26,1.15,-36.65,0.0,2.4,75.93
GAAR,2011,12,-10.42,13.12,-37.19,0.0,16.34,88.7
GAAR,2012,1,-30.52,-3.08,-48.08,0.0,3.61,68.21
GAAR,2012,2,-7.03,14.83,-47.72,0.0,4.38,77.71
GAAR,2012,3,-17.16,10.87,-32.42,0.0,1.05,54.69
GAAR,2012,4,18.62,35.44,-15.32,0.0,3.44,63.94
GAAR,2012,5,27.57,49.03,-2.36,0.37,6.23,66.04
GAAR,2012,6,49.58,64.33,32.2,3.07,0.0,68.01
GAAR,2012,7,48.15,59.02,36.7,3.27,0.03,85.47
GAAR,2012,8,41.81,55.15,29.05,4.57,2.67,88.64
GAAR,2012,9,29.33,41.11,17.17,2.09,23.78,84.42
GAAR,2012,10,13.05,30.04,-4.52,0.0,10.86,75.02
GAAR,2012,11,-14.38,2.14,-26.93,0.0,0.0,34.97
GAAR,2012,12,-18.79,11.14,-41.51,0.0,1.71,44.38
GAAR,2013,1,-12.5,17.8,-40.79,0.0,9.09,68.05
GAAR,2013,2,-13.5,8.62,-36.92,0.0,2.12,81.39
GAAR,2013,3,-3.96,16.54,-23.06,0.0,3.61,63.74
GAAR,2013,4,2.05,23.65,-29.18,0.0,2.59,47.61
GAAR,2013,5,22.21,56.41,-12.35,0.0,4.11,51.69
GAAR,2013,6,50.68,72.97,23.38,1.26,0.06,59.58
GAAR,2013,7,50.36,67.75,37.06,1.32,0.0,78.66
GAAR,2013,8,43.23,65.05,22.39,2.33,0.74,74.52
GAAR,2013,9,27.9,44.53,9.25,1.02,8.54,83.68
GAAR,2013,10,20.2,33.19,3.31,0.41,22.16,94.3
GAAR,2013,11,-7.55,17.53,-26.48,0.0,13.89,79.99
GAAR,2013,12,-11.72,22.84,-36.02,0.0,4.66,55.85
GAAR,2014,1,-3.33,25.99,-33.5,0.0,6.31,76.71
GAAR,2014,2,-11.64,19.87,-39.35,0.0,2.67,54.82
GAAR,2014,3,2.0,24.55,-27.65,0.0,1.65,31.73
GAAR,2014,4,14.89,34.63,-19.55,0.0,2.56,56.91
GAAR,2014,5,29.31,46.15,10.51,1.14,4.11,72.78
GAAR,2014,6,43.0,59.02,30.58,3.46,1.1,83.79
GAAR,2014,7,46.24,64.6,27.7,5.05,0.11,75.73
GAAR,2014,8,45.13,59.02,25.09,1.8,0.83,71.27
GAAR,2014,9,31.66,50.11,12.31,1.08,7.22,70.13
GAAR,2014,10,8.37,29.95,-16.85,0.0,4.77,83.15
GAAR,2014,11,1.4,22.12,-20.45,0.0,1.85,48.36
GAAR,2014,12,-5.6,17.89,-23.42,0.0,7.28,82.86
GAAR,2015,1,-8.55,16.45,-37.64,0.0,3.11,65.15
GAAR,2015,2,-3.42,22.3,-37.19,0.0,7.47,70.71
GAAR,2015,3,-0.91,20.86,-35.48,0.0,7.06,64.86
GAAR,2015,4,17.05,33.55,-1.82,0.0,4.11,60.58
GAAR,2015,5,38.51,62.26,16.9,1.48,1.65,65.85
GAAR,2015,6,46.3,67.03,23.11,1.12,4.22,57.28
GAAR,2015,7,50.65,69.64,37.51,2.55,0.0,59.35
GAAR,2015,8,39.97,63.07,17.08,3.61,5.02,86.04
GAAR,2015,9,25.06,46.69,2.95,0.09,13.78,78.44
GAAR,2015,10,11.59,29.95,-23.87,0.0,5.26,80.27
GAAR,2015,11,-2.48,17.08,-34.58,0.0,14.0,88.52
GAAR,2015,12,-15.81,15.91,-35.66,0.0,4.49,64.32
GAAR,2016,1,-4.96,16.9,-32.78,0.0,4.35,66.1
GAAR,2016,2,-1.16,17.62,-19.91,0.0,2.48,78.86
GAAR,2016,3,-0.3,24.55,-26.03,0.0,2.76,62.57
GAAR,2016,4,20.45,40.03,-7.4,0.02,4.41,48.19
GAAR,2016,5,35.68,54.16,21.13,0.87,1.13,60.94
GAAR,2016,6,44.83,63.88,24.01,1.67,0.22,71.52
GAAR,2016,7,51.59,70.36,34.99,1.89,0.0,67.74
GAAR,2016,8,45.86,57.76,31.48,3.45,0.19,81.76
GAAR,2016,9,29.35,49.84,14.83,0.62,23.01,73.43
GAAR,2016,10,18.54,39.04,-1.64,0.0,2.2,59.92
GAAR,2016,11,-8.44,17.98,-32.87,0.0,1.65,70.29
GAAR,2016,12,-9.55,16.7,-29.81,0.0,5.84,64.27
GAAR,2017,1,-12.49,24.44,-43.33,0.0,6.01,77.16
GAAR,2017,2,-10.24,15.89,-41.17,0.0,5.59,69.75
GAAR,2017,3,-12.12,12.83,-31.81,0.0,2.4,37.44
GAAR,2017,4,15.03,31.46,-4.27,0.0,0.47,30.87
GAAR,2017,5,33.12,50.27,9.59,0.71,7.69,63.75
GAAR,2017,6,47.47,62.6,28.31,1.37,0.0,62.85
GAAR,2017,7,53.68,68.27,34.61,2.87,0.0,71.0
GAAR,2017,8,39.41,59.99,22.37,2.44,6.97,86.94
GAAR,2017,9,31.88,44.42,12.92,2.06,4.93,76.62
GAAR,2017,10,13.9,34.97,-14.71,0.05,8.07,87.94
GAAR,2017,11,-3.01,19.58,-25.78,0.0,5.68,72.57
GAAR,2017,12,5.17,20.75,-18.4,0.01,12.46,87.96
GAAR,2018,1,-12.11,19.04,-37.57,0.01,4.69,55.04
GAAR,2018,2,-3.77,15.26,-28.03,0.0,3.75,65.69
GAAR,2018,3,-0.45,14.63,-24.07,0.01,4.57,69.71
GAAR,2018,4,11.81,30.02,-16.6,0.0,5.81,36.37
GAAR,2018,5,29.4,47.84,8.69,0.31,7.3,69.65
GAAR,2018,6,41.81,60.17,22.19,2.69,3.61,79.3
GAAR,2018,7,50.3,65.21,32.36,2.33,0.0,78.06
GAAR,2018,8,39.38,57.92,22.55,2.51,0.85,89.2
GAAR,2018,9,33.66,52.34,14.0,0.74,6.56,69.36
GAAR,2018,10,19.23,40.37,-23.44,0.01,10.8,66.57
GAAR,2018,11,-0.06,19.4,-25.42,0.01,3.28,70.21
GAAR,2018,12,-7.72,16.43,-28.3,0.03,12.81,83.86
GAAR,2019,1,-10.14,20.21,-41.89,0.01,5.35,68.22
GAAR,2019,2,-3.3,21.92,-21.1,0.0,11.02,74.53
GAAR,2019,3,9.46,26.51,-15.07,0.02,10.94,85.75
GAAR,2019,4,12.2,34.79,-9.94,0.01,6.23,59.73
GAAR,2019,5,32.18,53.06,6.35,0.56,6.26,65.77
GAAR,2019,6,48.83,67.73,29.3,1.91,0.0,53.79
GAAR,2019,7,54.61,77.0,38.75,2.28,0.0,66.03
GAAR,2019,8,40.96,54.5,27.32,2.28,1.13,76.88
GAAR,2019,9,33.47,49.37,19.58,0.66,6.97,80.81
GAAR,2019,10,12.94,31.91,-5.53,0.02,14.63,79.89
GAAR,2019,11,-7.62,13.64,-26.95,0.02,9.81,59.33
GAAR,2019,12,-14.24,20.21,-45.58,0.0,3.67,61.34
GAAR,2020,1,-24.33,0.86,-44.5,0.0,2.48,54.61
GAAR,2020,2,-20.51,2.39,-37.21,0.01,5.43,66.25
GAAR,2020,3,-7.61,20.48,-33.16,0.01,6.15,56.22
GAAR,2020,4,10.9,30.47,-10.48,0.0,10.75,65.23
GAAR,2020,5,33.88,59.0,2.21,0.5,0.0,42.32
GAAR,2020,6,46.69,62.96,31.91,3.89,0.55,62.77
GAAR,2020,7,46.62,64.22,30.92,2.1,0.03,73.54
GAAR,2020,8,47.16,58.91,31.46,1.36,0.0,78.56
GAAR,2020,9,31.75,45.68,18.14,0.96,8.3,87.04
GAAR,2020,10,15.61,40.55,-9.13,0.19,2.78,70.56
GAAR,2020,11,-0.99,22.73,-19.84,0.01,5.15,75.33
GAAR,2020,12,-7.95,18.32,-32.26,0.0,6.26,72.86
GAAR,2021,1,-8.82,16.7,-34.87,0.0,3.11,79.05
GAAR,2021,2,-24.29,4.1,-37.57,0.0,1.21,36.46
GAAR,2021,3,-8.09,15.35,-28.12,0.01,4.71,59.97
GAAR,2021,4,8.65,34.7,-33.61,0.01,5.35,59.49
GAAR,2021,5,28.79,49.91,6.98,0.37,5.04,57.82
GAAR,2021,6,46.44,63.23,20.75,2.86,4.52,73.83
GAAR,2021,7,48.58,64.94,36.77,3.77,0.0,78.65
GAAR,2021,8,40.5,67.55,24.17,1.75,3.69,87.66
GAAR,2021,9,29.78,48.92,9.95,1.23,4.02,75.22
GAAR,2021,10,15.36,27.41,2.12,0.01,9.31,90.13
GAAR,2021,11,-14.4,25.61,-35.23,0.01,4.74,64.36
GAAR,2021,12,-15.34,22.82,-35.68,0.0,15.46,79.04
GAAR,2022,1,-16.86,19.04,-38.11,0.0,3.31,59.26
GAAR,2022,2,-16.82,19.31,-42.52,0.0,3.14,55.36
GAAR,2022,3,-2.33,17.69,-26.5,0.01,3.31,43.75
GAAR,2022,4,12.46,36.68,-20.65,0.0,0.91,38.36
GAAR,2022,5,27.61,51.44,3.83,0.01,4.66,67.9
GAAR,2022,6,45.28,62.6,23.81,0.77,1.32,63.72
GAAR,2022,7,48.25,67.1,30.02,3.22,0.41,70.57
GAAR,2022,8,41.81,58.01,28.85,3.74,3.83,86.17
GAAR,2022,9,33.15,47.3,17.96,1.54,6.97,86.44
GAAR,2022,10,14.02,31.82,-11.47,0.0,6.45,86.36
GAAR,2022,11,0.39,19.49,-30.55,0.0,8.76,88.65
GAAR,2022,12,-8.21,21.47,-28.12,0.0,3.72,66.58
GAAR,2023,1,-9.95,7.16,-36.13,0.0,4.49,90.09
GAAR,2023,2,-15.46,14.09,-29.29,0.0,5.37,71.29
GAAR,2023,3,-3.73,19.58,-29.56,0.0,6.89,70.98
GAAR,2023,4,-1.13,31.1,-25.24,0.0,1.93,48.71
GAAR,2023,5,31.51,48.47,14.09,0.32,7.0,66.89
GAAR,2023,6,42.91,60.89,20.3,3.28,4.33,80.87
GAAR,2023,7,51.42,69.44,38.3,3.92,0.0,73.79
GAAR,2023,8,47.12,67.64,29.84,3.62,0.47,78.57
GAAR,2023,9,30.36,45.14,14.81,1.5,8.79,76.47
GAAR,2023,10,13.05,29.66,-6.88,0.0,7.94,78.44
GAAR,2023,11,2.18,22.01,-25.24,0.01,10.97,89.55
GAAR,2023,12,-11.89,11.93,-28.93,0.01,4.19,87.13
GAAR,2024,1,-16.87,12.92,-46.03,0.0,2.78,61.16
GAAR,2024,2,-5.34,25.16,-38.92,0.0,9.18,83.66
GAAR,2024,3,-3.47,25.7,-39.19,0.01,7.44,66.93
GAAR,2024,4,14.55,34.7,-21.1,0.0,6.56,74.48
GAAR,2024,5,27.74,53.06,-10.03,0.58,5.9,68.64
GAAR,2024,6,50.02,68.36,25.61,2.82,0.58,60.56
GAAR,2024,7,47.51,70.43,27.23,3.98,2.12,80.66
GAAR,2024,8,40.08,64.22,22.82,2.97,0.85,84.77
GAAR,2024,9,31.67,47.84,15.89,0.99,8.27,84.48
GAAR,2024,10,8.54,33.26,-20.47,0.01,7.91,82.31
GAAR,2024,11,-12.24,11.21,-34.33,0.02,3.78,77.14
GAAR,2024,12,-7.36,18.86,-40.0,0.01,5.87,63.82
GAAR,2025,1,-5.72,26.78,-45.31,0.01,18.44,78.38
GAAR,2025,2,-8.16,9.32,-34.15,0.01,3.47,65.91
GAAR,2025,3,0.49,23.9,-30.64,0.01,2.54,61.99
GAAR,2025,4,12.82,29.93,-19.39,0.0,9.78,80.84
GAAR,2025,5,25.83,40.19,5.36,0.01,3.36,60.0
GAAR,2025,6,46.77,67.46,18.32,2.13,3.25,55.42
GAAR,2025,7,50.79,72.86,25.7,2.78,0.0,65.43
GAAR,2025,8,42.64,62.06,24.53,4.44,2.56,84.19
GAAR,2025,9,28.04,45.86,6.26,1.48,8.43,86.2
GAAR,2025,10,10.7,36.86,-22.72,0.27,14.17,94.57
GAAR,2025,11,-2.84,18.68,-25.51,0.0,4.91,81.67
GAAR,2025,12,-26.2,7.79,-46.39,0.0,2.54,53.98
JEFF,2006,1,41.63,65.58,25.35,2.71,0.74,63.13
JEFF,2006,2,34.76,65.76,7.53,0.63,1.49,53.1
JEFF,2006,3,46.62,78.27,22.65,3.54,4.19,64.76
JEFF,2006,4,61.7,89.61,34.08,3.78,0.0,50.48
JEFF,2006,5,65.59,91.5,44.79,2.72,0.0,60.68
JEFF,2006,6,75.54,94.11,57.75,3.97,0.0,47.24
JEFF,2006,7,80.56,98.25,60.72,3.11,0.0,43.94
JEFF,2006,8,79.9,99.24,63.33,2.37,0.0,49.96
JEFF,2006,9,67.32,86.82,45.15,1.68,0.0,50.25
JEFF,2006,10,55.52,91.77,30.03,5.31,0.0,51.73
JEFF,2006,11,46.53,72.06,27.06,4.74,0.0,61.65
JEFF,2006,12,39.19,63.33,3.48,2.21,3.64,57.81
JEFF,2007,1,34.01,57.12,12.93,3.14,3.47,62.86
JEFF,2007,2,28.86,60.27,2.49,1.88,5.4,59.59
JEFF,2007,3,53.19,79.26,22.56,2.57,0.11,64.4
JEFF,2007,4,53.47,85.83,24.27,3.53,0.33,45.95
JEFF,2007,5,69.9,87.0,43.62,3.09,0.0,57.43
JEFF,2007,6,76.73,93.93,57.48,2.27,0.0,50.39
JEFF,2007,7,78.51,96.27,61.44,1.02,0.0,42.85
JEFF,2007,8,84.27,103.47,63.78,2.35,0.0,37.74
JEFF,2007,9,73.1,92.22,49.74,2.06,0.0,40.43
JEFF,2007,10,62.75,87.81,37.86,3.04,0.0,38.65
JEFF,2007,11,46.39,71.88,27.06,1.94,0.0,42.16
JEFF,2007,12,35.02,63.69,7.62,2.09,6.48,71.96
JEFF,2008,1,32.61,69.36,7.53,1.76,2.59,54.86
JEFF,2008,2,32.02,65.76,15.09,2.89,5.68,67.27
JEFF,2008,3,43.08,72.78,12.84,9.03,4.91,66.58
JEFF,2008,4,54.08,80.07,30.93,4.61,0.0,57.37
JEFF,2008,5,63.37,87.54,41.91,6.15,0.0,55.27
JEFF,2008,6,76.16,92.76,57.84,5.56,0.0,47.85
JEFF,2008,7,78.22,97.53,60.36,6.0,0.0,51.82
JEFF,2008,8,76.23,97.53,61.35,1.59,0.0,43.35
JEFF,2008,9,69.75,91.23,53.34,7.84,0.0,53.35
JEFF,2008,10,57.78,81.33,33.54,2.34,0.0,39.1
JEFF,2008,11,44.02,73.5,22.56,1.3,0.55,50.78
JEFF,2008,12,32.96,64.95,5.64,3.22,1.85,63.68
JEFF,2009,1,27.84,59.91,1.95,0.32,5.84,59.31
JEFF,2009,2,37.56,67.74,4.92,2.7,0.36,52.44
JEFF,2009,3,48.54,77.73,19.95,2.89,1.13,58.62
JEFF,2009,4,55.36,83.13,31.29,5.91,0.17,61.85
JEFF,2009,5,65.86,85.11,45.06,4.54,0.0,60.14
JEFF,2009,6,76.35,95.64,51.81,4.79,0.0,55.17
JEFF,2009,7,73.98,89.52,57.93,4.3,0.0,53.7
JEFF,2009,8,75.44,93.75,56.76,2.19,0.0,50.83
JEFF,2009,9,69.46,83.67,48.48,2.95,0.0,52.27
JEFF,2009,10,53.29,72.69,35.52,11.02,0.0,67.82
JEFF,2009,11,50.76,73.59,29.76,3.89,0.0,58.21
JEFF,2009,12,32.89,56.22,12.75,4.53,2.23,70.94
JEFF,2010,1,26.89,53.34,0.42,1.22,3.25,69.64
JEFF,2010,2,29.58,53.61,12.03,0.91,8.05,63.22
JEFF,2010,3,46.97,78.63,24.27,3.42,0.0,59.68
JEFF,2010,4,62.28,83.04,40.38,3.79,0.0,53.6
JEFF,2010,5,67.29,87.81,40.92,6.09,0.0,50.48
JEFF,2010,6,79.35,96.0,63.6,3.58,0.0,52.98
JEFF,2010,7,81.5,95.64,60.27,4.15,0.0,50.29
JEFF,2010,8,82.11,101.67,60.63,1.13,0.0,31.73
JEFF,2010,9,71.03,91.05,48.84,4.6,0.0,46.93
JEFF,2010,10,61.07,85.74,35.25,0.93,0.0,27.92
JEFF,2010,11,48.1,75.21,25.89,3.94,0.66,42.92
JEFF,2010,12,30.06,61.35,2.94,1.26,3.03,72.18
JEFF,2011,1,27.39,47.13,-3.72,0.43,5.46,65.95
JEFF,2011,2,35.45,70.62,-1.83,3.11,6.75,63.61
JEFF,2011,3,46.09,79.62,25.44,2.88,6.61,72.34
JEFF,2011,4,59.53,86.91,34.44,6.85,0.0,63.15
JEFF,2011,5,65.51,89.34,40.47,6.78,0.0,67.53
JEFF,2011,6,77.86,94.92,60.72,5.18,0.0,51.48
JEFF,2011,7,83.69,99.24,68.1,2.57,0.0,39.69
JEFF,2011,8,80.11,101.49,61.8,1.94,0.0,37.71
JEFF,2011,9,66.79,99.33,48.39,5.19,0.0,44.53
JEFF,2011,10,58.72,81.69,37.5,1.99,0.0,36.81
JEFF,2011,11,49.79,75.48,25.98,5.25,0.0,64.53
JEFF,2011,12,39.17,59.19,24.09,2.68,3.78,62.0
JEFF,2012,1,36.27,65.67,15.27,2.34,1.3,51.55
JEFF,2012,2,40.15,65.94,18.42,1.61,1.9,61.39
JEFF,2012,3,59.05,80.16,25.98,2.98,0.03,53.35
JEFF,2012,4,60.2,87.72,36.51,3.67,0.0,51.18
JEFF,2012,5,72.57,96.72,51.27,2.5,0.0,41.2
JEFF,2012,6,78.35,106.35,51.54,0.35,0.0,33.98
JEFF,2012,7,87.16,104.46,70.98,0.76,0.0,35.02
JEFF,2012,8,79.0,98.88,60.18,3.45,0.0,41.29
JEFF,2012,9,68.47,91.05,44.79,5.58,0.0,47.16
JEFF,2012,10,56.15,81.42,34.62,4.01,0.0,46.35
JEFF,2012,11,44.61,74.22,25.35,1.69,0.03,47.06
JEFF,2012,12,40.59,72.15,18.96,2.03,3.64,66.77
JEFF,2013,1,34.04,64.5,14.1,3.81,0.36,57.28
JEFF,2013,2,34.71,55.14,8.7,1.93,5.98,59.61
JEFF,2013,3,38.97,70.8,21.84,1.69,10.11,70.74
JEFF,2013,4,54.25,83.76,27.42,3.31,0.0,64.38
JEFF,2013,5,66.06,87.45,39.84,5.89,0.0,64.1
JEFF,2013,6,74.7,94.02,51.18,3.72,0.0,61.48
JEFF,2013,7,76.74,94.56,58.65,2.19,0.0,45.22
JEFF,2013,8,77.21,101.76,57.48,0.87,0.0,49.43
JEFF,2013,9,73.5,97.71,51.63,1.61,0.0,37.6
JEFF,2013,10,58.49,86.1,29.76,2.72,0.0,46.0
JEFF,2013,11,42.64,71.16,18.69,1.6,0.06,47.61
JEFF,2013,12,31.29,65.94,5.91,2.01,6.34,58.1
JEFF,2014,1,26.61,54.6,-13.53,0.76,9.48,54.25
JEFF,2014,2,26.26,66.3,-9.75,1.15,5.57,60.71
JEFF,2014,3,39.99,75.21,4.74,1.37,3.42,54.19
JEFF,2014,4,56.23,79.08,31.83,5.77,0.0,63.42
JEFF,2014,5,67.13,87.27,41.64,3.53,0.0,63.42
JEFF,2014,6,75.5,90.51,52.89,6.21,0.0,64.83
JEFF,2014,7,74.15,92.58,57.93,2.12,0.0,48.18
JEFF,2014,8,77.46,95.01,59.91,3.39,0.0,52.46
JEFF,2014,9,68.53,93.03,45.51,2.73,0.0,50.89
JEFF,2014,10,58.34,84.57,37.23,5.39,0.0,53.84
JEFF,2014,11,39.05,67.47,14.19,2.37,2.18,58.0
JEFF,2014,12,37.08,59.82,16.53,2.31,0.63,75.52
JEFF,2015,1,31.15,56.58,3.75,1.98,0.28,58.09
JEFF,2015,2,25.52,63.6,-3.63,0.61,10.31,60.17
JEFF,2015,3,43.18,76.29,3.93,3.75,1.93,66.43
JEFF,2015,4,57.95,82.23,32.82,4.49,0.0,57.54
JEFF,2015,5,67.06,83.31,42.0,4.92,0.0,69.16
JEFF,2015,6,75.1,91.05,56.58,8.29,0.0,70.58
JEFF,2015,7,77.79,94.11,58.38,9.11,0.0,59.6
JEFF,2015,8,75.12,90.78,56.13,3.05,0.0,47.24
JEFF,2015,9,73.17,94.02,50.28,2.02,0.0,44.42
JEFF,2015,10,60.36,82.23,37.23,1.39,0.0,52.72
JEFF,2015,11,50.09,69.54,24.27,6.19,0.0,50.69
JEFF,2015,12,44.71,70.53,27.15,7.0,0.0,63.0
JEFF,2016,1,32.11,66.48,6.9,0.82,2.81,58.08
JEFF,2016,2,37.89,73.41,11.4,1.08,5.18,61.44
JEFF,2016,3,51.09,79.44,27.33,4.58,0.47,68.27
JEFF,2016,4,57.83,82.14,30.12,4.57,0.0,45.83
JEFF,2016,5,64.37,85.11,41.64,3.85,0.0,60.12
JEFF,2016,6,79.01,97.62,58.11,1.01,0.0,45.53
JEFF,2016,7,79.38,95.73,59.91,5.98,0.0,68.9
JEFF,2016,8,78.07,92.49,63.42,7.48,0.0,63.89
JEFF,2016,9,72.8,91.05,55.32,7.48,0.0,43.83
JEFF,2016,10,63.76,85.47,41.55,1.65,0.0,56.24
JEFF,2016,11,50.71,80.25,29.13,1.83,0.0,48.7
JEFF,2016,12,33.85,62.97,7.53,1.25,1.27,60.28
JEFF,2017,1,36.46,68.09,4.19,2.55,0.74,73.89
JEFF,2017,2,45.72,74.39,18.05,0.81,0.36,62.6
JEFF,2017,3,47.79,78.71,19.04,4.75,1.46,61.94
JEFF,2017,4,60.08,80.96,38.84,8.74,0.0,70.64
JEFF,2017,5,65.32,86.72,45.68,6.61,0.0,45.58
JEFF,2017,6,75.77,93.56,54.86,3.72,0.0,43.62
JEFF,2017,7,80.96,103.64,63.32,2.85,0.0,46.77
JEFF,2017,8,74.19,91.31,59.0,4.87,0.0,51.8
JEFF,2017,9,72.5,95.27,52.43,1.81,0.0,38.41
JEFF,2017,10,60.84,87.44,30.02,5.06,0.0,54.64
JEFF,2017,11,47.25,76.1,24.89,2.89,0.0,58.59
JEFF,2017,12,34.41,67.01,3.47,0.59,2.81,55.14
JEFF,2018,1,29.9,61.43,-5.08,1.27,0.96,55.07
JEFF,2018,2,37.72,77.63,7.7,6.39,1.76,72.15
JEFF,2018,3,42.64,65.66,24.26,7.49,0.66,67.64
JEFF,2018,4,48.63,77.63,23.81,3.43,3.03,59.45
JEFF,2018,5,73.15,91.67,50.45,4.24,0.0,64.41
JEFF,2018,6,78.52,96.71,60.35,4.34,0.0,60.27
JEFF,2018,7,78.73,95.0,61.52,3.6,0.0,39.77
JEFF,2018,8,77.28,91.67,58.46,6.33,0.0,50.9
JEFF,2018,9,72.83,91.4,51.89,15.02,0.0,40.74
JEFF,2018,10,58.64,87.62,33.98,3.52,0.0,53.95
JEFF,2018,11,38.26,61.07,18.77,3.47,5.15,60.62
JEFF,2018,12,37.85,65.48,16.88,5.03,0.83,67.21
JEFF,2019,1,30.85,64.31,-3.91,1.86,10.78,72.2
JEFF,2019,2,34.83,65.48,12.92,3.07,3.36,72.28
JEFF,2019,3,41.26,70.88,3.02,5.0,1.76,59.15
JEFF,2019,4,56.49,79.88,27.68,5.25,0.0,70.75
JEFF,2019,5,66.53,86.81,41.54,7.48,0.0,68.73
JEFF,2019,6,72.74,91.22,51.44,7.19,0.0,61.12
JEFF,2019,7,78.56,95.81,62.51,6.44,0.0,49.08
JEFF,2019,8,76.49,95.36,62.6,8.86,0.0,54.65
JEFF,2019,9,75.67,92.57,58.55,3.7,0.0,46.08
JEFF,2019,10,56.61,91.85,30.11,4.67,0.11,47.76
JEFF,2019,11,40.49,64.58,12.11,2.73,1.71,53.61
JEFF,2019,12,37.8,67.28,13.73,1.58,8.19,58.03
JEFF,2020,1,35.06,60.44,13.64,7.25,4.66,67.1
JEFF,2020,2,35.7,66.29,5.27,2.71,5.13,67.55
JEFF,2020,3,48.87,80.42,27.14,7.28,0.44,73.0
JEFF,2020,4,53.06,85.01,30.29,5.27,0.0,57.36
JEFF,2020,5,63.2,86.18,36.05,4.86,0.0,65.69
JEFF,2020,6,76.21,93.11,57.92,4.22,0.0,43.96
JEFF,2020,7,79.35,95.0,67.55,12.45,0.0,53.46
JEFF,2020,8,74.63,94.01,59.45,7.01,0.0,42.75
JEFF,2020,9,68.9,87.35,48.11,1.74,0.0,44.61
JEFF,2020,10,55.58,83.12,36.23,5.13,0.0,49.78
JEFF,2020,11,49.68,74.75,28.85,4.48,0.06,41.14
JEFF,2020,12,36.2,60.89,10.76,1.56,0.39,51.68
JEFF,2021,1,33.26,52.52,13.55,3.02,3.47,68.74
JEFF,2021,2,26.07,64.67,-4.36,1.21,6.45,62.36
JEFF,2021,3,49.52,75.83,25.79,4.75,0.0,54.36
JEFF,2021,4,54.85,81.5,26.24,4.5,1.13,49.73
JEFF,2021,5,63.1,84.65,39.65,4.63,0.0,73.52
JEFF,2021,6,76.38,101.48,55.4,5.87,0.0,56.81
JEFF,2021,7,77.35,98.96,61.52,7.29,0.0,47.34
JEFF,2021,8,78.89,97.25,61.34,3.79,0.0,50.83
JEFF,2021,9,72.59,92.84,49.28,4.58,0.0,35.83
JEFF,2021,10,62.05,85.82,41.54,7.31,0.0,58.97
JEFF,2021,11,44.82,71.33,21.74,0.89,0.25,53.45
JEFF,2021,12,45.03,68.63,22.91,3.39,0.08,55.84
JEFF,2022,1,28.3,57.47,7.07,1.48,2.59,58.2
JEFF,2022,2,32.26,64.31,-0.13,2.67,7.99,50.38
JEFF,2022,3,46.55,75.47,14.18,4.77,0.55,61.0
JEFF,2022,4,54.25,81.41,29.21,6.21,0.19,68.98
JEFF,2022,5,67.23,90.14,45.68,6.41,0.0,67.72
JEFF,2022,6,76.74,99.23,53.42,4.22,0.0,48.39
JEFF,2022,7,79.61,98.96,65.03,7.85,0.0,51.43
JEFF,2022,8,76.62,94.91,61.7,3.79,0.0,43.29
JEFF,2022,9,69.34,96.35,45.41,4.46,0.0,35.35
JEFF,2022,10,56.65,79.97,31.1,3.9,0.0,37.32
JEFF,2022,11,44.82,77.0,18.32,1.89,1.1,48.11
JEFF,2022,12,34.45,63.59,-5.35,2.61,1.16,74.29
JEFF,2023,1,38.06,69.17,12.11,2.17,4.44,73.95
JEFF,2023,2,41.48,69.44,13.91,2.23,0.0,58.09
JEFF,2023,3,44.24,73.04,20.3,8.2,0.61,67.17
JEFF,2023,4,56.46,82.76,32.27,2.27,0.0,56.9
JEFF,2023,5,67.3,89.6,41.72,5.7,0.0,53.73
JEFF,2023,6,74.96,95.18,54.23,3.74,0.0,37.86
JEFF,2023,7,79.4,99.95,62.78,6.02,0.0,48.46
JEFF,2023,8,76.72,100.31,57.47,7.04,0.0,49.82
JEFF,2023,9,71.11,91.85,52.88,1.13,0.0,37.47
JEFF,2023,10,59.11,85.73,28.58,2.57,0.0,40.83
JEFF,2023,11,47.31,80.78,22.91,1.19,0.17,44.84
JEFF,2023,12,42.1,64.58,21.92,2.97,2.23,64.98
JEFF,2024,1,29.5,49.91,-6.61,4.67,3.39,71.74
JEFF,2024,2,43.34,80.96,15.08,0.18,2.37,44.5
JEFF,2024,3,50.47,78.53,26.6,3.59,0.83,51.44
JEFF,2024,4,58.93,84.83,33.17,4.96,0.0,55.31
JEFF,2024,5,68.96,89.24,52.34,5.56,0.0,50.99
JEFF,2024,6,77.25,101.57,54.86,2.79,0.0,43.24
JEFF,2024,7,76.97,95.54,59.0,6.91,0.0,48.1
JEFF,2024,8,76.5,95.9,54.5,2.12,0.0,45.77
JEFF,2024,9,71.04,90.14,49.82,4.83,0.0,47.01
JEFF,2024,10,61.08,86.81,36.68,0.39,0.0,20.38
JEFF,2024,11,49.49,72.95,25.43,6.22,1.52,56.07
JEFF,2024,12,39.09,62.87,15.17,3.28,0.22,62.45
JEFF,2025,1,26.63,54.68,0.86,0.73,7.85,52.18
JEFF,2025,2,32.88,70.16,-1.03,0.99,4.77,60.78
JEFF,2025,3,51.49,80.96,24.98,2.8,0.77,52.52
JEFF,2025,4,57.56,82.58,32.81,9.89,0.0,68.28
JEFF,2025,5,64.2,87.89,47.03,6.06,0.0,60.22
JEFF,2025,6,77.04,97.88,59.54,6.54,0.0,55.94
JEFF,2025,7,81.54,97.61,68.36,4.2,0.0,51.49
JEFF,2025,8,77.39,97.34,58.37,0.8,0.0,40.73
JEFF,2025,9,72.92,95.36,52.43,2.27,0.0,41.79
JEFF,2025,10,62.14,86.27,39.74,2.87,0.0,41.64
JEFF,2025,11,47.48,77.18,23.36,1.87,3.58,55.86
JEFF,2025,12,36.32,74.21,6.71,0.51,1.43,64.7
GLBA,2006,1,16.11,26.92,2.79,0.15,84.39,87.28
GLBA,2006,2,16.74,35.64,-0.08,0.79,67.3,70.27
GLBA,2006,3,12.68,30.52,-12.33,0.02,45.56,59.64
GLBA,2006,4,24.63,34.74,13.41,2.3,101.5,86.31
GLBA,2006,5,31.61,47.8,17.83,4.16,80.28,78.95
GLBA,2006,6,38.61,48.7,26.38,9.09,7.63,86.39
GLBA,2006,7,40.12,51.22,28.8,7.82,0.0,80.78
GLBA,2006,8,38.04,46.72,29.98,16.33,0.22,96.91
GLBA,2006,9,36.54,47.44,26.46,16.27,8.87,86.12
GLBA,2006,10,29.08,39.78,10.36,11.72,45.72,85.49
GLBA,2006,11,5.01,19.72,-6.47,0.0,36.96,54.89
GLBA,2006,12,21.65,29.44,6.48,2.52,223.31,93.25
GLBA,2007,1,19.23,42.22,-3.42,0.84,129.2,80.33
GLBA,2007,2,14.78,39.24,-6.83,0.12,32.22,70.49
GLBA,2007,3,12.98,25.74,-10.17,0.11,104.56,82.92
GLBA,2007,4,24.85,33.76,11.7,2.93,89.84,68.87
GLBA,2007,5,31.58,41.5,23.58,4.8,36.16,84.96
GLBA,2007,6,39.28,51.94,29.98,3.37,2.12,85.98
GLBA,2007,7,39.49,47.16,28.26,10.2,0.19,91.0
GLBA,2007,8,40.2,51.75,26.38,4.32,0.03,73.69
GLBA,2007,9,35.72,43.84,24.22,13.84,17.61,86.04
GLBA,2007,10,27.4,33.66,15.4,5.59,94.8,88.7
GLBA,2007,11,21.09,28.36,7.02,1.82,109.02,81.47
GLBA,2007,12,15.26,26.82,-16.28,0.2,89.81,80.14
GLBA,2008,1,14.66,28.26,-11.42,0.59,99.02,80.72
GLBA,2008,2,14.69,32.4,-12.33,1.42,112.33,89.57
GLBA,2008,3,20.07,27.28,6.58,0.64,106.76,86.51
GLBA,2008,4,25.21,40.86,12.6,2.43,60.11,72.59
GLBA,2008,5,32.59,47.08,19.72,3.84,54.62,76.54
GLBA,2008,6,35.34,43.2,26.46,5.68,12.32,89.08
GLBA,2008,7,38.41,51.3,28.18,16.4,9.7,91.11
GLBA,2008,8,38.48,49.42,26.28,14.39,0.39,86.06
GLBA,2008,9,35.47,42.66,21.24,17.92,11.77,95.63
GLBA,2008,10,26.51,40.86,10.9,11.69,145.24,92.8
GLBA,2008,11,21.33,31.32,5.94,2.6,132.12,87.2
GLBA,2008,12,12.85,28.54,-0.53,0.58,56.91,63.74
GLBA,2009,1,15.0,34.47,-7.11,3.21,92.85,87.45
GLBA,2009,2,13.82,24.22,0.63,0.02,52.56,67.24
GLBA,2009,3,15.44,24.66,-4.14,0.01,67.27,83.25
GLBA,2009,4,26.04,43.56,6.48,0.43,57.79,71.02
GLBA,2009,5,34.18,47.62,18.19,2.57,5.18,66.26
GLBA,2009,6,39.8,52.38,26.92,3.67,4.55,74.81
GLBA,2009,7,43.85,57.06,29.26,4.72,0.0,67.09
GLBA,2009,8,40.39,53.1,30.24,22.26,0.44,84.86
GLBA,2009,9,36.11,48.7,26.64,21.15,33.37,89.71
GLBA,2009,10,29.11,38.26,19.72,7.81,62.04,83.24
GLBA,2009,11,20.25,28.08,8.2,2.07,155.46,89.39
GLBA,2009,12,18.21,32.13,2.98,1.84,93.84,63.12
GLBA,2010,1,22.18,30.42,4.33,1.78,123.27,89.72
GLBA,2010,2,25.44,43.92,14.04,1.81,93.48,77.64
GLBA,2010,3,21.92,28.08,11.08,1.11,175.36,88.39
GLBA,2010,4,25.89,41.22,11.25,2.56,43.98,73.27
GLBA,2010,5,35.28,53.64,17.28,2.09,10.22,64.99
GLBA,2010,6,37.08,46.9,25.2,9.79,15.07,78.12
GLBA,2010,7,38.1,46.8,29.34,8.67,0.55,89.49
GLBA,2010,8,40.11,58.06,30.7,6.42,0.14,79.62
GLBA,2010,9,36.89,48.42,15.58,8.76,22.43,62.49
GLBA,2010,10,27.67,40.5,13.5,8.5,122.22,89.78
GLBA,2010,11,20.87,32.58,4.05,3.25,126.61,80.8
GLBA,2010,12,14.3,30.88,2.61,0.55,77.39,73.67
GLBA,2011,1,15.38,28.0,-21.32,1.41,85.98,63.77
GLBA,2011,2,13.05,28.44,-9.89,1.39,87.2,63.0
GLBA,2011,3,14.11,31.68,-8.01,0.28,42.47,61.78
GLBA,2011,4,25.11,34.38,17.1,0.71,60.49,76.21
GLBA,2011,5,34.1,53.64,22.32,2.87,18.8,75.47
GLBA,2011,6,37.69,46.44,29.26,3.83,0.41,85.6
GLBA,2011,7,39.33,50.22,29.44,7.48,1.79,78.74
GLBA,2011,8,37.65,43.2,28.54,19.59,5.15,90.97
GLBA,2011,9,34.86,48.78,24.58,22.62,33.46,89.78
GLBA,2011,10,28.45,35.1,20.35,6.87,96.4,92.35
GLBA,2011,11,14.97,29.7,-3.51,0.91,122.58,79.31
GLBA,2011,12,21.53,31.32,9.27,3.15,161.06,84.4
GLBA,2012,1,11.89,27.64,-8.54,0.74,129.69,75.02
GLBA,2012,2,22.33,33.3,7.92,1.3,111.59,87.06
GLBA,2012,3,19.03,32.4,5.94,0.34,75.76,81.98
GLBA,2012,4,27.73,37.08,12.6,1.46,40.87,75.51
GLBA,2012,5,29.44,40.32,21.24,6.22,105.11,91.48
GLBA,2012,6,37.61,59.94,23.58,7.95,6.53,86.35
GLBA,2012,7,38.49,48.6,28.72,7.56,2.67,91.04
GLBA,2012,8,39.01,51.04,24.48,10.53,0.0,83.98
GLBA,2012,9,35.9,47.08,25.66,14.21,27.89,90.95
GLBA,2012,10,23.9,42.58,3.6,2.61,46.24,58.47
GLBA,2012,11,19.06,30.6,-0.81,0.81,71.41,91.34
GLBA,2012,12,12.46,26.92,-6.39,0.55,79.59,84.72
GLBA,2013,1,21.66,32.31,-9.54,2.28,88.63,91.55
GLBA,2013,2,22.75,28.18,14.13,1.8,145.35,90.64
GLBA,2013,3,16.22,28.26,3.6,0.65,47.81,74.86
GLBA,2013,4,21.98,31.6,11.52,1.57,63.03,66.96
GLBA,2013,5,35.27,54.64,18.99,6.55,41.01,71.88
GLBA,2013,6,42.24,58.24,30.34,3.82,6.17,73.7
GLBA,2013,7,40.71,52.2,28.54,7.63,0.03,82.41
GLBA,2013,8,41.33,51.75,29.8,9.48,0.0,77.22
GLBA,2013,9,37.55,46.98,22.5,23.61,23.18,92.7
GLBA,2013,10,32.49,38.53,21.88,13.34,41.7,88.14
GLBA,2013,11,17.85,30.24,-4.86,2.06,74.05,76.22
GLBA,2013,12,18.12,30.34,-2.61,1.39,101.39,76.09
GLBA,2014,1,26.47,41.58,14.58,5.39,99.9,77.76
GLBA,2014,2,11.35,31.6,-7.02,0.1,33.68,37.28
GLBA,2014,3,17.56,26.64,-4.67,0.39,49.47,47.26
GLBA,2014,4,25.89,39.42,12.6,1.75,45.47,74.77
GLBA,2014,5,38.04,51.22,24.3,3.39,6.7,62.91
GLBA,2014,6,37.05,47.88,29.98,12.1,15.96,87.24
GLBA,2014,7,40.08,50.04,31.68,15.17,0.03,85.33
GLBA,2014,8,40.39,49.96,29.62,17.99,0.0,83.65
GLBA,2014,9,37.05,44.1,25.38,18.02,0.39,85.32
GLBA,2014,10,29.21,40.5,16.48,13.79,55.42,80.56
GLBA,2014,11,22.66,32.58,4.77,2.38,52.2,72.46
GLBA,2014,12,22.69,31.5,7.3,3.77,88.22,88.19
GLBA,2015,1,23.64,34.03,6.66,6.42,141.96,81.19
GLBA,2015,2,20.06,32.5,-18.89,3.59,47.32,71.14
GLBA,2015,3,22.81,32.76,4.24,1.58,76.04,78.56
GLBA,2015,4,26.12,35.1,14.58,3.5,106.02,79.42
GLBA,2015,5,39.16,56.8,17.2,0.76,1.02,47.61
GLBA,2015,6,40.13,54.72,30.6,6.8,9.26,80.08
GLBA,2015,7,40.51,55.18,27.64,15.08,1.35,88.38
GLBA,2015,8,40.21,56.8,27.9,16.39,2.31,77.69
GLBA,2015,9,35.23,43.2,22.69,14.9,14.88,81.04
GLBA,2015,10,31.66,41.58,15.84,13.2,40.35,83.26
GLBA,2015,11,21.5,30.6,6.3,4.05,148.35,84.04
GLBA,2015,12,20.02,28.08,2.61,0.61,106.07,88.54
GLBA,2016,1,24.9,29.62,14.04,4.68,156.09,85.1
GLBA,2016,2,23.72,33.12,11.44,3.29,116.24,87.59
GLBA,2016,3,26.54,47.25,16.02,2.22,52.39,83.12
GLBA,2016,4,29.31,42.84,19.26,6.2,65.43,91.6
GLBA,2016,5,36.35,50.86,21.34,4.98,37.92,63.78
GLBA,2016,6,39.16,53.02,24.84,8.84,2.84,82.78
GLBA,2016,7,41.2,54.0,31.96,10.31,0.0,90.44
GLBA,2016,8,41.18,53.1,29.44,13.5,0.0,87.23
GLBA,2016,9,36.4,45.54,23.22,14.14,9.98,73.35
GLBA,2016,10,25.25,34.03,12.06,1.54,27.94,50.36
GLBA,2016,11,22.74,33.84,5.67,7.14,137.82,81.2
GLBA,2016,12,15.61,31.61,0.63,0.32,102.6,66.16
GLBA,2017,1,22.28,39.8,-0.88,0.13,162.74,62.19
GLBA,2017,2,20.28,33.77,4.16,2.89,60.3,49.09
GLBA,2017,3,14.26,28.46,-9.88,0.0,82.87,72.19
GLBA,2017,4,30.54,41.6,19.01,0.88,32.93,69.28
GLBA,2017,5,35.64,52.13,25.85,6.83,25.0,73.07
GLBA,2017,6,40.03,62.21,29.9,8.3,0.96,86.42
GLBA,2017,7,43.67,56.0,35.84,4.78,0.0,94.43
GLBA,2017,8,44.79,62.75,31.61,13.2,0.0,80.62
GLBA,2017,9,40.28,54.65,29.45,16.68,0.0,79.84
GLBA,2017,10,31.44,47.27,18.74,10.7,42.52,77.75
GLBA,2017,11,18.66,34.85,3.71,0.01,44.45,60.0
GLBA,2017,12,23.65,36.74,1.91,6.03,111.48,61.52
GLBA,2018,1,21.52,42.32,-0.97,4.06,94.56,77.05
GLBA,2018,2,16.57,29.36,-1.15,0.0,23.31,59.47
GLBA,2018,3,21.95,43.04,2.99,0.97,48.97,68.28
GLBA,2018,4,26.71,39.89,8.66,1.66,68.46,74.2
GLBA,2018,5,34.36,49.43,25.31,8.8,36.24,82.43
GLBA,2018,6,40.59,62.66,30.8,4.92,0.06,86.63
GLBA,2018,7,48.24,63.83,32.69,3.17,0.0,56.42
GLBA,2018,8,43.78,53.48,30.62,16.72,0.0,85.96
GLBA,2018,9,42.37,52.94,30.08,2.04,0.0,46.22
GLBA,2018,10,33.61,47.18,23.42,23.5,25.35,86.37
GLBA,2018,11,27.26,36.02,17.03,5.43,102.35,83.77
GLBA,2018,12,23.5,30.53,14.87,0.43,175.25,89.06
GLBA,2019,1,22.6,35.57,1.37,1.63,52.78,71.89
GLBA,2019,2,17.48,38.18,-5.38,0.02,15.27,42.97
GLBA,2019,3,28.72,46.28,15.05,5.08,83.23,55.45
GLBA,2019,4,28.92,46.01,16.94,0.23,123.99,74.98
GLBA,2019,5,37.6,52.49,26.21,3.28,6.12,81.97
GLBA,2019,6,45.26,66.17,33.68,5.57,0.06,70.45
GLBA,2019,7,50.54,69.77,33.86,4.46,0.0,64.9
GLBA,2019,8,46.87,61.58,30.62,4.25,0.0,55.51
GLBA,2019,9,41.92,58.43,25.22,11.37,0.94,64.96
GLBA,2019,10,30.13,42.23,19.73,7.75,51.67,74.58
GLBA,2019,11,27.24,37.46,10.64,11.93,67.77,87.54
GLBA,2019,12,24.64,33.68,16.67,0.61,173.07,96.6
GLBA,2020,1,14.35,30.53,-14.92,0.03,85.87,68.84
GLBA,2020,2,20.37,28.64,4.07,0.02,134.49,90.34
GLBA,2020,3,20.02,35.3,3.53,0.06,40.93,61.25
GLBA,2020,4,26.89,41.78,11.99,0.67,82.21,73.77
GLBA,2020,5,38.2,54.83,27.11,5.1,8.35,69.35
GLBA,2020,6,40.18,50.6,30.17,7.36,0.69,82.24
GLBA,2020,7,45.67,62.57,35.84,9.68,0.0,70.72
GLBA,2020,8,43.19,55.55,30.98,17.91,0.0,86.93
GLBA,2020,9,39.72,51.05,28.55,12.93,7.36,75.08
GLBA,2020,10,28.69,44.57,8.66,9.98,44.62,78.36
GLBA,2020,11,21.05,37.28,5.15,0.02,127.38,81.52
GLBA,2020,12,25.57,37.37,16.13,7.07,184.84,90.81
GLBA,2021,1,22.5,31.25,2.18,0.35,175.41,82.99
GLBA,2021,2,13.78,29.09,-14.38,0.01,67.08,62.28
GLBA,2021,3,18.51,28.64,0.92,0.04,68.48,82.87
GLBA,2021,4,28.17,47.99,7.13,0.52,57.82,60.81
GLBA,2021,5,32.54,42.59,26.66,6.78,28.41,88.92
GLBA,2021,6,43.48,60.5,30.98,4.82,0.0,69.49
GLBA,2021,7,45.47,61.22,34.76,4.76,0.0,70.46
GLBA,2021,8,44.62,57.62,35.21,12.24,0.0,75.84
GLBA,2021,9,38.16,49.79,28.01,18.3,13.26,89.99
GLBA,2021,10,29.0,38.09,22.16,8.03,132.64,87.66
GLBA,2021,11,21.96,41.96,8.48,0.63,122.61,92.4
GLBA,2021,12,13.46,27.47,-5.83,0.0,47.04,79.58
GLBA,2022,1,17.73,29.54,-12.31,0.29,167.56,82.44
GLBA,2022,2,21.17,35.84,0.92,1.65,171.11,91.88
GLBA,2022,3,23.79,30.35,14.42,0.11,135.29,90.7
GLBA,2022,4,25.63,38.54,8.03,0.07,76.72,67.22
GLBA,2022,5,34.5,54.11,21.89,0.46,47.73,53.7
GLBA,2022,6,45.27,64.91,28.37,3.76,0.0,68.89
GLBA,2022,7,45.53,65.36,35.75,8.13,0.0,83.91
GLBA,2022,8,44.36,57.44,30.35,10.56,0.0,88.12
GLBA,2022,9,38.64,48.08,24.77,25.17,2.26,88.18
GLBA,2022,10,33.5,49.7,18.38,18.54,68.43,94.61
GLBA,2022,11,21.38,38.9,-2.68,1.56,129.09,71.41
GLBA,2022,12,15.89,31.34,-2.95,0.02,105.99,76.62
GLBA,2023,1,25.97,37.64,13.07,1.74,157.22,87.93
GLBA,2023,2,18.12,28.46,-4.03,0.03,82.1,80.76
GLBA,2023,3,19.12,34.13,1.55,0.07,132.56,69.82
GLBA,2023,4,26.78,41.96,13.61,0.8,86.01,82.54
GLBA,2023,5,35.4,59.42,22.52,6.75,40.07,78.14
GLBA,2023,6,40.55,57.08,25.22,6.64,4.91,87.58
GLBA,2023,7,47.8,65.63,34.22,1.21,0.0,67.22
GLBA,2023,8,46.74,57.26,35.03,5.73,0.0,69.17
GLBA,2023,9,38.91,50.96,28.1,25.65,0.08,93.14
GLBA,2023,10,32.46,45.2,14.69,21.81,14.8,79.0
GLBA,2023,11,26.52,39.53,9.38,5.87,129.0,89.31
GLBA,2023,12,24.22,32.33,13.97,1.91,269.0,94.08
GLBA,2024,1,18.21,33.5,-3.85,3.52,100.73,77.01
GLBA,2024,2,20.3,38.45,-6.19,0.85,46.0,75.71
GLBA,2024,3,23.35,37.64,-6.01,0.71,90.75,70.88
GLBA,2024,4,28.58,40.88,13.61,0.35,54.73,55.8
GLBA,2024,5,31.71,44.03,20.09,5.96,41.23,84.7
GLBA,2024,6,42.28,58.16,26.21,5.52,0.08,76.6
GLBA,2024,7,43.76,57.98,33.68,7.16,0.0,93.27
GLBA,2024,8,45.33,61.94,33.14,4.97,0.0,69.54
GLBA,2024,9,38.23,45.38,20.63,14.24,2.89,89.56
GLBA,2024,10,28.6,39.62,13.43,9.02,87.56,87.4
GLBA,2024,11,19.54,36.11,-0.97,0.5,83.37,72.67
GLBA,2024,12,21.84,35.21,7.04,5.51,129.11,81.63
GLBA,2025,1,20.57,33.95,-1.06,2.05,135.78,85.55
GLBA,2025,2,17.32,31.07,-1.6,0.19,74.11,66.8
GLBA,2025,3,23.33,35.48,6.14,0.21,79.48,78.89
GLBA,2025,4,27.46,33.86,21.35,1.87,131.37,90.44
GLBA,2025,5,30.44,40.88,23.69,9.36,68.32,90.64
GLBA,2025,6,36.59,46.55,29.72,5.37,0.0,80.98
GLBA,2025,7,40.98,51.5,31.79,3.43,0.0,75.17
GLBA,2025,8,41.76,50.24,32.24,3.96,0.0,76.91
GLBA,2025,9,37.92,52.13,28.73,22.81,2.62,84.95
GLBA,2025,10,29.15,40.25,17.93,10.81,105.83,87.23
GLBA,2025,11,23.93,32.15,14.51,1.96,167.42,95.61
GLBA,2025,12,3.79,28.64,-20.68,0.24,130.24,64.83
GLAC,2006,1,21.88,33.2,10.07,0.02,35.66,85.03
GLAC,2006,2,13.51,35.54,-28.72,0.14,21.58,72.84
GLAC,2006,3,21.74,41.12,-4.06,0.16,9.89,83.48
GLAC,2006,4,32.89,51.38,14.21,0.9,12.37,66.79
GLAC,2006,5,40.47,65.87,21.5,0.85,10.53,59.65
GLAC,2006,6,51.19,75.77,34.73,4.43,0.25,60.88
GLAC,2006,7,62.31,83.96,42.02,0.4,0.0,25.32
GLAC,2006,8,57.11,80.45,36.44,1.57,0.0,36.68
GLAC,2006,9,48.9,75.77,27.44,1.67,2.78,48.62
GLAC,2006,10,33.1,57.32,-1.0,0.42,11.46,65.08
GLAC,2006,11,19.64,43.01,-19.09,2.39,29.98,86.33
GLAC,2006,12,16.46,30.23,-1.81,0.02,16.95,79.13
GLAC,2007,1,12.38,31.67,-13.42,0.01,17.78,72.39
GLAC,2007,2,15.64,32.3,-5.14,0.01,21.44,87.96
GLAC,2007,3,27.87,43.82,4.04,1.33,11.08,73.31
GLAC,2007,4,30.48,49.49,8.63,0.2,15.1,71.17
GLAC,2007,5,39.93,64.52,22.4,1.2,16.29,59.04
GLAC,2007,6,50.0,78.11,31.76,2.34,0.11,56.0
GLAC,2007,7,65.8,86.84,41.75,0.15,0.0,26.76
GLAC,2007,8,57.17,80.27,38.51,0.69,0.0,32.32
GLAC,2007,9,45.32,71.27,24.83,1.72,6.81,48.7
GLAC,2007,10,34.22,58.22,18.98,0.75,10.39,62.79
GLAC,2007,11,21.7,41.93,-9.91,0.43,13.45,78.02
GLAC,2007,12,13.82,33.65,-5.68,0.13,29.71,82.78
GLAC,2008,1,10.77,28.52,-20.17,0.01,30.51,84.8
GLAC,2008,2,19.07,35.9,-0.55,0.01,22.38,78.4
GLAC,2008,3,20.86,35.54,6.02,0.02,18.11,71.62
GLAC,2008,4,25.48,48.68,3.05,0.14,11.57,65.13
GLAC,2008,5,37.77,60.11,19.07,3.06,15.46,72.74
GLAC,2008,6,46.83,80.63,27.35,2.09,15.19,54.0
GLAC,2008,7,57.88,76.22,37.43,1.28,0.0,35.83
GLAC,2008,8,55.71,84.05,34.37,1.38,0.03,39.79
GLAC,2008,9,46.46,70.73,30.5,1.58,1.96,54.4
GLAC,2008,10,36.0,68.39,18.17,0.68,2.34,52.98
GLAC,2008,11,26.67,49.58,8.27,0.57,9.76,79.43
GLAC,2008,12,6.39,33.38,-26.56,0.0,26.65,87.58
GLAC,2009,1,13.33,31.49,-15.67,0.0,22.85,73.72
GLAC,2009,2,17.05,35.36,-5.77,0.02,16.84,78.69
GLAC,2009,3,17.85,45.53,-16.75,0.07,26.26,76.78
GLAC,2009,4,28.77,53.72,11.51,0.09,22.05,71.68
GLAC,2009,5,37.56,59.93,18.98,1.21,8.54,59.96
GLAC,2009,6,46.96,66.05,25.28,1.75,3.47,50.53
GLAC,2009,7,56.27,75.59,37.43,4.21,0.0,47.78
GLAC,2009,8,55.23,75.68,35.36,1.78,0.0,49.2
GLAC,2009,9,52.44,74.96,29.6,0.56,0.99,31.57
GLAC,2009,10,26.39,49.58,-5.68,0.89,22.19,85.52
GLAC,2009,11,24.31,42.11,11.06,0.18,15.57,68.62
GLAC,2009,12,6.6,30.59,-23.14,0.01,20.28,77.5
GLAC,2010,1,17.25,32.93,-9.55,0.0,12.43,82.58
GLAC,2010,2,21.8,35.63,-0.73,0.0,6.01,77.8
GLAC,2010,3,27.86,42.56,8.09,0.16,12.98,65.83
GLAC,2010,4,29.25,54.17,12.14,0.31,26.48,65.37
GLAC,2010,5,34.13,62.18,14.3,1.83,18.85,72.62
GLAC,2010,6,45.51,70.82,27.26,3.73,12.26,57.98
GLAC,2010,7,54.79,74.87,35.9,2.08,0.03,44.22
GLAC,2010,8,53.44,75.77,32.57,2.04,0.63,43.92
GLAC,2010,9,44.17,64.07,29.42,2.15,3.28,66.07
GLAC,2010,10,38.74,68.66,20.42,0.47,6.04,59.01
GLAC,2010,11,18.03,49.94,-20.26,0.31,22.87,78.23
GLAC,2010,12,14.55,31.85,-13.69,0.02,22.57,78.25
GLAC,2011,1,13.71,32.12,-19.54,0.07,32.41,82.93
GLAC,2011,2,7.75,35.36,-23.86,0.01,23.62,78.71
GLAC,2011,3,22.22,36.98,0.26,0.23,23.23,85.37
GLAC,2011,4,25.95,39.5,13.31,0.32,41.37,76.61
GLAC,2011,5,35.42,52.37,22.04,1.01,16.48,69.39
GLAC,2011,6,42.32,68.93,28.88,3.33,3.5,66.02
GLAC,2011,7,54.86,79.19,35.81,1.25,0.0,30.61
GLAC,2011,8,59.0,76.31,37.61,0.6,0.0,27.08
GLAC,2011,9,51.32,74.15,30.95,1.11,0.14,33.73
GLAC,2011,10,35.67,66.77,19.43,2.26,10.47,67.46
GLAC,2011,11,19.93,35.81,-5.59,0.04,23.95,74.73
GLAC,2011,12,17.13,31.85,3.59,0.0,15.74,74.94
GLAC,2012,1,14.8,35.27,-15.76,0.03,27.67,78.56
GLAC,2012,2,16.37,30.14,2.42,0.0,17.8,71.1
GLAC,2012,3,24.93,44.27,6.29,0.46,37.89,75.82
GLAC,2012,4,32.45,55.61,14.21,1.31,9.23,70.59
GLAC,2012,5,37.09,60.83,22.31,0.91,11.19,60.83
GLAC,2012,6,45.07,69.29,25.82,3.98,8.38,71.69
GLAC,2012,7,59.54,80.18,37.16,1.63,0.0,35.32
GLAC,2012,8,59.13,81.35,35.72,0.83,0.0,24.72
GLAC,2012,9,51.92,72.44,33.92,0.83,0.0,36.52
GLAC,2012,10,31.31,59.48,8.0,1.88,15.52,74.4
GLAC,2012,11,24.81,44.99,-7.93,0.87,18.16,85.61
GLAC,2012,12,14.63,31.76,-8.29,0.05,27.72,89.58
GLAC,2013,1,13.54,29.87,-5.5,0.0,15.68,85.42
GLAC,2013,2,19.67,30.05,8.09,0.0,13.92,81.08
GLAC,2013,3,23.14,42.56,0.26,0.15,20.56,72.69
GLAC,2013,4,27.48,49.58,5.75,0.63,22.3,70.57
GLAC,2013,5,39.0,60.38,16.01,1.73,6.45,60.84
GLAC,2013,6,48.86,74.24,26.0,3.4,0.39,58.62
GLAC,2013,7,60.31,80.63,40.4,0.89,0.0,25.58
GLAC,2013,8,58.58,75.77,40.94,2.88,0.0,44.57
GLAC,2013,9,49.22,74.96,25.55,3.31,4.22,59.66
GLAC,2013,10,31.16,50.75,6.11,0.16,6.23,61.42
GLAC,2013,11,21.43,36.62,-2.08,0.05,26.76,79.71
GLAC,2013,12,9.96,28.97,-29.89,0.0,20.37,83.37
GLAC,2014,1,16.99,29.51,-13.24,0.02,23.51,81.38
GLAC,2014,2,7.03,29.51,-24.85,0.01,24.72,78.14
GLAC,2014,3,21.13,38.78,-23.86,0.38,35.83,86.29
GLAC,2014,4,30.26,48.32,10.07,0.66,15.49,68.06
GLAC,2014,5,38.7,56.78,19.52,1.2,6.31,63.85
GLAC,2014,6,44.38,65.24,24.83,5.75,14.08,66.91
GLAC,2014,7,60.83,79.28,39.14,0.61,0.0,39.99
GLAC,2014,8,57.16,80.09,39.32,3.16,0.0,52.31
GLAC,2014,9,46.92,71.81,21.95,0.9,5.76,52.11
GLAC,2014,10,40.0,58.94,23.93,1.27,3.36,68.62
GLAC,2014,11,17.36,45.35,-19.45,0.75,30.76,86.46
GLAC,2014,12,17.28,36.71,-19.36,0.04,15.85,81.45
GLAC,2015,1,16.11,38.15,-10.81,0.06,15.68,79.51
GLAC,2015,2,21.39,38.78,-4.69,0.35,17.47,76.04
GLAC,2015,3,28.48,47.96,-5.23,1.45,14.22,69.2
GLAC,2015,4,31.73,52.46,14.12,0.19,8.63,52.67
GLAC,2015,5,39.14,64.43,21.05,1.18,3.78,53.8
GLAC,2015,6,56.39,82.61,33.92,2.3,0.0,44.97
GLAC,2015,7,57.77,79.46,37.43,2.32,0.0,42.78
GLAC,2015,8,59.28,82.16,33.74,1.11,0.36,40.94
GLAC,2015,9,46.74,68.39,31.49,1.78,2.89,46.46
GLAC,2015,10,40.65,62.72,26.81,1.43,4.44,69.78
GLAC,2015,11,21.47,38.15,-3.52,0.62,19.87,69.57
GLAC,2015,12,16.87,35.99,-1.27,0.76,22.19,87.55
GLAC,2016,1,19.69,33.29,-0.55,0.0,15.21,82.48
GLAC,2016,2,23.74,37.61,6.38,0.13,14.11,71.54
GLAC,2016,3,26.99,43.73,10.34,0.72,17.97,75.38
GLAC,2016,4,36.11,58.85,22.76,0.5,8.13,57.47
GLAC,2016,5,39.61,57.86,19.97,1.88,18.38,63.65
GLAC,2016,6,51.34,76.22,29.24,1.97,1.35,52.73
GLAC,2016,7,55.22,75.05,39.59,1.56,0.0,43.83
GLAC,2016,8,55.74,76.49,36.53,1.98,0.0,47.69
GLAC,2016,9,44.76,67.4,26.18,1.98,1.1,52.53
GLAC,2016,10,33.9,53.72,11.96,2.26,18.71,86.2
GLAC,2016,11,28.96,47.69,7.55,0.69,8.93,71.41
GLAC,2016,12,6.25,25.1,-20.62,0.0,20.86,84.09
GLAC,2017,1,9.05,28.72,-19.16,0.0,16.84,68.42
GLAC,2017,2,15.05,36.28,-12.23,0.05,61.76,77.18
GLAC,2017,3,24.86,43.03,2.89,1.08,57.68,87.51
GLAC,2017,4,29.96,45.01,13.6,0.63,37.43,78.68
GLAC,2017,5,41.14,65.71,23.41,0.76,21.17,56.76
GLAC,2017,6,47.94,72.19,29.98,4.09,0.5,59.85
GLAC,2017,7,62.53,79.66,37.45,0.22,0.0,18.15
GLAC,2017,8,58.19,79.57,38.89,0.87,0.0,34.88
GLAC,2017,9,46.8,79.93,22.15,0.54,7.36,49.89
GLAC,2017,10,29.2,45.55,9.28,0.44,35.06,62.38
GLAC,2017,11,21.37,41.05,-2.06,2.72,49.11,86.05
GLAC,2017,12,10.0,25.21,-18.35,0.01,35.96,71.28
GLAC,2018,1,19.55,33.22,-7.64,0.02,51.07,82.42
GLAC,2018,2,6.97,31.15,-17.54,0.02,56.17,79.22
GLAC,2018,3,22.51,45.64,0.73,0.01,33.26,72.46
GLAC,2018,4,28.74,60.67,1.18,0.21,36.27,75.93
GLAC,2018,5,44.2,64.72,26.83,1.13,4.19,56.35
GLAC,2018,6,46.87,65.71,27.19,4.39,3.03,61.61
GLAC,2018,7,57.34,76.69,32.41,1.24,0.5,30.31
GLAC,2018,8,56.76,85.78,24.13,1.66,2.7,34.79
GLAC,2018,9,41.53,68.68,18.37,1.32,4.41,65.63
GLAC,2018,10,30.84,50.05,13.24,1.15,20.92,65.25
GLAC,2018,11,21.99,37.45,2.71,0.68,25.08,82.99
GLAC,2018,12,16.7,29.89,-4.94,0.02,38.58,82.15
GLAC,2019,1,18.62,33.94,1.0,0.0,16.37,79.51
GLAC,2019,2,0.26,29.26,-24.2,0.02,28.8,84.83
GLAC,2019,3,19.92,49.42,-21.68,0.01,9.2,55.39
GLAC,2019,4,29.84,47.26,7.39,0.73,37.04,78.98
GLAC,2019,5,37.63,61.12,15.49,1.52,13.06,74.69
GLAC,2019,6,45.4,64.63,27.28,3.25,4.22,59.78
GLAC,2019,7,54.31,77.59,33.13,2.34,0.3,42.16
GLAC,2019,8,55.34,75.34,31.78,1.94,0.0,46.03
GLAC,2019,9,43.73,69.31,15.49,2.26,14.39,67.6
GLAC,2019,10,24.34,44.02,-8.36,0.78,19.84,67.49
GLAC,2019,11,19.32,34.75,-6.2,0.08,19.07,75.48
GLAC,2019,12,20.21,34.21,7.03,0.02,28.03,91.35
GLAC,2020,1,18.57,32.86,-13.13,0.04,50.63,92.97
GLAC,2020,2,17.67,36.19,2.35,0.03,28.94,75.42
GLAC,2020,3,19.47,35.83,-14.66,0.02,30.54,73.09
GLAC,2020,4,26.95,53.11,-3.41,0.38,22.46,69.72
GLAC,2020,5,37.38,65.98,23.23,2.22,20.06,76.37
GLAC,2020,6,44.62,70.12,29.26,4.67,2.23,76.96
GLAC,2020,7,54.8,77.59,34.93,1.2,0.0,37.5
GLAC,2020,8,57.92,80.02,33.85,0.61,0.22,35.1
GLAC,2020,9,48.34,73.9,18.73,2.12,5.13,47.28
GLAC,2020,10,30.17,58.87,-9.17,0.56,32.85,69.04
GLAC,2020,11,23.02,42.94,1.81,1.65,38.89,83.47
GLAC,2020,12,20.0,34.3,7.75,0.04,30.59,78.04
GLAC,2021,1,18.78,30.79,1.18,0.02,29.3,73.17
GLAC,2021,2,6.8,32.77,-27.17,0.03,32.19,82.62
GLAC,2021,3,25.4,41.5,8.02,0.01,19.81,56.11
GLAC,2021,4,29.31,51.94,9.55,0.01,19.65,56.76
GLAC,2021,5,36.91,61.66,19.18,1.04,27.09,61.4
GLAC,2021,6,51.54,83.08,28.0,2.47,3.86,42.88
GLAC,2021,7,63.9,80.2,44.11,0.39,0.0,23.42
GLAC,2021,8,54.12,81.19,30.34,4.12,0.61,53.29
GLAC,2021,9,46.46,71.29,27.55,1.9,1.6,52.41
GLAC,2021,10,32.68,59.95,0.1,2.11,22.05,62.58
GLAC,2021,11,25.69,41.14,3.34,1.52,34.2,91.04
GLAC,2021,12,11.05,40.33,-23.66,0.17,55.56,95.33
GLAC,2022,1,16.16,33.85,-16.91,0.02,36.52,91.78
GLAC,2022,2,13.51,34.03,-23.48,0.01,28.33,88.99
GLAC,2022,3,24.08,47.89,-6.11,0.09,44.29,87.39
GLAC,2022,4,23.75,44.38,1.0,0.08,25.46,83.23
GLAC,2022,5,34.85,53.83,21.43,1.66,27.56,82.39
GLAC,2022,6,43.49,71.92,22.06,3.41,23.59,73.4
GLAC,2022,7,58.83,79.48,40.24,1.79,0.06,36.84
GLAC,2022,8,60.56,79.84,39.43,1.68,0.0,34.76
GLAC,2022,9,51.16,80.65,27.55,1.96,3.11,46.1
GLAC,2022,10,39.4,59.59,13.96,0.64,20.39,57.65
GLAC,2022,11,12.4,37.99,-10.25,0.0,38.61,87.13
GLAC,2022,12,9.78,33.58,-36.17,0.05,42.8,92.84
GLAC,2023,1,16.95,34.21,-15.56,0.0,17.25,93.92
GLAC,2023,2,13.74,27.37,-31.4,0.02,36.3,91.15
GLAC,2023,3,17.01,38.35,-5.84,0.0,16.87,73.91
GLAC,2023,4,29.04,62.92,6.67,0.35,21.17,75.12
GLAC,2023,5,44.88,65.89,29.8,1.46,2.84,58.63
GLAC,2023,6,51.01,70.48,30.61,3.73,2.43,62.0
GLAC,2023,7,58.42,79.12,36.91,1.28,0.0,27.19
GLAC,2023,8,58.0,82.27,38.62,3.75,0.11,43.55
GLAC,2023,9,46.97,67.6,30.61,1.51,4.38,59.62
GLAC,2023,10,32.61,61.39,-8.45,0.67,6.94,68.84
GLAC,2023,11,22.16,36.73,-6.83,0.36,21.61,81.81
GLAC,2023,12,22.64,38.08,2.44,0.54,16.09,84.68
GLAC,2024,1,11.7,42.4,-44.54,0.17,24.03,84.52
GLAC,2024,2,18.58,43.3,-17.54,0.04,30.4,84.41
GLAC,2024,3,20.88,45.46,-8.09,0.03,21.19,75.1
GLAC,2024,4,29.74,51.94,0.64,0.14,17.89,74.52
GLAC,2024,5,36.13,57.25,13.87,1.22,33.54,75.03
GLAC,2024,6,43.53,71.29,21.43,3.0,8.16,54.94
GLAC,2024,7,60.83,82.81,36.73,1.29,0.08,25.41
GLAC,2024,8,54.53,81.01,32.32,2.78,7.17,45.66
GLAC,2024,9,51.16,74.08,26.92,2.57,1.13,48.39
GLAC,2024,10,36.99,57.07,21.25,1.28,5.81,59.76
GLAC,2024,11,22.23,38.08,-1.07,0.17,35.0,93.84
GLAC,2024,12,21.83,33.22,10.9,0.13,21.63,85.99
GLAC,2025,1,13.35,26.92,-14.48,0.04,12.62,79.03
GLAC,2025,2,8.17,36.64,-21.5,0.11,23.4,86.32
GLAC,2025,3,25.61,47.08,6.49,0.31,28.8,82.32
GLAC,2025,4,29.44,48.43,7.84,0.14,18.74,56.46
GLAC,2025,5,40.09,62.92,23.77,0.57,9.2,51.52
GLAC,2025,6,46.6,69.58,29.53,2.01,9.2,48.98
GLAC,2025,7,55.22,72.55,34.21,5.27,0.41,47.59
GLAC,2025,8,56.33,75.88,38.89,1.65,0.0,48.97
GLAC,2025,9,53.57,76.69,35.74,1.12,0.0,37.9
GLAC,2025,10,32.07,64.9,11.8,0.5,21.28,65.85
GLAC,2025,11,25.55,41.95,-9.44,1.38,23.09,86.62
GLAC,2025,12,22.13,37.81,-13.76,1.68,59.97,91.33
GRCA,2006,1,32.28,53.82,18.72,0.21,1.49,30.8
GRCA,2006,2,36.14,59.31,19.62,0.15,0.19,36.65
GRCA,2006,3,33.05,59.22,2.97,1.03,11.41,60.34
GRCA,2006,4,48.24,71.37,25.29,0.43,0.66,30.21
GRCA,2006,5,62.07,82.98,37.71,0.08,0.0,23.91
GRCA,2006,6,71.91,91.08,49.05,0.26,0.0,26.51
GRCA,2006,7,72.92,92.79,54.36,1.74,0.0,53.94
GRCA,2006,8,68.01,84.87,52.2,1.69,0.0,35.65
GRCA,2006,9,59.67,80.91,36.36,0.92,0.0,22.54
GRCA,2006,10,47.84,76.5,27.45,2.57,0.0,32.5
GRCA,2006,11,41.88,69.03,15.93,0.06,1.02,34.32
GRCA,2006,12,30.08,54.36,14.94,0.14,4.55,30.49
GRCA,2007,1,26.12,48.51,5.13,0.06,5.13,26.59
GRCA,2007,2,34.37,55.26,17.28,0.29,4.66,45.91
GRCA,2007,3,42.96,73.17,14.13,0.62,0.94,33.49
GRCA,2007,4,49.97,76.68,26.1,0.41,0.06,42.22
GRCA,2007,5,59.49,82.71,30.96,0.96,0.0,33.67
GRCA,2007,6,70.44,89.28,39.51,0.0,0.0,24.73
GRCA,2007,7,74.01,95.49,56.79,3.26,0.0,50.37
GRCA,2007,8,70.25,87.75,52.02,1.59,0.0,32.79
GRCA,2007,9,63.71,84.42,37.98,1.17,0.0,22.54
GRCA,2007,10,51.72,73.8,29.97,0.24,0.0,18.15
GRCA,2007,11,45.54,68.94,23.04,0.7,0.0,35.09
GRCA,2007,12,27.65,54.36,13.59,1.5,4.11,39.92
GRCA,2008,1,23.11,47.07,-2.07,1.28,13.86,41.36
GRCA,2008,2,27.99,54.45,2.43,0.3,12.32,49.54
GRCA,2008,3,39.55,63.0,18.99,0.06,1.24,22.82
GRCA,2008,4,48.47,73.17,25.65,0.03,0.0,12.37
GRCA,2008,5,54.04,84.78,27.54,0.67,2.07,28.82
GRCA,2008,6,69.84,91.62,37.44,0.11,0.0,12.23
GRCA,2008,7,72.94,90.45,56.61,1.43,0.0,38.24
GRCA,2008,8,71.91,91.71,56.34,1.15,0.0,41.16
GRCA,2008,9,64.71,84.24,48.42,0.21,0.0,15.84
GRCA,2008,10,52.57,75.96,25.11,0.2,0.0,17.17
GRCA,2008,11,42.65,69.93,25.11,1.0,0.85,35.09
GRCA,2008,12,26.66,56.7,0.18,0.15,21.06,45.19
GRCA,2009,1,26.13,43.47,6.66,0.14,3.17,28.49
GRCA,2009,2,27.75,54.18,-2.52,0.13,10.64,47.06
GRCA,2009,3,40.36,65.16,22.05,0.58,1.6,32.11
GRCA,2009,4,46.1,73.98,22.59,0.47,2.09,32.48
GRCA,2009,5,62.46,83.52,42.84,1.7,0.0,39.97
GRCA,2009,6,64.35,89.73,42.93,0.23,0.0,44.98
GRCA,2009,7,74.56,93.69,56.34,0.67,0.0,32.48
GRCA,2009,8,71.28,91.35,48.6,0.55,0.0,21.51
GRCA,2009,9,64.65,83.16,43.56,0.47,0.0,24.86
GRCA,2009,10,48.71,73.8,21.69,0.17,0.36,22.74
GRCA,2009,11,41.91,69.39,22.14,0.17,0.0,26.85
GRCA,2009,12,22.21,49.14,-0.18,0.19,16.54,51.28
GRCA,2010,1,23.14,39.96,4.77,0.27,24.75,58.88
GRCA,2010,2,27.36,43.29,5.49,0.21,9.7,54.4
GRCA,2010,3,35.41,64.08,14.67,0.4,4.22,37.04
GRCA,2010,4,45.15,69.93,24.03,0.49,0.91,35.96
GRCA,2010,5,54.08,77.85,29.07,0.06,0.0,21.17
GRCA,2010,6,68.57,91.98,41.22,0.3,0.0,18.02
GRCA,2010,7,74.16,92.79,53.19,1.49,0.0,40.73
GRCA,2010,8,69.4,88.47,48.78,1.12,0.0,29.84
GRCA,2010,9,67.04,86.58,44.46,0.22,0.0,10.89
GRCA,2010,10,51.88,78.93,27.18,1.22,0.0,38.65
GRCA,2010,11,36.92,68.04,11.07,0.48,2.76,23.68
GRCA,2010,12,33.77,60.12,-7.92,1.13,10.39,60.3
GRCA,2011,1,24.5,49.59,-13.59,0.03,0.66,27.72
GRCA,2011,2,27.6,54.18,3.33,0.33,8.98,38.66
GRCA,2011,3,39.58,67.86,8.37,0.29,3.64,43.02
GRCA,2011,4,45.62,72.99,10.26,0.52,4.11,32.78
GRCA,2011,5,53.57,80.46,26.37,0.79,0.0,24.27
GRCA,2011,6,67.96,91.08,41.49,0.07,0.0,13.03
GRCA,2011,7,72.21,91.98,50.94,1.35,0.0,38.15
GRCA,2011,8,74.02,90.27,56.79,0.49,0.0,27.27
GRCA,2011,9,64.0,86.58,45.27,1.46,0.0,29.86
GRCA,2011,10,51.92,77.31,27.99,0.92,0.0,20.75
GRCA,2011,11,36.68,62.46,13.5,0.32,3.06,34.35
GRCA,2011,12,21.09,51.3,-4.68,0.24,8.96,37.83
GRCA,2012,1,32.09,52.2,18.99,0.26,4.05,33.81
GRCA,2012,2,33.13,53.19,20.43,0.14,3.39,35.45
GRCA,2012,3,39.04,67.32,5.4,0.34,6.56,30.87
GRCA,2012,4,50.71,80.01,25.38,0.31,1.35,36.33
GRCA,2012,5,61.87,84.51,36.45,0.0,0.0,11.84
GRCA,2012,6,72.1,91.89,49.14,0.03,0.0,6.2
GRCA,2012,7,71.19,91.35,54.63,2.73,0.0,50.22
GRCA,2012,8,70.81,88.29,53.55,1.52,0.0,37.56
GRCA,2012,9,64.9,82.98,46.98,1.02,0.0,30.66
GRCA,2012,10,54.15,79.38,27.81,0.42,0.0,18.03
GRCA,2012,11,43.03,67.68,20.97,0.12,0.14,24.73
GRCA,2012,12,26.52,61.02,-3.33,0.11,9.95,51.85
GRCA,2013,1,19.1,43.38,-7.02,1.23,3.06,29.86
GRCA,2013,2,30.21,51.3,17.28,0.07,2.7,30.24
GRCA,2013,3,43.73,66.78,22.32,0.28,2.04,38.06
GRCA,2013,4,50.11,76.77,25.11,0.29,0.3,25.47
GRCA,2013,5,58.77,80.73,34.02,0.24,0.0,24.27
GRCA,2013,6,73.07,96.21,50.49,0.0,0.0,19.1
GRCA,2013,7,72.55,92.61,56.25,1.67,0.0,52.75
GRCA,2013,8,69.04,87.66,52.47,2.96,0.0,57.23
GRCA,2013,9,59.87,79.2,34.02,2.55,0.0,26.0
GRCA,2013,10,47.34,72.09,28.98,0.49,0.19,19.24
GRCA,2013,11,37.5,61.92,13.68,0.7,9.07,37.55
GRCA,2013,12,26.22,49.05,-1.44,0.12,3.61,26.78
GRCA,2014,1,34.87,54.36,20.97,0.17,0.14,32.53
GRCA,2014,2,38.38,61.92,19.8,0.31,1.27,43.67
GRCA,2014,3,42.79,63.18,23.4,0.55,0.06,36.53
GRCA,2014,4,49.19,72.99,23.85,0.32,0.22,41.88
GRCA,2014,5,57.93,84.24,32.76,0.21,0.0,31.38
GRCA,2014,6,70.43,90.45,48.78,0.0,0.0,15.13
GRCA,2014,7,73.1,91.26,56.25,1.23,0.0,52.15
GRCA,2014,8,66.05,87.3,48.06,3.07,0.0,39.96
GRCA,2014,9,64.63,85.32,41.22,1.6,0.0,24.11
GRCA,2014,10,55.31,74.52,36.63,0.1,0.0,29.13
GRCA,2014,11,41.45,65.25,21.87,0.17,0.0,24.26
GRCA,2014,12,33.02,51.75,10.17,1.0,4.63,60.81
GRCA,2015,1,30.99,51.57,-0.99,1.26,0.99,44.28
GRCA,2015,2,39.27,62.1,11.16,0.58,8.74,33.55
GRCA,2015,3,42.51,70.2,10.08,0.52,5.54,33.23
GRCA,2015,4,48.56,74.07,25.47,0.17,0.28,32.47
GRCA,2015,5,52.84,83.97,29.25,1.63,0.08,54.95
GRCA,2015,6,70.57,93.96,43.29,0.86,0.0,23.48
GRCA,2015,7,70.55,91.71,51.66,0.78,0.0,39.37
GRCA,2015,8,71.08,89.37,54.81,0.87,0.0,34.16
GRCA,2015,9,66.7,85.5,49.14,0.37,0.0,33.24
GRCA,2015,10,53.35,80.64,34.29,2.39,0.0,43.04
GRCA,2015,11,35.5,66.78,20.34,0.83,2.43,19.71
GRCA,2015,12,27.61,58.95,-0.36,0.29,6.81,43.46
GRCA,2016,1,24.79,51.12,-0.63,0.38,9.34,55.95
GRCA,2016,2,37.34,63.63,7.92,0.0,1.49,23.76
GRCA,2016,3,44.37,67.32,23.94,0.26,0.91,43.77
GRCA,2016,4,47.87,72.99,26.82,1.75,1.24,51.52
GRCA,2016,5,54.57,78.3,32.04,0.51,0.5,34.12
GRCA,2016,6,73.45,95.94,50.67,0.33,0.0,27.41
GRCA,2016,7,74.54,94.77,56.16,0.49,0.0,35.24
GRCA,2016,8,67.91,88.65,48.87,1.4,0.0,44.7
GRCA,2016,9,61.46,85.41,37.71,2.96,0.0,25.82
GRCA,2016,10,54.84,73.35,36.45,0.28,0.0,32.44
GRCA,2016,11,41.54,70.02,16.56,1.03,3.03,31.23
GRCA,2016,12,31.08,54.18,13.95,2.09,3.17,48.79
GRCA,2017,1,28.68,50.05,-2.96,0.9,18.85,57.89
GRCA,2017,2,36.55,60.58,18.19,1.02,8.65,60.29
GRCA,2017,3,44.72,68.86,10.36,0.91,2.34,37.4
GRCA,2017,4,49.7,71.56,25.3,0.33,1.98,32.51
GRCA,2017,5,57.04,80.83,29.62,1.22,0.03,31.99
GRCA,2017,6,73.74,94.15,45.64,0.21,0.0,18.65
GRCA,2017,7,72.91,92.71,57.88,1.82,0.0,50.52
GRCA,2017,8,70.06,87.49,53.38,1.75,0.0,37.11
GRCA,2017,9,62.28,88.21,34.03,1.51,0.0,29.33
GRCA,2017,10,55.31,75.07,33.58,0.15,0.0,12.67
GRCA,2017,11,47.97,69.13,26.74,0.28,0.03,41.21
GRCA,2017,12,37.93,59.32,13.51,0.04,0.19,25.53
GRCA,2018,1,36.81,56.62,11.8,0.3,3.89,46.58
GRCA,2018,2,34.63,59.59,3.34,0.19,7.85,40.28
GRCA,2018,3,39.58,67.51,14.5,0.91,4.55,48.68
GRCA,2018,4,53.24,74.8,27.28,0.29,0.28,37.23
GRCA,2018,5,60.32,81.91,33.4,0.5,1.93,28.27
GRCA,2018,6,72.32,91.63,50.32,0.41,0.0,14.72
GRCA,2018,7,72.97,91.27,57.25,2.54,0.0,55.43
GRCA,2018,8,71.52,91.27,54.1,2.34,0.0,31.73
GRCA,2018,9,67.57,84.25,51.58,0.93,0.0,17.26
GRCA,2018,10,46.82,70.03,28.27,3.5,2.26,50.48
GRCA,2018,11,38.95,59.14,18.37,0.07,2.7,26.17
GRCA,2018,12,31.15,54.1,9.28,0.06,4.46,40.6
GRCA,2019,1,28.91,48.16,-2.87,0.52,13.23,48.73
GRCA,2019,2,26.35,48.16,0.19,1.52,15.3,56.71
GRCA,2019,3,38.51,62.65,9.28,1.14,6.56,51.96
GRCA,2019,4,50.75,74.62,26.83,0.73,1.79,47.21
GRCA,2019,5,49.23,71.11,30.43,2.67,6.01,47.06
GRCA,2019,6,67.52,86.32,45.64,0.19,0.0,28.62
GRCA,2019,7,73.67,89.74,55.81,1.1,0.0,34.31
GRCA,2019,8,73.59,90.55,57.79,0.44,0.0,35.77
GRCA,2019,9,64.56,88.39,43.84,0.59,0.0,27.34
GRCA,2019,10,49.83,71.83,15.85,0.07,0.47,6.81
GRCA,2019,11,42.47,65.26,11.8,0.87,13.28,32.57
GRCA,2019,12,29.44,51.94,-1.88,0.81,8.52,63.86
GRCA,2020,1,30.6,49.6,8.2,0.21,1.76,39.89
GRCA,2020,2,34.76,54.37,8.92,0.36,2.29,31.45
GRCA,2020,3,39.36,59.86,24.04,1.42,7.69,56.58
GRCA,2020,4,49.75,80.2,26.38,0.89,0.58,31.99
GRCA,2020,5,63.12,88.3,38.08,0.2,0.0,23.42
GRCA,2020,6,69.76,89.92,37.36,0.0,0.0,20.37
GRCA,2020,7,74.94,94.06,54.1,0.65,0.0,27.88
GRCA,2020,8,76.52,92.89,57.52,0.11,0.0,26.67
GRCA,2020,9,67.87,92.62,37.0,0.1,0.0,7.7
GRCA,2020,10,58.66,80.29,20.08,0.06,0.19,13.97
GRCA,2020,11,41.86,68.32,11.35,0.1,4.38,27.12
GRCA,2020,12,31.62,51.76,11.26,0.02,3.33,29.9
GRCA,2021,1,31.0,53.11,12.61,0.1,12.02,48.74
GRCA,2021,2,33.19,51.58,3.43,0.21,4.19,25.11
GRCA,2021,3,36.45,61.12,14.05,0.07,10.36,36.95
GRCA,2021,4,52.04,75.61,30.43,0.33,1.38,27.02
GRCA,2021,5,60.89,79.75,34.39,0.11,0.0,22.46
GRCA,2021,6,74.05,96.58,48.79,0.37,0.0,34.31
GRCA,2021,7,72.33,97.39,55.72,3.44,0.0,58.83
GRCA,2021,8,70.58,87.67,53.02,1.17,0.0,30.38
GRCA,2021,9,65.64,88.3,43.48,0.95,0.0,24.93
GRCA,2021,10,48.55,71.56,21.88,1.06,1.49,34.6
GRCA,2021,11,46.01,67.6,25.93,0.06,0.0,30.7
GRCA,2021,12,33.72,57.88,4.96,1.01,11.71,60.56
GRCA,2022,1,31.16,51.76,-1.25,0.03,3.22,34.58
GRCA,2022,2,31.8,55.72,6.49,0.0,4.44,21.37
GRCA,2022,3,38.42,71.38,10.09,0.24,10.5,39.14
GRCA,2022,4,50.74,71.74,25.12,0.04,0.52,26.78
GRCA,2022,5,60.68,85.33,31.15,0.02,0.0,21.54
GRCA,2022,6,70.79,89.74,47.89,0.8,0.0,25.15
GRCA,2022,7,72.26,92.71,56.35,4.08,0.0,55.03
GRCA,2022,8,67.41,84.25,54.82,4.15,0.0,44.99
GRCA,2022,9,65.11,88.48,49.15,1.5,0.0,29.57
GRCA,2022,10,50.55,72.01,22.78,1.31,0.85,18.78
GRCA,2022,11,33.75,57.97,9.01,0.39,3.78,25.16
GRCA,2022,12,30.4,50.95,2.17,0.41,13.28,54.97
GRCA,2023,1,25.74,41.86,1.9,0.17,28.19,63.79
GRCA,2023,2,25.77,42.85,0.64,0.0,16.78,46.33
GRCA,2023,3,30.59,46.72,8.56,1.48,26.87,59.32
GRCA,2023,4,46.79,78.13,6.31,0.25,1.21,29.61
GRCA,2023,5,57.06,73.63,34.57,1.22,0.03,30.73
GRCA,2023,6,63.82,84.16,45.46,0.51,0.0,24.62
GRCA,2023,7,77.52,96.94,57.88,1.06,0.0,24.92
GRCA,2023,8,69.83,89.56,53.83,3.59,0.0,36.79
GRCA,2023,9,62.86,84.97,45.28,1.07,0.0,26.64
GRCA,2023,10,53.3,76.24,25.3,0.46,0.63,13.08
GRCA,2023,11,41.47,67.42,21.79,0.19,3.14,29.67
GRCA,2023,12,34.95,53.11,17.56,0.18,1.07,48.01
GRCA,2024,1,30.3,53.11,10.36,0.17,9.59,55.83
GRCA,2024,2,33.1,55.54,10.18,0.24,11.77,55.35
GRCA,2024,3,37.81,57.34,20.26,0.16,10.89,48.6
GRCA,2024,4,48.74,74.35,21.16,0.52,4.63,24.99
GRCA,2024,5,58.74,82.18,33.85,0.46,0.77,20.46
GRCA,2024,6,73.24,92.53,54.1,1.0,0.0,24.21
GRCA,2024,7,76.98,93.79,59.95,0.78,0.0,22.71
GRCA,2024,8,69.51,91.81,51.85,4.72,0.0,42.42
GRCA,2024,9,66.84,84.79,44.2,0.48,0.0,14.87
GRCA,2024,10,57.58,84.25,28.09,0.78,4.0,28.62
GRCA,2024,11,37.04,58.69,22.15,0.07,1.57,29.15
GRCA,2024,12,36.56,54.1,15.85,0.04,0.22,35.83
GRCA,2025,1,29.35,54.46,10.09,0.0,1.85,27.28
GRCA,2025,2,38.15,61.48,21.61,0.18,8.27,36.49
GRCA,2025,3,39.81,70.39,13.15,0.12,11.93,50.51
GRCA,2025,4,48.52,76.51,18.73,0.1,4.82,34.95
GRCA,2025,5,58.63,85.42,35.38,0.88,0.33,36.77
GRCA,2025,6,70.07,91.63,50.05,1.47,0.0,18.58
GRCA,2025,7,73.21,93.16,53.92,0.58,0.0,27.48
GRCA,2025,8,72.87,92.53,52.03,1.45,0.0,33.48
GRCA,2025,9,63.49,85.42,44.92,0.89,0.0,29.64
GRCA,2025,10,53.53,76.06,33.4,1.33,0.0,15.07
GRCA,2025,11,45.37,71.29,29.44,1.42,0.96,47.39
GRCA,2025,12,40.36,61.57,21.43,0.45,1.68,41.65
GRTE,2006,1,20.17,36.34,5.83,0.01,37.2,74.67
GRTE,2006,2,18.07,40.93,-5.15,0.14,18.88,66.15
GRTE,2006,3,24.1,45.07,-0.02,0.13,21.91,71.8
GRTE,2006,4,35.07,56.86,18.61,1.02,16.34,58.08
GRTE,2006,5,41.53,65.95,24.73,1.02,4.46,44.25
GRTE,2006,6,55.4,78.73,31.93,1.68,0.0,35.47
GRTE,2006,7,66.96,87.82,45.7,0.95,0.0,34.72
GRTE,2006,8,61.11,81.34,41.83,0.64,0.0,29.12
GRTE,2006,9,50.43,78.64,29.23,1.09,5.04,44.72
GRTE,2006,10,36.54,64.96,15.64,2.39,9.4,61.16
GRTE,2006,11,26.52,48.76,-2.0,0.78,20.92,75.27
GRTE,2006,12,18.6,37.15,-8.3,0.04,22.43,64.11
GRTE,2007,1,12.78,37.06,-12.53,0.0,11.6,47.52
GRTE,2007,2,22.32,40.66,-7.49,0.04,22.3,75.63
GRTE,2007,3,30.96,47.32,3.94,0.39,8.38,59.74
GRTE,2007,4,34.45,56.14,14.74,0.5,11.3,57.62
GRTE,2007,5,43.39,65.05,22.84,0.86,3.17,46.59
GRTE,2007,6,57.09,83.14,28.69,0.74,4.55,37.99
GRTE,2007,7,68.75,89.71,47.59,1.44,0.0,36.2
GRTE,2007,8,62.69,82.78,42.55,1.64,0.0,33.68
GRTE,2007,9,51.64,79.45,32.2,2.32,1.05,39.04
GRTE,2007,10,37.76,63.34,18.97,2.07,19.65,62.9
GRTE,2007,11,27.88,48.22,3.67,0.39,16.15,62.45
GRTE,2007,12,16.32,37.06,-0.74,0.01,25.74,82.73
GRTE,2008,1,13.46,28.15,-6.14,0.0,32.22,78.89
GRTE,2008,2,20.62,37.78,7.54,0.0,19.26,71.32
GRTE,2008,3,23.02,38.23,9.61,0.04,32.35,67.05
GRTE,2008,4,28.11,50.92,8.53,0.12,14.39,53.03
GRTE,2008,5,38.32,62.44,21.04,2.09,15.27,63.28
GRTE,2008,6,47.76,77.47,25.72,1.52,5.84,43.42
GRTE,2008,7,63.41,82.6,41.29,0.66,0.0,20.74
GRTE,2008,8,62.61,82.78,40.48,1.27,0.0,28.56
GRTE,2008,9,50.94,72.79,31.84,0.85,0.08,37.41
GRTE,2008,10,38.74,69.91,20.14,0.63,6.37,46.6
GRTE,2008,11,29.42,50.83,11.32,0.74,14.5,73.62
GRTE,2008,12,17.23,38.86,-5.24,0.01,33.04,81.56
GRTE,2009,1,19.7,39.04,-5.96,0.02,28.3,64.48
GRTE,2009,2,20.94,39.22,2.32,0.05,15.49,66.43
GRTE,2009,3,25.32,48.13,7.09,0.33,31.36,71.48
GRTE,2009,4,33.31,52.63,15.19,0.74,19.15,62.75
GRTE,2009,5,40.55,66.13,21.85,1.76,8.07,50.37
GRTE,2009,6,48.63,76.57,33.28,6.57,4.02,68.51
GRTE,2009,7,60.7,82.96,40.03,1.56,0.0,34.75
GRTE,2009,8,59.23,82.78,37.69,2.43,0.0,43.0
GRTE,2009,9,55.99,76.66,29.77,0.61,4.55,27.87
GRTE,2009,10,32.23,52.09,7.72,1.06,15.68,74.2
GRTE,2009,11,26.35,52.72,8.62,0.07,7.85,62.8
GRTE,2009,12,12.51,34.0,-15.41,0.0,13.04,72.17
GRTE,2010,1,19.0,35.17,-11.72,0.0,18.77,67.82
GRTE,2010,2,20.11,36.97,2.5,0.0,9.59,64.74
GRTE,2010,3,28.15,45.07,13.39,0.09,15.07,64.89
GRTE,2010,4,31.59,58.66,13.57,0.5,26.7,72.62
GRTE,2010,5,34.86,59.74,14.83,1.0,14.06,67.45
GRTE,2010,6,49.27,80.53,31.75,3.89,0.33,61.84
GRTE,2010,7,61.9,83.41,37.51,0.65,0.0,22.37
GRTE,2010,8,59.53,82.06,34.81,2.0,0.0,32.36
GRTE,2010,9,52.29,74.41,31.75,1.54,0.94,30.0
GRTE,2010,10,42.79,74.59,14.83,1.44,11.99,57.07
GRTE,2010,11,24.67,49.93,-5.69,0.04,26.95,81.81
GRTE,2010,12,22.77,36.34,-2.99,0.0,35.08,85.46
GRTE,2011,1,17.4,34.54,-4.52,0.02,23.7,73.56
GRTE,2011,2,16.26,37.42,-10.1,0.0,20.01,64.73
GRTE,2011,3,26.53,43.0,11.59,0.08,32.96,82.22
GRTE,2011,4,29.62,46.15,13.3,0.65,44.56,73.85
GRTE,2011,5,36.47,55.87,17.44,2.29,18.85,66.13
GRTE,2011,6,45.65,72.79,27.79,1.72,0.58,46.53
GRTE,2011,7,60.9,80.89,39.67,0.87,0.0,23.61
GRTE,2011,8,62.8,83.32,40.48,1.41,0.0,26.41
GRTE,2011,9,55.46,75.49,35.71,0.68,0.0,25.03
GRTE,2011,10,40.49,73.06,24.82,2.36,7.3,58.78
GRTE,2011,11,24.44,47.14,1.78,0.03,18.24,65.95
GRTE,2011,12,15.85,38.05,-8.39,0.02,14.85,53.62
GRTE,2012,1,18.18,35.62,-2.63,0.01,28.08,63.95
GRTE,2012,2,19.68,35.98,4.39,0.01,20.92,67.77
GRTE,2012,3,30.16,51.19,6.91,0.69,18.38,63.48
GRTE,2012,4,35.26,63.07,15.1,0.53,12.48,61.74
GRTE,2012,5,41.02,65.77,22.93,1.89,6.04,56.23
GRTE,2012,6,54.34,81.88,31.03,0.6,1.1,31.45
GRTE,2012,7,65.15,82.96,45.34,1.59,0.0,42.37
GRTE,2012,8,65.39,85.3,43.63,0.28,0.0,22.07
GRTE,2012,9,55.31,74.32,37.51,1.45,0.0,34.14
GRTE,2012,10,39.07,65.41,14.29,1.5,8.43,47.5
GRTE,2012,11,30.09,51.82,8.71,0.24,18.46,76.35
GRTE,2012,12,18.49,38.95,-0.38,0.13,28.25,78.71
GRTE,2013,1,13.8,36.16,-9.92,0.0,15.19,64.71
GRTE,2013,2,18.79,34.54,3.49,0.0,11.38,73.53
GRTE,2013,3,26.04,45.88,3.49,0.15,15.76,65.19
GRTE,2013,4,30.72,50.65,10.96,0.63,19.26,60.14
GRTE,2013,5,40.5,62.89,19.33,2.15,5.43,60.96
GRTE,2013,6,54.52,82.87,32.47,0.81,0.0,33.57
GRTE,2013,7,65.07,84.4,45.52,1.06,0.0,34.74
GRTE,2013,8,63.92,82.6,44.08,0.8,0.0,40.76
GRTE,2013,9,52.03,80.35,26.89,3.03,5.13,59.46
GRTE,2013,10,34.89,54.07,15.91,0.59,14.03,61.03
GRTE,2013,11,26.79,45.88,4.75,0.04,16.04,70.34
GRTE,2013,12,14.31,34.36,-11.54,0.02,20.61,73.23
GRTE,2014,1,18.02,32.11,-1.1,0.01,20.86,53.48
GRTE,2014,2,21.57,36.34,-3.44,0.04,43.9,80.95
GRTE,2014,3,28.25,42.01,13.57,0.11,42.28,68.05
GRTE,2014,4,32.53,51.64,15.19,0.52,18.74,59.77
GRTE,2014,5,40.84,63.7,20.95,0.83,5.04,51.07
GRTE,2014,6,49.43,66.58,31.39,1.98,0.41,45.22
GRTE,2014,7,64.11,83.5,37.24,0.74,0.0,30.35
GRTE,2014,8,57.57,79.18,38.59,4.87,0.0,59.62
GRTE,2014,9,52.48,75.58,27.7,2.36,0.08,34.75
GRTE,2014,10,41.87,62.71,25.0,0.54,4.49,40.62
GRTE,2014,11,25.73,55.69,-7.58,0.22,30.51,76.85
GRTE,2014,12,22.6,40.12,-11.09,0.02,26.32,75.92
GRTE,2015,1,22.21,46.6,-6.23,0.0,16.07,62.63
GRTE,2015,2,25.46,43.72,-2.27,0.12,17.64,59.0
GRTE,2015,3,30.98,51.37,6.01,0.13,7.85,45.26
GRTE,2015,4,34.09,53.44,15.91,0.33,12.15,52.33
GRTE,2015,5,41.35,63.7,23.38,3.02,3.8,77.36
GRTE,2015,6,59.86,85.93,35.08,1.03,0.0,40.05
GRTE,2015,7,59.46,82.96,36.61,2.46,0.0,41.7
GRTE,2015,8,60.91,83.05,38.86,1.35,0.0,41.34
GRTE,2015,9,54.63,76.03,33.91,1.79,0.11,30.68
GRTE,2015,10,45.55,69.64,28.33,1.84,2.62,56.08
GRTE,2015,11,23.56,42.46,-0.02,0.52,17.2,70.08
GRTE,2015,12,17.55,39.85,-8.12,0.03,25.99,79.46
GRTE,2016,1,18.79,32.65,-7.94,0.0,20.86,73.01
GRTE,2016,2,24.06,41.56,2.32,0.08,13.78,60.63
GRTE,2016,3,28.39,45.52,7.72,0.35,28.11,68.98
GRTE,2016,4,35.84,56.77,19.24,1.0,6.75,54.11
GRTE,2016,5,41.2,61.9,23.92,2.78,2.26,59.13
GRTE,2016,6,58.64,81.7,34.09,0.93,0.0,34.93
GRTE,2016,7,63.01,83.23,37.15,0.75,0.0,26.0
GRTE,2016,8,61.98,83.14,38.86,0.42,0.0,30.26
GRTE,2016,9,51.23,78.28,33.1,3.48,0.85,51.13
GRTE,2016,10,39.25,63.07,19.6,3.48,14.3,65.7
GRTE,2016,11,31.81,56.95,7.45,0.15,13.48,56.89
GRTE,2016,12,15.35,33.01,-5.24,0.02,42.8,76.67
GRTE,2017,1,17.78,34.37,-1.45,0.0,26.46,60.19
GRTE,2017,2,26.4,45.44,8.18,0.41,46.57,76.71
GRTE,2017,3,32.89,49.22,10.34,0.89,22.85,76.48
GRTE,2017,4,33.6,51.47,17.0,0.53,21.39,67.94
GRTE,2017,5,43.48,64.34,29.06,0.48,5.1,44.51
GRTE,2017,6,52.15,76.94,34.28,1.83,3.11,43.97
GRTE,2017,7,64.12,82.97,43.73,1.08,0.0,34.73
GRTE,2017,8,61.4,79.73,46.88,2.1,0.0,37.05
GRTE,2017,9,51.38,81.8,30.14,3.99,9.31,50.29
GRTE,2017,10,38.28,56.33,25.01,0.45,14.22,51.7
GRTE,2017,11,33.5,47.87,19.88,0.74,40.87,77.95
GRTE,2017,12,26.16,40.22,8.0,0.01,19.79,68.13
GRTE,2018,1,25.85,38.42,11.24,0.01,25.55,71.48
GRTE,2018,2,20.68,36.89,-0.55,0.02,22.46,72.75
GRTE,2018,3,27.12,42.29,10.34,0.14,20.2,66.22
GRTE,2018,4,34.51,56.33,12.41,0.46,29.21,60.61
GRTE,2018,5,44.64,63.8,28.52,1.6,3.31,58.52
GRTE,2018,6,52.48,75.86,33.74,3.28,0.0,39.99
GRTE,2018,7,64.07,83.78,41.03,0.49,0.0,27.53
GRTE,2018,8,61.39,86.93,39.95,1.43,0.0,29.59
GRTE,2018,9,54.99,75.59,34.64,0.28,0.0,34.65
GRTE,2018,10,40.08,64.97,19.34,1.05,5.24,56.96
GRTE,2018,11,29.86,44.99,17.18,0.29,33.04,76.64
GRTE,2018,12,23.22,36.26,7.46,0.02,18.55,80.91
GRTE,2019,1,22.09,37.61,2.78,0.02,19.79,60.95
GRTE,2019,2,19.29,34.37,2.33,0.03,47.1,82.09
GRTE,2019,3,26.97,49.94,6.74,0.0,7.47,51.53
GRTE,2019,4,34.83,54.8,18.35,0.94,18.96,67.95
GRTE,2019,5,39.85,61.91,19.79,1.15,6.09,64.7
GRTE,2019,6,49.66,74.78,30.32,0.63,2.45,49.5
GRTE,2019,7,61.59,84.05,41.66,0.93,0.0,37.29
GRTE,2019,8,61.72,81.35,43.91,1.12,0.0,33.96
GRTE,2019,9,51.8,80.45,28.7,3.85,6.59,56.51
GRTE,2019,10,33.42,58.58,8.09,0.26,21.11,61.0
GRTE,2019,11,32.39,47.69,14.75,0.02,12.24,65.69
GRTE,2019,12,24.29,38.15,6.29,0.04,21.28,85.04
GRTE,2020,1,22.9,34.37,9.17,0.02,33.62,82.14
GRTE,2020,2,19.86,39.32,3.23,0.01,21.03,52.4
GRTE,2020,3,29.19,45.98,13.76,0.02,18.49,58.23
GRTE,2020,4,32.22,58.04,8.54,0.61,12.48,48.6
GRTE,2020,5,42.31,72.8,26.45,0.45,9.15,55.64
GRTE,2020,6,49.46,74.24,30.32,2.91,3.17,56.0
GRTE,2020,7,60.44,81.53,37.16,1.0,0.0,24.78
GRTE,2020,8,63.65,84.32,41.48,0.2,0.0,25.64
GRTE,2020,9,53.75,82.61,26.36,0.68,3.42,25.72
GRTE,2020,10,41.42,68.21,11.15,0.9,9.92,51.8
GRTE,2020,11,30.56,56.15,16.46,0.26,25.63,65.2
GRTE,2020,12,24.98,40.22,9.71,0.02,15.82,68.06
GRTE,2021,1,21.58,34.91,6.56,0.01,18.82,62.2
GRTE,2021,2,20.21,36.98,5.66,0.03,26.98,74.46
GRTE,2021,3,27.37,45.53,9.71,0.01,10.03,43.87
GRTE,2021,4,32.44,56.33,13.22,0.03,11.0,43.9
GRTE,2021,5,41.13,62.63,21.32,1.09,12.43,56.09
GRTE,2021,6,57.33,80.9,33.56,0.09,0.03,25.82
GRTE,2021,7,65.48,85.31,49.13,2.16,0.0,35.71
GRTE,2021,8,59.83,83.15,41.3,3.39,0.0,38.6
GRTE,2021,9,54.23,80.45,33.29,1.07,0.33,29.77
GRTE,2021,10,41.6,66.59,25.73,2.91,10.36,71.77
GRTE,2021,11,34.78,51.2,18.62,0.7,19.62,82.91
GRTE,2021,12,26.07,46.34,7.64,0.11,43.63,92.67
GRTE,2022,1,22.01,36.53,3.5,0.0,19.24,67.27
GRTE,2022,2,19.38,40.13,-2.08,0.0,6.2,65.43
GRTE,2022,3,28.61,50.66,-1.09,0.02,17.36,68.27
GRTE,2022,4,30.24,48.32,10.25,0.13,27.83,73.15
GRTE,2022,5,38.53,63.44,21.05,1.5,17.36,71.51
GRTE,2022,6,49.4,75.59,31.67,1.36,1.02,46.49
GRTE,2022,7,63.89,83.69,42.56,0.45,0.0,25.06
GRTE,2022,8,62.93,83.15,45.26,4.02,0.0,43.68
GRTE,2022,9,56.22,82.7,36.26,4.12,0.0,37.35
GRTE,2022,10,42.82,64.34,23.03,0.76,9.09,49.32
GRTE,2022,11,26.39,46.88,10.34,0.01,35.28,87.08
GRTE,2022,12,21.48,37.61,-14.77,0.02,37.76,88.04
GRTE,2023,1,19.37,34.1,-7.21,0.02,19.7,78.17
GRTE,2023,2,19.25,37.43,2.78,0.0,25.88,70.56
GRTE,2023,3,21.72,39.5,7.01,0.02,31.33,77.05
GRTE,2023,4,31.23,62.72,13.4,0.04,16.73,68.15
GRTE,2023,5,43.27,65.78,26.99,0.36,4.77,52.13
GRTE,2023,6,50.7,71.9,34.37,2.39,0.44,66.85
GRTE,2023,7,62.93,85.04,42.2,0.71,0.0,30.8
GRTE,2023,8,60.49,83.06,40.76,4.13,0.0,41.55
GRTE,2023,9,52.54,71.81,38.06,3.41,0.39,46.24
GRTE,2023,10,41.54,63.89,17.36,2.28,17.03,63.49
GRTE,2023,11,32.97,48.14,16.64,1.12,13.39,78.1
GRTE,2023,12,27.87,43.55,12.05,0.47,21.91,85.1
GRTE,2024,1,22.33,41.3,-5.05,0.13,25.57,84.13
GRTE,2024,2,24.64,38.87,5.48,0.05,33.54,80.21
GRTE,2024,3,27.21,50.84,8.0,0.02,37.15,68.3
GRTE,2024,4,33.9,56.69,12.86,0.28,9.12,57.87
GRTE,2024,5,39.73,60.38,21.32,0.63,18.96,54.37
GRTE,2024,6,53.88,80.45,30.14,0.91,0.63,39.37
GRTE,2024,7,63.18,86.12,40.13,0.89,0.0,30.2
GRTE,2024,8,61.59,86.84,39.95,1.45,0.0,35.23
GRTE,2024,9,54.92,78.56,38.42,2.56,0.66,39.68
GRTE,2024,10,46.44,71.63,25.37,0.69,7.96,45.68
GRTE,2024,11,29.77,48.86,13.94,0.17,20.67,76.77
GRTE,2024,12,27.97,43.55,10.7,0.26,37.45,82.85
GRTE,2025,1,16.81,41.21,-16.3,0.04,19.1,60.28
GRTE,2025,2,23.12,45.8,-6.85,0.09,53.66,82.43
GRTE,2025,3,29.52,54.71,7.46,0.07,32.85,70.49
GRTE,2025,4,34.07,57.23,11.78,0.3,17.69,55.05
GRTE,2025,5,44.48,69.2,26.81,1.28,11.16,46.64
GRTE,2025,6,54.75,75.77,35.99,0.49,0.52,35.0
GRTE,2025,7,63.09,80.0,47.51,1.02,0.0,34.95
GRTE,2025,8,62.45,80.0,46.7,3.26,0.0,41.29
GRTE,2025,9,55.66,76.49,38.69,2.54,0.0,46.31
GRTE,2025,10,41.27,65.33,20.69,1.94,12.48,56.79
GRTE,2025,11,35.92,54.44,13.76,0.73,10.89,68.05
GRTE,2025,12,30.14,45.26,6.74,1.04,44.15,84.11
GRBA,2006,1,11.45,33.58,-18.62,0.01,7.44,50.49
GRBA,2006,2,15.51,35.83,-10.16,0.34,3.72,36.04
GRBA,2006,3,14.65,33.58,-13.67,0.21,19.48,62.63
GRBA,2006,4,29.19,51.67,7.84,0.75,6.75,39.47
GRBA,2006,5,44.37,64.54,19.81,1.15,0.19,41.31
GRBA,2006,6,56.94,74.26,32.68,0.29,0.0,34.15
GRBA,2006,7,62.12,80.47,44.56,1.72,0.0,50.23
GRBA,2006,8,57.43,71.92,38.35,0.87,0.0,18.16
GRBA,2006,9,46.39,68.77,21.61,1.23,0.03,25.47
GRBA,2006,10,33.7,59.05,16.21,1.89,2.54,38.74
GRBA,2006,11,26.42,55.27,-12.95,0.01,3.31,47.91
GRBA,2006,12,14.99,37.45,-9.44,0.0,9.01,47.18
GRBA,2007,1,6.51,28.72,-20.33,0.0,4.82,25.11
GRBA,2007,2,15.63,35.11,-19.61,0.07,12.68,55.59
GRBA,2007,3,26.24,52.21,-15.92,0.2,4.44,46.72
GRBA,2007,4,32.01,58.42,10.63,0.54,8.21,52.05
GRBA,2007,5,44.27,63.55,5.23,0.41,3.44,32.65
GRBA,2007,6,56.41,76.33,23.23,0.31,0.28,29.22
GRBA,2007,7,64.19,79.84,46.63,1.18,0.0,37.29
GRBA,2007,8,59.24,74.89,42.94,2.39,0.0,25.12
GRBA,2007,9,48.38,70.12,20.53,1.28,0.06,23.93
GRBA,2007,10,36.29,58.69,14.68,0.34,0.8,26.96
GRBA,2007,11,29.78,50.95,9.82,0.11,0.58,40.22
GRBA,2007,12,7.81,41.32,-17.72,0.03,14.06,56.07
GRBA,2008,1,6.95,25.75,-14.39,0.01,15.38,57.1
GRBA,2008,2,11.86,31.06,-9.26,0.0,10.14,50.02
GRBA,2008,3,17.6,36.64,-3.23,0.06,4.91,31.25
GRBA,2008,4,26.65,52.66,0.91,0.03,0.69,30.79
GRBA,2008,5,38.35,69.58,9.1,0.91,2.34,47.04
GRBA,2008,6,53.45,74.62,24.85,0.49,0.3,20.16
GRBA,2008,7,62.59,77.95,46.99,0.52,0.0,29.56
GRBA,2008,8,60.63,75.88,43.75,1.14,0.0,20.44
GRBA,2008,9,50.02,66.43,30.16,0.74,0.0,18.13
GRBA,2008,10,37.32,60.85,6.67,0.53,3.11,27.42
GRBA,2008,11,29.13,49.42,11.8,0.71,2.48,38.29
GRBA,2008,12,13.11,45.1,-25.82,0.0,9.4,47.25
GRBA,2009,1,13.02,33.04,-11.78,0.03,5.68,35.21
GRBA,2009,2,13.72,30.7,-10.61,0.07,10.86,53.39
GRBA,2009,3,19.67,43.03,-10.16,0.07,5.95,39.73
GRBA,2009,4,27.99,53.83,5.68,0.87,8.65,42.62
GRBA,2009,5,45.58,68.32,24.67,1.09,0.0,42.54
GRBA,2009,6,47.23,73.0,28.18,2.9,0.0,53.23
GRBA,2009,7,61.0,79.57,42.58,1.38,0.0,38.05
GRBA,2009,8,57.44,76.96,35.29,0.34,0.0,28.98
GRBA,2009,9,52.42,70.03,24.4,0.8,0.08,22.33
GRBA,2009,10,32.25,59.5,8.38,0.73,2.51,37.24
GRBA,2009,11,27.36,52.93,5.41,0.01,2.65,29.06
GRBA,2009,12,8.34,36.19,-17.27,0.0,11.02,47.75
GRBA,2010,1,13.59,28.36,-9.71,0.02,14.39,67.74
GRBA,2010,2,12.71,27.28,-1.52,0.0,6.04,62.02
GRBA,2010,3,17.91,39.7,-2.33,0.01,11.52,52.58
GRBA,2010,4,23.53,48.61,-0.62,0.46,10.39,45.67
GRBA,2010,5,32.48,58.33,12.25,0.66,6.48,47.34
GRBA,2010,6,52.2,73.0,27.28,0.94,0.55,35.08
GRBA,2010,7,62.12,79.39,40.87,0.61,0.0,25.39
GRBA,2010,8,57.41,73.27,33.31,0.82,0.0,21.06
GRBA,2010,9,52.65,72.01,27.46,0.1,0.0,8.4
GRBA,2010,10,36.43,67.15,13.6,3.36,0.06,49.62
GRBA,2010,11,18.5,52.93,-13.94,0.19,13.81,40.11
GRBA,2010,12,16.27,33.04,-20.6,0.46,34.01,69.6
GRBA,2011,1,11.77,31.24,-17.63,0.01,2.2,42.11
GRBA,2011,2,10.29,31.78,-18.08,0.03,12.87,38.81
GRBA,2011,3,18.07,37.0,0.28,0.08,9.54,52.6
GRBA,2011,4,22.84,43.75,-0.08,0.63,12.68,50.1
GRBA,2011,5,32.46,52.84,7.93,2.23,12.18,54.83
GRBA,2011,6,48.77,71.29,17.29,0.42,0.0,26.53
GRBA,2011,7,58.52,76.06,41.86,1.63,0.0,26.17
GRBA,2011,8,60.67,75.16,44.29,0.25,0.0,21.69
GRBA,2011,9,51.4,68.95,33.22,0.68,0.0,23.94
GRBA,2011,10,36.92,58.78,13.78,0.95,2.92,33.08
GRBA,2011,11,23.22,44.74,9.91,0.06,3.17,45.3
GRBA,2011,12,15.83,39.25,-2.96,0.0,3.03,33.72
GRBA,2012,1,19.51,41.14,-6.29,0.0,4.35,48.72
GRBA,2012,2,13.86,37.63,-11.15,0.04,10.11,49.61
GRBA,2012,3,22.23,48.34,-10.7,0.16,9.54,43.01
GRBA,2012,4,34.41,62.11,11.98,0.6,3.25,42.95
GRBA,2012,5,44.81,66.88,21.07,0.3,0.19,25.27
GRBA,2012,6,55.74,76.24,25.57,0.01,0.0,9.04
GRBA,2012,7,60.17,78.85,41.14,1.31,0.0,40.35
GRBA,2012,8,60.47,76.96,43.3,1.3,0.0,38.71
GRBA,2012,9,51.29,69.13,30.61,1.59,0.0,25.36
GRBA,2012,10,39.21,63.46,15.04,0.76,2.01,30.64
GRBA,2012,11,28.46,52.03,-1.61,0.28,2.51,39.8
GRBA,2012,12,13.49,39.7,-16.55,0.21,10.5,61.97
GRBA,2013,1,8.42,33.13,-26.72,0.0,5.54,39.04
GRBA,2013,2,9.31,29.17,-14.03,0.0,3.56,37.68
GRBA,2013,3,24.09,45.37,-0.44,0.35,5.95,50.66
GRBA,2013,4,30.47,58.69,0.91,0.3,6.61,43.6
GRBA,2013,5,41.94,65.71,17.74,1.38,0.55,37.94
GRBA,2013,6,57.57,80.83,31.6,0.07,0.0,23.1
GRBA,2013,7,62.46,79.93,45.37,1.63,0.0,44.76
GRBA,2013,8,58.06,73.09,42.49,1.05,0.0,38.31
GRBA,2013,9,46.35,67.51,19.81,2.96,0.83,41.69
GRBA,2013,10,33.13,56.8,15.22,0.43,2.84,32.77
GRBA,2013,11,25.31,47.89,6.04,0.12,6.37,41.74
GRBA,2013,12,9.12,31.87,-26.99,0.09,9.07,35.46
GRBA,2014,1,16.69,34.03,-8.18,0.03,7.22,35.88
GRBA,2014,2,18.19,37.99,-12.68,0.28,6.89,48.47
GRBA,2014,3,24.39,44.11,5.5,0.29,4.93,43.88
GRBA,2014,4,32.66,56.8,11.35,0.39,2.87,53.1
GRBA,2014,5,43.49,67.33,17.2,0.39,2.56,46.64
GRBA,2014,6,54.77,74.44,26.74,0.16,0.0,32.94
GRBA,2014,7,62.36,78.22,45.37,1.84,0.0,49.89
GRBA,2014,8,53.56,71.2,36.91,2.42,0.0,41.38
GRBA,2014,9,51.04,70.03,26.74,2.68,0.0,22.88
GRBA,2014,10,41.56,58.42,20.44,0.06,0.0,31.11
GRBA,2014,11,26.87,51.67,7.21,0.44,1.93,36.07
GRBA,2014,12,19.57,41.23,-7.28,0.02,4.24,56.12
GRBA,2015,1,22.41,41.95,-6.47,0.1,4.52,47.86
GRBA,2015,2,26.73,50.95,9.19,0.07,2.18,43.8
GRBA,2015,3,30.42,55.36,-4.22,0.13,3.22,43.13
GRBA,2015,4,32.92,55.63,10.9,0.44,3.33,41.39
GRBA,2015,5,38.44,65.17,15.85,4.39,3.09,70.39
GRBA,2015,6,58.05,78.76,31.33,0.94,0.0,35.19
GRBA,2015,7,57.22,78.22,39.88,0.91,0.0,41.31
GRBA,2015,8,59.39,76.42,40.51,0.7,0.0,46.39
GRBA,2015,9,53.44,72.19,31.69,0.3,0.0,34.66
GRBA,2015,10,41.14,63.91,20.62,0.97,0.25,49.95
GRBA,2015,11,15.76,50.05,-12.5,0.14,10.69,34.18
GRBA,2015,12,9.95,35.29,-18.8,0.0,8.1,58.93
GRBA,2016,1,11.45,29.17,-14.84,0.01,14.22,64.3
GRBA,2016,2,17.78,37.54,-14.12,0.13,5.79,45.1
GRBA,2016,3,24.84,46.09,-0.26,0.3,6.12,51.36
GRBA,2016,4,31.55,54.82,12.25,1.42,6.97,50.45
GRBA,2016,5,39.28,60.49,17.56,1.88,0.0,50.63
GRBA,2016,6,58.8,78.31,36.46,0.85,0.0,29.55
GRBA,2016,7,62.43,81.37,36.64,0.66,0.0,21.92
GRBA,2016,8,58.75,75.52,40.51,0.8,0.0,31.39
GRBA,2016,9,48.61,69.4,24.04,0.73,0.0,21.96
GRBA,2016,10,39.77,57.34,19.9,0.94,0.0,39.48
GRBA,2016,11,28.07,53.38,-2.06,0.24,4.46,26.88
GRBA,2016,12,11.89,35.02,-24.11,0.15,11.33,46.16
GRBA,2017,1,15.3,44.75,-6.55,0.0,42.52,56.89
GRBA,2017,2,19.47,41.33,-8.71,0.15,24.94,61.42
GRBA,2017,3,27.76,47.81,-5.47,0.16,18.8,47.63
GRBA,2017,4,27.47,44.39,7.67,0.36,6.37,47.06
GRBA,2017,5,38.67,61.31,14.78,0.99,2.67,35.87
GRBA,2017,6,55.04,76.07,24.23,0.31,0.96,21.62
GRBA,2017,7,60.55,76.52,45.38,3.46,0.0,52.11
GRBA,2017,8,57.42,72.83,41.51,2.57,0.0,43.46
GRBA,2017,9,44.97,70.49,13.07,2.35,3.2,41.0
GRBA,2017,10,37.03,54.65,15.86,0.08,3.2,17.25
GRBA,2017,11,32.51,51.77,10.82,0.15,1.74,40.87
GRBA,2017,12,25.45,47.18,-0.79,0.0,2.15,30.76
GRBA,2018,1,25.12,44.66,-1.24,0.0,11.96,57.83
GRBA,2018,2,17.01,39.98,-15.19,0.01,6.34,39.72
GRBA,2018,3,20.76,44.03,-4.57,0.53,20.15,58.73
GRBA,2018,4,32.5,56.0,3.98,0.48,5.9,46.31
GRBA,2018,5,39.66,62.03,16.49,1.75,17.86,56.09
GRBA,2018,6,54.71,75.26,31.16,0.06,0.0,12.18
GRBA,2018,7,61.09,76.25,43.85,3.77,0.0,48.27
GRBA,2018,8,59.01,75.26,34.85,1.9,0.0,33.3
GRBA,2018,9,53.81,68.24,33.14,0.22,0.0,17.48
GRBA,2018,10,31.76,54.02,-0.25,3.27,8.27,43.96
GRBA,2018,11,26.56,46.01,1.91,0.01,5.1,34.72
GRBA,2018,12,16.24,35.93,-14.11,0.01,4.35,53.67
GRBA,2019,1,18.31,37.73,-18.7,0.02,19.32,48.36
GRBA,2019,2,11.22,30.35,-9.43,0.0,23.07,60.27
GRBA,2019,3,20.76,36.2,0.83,0.01,25.0,56.43
GRBA,2019,4,29.77,47.54,11.18,0.39,13.42,58.43
GRBA,2019,5,31.14,52.58,11.9,0.75,21.94,57.44
GRBA,2019,6,47.04,64.73,22.61,1.31,0.41,37.93
GRBA,2019,7,57.75,73.01,39.17,2.25,0.0,32.08
GRBA,2019,8,59.11,72.92,43.94,0.93,0.0,23.05
GRBA,2019,9,47.74,71.93,16.04,1.43,1.13,26.66
GRBA,2019,10,31.86,54.74,-1.69,0.02,0.58,15.44
GRBA,2019,11,30.12,49.43,-6.46,0.01,17.72,35.21
GRBA,2019,12,19.26,34.58,-6.19,0.01,10.14,61.44
GRBA,2020,1,18.88,36.56,-5.2,0.0,3.5,45.48
GRBA,2020,2,17.87,42.14,-14.11,0.0,3.47,32.24
GRBA,2020,3,21.33,38.99,2.9,0.02,16.65,56.58
GRBA,2020,4,29.04,55.82,6.41,0.07,10.11,45.7
GRBA,2020,5,42.06,69.59,19.82,0.69,2.76,37.74
GRBA,2020,6,50.02,70.31,18.11,1.17,0.99,43.84
GRBA,2020,7,60.53,76.34,37.37,0.84,0.0,21.88
GRBA,2020,8,62.95,77.96,42.14,0.16,0.0,19.63
GRBA,2020,9,53.3,77.87,21.98,0.26,0.0,14.86
GRBA,2020,10,43.87,63.56,0.92,0.01,0.39,9.96
GRBA,2020,11,25.38,54.38,-2.68,0.26,10.14,30.77
GRBA,2020,12,20.1,42.59,-4.57,0.01,5.73,39.89
GRBA,2021,1,18.65,38.72,1.01,0.01,11.08,55.18
GRBA,2021,2,15.01,35.66,-16.09,0.01,5.48,38.87
GRBA,2021,3,20.32,38.9,0.83,0.02,14.19,44.81
GRBA,2021,4,29.37,56.63,7.31,0.01,8.52,30.42
GRBA,2021,5,39.83,59.78,15.14,0.78,3.97,34.42
GRBA,2021,6,57.8,76.7,28.37,1.25,0.0,35.63
GRBA,2021,7,60.6,78.41,44.93,4.06,0.0,48.53
GRBA,2021,8,57.3,74.63,31.34,2.56,0.08,21.11
GRBA,2021,9,51.65,71.48,21.26,1.31,0.22,12.86
GRBA,2021,10,32.77,54.38,8.39,1.32,12.26,49.26
GRBA,2021,11,33.8,51.14,10.19,0.0,0.74,37.53
GRBA,2021,12,19.51,46.19,-7.45,0.01,29.52,60.18
GRBA,2022,1,21.76,45.92,-6.37,0.0,0.85,40.03
GRBA,2022,2,17.79,38.54,-11.32,0.0,7.52,34.76
GRBA,2022,3,23.97,48.89,-5.74,0.01,6.45,53.92
GRBA,2022,4,28.44,50.6,-3.04,0.02,7.25,42.49
GRBA,2022,5,37.68,65.54,6.32,0.44,5.87,41.25
GRBA,2022,6,52.51,72.65,23.78,1.07,0.3,36.1
GRBA,2022,7,60.49,75.26,41.96,2.48,0.0,43.43
GRBA,2022,8,56.3,72.2,44.39,5.89,0.0,50.65
GRBA,2022,9,53.1,74.9,33.59,2.02,0.0,30.43
GRBA,2022,10,38.62,54.92,5.69,0.53,3.09,23.76
GRBA,2022,11,17.05,39.53,-9.25,0.01,15.79,46.9
GRBA,2022,12,17.74,41.06,0.02,0.0,15.41,61.26
GRBA,2023,1,14.02,31.43,-6.19,0.01,43.32,69.89
GRBA,2023,2,16.28,34.04,-4.84,0.0,16.51,56.79
GRBA,2023,3,14.2,29.18,-7.09,0.01,34.15,61.49
GRBA,2023,4,26.62,49.97,-2.95,0.07,5.43,43.2
GRBA,2023,5,36.74,54.83,17.39,1.65,12.73,54.13
GRBA,2023,6,45.05,62.03,29.09,2.04,2.18,47.01
GRBA,2023,7,61.3,80.21,44.75,2.48,0.0,25.6
GRBA,2023,8,54.7,69.68,41.42,5.15,0.0,35.24
GRBA,2023,9,46.4,61.67,19.73,2.66,3.22,27.55
GRBA,2023,10,37.66,57.53,6.95,0.07,4.82,19.0
GRBA,2023,11,28.22,50.51,5.96,0.13,6.94,48.16
GRBA,2023,12,24.31,43.76,-2.41,0.0,0.94,54.88
GRBA,2024,1,18.08,36.92,-14.11,0.01,18.24,61.18
GRBA,2024,2,17.7,31.34,-7.27,0.07,32.74,58.69
GRBA,2024,3,19.07,38.54,-4.39,0.02,25.38,59.71
GRBA,2024,4,27.78,46.91,-5.29,0.07,8.21,36.32
GRBA,2024,5,36.82,59.42,6.41,0.7,3.44,33.47
GRBA,2024,6,55.86,73.28,21.53,1.47,0.0,27.57
GRBA,2024,7,61.44,78.77,40.61,2.31,0.0,27.55
GRBA,2024,8,57.29,74.63,35.75,3.94,0.11,23.45
GRBA,2024,9,51.26,68.06,28.91,1.61,0.69,21.75
GRBA,2024,10,43.11,65.09,9.65,0.74,5.32,27.02
GRBA,2024,11,19.89,41.87,-4.57,0.01,9.23,42.32
GRBA,2024,12,23.54,44.48,-3.85,0.0,4.8,45.7
GRBA,2025,1,14.39,38.54,-9.16,0.0,2.73,43.47
GRBA,2025,2,20.91,42.95,-9.79,0.13,6.64,50.4
GRBA,2025,3,22.38,47.99,-4.84,0.03,17.78,58.45
GRBA,2025,4,30.11,56.81,2.27,0.28,11.49,50.29
GRBA,2025,5,41.47,69.41,17.75,2.18,10.33,42.56
GRBA,2025,6,53.84,72.74,24.5,1.76,0.19,30.68
GRBA,2025,7,58.7,75.62,43.76,1.16,0.0,24.81
GRBA,2025,8,57.93,74.99,41.24,2.7,0.0,33.94
GRBA,2025,9,48.72,68.87,33.5,3.06,0.19,32.12
GRBA,2025,10,36.12,55.64,17.39,1.59,6.23,31.49
GRBA,2025,11,31.9,55.28,9.11,0.24,2.51,48.98
GRBA,2025,12,27.47,47.36,-0.25,0.87,9.07,51.35
GRSA,2006,1,25.95,50.21,-3.79,0.0,5.04,21.79
GRSA,2006,2,27.35,58.76,-2.17,0.03,2.62,25.29
GRSA,2006,3,33.83,58.67,4.94,0.11,7.25,47.32
GRSA,2006,4,47.12,72.89,25.91,0.26,1.3,34.29
GRSA,2006,5,56.24,78.74,28.97,0.98,0.08,37.32
GRSA,2006,6,66.04,85.31,43.1,1.01,0.0,35.17
GRSA,2006,7,66.49,87.29,50.75,3.21,0.0,57.52
GRSA,2006,8,63.46,80.99,44.18,2.26,0.0,55.73
GRSA,2006,9,52.42,74.42,23.39,1.1,3.42,32.11
GRSA,2006,10,43.45,69.56,8.0,0.48,7.63,37.2
GRSA,2006,11,36.1,60.92,5.84,0.05,2.67,27.82
GRSA,2006,12,23.71,46.34,-4.87,0.0,12.54,41.3
GRSA,2007,1,16.9,36.44,-5.41,0.0,7.91,29.94
GRSA,2007,2,24.35,43.82,-3.88,0.0,3.2,41.08
GRSA,2007,3,35.6,59.48,-0.64,0.22,2.92,40.18
GRSA,2007,4,41.23,68.21,8.09,0.77,12.98,43.82
GRSA,2007,5,50.83,71.54,28.88,1.8,2.98,51.74
GRSA,2007,6,62.14,85.85,32.75,1.98,0.0,42.36
GRSA,2007,7,66.66,85.94,48.86,3.51,0.0,49.49
GRSA,2007,8,67.32,85.67,50.57,1.47,0.0,33.63
GRSA,2007,9,58.94,77.12,35.9,0.98,0.0,27.69
GRSA,2007,10,48.07,69.92,21.41,0.15,3.39,24.8
GRSA,2007,11,38.5,59.39,12.41,0.06,2.15,27.1
GRSA,2007,12,18.74,48.5,-12.34,0.64,9.54,41.5
GRSA,2008,1,14.62,36.08,-12.52,0.01,10.2,32.69
GRSA,2008,2,22.57,42.02,1.97,0.0,7.25,38.63
GRSA,2008,3,29.24,51.11,3.23,0.03,6.28,33.55
GRSA,2008,4,39.6,64.43,15.29,0.1,5.46,28.25
GRSA,2008,5,50.56,77.93,22.94,0.62,0.63,33.86
GRSA,2008,6,63.25,82.97,37.88,0.96,0.11,28.14
GRSA,2008,7,67.11,85.4,47.51,1.85,0.0,40.92
GRSA,2008,8,64.41,85.58,45.08,2.69,0.0,42.91
GRSA,2008,9,58.07,77.57,40.67,0.51,0.0,24.06
GRSA,2008,10,47.38,70.19,25.37,0.54,3.06,28.46
GRSA,2008,11,37.06,61.82,18.89,0.04,4.44,32.32
GRSA,2008,12,22.0,47.87,-10.27,0.01,12.15,40.26
GRSA,2009,1,21.94,39.68,0.35,0.0,6.17,24.92
GRSA,2009,2,25.16,48.41,2.15,0.02,2.65,26.79
GRSA,2009,3,34.8,58.85,5.3,0.05,6.17,40.35
GRSA,2009,4,38.73,67.04,6.56,0.1,12.15,37.88
GRSA,2009,5,54.79,77.48,35.09,2.0,0.03,53.84
GRSA,2009,6,59.71,79.1,40.67,1.23,0.0,44.59
GRSA,2009,7,67.57,86.93,49.58,1.58,0.0,34.21
GRSA,2009,8,65.14,85.67,46.88,0.9,0.0,29.75
GRSA,2009,9,55.47,78.38,31.13,1.63,1.13,46.93
GRSA,2009,10,41.08,67.76,7.28,0.5,13.94,32.18
GRSA,2009,11,33.77,52.82,12.41,0.02,1.71,26.23
GRSA,2009,12,17.08,43.1,-8.11,0.0,6.17,42.23
GRSA,2010,1,18.96,39.5,-14.32,0.0,4.85,43.57
GRSA,2010,2,18.71,36.53,-11.53,0.0,7.72,49.15
GRSA,2010,3,29.48,55.16,8.45,0.07,13.2,43.88
GRSA,2010,4,40.38,62.72,12.95,0.28,5.07,45.17
GRSA,2010,5,51.04,78.11,24.56,0.37,2.09,28.24
GRSA,2010,6,66.49,86.75,42.65,0.6,0.0,28.48
GRSA,2010,7,68.29,89.18,48.23,1.74,0.0,37.54
GRSA,2010,8,66.23,82.16,50.3,1.08,0.0,28.75
GRSA,2010,9,62.51,82.88,41.93,0.53,0.0,14.28
GRSA,2010,10,48.27,77.39,24.2,0.45,0.19,33.38
GRSA,2010,11,34.03,60.83,9.17,0.03,1.43,23.08
GRSA,2010,12,29.93,51.56,-1.63,0.01,5.35,39.03
GRSA,2011,1,21.29,48.41,-15.58,0.0,3.11,28.04
GRSA,2011,2,19.25,45.98,-36.1,0.06,6.86,40.25
GRSA,2011,3,36.64,60.11,7.1,0.07,5.15,34.9
GRSA,2011,4,43.9,67.94,23.39,0.61,1.74,36.87
GRSA,2011,5,49.85,76.49,23.57,0.4,3.11,33.56
GRSA,2011,6,66.46,86.48,41.75,0.17,0.0,22.21
GRSA,2011,7,70.45,88.64,51.56,0.79,0.0,35.41
GRSA,2011,8,68.03,85.04,49.31,1.5,0.0,43.74
GRSA,2011,9,57.5,80.09,36.53,1.49,0.0,38.81
GRSA,2011,10,44.51,72.17,9.26,0.46,9.89,25.12
GRSA,2011,11,30.82,51.02,11.15,0.04,3.22,25.6
GRSA,2011,12,18.12,37.97,-15.67,0.0,7.47,36.45
GRSA,2012,1,22.02,41.48,-2.62,0.0,1.38,28.27
GRSA,2012,2,23.14,48.05,-1.09,0.01,3.69,38.61
GRSA,2012,3,38.73,68.57,1.61,0.07,1.9,26.59
GRSA,2012,4,46.66,74.06,20.96,0.31,6.94,38.57
GRSA,2012,5,55.22,78.38,32.3,1.23,4.85,32.39
GRSA,2012,6,69.32,89.45,44.9,0.09,0.0,26.75
GRSA,2012,7,68.44,87.29,50.75,2.02,0.0,42.04
GRSA,2012,8,66.73,84.32,48.23,1.65,0.0,37.45
GRSA,2012,9,58.78,80.99,38.69,0.94,0.0,31.5
GRSA,2012,10,47.75,71.99,26.09,0.19,0.25,16.84
GRSA,2012,11,38.28,60.56,13.49,0.06,0.47,22.09
GRSA,2012,12,22.62,50.21,-10.54,0.0,6.81,42.72
GRSA,2013,1,14.92,41.3,-24.49,0.1,2.26,28.99
GRSA,2013,2,20.75,43.1,-8.02,0.0,5.59,37.16
GRSA,2013,3,33.95,60.29,-1.99,0.08,4.99,40.94
GRSA,2013,4,40.55,70.19,6.02,0.33,7.83,48.6
GRSA,2013,5,51.58,75.77,21.86,1.11,1.9,42.44
GRSA,2013,6,67.08,89.99,35.72,0.84,0.0,32.7
GRSA,2013,7,66.38,84.95,45.89,2.85,0.0,49.64
GRSA,2013,8,66.35,85.85,49.13,0.92,0.0,42.7
GRSA,2013,9,59.07,83.24,30.5,2.49,0.0,34.19
GRSA,2013,10,43.93,72.35,25.73,0.33,3.14,23.55
GRSA,2013,11,32.38,53.36,8.99,0.1,12.02,31.53
GRSA,2013,12,17.44,35.99,-11.17,0.0,3.06,25.26
GRSA,2014,1,19.54,40.4,-6.94,0.03,3.72,26.81
GRSA,2014,2,26.17,50.75,-10.18,0.02,3.86,32.0
GRSA,2014,3,33.9,56.87,13.4,0.19,7.52,39.08
GRSA,2014,4,40.92,65.15,13.13,0.47,9.31,49.49
GRSA,2014,5,51.39,76.49,22.94,1.12,2.84,46.71
GRSA,2014,6,64.93,87.29,39.5,0.47,0.0,28.82
GRSA,2014,7,67.02,86.3,51.38,3.89,0.0,52.5
GRSA,2014,8,63.59,82.79,46.52,1.43,0.0,41.4
GRSA,2014,9,61.31,82.43,35.27,0.8,0.0,27.76
GRSA,2014,10,49.86,71.72,28.79,0.65,1.16,27.28
GRSA,2014,11,32.01,60.65,-0.55,0.16,3.53,33.77
GRSA,2014,12,24.27,47.33,-15.4,0.02,6.06,50.28
GRSA,2015,1,24.36,49.58,-5.41,0.02,4.38,43.85
GRSA,2015,2,29.35,53.81,-0.19,0.08,12.84,40.03
GRSA,2015,3,37.68,63.17,3.77,0.41,4.22,35.15
GRSA,2015,4,42.74,66.32,22.58,0.5,5.93,40.17
GRSA,2015,5,48.44,73.61,30.5,2.88,2.01,58.52
GRSA,2015,6,65.52,89.63,43.73,1.09,0.0,37.42
GRSA,2015,7,64.78,84.59,49.31,3.04,0.0,56.95
GRSA,2015,8,66.81,84.95,47.24,0.92,0.0,38.38
GRSA,2015,9,62.15,78.83,43.19,0.49,0.0,36.74
GRSA,2015,10,51.07,75.41,30.05,0.55,1.3,43.73
GRSA,2015,11,32.29,61.91,7.64,0.2,10.28,21.86
GRSA,2015,12,18.67,42.74,-13.6,0.01,3.22,41.72
GRSA,2016,1,18.63,43.82,-6.76,0.0,3.2,42.08
GRSA,2016,2,28.21,50.75,-8.74,0.0,4.11,33.45
GRSA,2016,3,36.67,61.37,4.49,0.03,5.68,34.7
GRSA,2016,4,40.78,63.53,16.73,0.52,13.81,51.32
GRSA,2016,5,50.22,71.18,20.51,0.9,1.35,38.08
GRSA,2016,6,67.16,91.34,43.82,0.73,0.0,38.75
GRSA,2016,7,70.36,87.65,50.84,0.75,0.0,32.26
GRSA,2016,8,63.49,81.62,46.07,1.73,0.0,46.7
GRSA,2016,9,59.99,79.64,35.18,0.37,0.0,26.45
GRSA,2016,10,52.16,71.81,30.95,0.1,0.0,26.49
GRSA,2016,11,38.74,61.19,6.65,0.12,2.09,27.14
GRSA,2016,12,21.38,45.26,-4.33,0.07,7.74,31.41
GRSA,2017,1,20.21,39.37,-3.83,0.15,11.22,53.97
GRSA,2017,2,28.48,46.66,-1.31,0.06,4.33,40.99
GRSA,2017,3,38.18,66.55,3.1,0.6,3.97,41.47
GRSA,2017,4,42.16,70.87,18.22,0.82,7.44,43.38
GRSA,2017,5,50.76,76.54,27.31,1.16,2.29,37.91
GRSA,2017,6,65.78,87.52,43.51,0.22,0.0,29.83
GRSA,2017,7,67.4,85.81,50.53,1.17,0.0,44.02
GRSA,2017,8,63.7,82.57,49.27,1.07,0.0,39.41
GRSA,2017,9,58.59,81.58,36.49,2.04,0.0,35.34
GRSA,2017,10,46.32,66.64,22.72,0.6,1.07,28.19
GRSA,2017,11,40.75,60.52,19.66,0.05,0.52,36.7
GRSA,2017,12,30.11,51.7,9.67,0.0,1.19,23.58
GRSA,2018,1,28.91,51.88,7.87,0.02,2.2,30.33
GRSA,2018,2,29.94,49.54,6.34,0.02,3.94,39.6
GRSA,2018,3,37.13,64.84,13.27,0.05,1.63,34.32
GRSA,2018,4,45.35,70.78,19.3,0.47,1.19,43.22
GRSA,2018,5,58.35,81.94,27.85,0.35,0.11,42.01
GRSA,2018,6,68.08,88.78,42.88,0.18,0.0,29.89
GRSA,2018,7,69.4,89.05,49.45,0.33,0.0,37.4
GRSA,2018,8,66.02,85.81,45.04,0.47,0.0,37.74
GRSA,2018,9,61.0,81.13,39.1,0.5,0.0,27.48
GRSA,2018,10,44.41,72.4,21.73,1.36,3.94,48.46
GRSA,2018,11,27.91,44.23,2.74,0.0,1.68,25.42
GRSA,2018,12,23.4,40.0,-0.59,0.01,3.94,41.28
GRSA,2019,1,18.36,37.66,-7.16,0.01,5.95,46.66
GRSA,2019,2,20.85,39.37,-8.69,0.11,5.26,43.78
GRSA,2019,3,31.43,61.24,10.12,0.46,12.43,49.76
GRSA,2019,4,43.68,68.35,18.4,1.1,1.63,45.13
GRSA,2019,5,46.99,71.05,28.93,0.59,6.59,46.67
GRSA,2019,6,61.33,84.55,37.93,0.55,0.0,39.82
GRSA,2019,7,69.09,87.25,51.61,0.29,0.0,35.8
GRSA,2019,8,68.12,86.17,50.98,0.56,0.0,38.42
GRSA,2019,9,62.3,84.01,39.28,0.3,0.0,24.12
GRSA,2019,10,42.04,72.76,4.54,0.22,3.78,18.72
GRSA,2019,11,33.49,51.7,6.16,0.3,3.61,39.01
GRSA,2019,12,21.17,39.01,-11.39,0.03,8.32,46.89
GRSA,2020,1,19.03,36.76,-5.0,0.01,3.67,39.79
GRSA,2020,2,22.03,42.43,-8.96,0.08,2.92,40.66
GRSA,2020,3,35.84,55.84,16.42,0.2,2.31,45.06
GRSA,2020,4,43.93,75.28,14.62,0.1,0.22,38.46
GRSA,2020,5,57.34,81.13,30.55,0.17,0.0,33.58
GRSA,2020,6,64.34,85.0,34.78,0.5,0.44,35.21
GRSA,2020,7,67.85,89.5,48.64,1.16,0.0,39.6
GRSA,2020,8,68.97,86.89,46.39,0.61,0.0,25.96
GRSA,2020,9,56.52,85.9,27.4,0.06,7.91,21.24
GRSA,2020,10,47.69,75.1,2.2,0.12,6.2,22.19
GRSA,2020,11,34.78,56.47,12.55,0.35,2.84,21.89
GRSA,2020,12,20.69,43.33,-9.5,0.0,4.93,31.81
GRSA,2021,1,18.41,36.76,-4.46,0.0,6.45,34.15
GRSA,2021,2,20.05,40.27,-1.58,0.03,3.72,36.29
GRSA,2021,3,30.34,56.47,8.86,0.03,9.34,40.45
GRSA,2021,4,42.13,69.79,18.22,0.06,1.38,33.46
GRSA,2021,5,51.59,77.35,29.2,2.06,2.31,44.72
GRSA,2021,6,64.99,88.42,40.09,0.22,0.0,36.97
GRSA,2021,7,68.18,88.6,50.44,0.97,0.0,35.78
GRSA,2021,8,67.22,85.0,50.17,1.08,0.0,31.61
GRSA,2021,9,62.01,84.01,36.13,0.7,0.0,25.04
GRSA,2021,10,45.88,72.85,23.35,0.35,1.1,32.94
GRSA,2021,11,40.21,64.03,20.11,0.01,0.39,37.19
GRSA,2021,12,30.62,53.68,4.72,0.19,2.76,45.86
GRSA,2022,1,22.46,41.08,-10.4,0.0,4.19,41.02
GRSA,2022,2,19.96,40.18,-10.94,0.0,6.06,35.74
GRSA,2022,3,30.67,61.33,3.1,0.06,8.05,44.93
GRSA,2022,4,43.29,71.23,18.04,0.39,2.45,41.24
GRSA,2022,5,54.47,78.97,26.95,0.74,1.82,41.33
GRSA,2022,6,64.01,88.42,37.12,1.86,0.0,52.91
GRSA,2022,7,67.22,90.04,50.17,1.97,0.0,51.33
GRSA,2022,8,64.83,84.55,47.47,1.1,0.0,39.53
GRSA,2022,9,61.46,85.72,43.96,1.09,0.0,30.91
GRSA,2022,10,45.15,67.45,21.28,0.13,1.32,30.44
GRSA,2022,11,29.44,57.28,9.85,0.14,4.16,32.54
GRSA,2022,12,26.38,46.57,2.38,0.04,1.07,55.9
GRSA,2023,1,21.2,43.87,-7.79,0.0,4.74,57.28
GRSA,2023,2,23.07,44.77,-3.92,0.0,6.92,43.28
GRSA,2023,3,29.3,51.34,5.62,0.17,7.36,61.9
GRSA,2023,4,40.9,69.97,10.75,0.25,5.87,40.93
GRSA,2023,5,53.4,74.65,30.46,1.06,5.84,48.49
GRSA,2023,6,60.66,84.73,36.94,0.96,0.0,38.25
GRSA,2023,7,71.16,92.02,45.04,0.03,0.0,28.1
GRSA,2023,8,67.71,89.41,46.93,0.17,0.0,33.76
GRSA,2023,9,59.41,83.65,39.28,0.66,0.0,30.64
GRSA,2023,10,48.15,70.42,15.61,0.3,0.3,18.08
GRSA,2023,11,35.23,62.23,6.7,0.04,1.57,37.16
GRSA,2023,12,23.92,44.95,-3.2,0.0,6.7,48.3
GRSA,2024,1,19.88,39.19,-11.12,0.0,4.13,51.55
GRSA,2024,2,25.69,47.56,1.93,0.06,6.45,44.49
GRSA,2024,3,32.49,53.05,6.43,0.04,8.02,46.12
GRSA,2024,4,43.72,70.42,18.13,0.13,1.6,37.88
GRSA,2024,5,50.98,76.09,26.95,0.95,4.35,37.56
GRSA,2024,6,66.37,87.25,47.38,2.17,0.0,41.04
GRSA,2024,7,66.9,88.42,46.3,1.27,0.0,28.88
GRSA,2024,8,66.06,88.33,48.37,1.61,0.0,45.74
GRSA,2024,9,59.56,79.78,41.17,0.93,0.0,20.8
GRSA,2024,10,51.16,75.46,19.3,0.76,0.88,26.62
GRSA,2024,11,30.65,55.39,13.0,0.07,7.91,36.61
GRSA,2024,12,28.38,46.21,3.46,0.0,1.93,34.35
GRSA,2025,1,19.14,45.04,-6.53,0.0,4.33,36.77
GRSA,2025,2,32.84,55.12,7.42,0.01,1.79,36.78
GRSA,2025,3,37.83,64.75,13.54,0.04,4.19,47.22
GRSA,2025,4,44.55,75.64,16.96,0.23,3.78,43.46
GRSA,2025,5,50.74,76.9,30.1,1.65,3.56,41.62
GRSA,2025,6,64.02,85.54,43.96,0.73,0.0,30.44
GRSA,2025,7,66.57,84.91,51.25,0.74,0.0,41.89
GRSA,2025,8,65.99,87.25,46.48,0.48,0.0,32.49
GRSA,2025,9,57.31,77.26,35.05,0.55,0.0,34.08
GRSA,2025,10,47.79,73.93,24.34,1.79,0.0,26.43
GRSA,2025,11,37.39,58.72,17.86,0.37,4.96,47.53
GRSA,2025,12,30.24,53.5,5.17,0.01,4.02,40.9
GRSM,2006,1,38.97,62.11,18.73,5.14,4.08,65.66
GRSM,2006,2,32.69,56.71,10.9,1.76,13.37,63.61
GRSM,2006,3,41.71,67.87,19.63,2.67,3.69,57.56
GRSM,2006,4,54.42,76.6,31.42,6.67,0.0,56.23
GRSM,2006,5,56.06,77.86,36.91,6.22,0.0,59.67
GRSM,2006,6,63.57,82.0,46.54,5.63,0.0,50.82
GRSM,2006,7,67.89,81.91,52.39,5.48,0.0,55.75
GRSM,2006,8,68.74,81.55,57.61,6.28,0.0,69.76
GRSM,2006,9,59.15,84.52,39.88,5.72,0.0,57.86
GRSM,2006,10,49.9,72.28,26.2,4.89,0.0,52.97
GRSM,2006,11,42.98,70.39,25.3,4.33,1.46,57.04
GRSM,2006,12,39.7,62.47,13.06,3.94,1.71,47.13
GRSM,2007,1,36.31,60.94,8.92,3.22,2.4,66.39
GRSM,2007,2,31.68,61.39,6.49,1.44,4.69,48.49
GRSM,2007,3,47.02,74.89,20.08,3.52,0.11,54.77
GRSM,2007,4,46.67,71.65,15.94,4.21,2.89,54.05
GRSM,2007,5,58.8,77.5,37.18,2.87,0.0,45.24
GRSM,2007,6,65.51,79.48,51.22,2.79,0.0,53.15
GRSM,2007,7,65.92,79.3,52.66,8.08,0.0,73.48
GRSM,2007,8,71.52,86.68,59.23,2.44,0.0,40.41
GRSM,2007,9,64.52,80.02,45.1,2.06,0.0,45.22
GRSM,2007,10,57.06,76.42,33.04,3.99,0.0,39.68
GRSM,2007,11,42.43,63.46,25.75,2.21,0.06,46.0
GRSM,2007,12,40.91,65.71,21.52,3.95,1.21,72.43
GRSM,2008,1,32.8,60.22,6.04,2.7,4.63,60.63
GRSM,2008,2,37.89,63.55,5.5,3.46,2.65,64.79
GRSM,2008,3,42.77,62.11,22.69,4.08,1.46,54.62
GRSM,2008,4,50.39,69.49,26.83,4.87,0.85,59.37
GRSM,2008,5,56.61,74.8,38.89,5.06,0.0,61.78
GRSM,2008,6,66.2,82.81,49.87,2.96,0.0,45.32
GRSM,2008,7,67.26,83.26,48.52,4.05,0.0,55.81
GRSM,2008,8,67.17,83.35,50.14,3.4,0.0,53.81
GRSM,2008,9,63.22,80.38,45.1,2.65,0.0,57.21
GRSM,2008,10,51.6,74.35,25.66,2.22,0.88,37.96
GRSM,2008,11,39.64,64.63,17.11,2.75,1.74,42.87
GRSM,2008,12,38.43,58.51,9.91,5.86,3.14,69.79
GRSM,2009,1,32.22,58.69,4.6,4.89,5.04,53.89
GRSM,2009,2,34.59,59.68,3.61,2.58,4.49,56.06
GRSM,2009,3,44.4,70.93,11.8,5.23,1.41,62.67
GRSM,2009,4,49.33,75.07,18.37,3.97,3.31,58.41
GRSM,2009,5,58.34,72.19,35.2,8.09,0.0,73.27
GRSM,2009,6,66.1,81.1,49.42,3.68,0.0,63.55
GRSM,2009,7,64.34,76.33,49.78,5.08,0.0,64.21
GRSM,2009,8,65.86,79.39,54.28,4.75,0.0,62.42
GRSM,2009,9,61.28,75.16,42.31,7.27,0.0,73.28
GRSM,2009,10,52.24,73.81,28.0,7.01,0.25,70.11
GRSM,2009,11,45.56,68.41,29.17,5.22,0.3,51.27
GRSM,2009,12,34.05,58.06,18.64,4.78,13.45,72.95
GRSM,2010,1,27.75,52.48,1.99,4.55,7.63,61.47
GRSM,2010,2,27.0,49.24,7.75,2.79,13.48,69.91
GRSM,2010,3,39.37,65.53,20.89,3.08,4.33,66.45
GRSM,2010,4,53.22,78.13,33.04,3.36,0.0,42.55
GRSM,2010,5,60.68,77.41,37.45,6.87,0.0,60.99
GRSM,2010,6,68.6,83.08,52.21,3.84,0.0,57.69
GRSM,2010,7,70.36,84.16,55.27,5.12,0.0,56.28
GRSM,2010,8,69.79,84.88,55.27,4.74,0.0,58.8
GRSM,2010,9,63.91,82.54,47.53,4.59,0.0,43.54
GRSM,2010,10,52.66,72.19,34.03,3.22,0.0,32.33
GRSM,2010,11,43.99,64.09,24.94,5.73,1.46,50.77
GRSM,2010,12,26.4,51.76,-0.08,1.27,12.93,66.78
GRSM,2011,1,28.22,53.92,-6.92,1.69,14.28,63.68
GRSM,2011,2,38.94,65.89,13.42,2.94,2.37,55.53
GRSM,2011,3,44.69,68.59,22.96,8.09,5.13,70.11
GRSM,2011,4,53.63,76.69,27.46,4.36,0.85,54.97
GRSM,2011,5,58.54,80.83,32.5,3.58,0.0,63.21
GRSM,2011,6,67.47,82.18,52.39,4.64,0.0,57.95
GRSM,2011,7,70.29,84.25,56.62,5.11,0.0,63.93
GRSM,2011,8,68.9,85.42,52.3,2.4,0.0,51.33
GRSM,2011,9,60.93,83.8,46.45,5.42,0.0,63.46
GRSM,2011,10,50.23,71.11,28.63,4.06,0.44,40.09
GRSM,2011,11,44.75,63.64,25.84,4.94,1.41,57.37
GRSM,2011,12,40.12,61.75,25.3,5.22,2.54,63.5
GRSM,2012,1,37.1,59.41,10.36,3.76,1.65,58.42
GRSM,2012,2,39.37,63.01,9.91,3.76,2.67,66.54
GRSM,2012,3,50.49,71.56,25.57,5.94,0.5,62.3
GRSM,2012,4,52.47,75.43,27.19,5.26,0.66,56.94
GRSM,2012,5,60.51,78.31,40.6,6.18,0.0,61.39
GRSM,2012,6,64.56,91.81,46.54,2.98,0.0,55.09
GRSM,2012,7,70.15,90.01,59.41,6.41,0.0,62.24
GRSM,2012,8,65.44,81.1,51.85,5.25,0.0,61.36
GRSM,2012,9,60.92,79.39,40.15,4.8,0.0,59.1
GRSM,2012,10,50.72,70.21,29.17,3.68,5.43,59.2
GRSM,2012,11,40.89,63.73,24.85,1.28,0.28,39.34
GRSM,2012,12,40.03,61.03,22.06,5.07,2.09,74.52
GRSM,2013,1,38.21,66.52,18.55,9.8,3.31,63.88
GRSM,2013,2,34.74,54.28,13.87,3.94,7.61,63.0
GRSM,2013,3,35.31,62.83,16.75,5.03,6.97,62.44
GRSM,2013,4,50.09,75.79,29.08,4.31,0.14,58.49
GRSM,2013,5,56.25,77.68,34.12,6.24,0.0,60.7
GRSM,2013,6,64.46,80.47,50.41,7.31,0.0,70.61
GRSM,2013,7,66.15,79.66,53.74,7.6,0.0,77.99
GRSM,2013,8,65.69,78.22,52.3,5.51,0.0,74.15
GRSM,2013,9,62.13,76.42,46.63,2.95,0.0,59.53
GRSM,2013,10,53.28,73.9,26.65,1.63,0.08,59.81
GRSM,2013,11,40.04,62.83,16.48,4.39,2.51,53.86
GRSM,2013,12,38.41,64.81,23.14,7.53,0.85,66.24
GRSM,2014,1,25.84,51.31,-8.36,2.76,7.22,51.62
GRSM,2014,2,34.72,61.66,13.24,3.09,9.23,66.86
GRSM,2014,3,40.34,66.43,17.92,3.18,5.73,62.49
GRSM,2014,4,51.24,73.63,26.29,5.8,0.63,63.34
GRSM,2014,5,58.71,76.51,36.1,4.44,0.0,59.83
GRSM,2014,6,65.42,79.12,52.3,5.78,0.0,74.63
GRSM,2014,7,65.24,81.73,48.88,6.37,0.0,67.06
GRSM,2014,8,66.5,80.56,51.4,3.77,0.0,67.51
GRSM,2014,9,63.14,78.67,44.38,3.78,0.0,68.02
GRSM,2014,10,52.77,74.35,28.63,5.33,0.72,54.61
GRSM,2014,11,37.47,66.07,15.76,2.6,5.54,53.63
GRSM,2014,12,39.42,58.42,23.59,3.57,1.41,71.35
GRSM,2015,1,32.82,53.83,2.44,3.61,4.35,56.46
GRSM,2015,2,28.38,57.16,-5.12,2.46,9.31,62.36
GRSM,2015,3,44.42,67.33,20.26,4.15,0.91,70.62
GRSM,2015,4,52.4,74.08,27.37,6.63,0.0,73.35
GRSM,2015,5,59.85,76.78,36.19,2.44,0.0,63.61
GRSM,2015,6,66.55,82.0,50.5,5.46,0.0,60.58
GRSM,2015,7,68.69,80.92,57.16,6.89,0.0,71.2
GRSM,2015,8,66.16,80.83,51.67,5.76,0.0,66.42
GRSM,2015,9,62.39,78.85,39.97,5.53,0.0,64.48
GRSM,2015,10,53.97,72.01,31.51,4.02,0.0,50.84
GRSM,2015,11,48.09,69.85,23.77,9.04,0.11,67.53
GRSM,2015,12,47.24,68.05,23.68,9.3,0.0,69.36
GRSM,2016,1,30.96,57.07,2.71,2.11,12.84,58.83
GRSM,2016,2,34.31,59.32,6.4,4.54,9.45,62.47
GRSM,2016,3,47.45,70.57,24.13,3.66,2.34,61.32
GRSM,2016,4,51.26,73.54,27.73,3.51,0.11,52.87
GRSM,2016,5,56.9,75.16,35.65,5.48,0.0,66.31
GRSM,2016,6,67.46,82.09,49.06,3.53,0.0,55.5
GRSM,2016,7,70.54,82.63,59.41,4.52,0.0,67.8
GRSM,2016,8,69.66,81.28,55.36,6.02,0.0,66.27
GRSM,2016,9,65.83,80.83,43.93,2.94,0.0,43.02
GRSM,2016,10,56.82,74.62,37.0,1.09,0.0,41.2
GRSM,2016,11,46.99,70.39,26.56,2.18,0.0,46.53
GRSM,2016,12,38.01,63.01,20.8,4.57,0.11,63.94
GRSM,2017,1,37.49,57.38,-14.17,4.24,7.83,77.69
GRSM,2017,2,41.77,64.49,13.55,2.69,1.71,62.0
GRSM,2017,3,41.13,68.36,6.35,5.26,6.17,59.21
GRSM,2017,4,54.04,74.48,20.84,7.15,4.49,64.96
GRSM,2017,5,57.59,75.02,34.16,8.41,0.69,59.21
GRSM,2017,6,62.82,75.02,50.18,5.77,0.0,65.88
GRSM,2017,7,67.49,80.15,51.98,4.67,0.0,52.05
GRSM,2017,8,65.1,79.97,54.05,4.01,0.0,64.16
GRSM,2017,9,60.47,73.94,43.16,3.7,0.0,40.82
GRSM,2017,10,53.85,73.94,22.46,6.21,2.04,47.94
GRSM,2017,11,44.27,64.4,23.18,1.97,0.52,56.6
GRSM,2017,12,34.3,57.2,7.61,3.33,6.09,66.98
GRSM,2018,1,27.53,53.78,-0.94,2.15,5.84,52.63
GRSM,2018,2,43.74,67.1,10.58,6.77,6.53,80.37
GRSM,2018,3,37.81,61.7,13.19,7.42,9.01,68.59
GRSM,2018,4,45.43,67.64,19.49,5.48,3.8,60.7
GRSM,2018,5,61.7,76.1,40.19,5.23,0.0,69.5
GRSM,2018,6,66.01,78.62,50.9,5.76,0.0,62.92
GRSM,2018,7,67.06,81.14,54.32,6.91,0.0,62.52
GRSM,2018,8,65.39,77.45,51.08,9.7,0.0,59.87
GRSM,2018,9,65.49,76.28,53.42,6.79,0.0,69.88
GRSM,2018,10,53.59,73.4,24.35,5.71,0.0,59.54
GRSM,2018,11,39.29,62.15,9.32,7.22,0.74,67.36
GRSM,2018,12,36.61,57.47,11.93,6.24,18.33,77.57
GRSM,2019,1,32.03,55.76,1.67,5.22,6.09,62.03
GRSM,2019,2,42.18,62.96,21.56,8.89,0.41,79.63
GRSM,2019,3,39.49,62.42,7.16,5.75,1.71,65.95
GRSM,2019,4,52.19,73.67,18.95,7.58,1.46,66.88
GRSM,2019,5,61.54,79.16,38.03,6.29,0.0,58.8
GRSM,2019,6,63.7,77.81,45.77,5.73,0.0,70.51
GRSM,2019,7,67.23,78.71,52.79,8.5,0.0,59.19
GRSM,2019,8,67.38,79.43,54.77,4.98,0.0,52.25
GRSM,2019,9,67.76,81.59,52.79,2.17,0.0,33.75
GRSM,2019,10,56.21,81.14,24.44,7.6,0.03,58.72
GRSM,2019,11,40.27,62.15,12.02,3.58,2.26,51.52
GRSM,2019,12,39.73,61.43,17.24,6.1,3.75,66.5
GRSM,2020,1,36.72,60.98,8.87,6.37,3.39,72.16
GRSM,2020,2,36.55,61.43,13.01,9.65,11.57,72.82
GRSM,2020,3,47.75,73.22,20.03,7.48,0.61,83.4
GRSM,2020,4,46.77,68.27,24.71,8.47,0.96,60.25
GRSM,2020,5,54.18,73.22,24.98,5.77,0.19,58.27
GRSM,2020,6,63.13,78.35,43.79,5.0,0.0,63.3
GRSM,2020,7,68.25,80.06,57.65,10.09,0.0,58.35
GRSM,2020,8,66.4,77.09,57.11,10.41,0.0,61.91
GRSM,2020,9,60.76,77.9,39.2,6.43,0.0,60.73
GRSM,2020,10,54.72,73.13,32.99,5.91,0.0,47.56
GRSM,2020,11,46.22,65.84,21.02,3.18,3.28,43.25
GRSM,2020,12,34.32,56.12,-1.48,4.31,10.03,63.25
GRSM,2021,1,32.69,57.92,10.49,3.24,12.18,67.26
GRSM,2021,2,35.64,59.27,12.83,4.82,8.19,68.56
GRSM,2021,3,45.43,66.38,22.91,9.3,1.07,63.14
GRSM,2021,4,47.98,70.52,14.54,3.06,0.55,52.63
GRSM,2021,5,55.73,76.46,37.13,6.06,0.0,72.55
GRSM,2021,6,64.22,77.81,48.11,5.58,0.0,64.26
GRSM,2021,7,66.58,82.76,51.26,8.38,0.0,59.51
GRSM,2021,8,66.76,79.97,54.23,10.68,0.0,59.5
GRSM,2021,9,60.87,76.1,41.36,4.36,0.0,52.12
GRSM,2021,10,54.57,73.76,34.16,7.59,0.0,64.28
GRSM,2021,11,40.42,67.46,15.89,2.61,0.63,55.48
GRSM,2021,12,45.12,64.22,21.29,3.71,0.25,68.62
GRSM,2022,1,29.71,60.08,4.28,2.84,25.02,63.04
GRSM,2022,2,37.58,61.79,13.64,7.59,0.85,52.45
GRSM,2022,3,43.72,65.21,-0.4,3.94,5.59,57.94
GRSM,2022,4,48.95,70.43,23.81,5.27,4.24,61.46
GRSM,2022,5,60.0,78.35,41.09,8.06,0.0,60.25
GRSM,2022,6,66.6,86.81,49.19,3.09,0.0,61.78
GRSM,2022,7,68.9,82.13,57.38,6.06,0.0,69.31
GRSM,2022,8,66.11,79.25,54.77,5.69,0.0,61.92
GRSM,2022,9,60.3,79.88,36.68,3.34,0.0,41.6
GRSM,2022,10,48.82,67.46,21.74,1.63,0.11,46.53
GRSM,2022,11,43.77,67.1,16.97,4.07,0.61,58.89
GRSM,2022,12,36.0,58.01,-10.48,5.43,3.36,70.3
GRSM,2023,1,37.53,58.28,8.51,6.47,13.59,74.63
GRSM,2023,2,42.91,65.3,15.8,5.3,4.22,77.99
GRSM,2023,3,42.63,68.9,11.75,4.88,1.71,61.98
GRSM,2023,4,50.42,71.87,29.03,5.38,0.03,58.13
GRSM,2023,5,55.99,71.78,34.97,3.37,0.0,72.4
GRSM,2023,6,62.14,80.15,46.13,3.44,0.0,55.24
GRSM,2023,7,68.48,83.12,55.49,4.33,0.0,59.57
GRSM,2023,8,67.51,83.57,50.18,6.55,0.0,58.57
GRSM,2023,9,62.44,79.25,48.56,2.54,0.0,44.49
GRSM,2023,10,52.15,72.77,28.58,2.08,0.74,47.83
GRSM,2023,11,43.73,68.0,18.05,2.2,0.91,52.76
GRSM,2023,12,38.55,56.03,12.38,3.66,3.47,63.16
GRSM,2024,1,30.52,58.73,-10.66,5.54,17.94,71.22
GRSM,2024,2,39.82,57.74,16.97,5.47,4.85,58.21
GRSM,2024,3,45.24,67.55,16.43,6.76,0.3,60.45
GRSM,2024,4,50.53,73.13,25.34,4.33,3.33,66.26
GRSM,2024,5,59.58,74.84,39.38,4.89,0.0,66.92
GRSM,2024,6,66.48,81.86,47.39,3.11,0.0,56.25
GRSM,2024,7,68.54,84.02,58.37,5.39,0.0,69.18
GRSM,2024,8,67.05,81.5,49.64,2.74,0.0,39.62
GRSM,2024,9,62.09,77.27,45.32,9.51,0.0,61.24
GRSM,2024,10,54.45,72.77,29.75,0.46,0.91,27.76
GRSM,2024,11,46.77,68.36,18.23,4.62,1.27,68.85
GRSM,2024,12,35.98,58.64,11.21,4.88,3.97,64.29
GRSM,2025,1,24.93,52.52,0.41,1.86,9.43,59.26
GRSM,2025,2,38.17,60.98,5.27,5.68,1.54,62.48
GRSM,2025,3,44.07,65.93,14.9,3.86,4.27,55.12
GRSM,2025,4,53.02,74.57,27.5,6.48,0.11,66.63
GRSM,2025,5,56.42,72.32,36.68,7.33,0.0,75.54
GRSM,2025,6,65.25,81.32,51.08,5.07,0.0,58.13
GRSM,2025,7,68.82,79.07,59.72,4.69,0.0,46.14
GRSM,2025,8,64.1,77.45,49.55,5.16,0.0,61.18
GRSM,2025,9,60.39,72.86,48.56,4.54,0.0,48.18
GRSM,2025,10,51.63,71.42,32.63,3.5,0.0,51.08
GRSM,2025,11,43.23,64.58,11.39,2.2,3.58,50.93
GRSM,2025,12,36.35,63.23,5.0,2.45,3.61,63.83
GUMO,2006,1,37.71,61.56,17.28,0.08,0.0,26.14
GUMO,2006,2,39.42,68.94,14.49,0.17,0.0,38.46
GUMO,2006,3,46.04,70.02,19.53,0.08,0.0,43.71
GUMO,2006,4,56.9,78.66,33.21,0.13,0.0,29.79
GUMO,2006,5,65.43,85.5,42.03,0.05,0.0,18.81
GUMO,2006,6,70.83,89.55,52.02,0.26,0.0,23.99
GUMO,2006,7,70.46,87.84,53.1,1.3,0.0,47.22
GUMO,2006,8,63.78,82.8,51.03,4.02,0.0,54.04
GUMO,2006,9,57.49,76.14,39.24,3.03,0.0,31.16
GUMO,2006,10,50.84,74.16,30.78,1.3,0.0,30.46
GUMO,2006,11,43.83,66.69,13.86,0.0,0.25,18.4
GUMO,2006,12,32.43,57.87,16.02,0.22,0.3,29.23
GUMO,2007,1,28.96,56.34,13.32,0.73,5.43,50.93
GUMO,2007,2,37.5,60.93,14.94,0.24,0.06,21.69
GUMO,2007,3,45.84,69.48,17.1,1.11,0.11,33.53
GUMO,2007,4,50.83,72.9,18.9,0.48,0.0,28.41
GUMO,2007,5,56.8,81.45,37.53,1.81,0.0,35.18
GUMO,2007,6,66.93,87.66,48.24,1.18,0.0,28.29
GUMO,2007,7,66.99,84.42,52.92,1.1,0.0,45.75
GUMO,2007,8,67.42,88.74,54.0,1.15,0.0,35.31
GUMO,2007,9,63.12,79.11,49.77,1.4,0.0,28.98
GUMO,2007,10,56.3,77.22,30.42,0.01,0.0,10.43
GUMO,2007,11,43.57,67.68,18.0,0.17,3.39,42.45
GUMO,2007,12,33.65,56.88,13.86,1.0,0.14,20.86
GUMO,2008,1,32.97,55.8,10.98,0.06,0.0,40.01
GUMO,2008,2,39.98,64.08,14.85,0.28,0.96,22.25
GUMO,2008,3,44.98,70.29,16.11,0.04,0.74,22.29
GUMO,2008,4,52.77,74.34,25.29,0.0,0.0,13.52
GUMO,2008,5,61.55,86.58,35.01,0.13,0.0,27.64
GUMO,2008,6,72.31,91.8,50.94,0.85,0.0,21.29
GUMO,2008,7,65.19,81.45,51.75,3.04,0.0,59.22
GUMO,2008,8,65.05,81.0,50.13,3.13,0.0,49.06
GUMO,2008,9,57.16,72.27,40.86,0.76,0.0,25.17
GUMO,2008,10,52.22,73.89,28.17,1.56,0.0,18.24
GUMO,2008,11,42.14,65.97,17.64,0.02,0.0,18.39
GUMO,2008,12,35.73,61.11,11.34,0.11,0.22,28.9
GUMO,2009,1,36.43,60.57,18.18,0.03,0.0,19.51
GUMO,2009,2,41.98,69.39,17.73,0.04,0.0,25.95
GUMO,2009,3,46.88,70.47,20.16,0.24,0.06,38.65
GUMO,2009,4,52.04,76.77,24.93,0.07,0.0,24.92
GUMO,2009,5,62.13,83.88,42.93,0.65,0.0,33.87
GUMO,2009,6,69.26,85.05,50.04,0.61,0.0,34.05
GUMO,2009,7,71.88,89.55,54.18,0.35,0.0,37.36
GUMO,2009,8,70.44,84.78,54.09,0.47,0.0,44.23
GUMO,2009,9,60.19,79.56,37.89,0.85,0.0,31.52
GUMO,2009,10,50.96,74.43,19.44,1.12,0.22,27.12
GUMO,2009,11,43.36,64.8,20.88,0.31,0.94,27.55
GUMO,2009,12,30.12,50.76,9.45,0.31,5.54,38.0
GUMO,2010,1,30.79,51.84,10.53,0.96,0.28,38.34
GUMO,2010,2,33.09,53.1,15.21,0.85,1.43,39.78
GUMO,2010,3,41.62,70.47,19.8,0.27,0.28,23.75
GUMO,2010,4,51.28,72.63,27.54,0.52,0.0,31.51
GUMO,2010,5,61.58,83.34,31.77,0.09,0.0,19.22
GUMO,2010,6,71.8,91.44,53.28,0.51,0.0,22.95
GUMO,2010,7,65.91,85.41,52.38,2.52,0.0,45.22
GUMO,2010,8,70.46,85.32,45.45,0.75,0.0,24.49
GUMO,2010,9,63.6,83.61,46.89,1.7,0.0,26.92
GUMO,2010,10,54.94,72.81,34.83,0.29,0.0,19.88
GUMO,2010,11,42.05,63.63,17.64,0.0,0.0,10.95
GUMO,2010,12,37.96,58.95,18.54,0.07,0.14,29.63
GUMO,2011,1,33.18,58.77,14.49,0.01,0.08,20.42
GUMO,2011,2,34.05,65.7,-7.11,0.0,1.93,19.25
GUMO,2011,3,50.95,72.18,26.28,0.0,0.0,20.85
GUMO,2011,4,57.72,79.11,30.96,0.0,0.0,15.55
GUMO,2011,5,60.7,84.96,28.8,0.0,0.0,9.16
GUMO,2011,6,74.24,91.35,54.18,0.17,0.0,13.72
GUMO,2011,7,72.37,86.22,57.87,0.65,0.0,23.43
GUMO,2011,8,74.17,88.02,57.33,0.39,0.0,26.76
GUMO,2011,9,64.28,82.53,47.16,0.35,0.0,21.43
GUMO,2011,10,54.8,75.15,27.09,0.3,0.0,11.64
GUMO,2011,11,42.02,68.85,20.52,0.13,0.0,26.81
GUMO,2011,12,29.14,57.96,9.18,0.53,3.39,45.12
GUMO,2012,1,36.1,59.04,17.37,0.32,0.44,24.01
GUMO,2012,2,36.86,62.19,16.65,0.28,0.44,22.23
GUMO,2012,3,48.67,75.69,17.37,0.18,0.0,25.05
GUMO,2012,4,57.63,82.08,27.63,0.04,0.0,23.13
GUMO,2012,5,61.35,84.33,37.62,1.87,0.0,18.81
GUMO,2012,6,72.72,89.64,48.78,0.04,0.0,16.21
GUMO,2012,7,67.83,83.88,54.27,1.29,0.0,39.79
GUMO,2012,8,71.01,88.56,51.48,0.46,0.0,26.32
GUMO,2012,9,63.5,84.96,41.58,1.37,0.0,26.44
GUMO,2012,10,54.42,75.33,28.89,0.02,0.0,22.92
GUMO,2012,11,46.08,66.51,21.87,0.0,0.0,23.5
GUMO,2012,12,36.4,61.47,15.48,0.32,0.0,33.37
GUMO,2013,1,30.95,60.12,10.35,0.28,1.93,35.12
GUMO,2013,2,35.58,56.16,16.2,0.26,0.0,24.23
GUMO,2013,3,47.41,70.38,19.62,0.01,0.0,26.92
GUMO,2013,4,53.38,77.85,25.38,0.05,0.0,17.21
GUMO,2013,5,60.94,83.52,24.84,0.19,0.0,26.39
GUMO,2013,6,72.2,91.26,53.1,0.33,0.0,24.15
GUMO,2013,7,65.82,85.59,48.69,3.81,0.0,56.32
GUMO,2013,8,69.41,83.97,54.81,0.43,0.0,36.54
GUMO,2013,9,62.05,82.71,43.83,1.22,0.0,30.65
GUMO,2013,10,53.16,75.78,28.17,0.04,0.0,23.25
GUMO,2013,11,40.51,61.92,16.02,0.14,0.55,38.87
GUMO,2013,12,32.35,57.96,11.43,0.67,0.08,33.94
GUMO,2014,1,33.73,59.49,10.35,0.0,0.0,30.46
GUMO,2014,2,41.15,69.48,6.66,0.3,0.19,44.71
GUMO,2014,3,45.12,72.18,20.97,0.36,0.0,35.27
GUMO,2014,4,52.01,73.08,23.58,0.53,0.0,28.11
GUMO,2014,5,60.33,83.43,31.41,0.05,0.0,23.42
GUMO,2014,6,73.24,91.98,50.22,0.04,0.0,20.15
GUMO,2014,7,71.09,87.84,55.62,0.29,0.0,48.43
GUMO,2014,8,67.19,84.78,52.02,1.75,0.0,49.06
GUMO,2014,9,59.24,85.59,41.58,3.45,0.0,51.11
GUMO,2014,10,55.41,75.6,37.53,0.1,0.0,21.35
GUMO,2014,11,38.33,65.97,13.23,0.66,0.11,32.72
GUMO,2014,12,35.66,58.23,9.81,0.15,0.22,48.17
GUMO,2015,1,30.47,58.41,10.26,0.44,2.48,49.71
GUMO,2015,2,38.26,63.27,11.97,0.19,0.39,35.41
GUMO,2015,3,44.17,73.62,15.39,0.83,0.06,46.51
GUMO,2015,4,51.68,72.18,30.06,0.7,0.0,30.6
GUMO,2015,5,58.45,80.55,40.23,0.91,0.0,26.89
GUMO,2015,6,69.09,86.04,52.83,0.4,0.0,28.02
GUMO,2015,7,72.3,86.76,56.07,0.26,0.0,44.41
GUMO,2015,8,72.44,88.56,53.37,0.21,0.0,32.46
GUMO,2015,9,66.02,82.8,47.7,1.35,0.0,39.03
GUMO,2015,10,53.32,78.66,33.57,1.78,0.0,48.78
GUMO,2015,11,41.96,65.7,22.68,0.56,0.0,29.79
GUMO,2015,12,34.39,60.93,8.91,0.15,3.39,36.19
GUMO,2016,1,32.13,57.96,16.02,0.3,0.36,29.67
GUMO,2016,2,41.3,70.74,13.59,0.04,0.06,24.48
GUMO,2016,3,48.71,69.66,25.47,0.02,0.0,26.15
GUMO,2016,4,52.15,73.89,23.67,0.53,0.0,20.05
GUMO,2016,5,59.09,81.09,31.68,0.25,0.0,27.01
GUMO,2016,6,70.07,89.73,46.35,0.4,0.0,31.21
GUMO,2016,7,74.85,91.89,57.78,0.25,0.0,26.88
GUMO,2016,8,66.32,86.04,48.87,2.19,0.0,45.96
GUMO,2016,9,61.96,80.64,41.67,0.72,0.0,39.19
GUMO,2016,10,57.52,75.42,37.44,0.68,0.0,24.1
GUMO,2016,11,43.86,68.94,20.52,0.28,0.0,38.68
GUMO,2016,12,37.0,60.84,11.7,0.47,0.28,52.6
GUMO,2017,1,35.79,56.57,11.93,1.75,2.01,34.25
GUMO,2017,2,43.67,68.09,24.08,1.0,0.0,39.66
GUMO,2017,3,53.22,75.83,29.93,0.17,0.0,23.97
GUMO,2017,4,55.37,74.75,26.6,0.48,0.0,26.38
GUMO,2017,5,59.84,79.43,37.58,0.78,0.0,18.93
GUMO,2017,6,70.8,89.42,48.83,1.06,0.0,34.52
GUMO,2017,7,67.85,82.94,56.3,4.19,0.0,39.78
GUMO,2017,8,64.84,79.88,54.14,2.59,0.0,35.2
GUMO,2017,9,63.76,80.87,49.37,2.78,0.0,33.1
GUMO,2017,10,55.25,75.11,28.94,0.54,0.08,21.36
GUMO,2017,11,50.27,65.57,26.15,0.37,0.0,32.77
GUMO,2017,12,38.74,58.91,13.91,0.51,3.31,40.24
GUMO,2018,1,36.61,56.21,10.13,0.11,0.41,27.51
GUMO,2018,2,43.14,63.77,22.55,0.47,0.0,37.71
GUMO,2018,3,48.56,71.24,24.44,0.27,0.19,44.47
GUMO,2018,4,55.17,76.46,28.04,0.03,0.0,29.53
GUMO,2018,5,67.38,84.65,43.88,0.19,0.0,24.47
GUMO,2018,6,73.16,89.69,54.32,0.36,0.0,30.47
GUMO,2018,7,69.97,88.16,55.85,1.61,0.0,54.31
GUMO,2018,8,69.3,83.21,55.22,0.94,0.0,47.19
GUMO,2018,9,62.15,75.83,45.5,2.26,0.0,30.96
GUMO,2018,10,51.58,75.02,24.71,3.41,0.0,48.3
GUMO,2018,11,40.29,61.34,14.72,0.26,0.11,30.24
GUMO,2018,12,35.38,54.86,14.72,0.48,1.98,43.84
GUMO,2019,1,35.08,56.75,12.38,0.33,0.08,38.68
GUMO,2019,2,39.48,59.9,13.55,0.44,0.61,42.31
GUMO,2019,3,43.27,68.72,13.91,1.18,2.45,50.03
GUMO,2019,4,54.34,75.47,24.17,0.4,0.8,33.03
GUMO,2019,5,58.69,79.43,35.69,1.22,0.0,26.24
GUMO,2019,6,68.08,83.75,48.2,0.57,0.0,24.22
GUMO,2019,7,71.41,87.53,54.41,1.48,0.0,50.35
GUMO,2019,8,73.25,88.16,60.08,0.68,0.0,51.69
GUMO,2019,9,65.73,79.34,54.32,1.6,0.0,42.84
GUMO,2019,10,52.21,67.46,20.57,1.33,0.0,19.54
GUMO,2019,11,43.27,63.77,18.41,1.91,0.0,52.79
GUMO,2019,12,37.54,54.23,15.98,0.69,1.52,40.95
GUMO,2020,1,37.35,55.22,20.66,0.22,2.26,30.08
GUMO,2020,2,36.55,57.2,2.3,0.52,4.19,47.11
GUMO,2020,3,46.26,70.52,20.3,3.13,4.22,56.29
GUMO,2020,4,55.18,78.08,27.41,0.08,0.0,30.69
GUMO,2020,5,64.86,83.3,40.37,0.19,0.0,20.3
GUMO,2020,6,70.67,86.63,50.18,0.2,0.0,20.97
GUMO,2020,7,73.95,91.76,58.01,0.9,0.0,40.88
GUMO,2020,8,74.51,87.8,58.55,0.06,0.0,30.66
GUMO,2020,9,62.47,82.4,36.95,0.91,0.0,16.52
GUMO,2020,10,57.95,77.27,13.01,0.04,1.98,17.17
GUMO,2020,11,49.45,66.83,21.02,0.15,0.0,18.25
GUMO,2020,12,36.25,52.7,16.7,0.1,1.38,24.03
GUMO,2021,1,34.54,51.71,13.91,0.17,2.45,30.68
GUMO,2021,2,37.71,59.9,-5.89,0.01,3.22,26.95
GUMO,2021,3,45.02,66.74,23.45,0.04,0.22,24.12
GUMO,2021,4,51.22,73.31,22.82,0.61,2.04,35.35
GUMO,2021,5,62.11,80.51,34.61,0.52,0.0,26.08
GUMO,2021,6,70.58,90.05,47.21,2.89,0.0,34.88
GUMO,2021,7,66.25,79.52,52.88,1.95,0.0,45.15
GUMO,2021,8,65.58,82.76,54.05,3.75,0.0,42.33
GUMO,2021,9,65.13,80.78,45.68,1.28,0.0,29.67
GUMO,2021,10,57.56,76.1,35.15,0.1,0.0,14.23
GUMO,2021,11,49.34,66.38,25.07,0.32,0.08,37.01
GUMO,2021,12,44.72,59.99,22.73,0.86,0.0,50.79
GUMO,2022,1,35.37,51.17,10.58,0.22,0.63,28.85
GUMO,2022,2,35.14,57.38,4.46,0.05,2.89,30.24
GUMO,2022,3,45.34,71.24,15.17,0.19,1.38,29.12
GUMO,2022,4,57.29,77.45,34.52,0.02,0.0,20.9
GUMO,2022,5,66.68,85.37,37.94,0.04,0.0,17.93
GUMO,2022,6,70.26,90.59,50.63,1.16,0.0,36.14
GUMO,2022,7,72.81,91.31,58.01,1.1,0.0,35.62
GUMO,2022,8,66.5,86.9,53.51,4.44,0.0,55.51
GUMO,2022,9,63.61,76.73,49.37,1.94,0.0,32.98
GUMO,2022,10,51.36,71.42,29.12,1.78,0.03,44.71
GUMO,2022,11,39.36,65.84,18.77,0.0,3.75,36.13
GUMO,2022,12,37.6,56.66,4.19,0.41,0.28,43.2
GUMO,2023,1,36.23,54.86,6.89,0.27,3.09,41.93
GUMO,2023,2,37.13,61.88,15.26,0.37,1.07,46.9
GUMO,2023,3,45.52,66.2,20.12,0.12,0.69,50.9
GUMO,2023,4,52.45,75.2,25.25,0.05,0.28,21.09
GUMO,2023,5,62.28,80.51,42.26,1.15,0.0,41.15
GUMO,2023,6,72.3,92.3,48.56,0.3,0.0,31.8
GUMO,2023,7,74.65,92.3,58.28,0.8,0.0,28.11
GUMO,2023,8,70.88,91.22,54.77,2.57,0.0,31.75
GUMO,2023,9,68.3,85.82,51.35,0.49,0.0,24.34
GUMO,2023,10,55.61,73.85,19.22,0.23,0.0,20.1
GUMO,2023,11,44.7,68.72,25.16,0.55,0.77,40.56
GUMO,2023,12,39.4,55.49,19.85,0.54,0.52,30.61
GUMO,2024,1,34.57,53.24,8.24,0.2,1.32,36.99
GUMO,2024,2,40.54,65.93,19.04,0.29,3.31,45.39
GUMO,2024,3,44.32,64.04,21.02,0.37,1.07,44.49
GUMO,2024,4,52.77,73.49,28.76,0.23,0.03,33.52
GUMO,2024,5,64.53,82.76,45.5,0.04,0.0,14.35
GUMO,2024,6,72.21,89.96,53.96,0.54,0.0,33.03
GUMO,2024,7,69.53,87.17,52.16,0.93,0.0,26.83
GUMO,2024,8,72.13,87.08,55.4,0.29,0.0,25.88
GUMO,2024,9,64.25,82.49,46.67,0.72,0.0,17.03
GUMO,2024,10,61.04,74.93,38.3,0.21,0.0,11.92
GUMO,2024,11,44.79,64.67,22.64,1.36,0.96,34.01
GUMO,2024,12,40.35,57.2,18.77,0.1,1.76,29.22
GUMO,2025,1,29.65,57.83,1.31,0.0,1.93,30.73
GUMO,2025,2,44.21,66.65,14.9,0.01,0.0,30.65
GUMO,2025,3,46.38,68.99,22.28,0.06,1.63,29.7
GUMO,2025,4,53.48,78.53,16.34,0.68,5.43,27.36
GUMO,2025,5,60.11,84.11,35.87,0.86,0.0,35.06
GUMO,2025,6,67.98,92.57,50.72,3.31,0.0,33.28
GUMO,2025,7,66.3,82.49,51.62,1.56,0.0,42.01
GUMO,2025,8,68.09,87.71,54.59,2.06,0.0,30.8
GUMO,2025,9,61.28,78.8,45.5,3.09,0.0,41.66
GUMO,2025,10,56.0,73.49,28.04,1.68,0.0,24.86
GUMO,2025,11,47.48,68.09,21.2,0.44,0.0,20.41
GUMO,2025,12,43.37,62.78,21.02,0.04,1.16,26.52
HALE,2006,1,54.0,62.69,46.49,4.02,0.0,51.77
HALE,2006,2,52.14,62.33,43.07,2.93,0.0,58.29
HALE,2006,3,54.51,60.44,48.2,9.96,0.0,81.46
HALE,2006,4,52.45,59.9,47.84,4.4,0.0,63.59
HALE,2006,5,54.71,67.64,47.84,3.28,0.0,48.58
HALE,2006,6,58.6,67.82,52.52,1.34,0.0,44.26
HALE,2006,7,59.29,69.35,52.97,3.6,0.0,48.64
HALE,2006,8,59.52,69.53,53.15,2.84,0.0,51.96
HALE,2006,9,58.45,64.22,53.33,3.02,0.0,47.87
HALE,2006,10,59.73,66.74,52.61,4.23,0.0,58.26
HALE,2006,11,59.25,69.62,52.7,2.28,0.0,49.33
HALE,2006,12,56.69,67.1,50.36,3.18,0.0,45.38
HALE,2007,1,54.59,65.57,48.2,3.35,0.0,48.68
HALE,2007,2,52.47,62.87,44.24,3.07,0.0,50.07
HALE,2007,3,54.23,61.61,47.48,3.94,0.0,47.34
HALE,2007,4,53.18,62.06,48.11,3.03,0.0,43.15
HALE,2007,5,55.99,66.11,49.46,0.96,0.0,48.92
HALE,2007,6,57.44,64.13,51.35,2.52,0.0,47.43
HALE,2007,7,59.54,71.15,53.42,2.76,0.0,47.5
HALE,2007,8,58.2,64.67,53.33,2.9,0.0,43.97
HALE,2007,9,58.06,63.68,53.33,3.85,0.0,57.27
HALE,2007,10,56.76,64.58,52.16,3.78,0.0,51.61
HALE,2007,11,56.98,65.66,51.44,2.83,0.0,52.34
HALE,2007,12,54.04,62.6,47.93,15.62,0.0,64.75
HALE,2008,1,51.42,64.22,43.34,4.71,0.0,52.87
HALE,2008,2,54.1,64.49,48.2,5.02,0.0,57.76
HALE,2008,3,54.73,62.96,49.1,2.09,0.0,54.72
HALE,2008,4,54.56,66.92,45.05,1.67,0.0,50.75
HALE,2008,5,55.13,65.66,49.28,1.74,0.0,42.43
HALE,2008,6,57.43,70.43,51.8,1.84,0.0,49.16
HALE,2008,7,57.57,64.49,52.79,2.96,0.0,45.31
HALE,2008,8,57.9,63.59,52.88,2.54,0.0,40.66
HALE,2008,9,57.11,63.05,51.8,1.7,0.0,42.38
HALE,2008,10,57.52,64.31,52.07,1.69,0.0,61.26
HALE,2008,11,56.65,65.93,50.45,2.78,0.0,63.8
HALE,2008,12,54.97,62.6,49.82,7.22,0.0,70.09
HALE,2009,1,52.31,60.62,42.89,3.01,0.0,50.81
HALE,2009,2,49.82,58.91,40.91,2.66,0.0,66.44
HALE,2009,3,50.2,57.56,41.09,7.75,0.0,73.39
HALE,2009,4,52.71,63.41,47.39,4.33,0.0,68.8
HALE,2009,5,57.12,65.03,48.92,0.94,0.0,46.46
HALE,2009,6,57.89,65.3,52.52,2.33,0.0,43.75
HALE,2009,7,58.68,68.0,53.06,2.94,0.0,56.94
HALE,2009,8,59.78,66.29,53.51,2.58,0.0,46.39
HALE,2009,9,58.94,68.9,53.06,2.32,0.0,44.86
HALE,2009,10,60.07,66.65,53.51,2.44,0.0,55.35
HALE,2009,11,56.34,62.69,47.66,5.93,0.0,53.14
HALE,2009,12,56.88,66.83,48.11,2.26,0.0,31.51
HALE,2010,1,58.15,68.0,49.46,1.07,0.0,30.17
HALE,2010,2,52.11,61.79,43.97,0.98,0.0,39.34
HALE,2010,3,51.36,58.1,44.51,4.86,0.0,51.4
HALE,2010,4,52.76,59.63,43.07,3.42,0.0,49.77
HALE,2010,5,55.3,64.58,49.73,1.79,0.0,42.4
HALE,2010,6,57.21,63.68,51.71,1.65,0.0,41.85
HALE,2010,7,57.04,68.09,50.9,2.01,0.0,46.15
HALE,2010,8,56.96,63.59,51.8,2.18,0.0,36.03
HALE,2010,9,57.81,66.56,52.79,1.65,0.0,40.46
HALE,2010,10,57.32,64.76,52.7,3.5,0.0,49.83
HALE,2010,11,55.96,62.06,50.54,4.2,0.0,54.03
HALE,2010,12,56.4,67.01,47.48,5.46,0.0,58.08
HALE,2011,1,53.77,66.47,45.14,2.19,0.0,49.49
HALE,2011,2,55.28,61.07,49.46,1.93,0.0,64.21
HALE,2011,3,54.11,62.69,48.2,3.37,0.0,59.25
HALE,2011,4,55.62,64.04,49.55,2.24,0.0,66.41
HALE,2011,5,55.57,63.41,49.28,4.06,0.0,61.83
HALE,2011,6,56.2,64.58,51.71,3.22,0.0,66.51
HALE,2011,7,56.31,64.49,50.81,2.83,0.0,43.15
HALE,2011,8,57.78,67.19,52.43,2.29,0.0,46.15
HALE,2011,9,57.64,65.3,51.26,1.85,0.0,46.47
HALE,2011,10,56.36,62.06,50.99,2.04,0.0,67.53
HALE,2011,11,54.91,60.98,48.92,4.3,0.0,59.23
HALE,2011,12,53.21,60.71,47.21,7.95,0.0,56.84
HALE,2012,1,55.27,65.39,48.92,0.53,0.0,38.92
HALE,2012,2,52.43,63.23,44.15,3.02,0.0,56.88
HALE,2012,3,52.37,61.88,47.3,5.2,0.0,57.42
HALE,2012,4,52.96,60.71,46.22,2.63,0.0,57.99
HALE,2012,5,54.24,65.12,48.02,3.07,0.0,47.26
HALE,2012,6,56.24,67.28,50.27,3.58,0.0,51.66
HALE,2012,7,56.21,63.68,50.81,3.72,0.0,46.37
HALE,2012,8,57.53,67.19,52.34,2.57,0.0,48.36
HALE,2012,9,56.36,61.88,51.8,2.45,0.0,48.74
HALE,2012,10,59.65,69.98,52.97,0.84,0.0,47.43
HALE,2012,11,55.39,65.84,49.1,1.79,0.0,56.92
HALE,2012,12,55.28,66.65,49.37,3.0,0.0,61.88
HALE,2013,1,53.74,63.23,46.76,5.13,0.0,49.42
HALE,2013,2,51.5,63.14,45.95,5.11,0.0,45.08
HALE,2013,3,52.37,58.73,45.41,2.57,0.0,60.57
HALE,2013,4,55.7,65.12,43.79,1.23,0.0,52.5
HALE,2013,5,56.58,64.31,50.54,4.74,0.0,53.71
HALE,2013,6,56.97,65.03,50.36,2.25,0.0,55.65
HALE,2013,7,59.03,68.36,51.98,2.3,0.0,52.85
HALE,2013,8,59.36,66.74,54.41,1.88,0.0,41.47
HALE,2013,9,58.48,65.48,54.32,2.41,0.0,42.94
HALE,2013,10,58.66,64.49,53.69,1.96,0.0,57.12
HALE,2013,11,57.49,69.89,49.73,2.69,0.0,56.64
HALE,2013,12,56.17,64.67,51.08,2.88,0.0,50.7
HALE,2014,1,53.8,66.74,45.05,3.99,0.0,40.26
HALE,2014,2,56.78,64.94,47.12,2.61,0.0,55.72
HALE,2014,3,54.22,61.07,46.49,7.02,0.0,53.94
HALE,2014,4,53.97,60.53,48.2,4.7,0.0,61.5
HALE,2014,5,56.6,63.14,50.54,3.3,0.0,51.74
HALE,2014,6,56.82,64.67,51.44,2.15,0.0,51.17
HALE,2014,7,59.68,65.39,53.87,3.35,0.0,60.03
HALE,2014,8,60.17,68.45,54.23,2.67,0.0,40.4
HALE,2014,9,61.04,67.64,55.76,1.33,0.0,39.33
HALE,2014,10,59.94,67.01,54.68,4.63,0.0,53.32
HALE,2014,11,56.9,63.41,50.09,2.73,0.0,50.58
HALE,2014,12,55.3,65.57,47.48,2.83,0.0,48.81
HALE,2015,1,56.95,68.09,45.68,2.27,0.0,32.58
HALE,2015,2,56.97,69.89,45.41,2.07,0.0,43.83
HALE,2015,3,53.2,60.44,46.85,3.57,0.0,55.76
HALE,2015,4,54.98,63.41,48.83,4.37,0.0,55.06
HALE,2015,5,54.38,61.79,48.83,3.7,0.0,51.37
HALE,2015,6,58.15,66.2,52.52,1.75,0.0,46.2
HALE,2015,7,61.16,69.44,54.86,2.37,0.0,46.14
HALE,2015,8,62.11,69.44,56.93,6.03,0.0,55.92
HALE,2015,9,61.81,69.44,55.31,4.8,0.0,54.91
HALE,2015,10,61.28,67.91,53.96,2.4,0.0,43.26
HALE,2015,11,58.36,66.47,53.33,6.4,0.0,62.97
HALE,2015,12,55.75,61.34,47.48,3.96,0.0,41.62
HALE,2016,1,57.42,69.44,50.36,0.71,0.0,27.57
HALE,2016,2,54.55,64.58,45.14,1.41,0.0,32.88
HALE,2016,3,54.24,63.5,44.15,2.05,0.0,47.19
HALE,2016,4,55.21,62.96,50.45,5.33,0.0,50.04
HALE,2016,5,56.63,61.79,52.43,5.35,0.0,57.42
HALE,2016,6,57.63,69.8,51.53,4.08,0.0,65.51
HALE,2016,7,60.25,71.51,53.42,4.68,0.0,49.05
HALE,2016,8,60.78,68.9,53.33,4.58,0.0,53.93
HALE,2016,9,59.67,66.83,53.69,4.57,0.0,57.3
HALE,2016,10,58.84,71.06,51.17,4.7,0.0,57.69
HALE,2016,11,57.41,69.08,50.36,3.61,0.0,54.85
HALE,2016,12,55.23,66.11,47.95,8.86,0.0,68.31
HALE,2017,1,48.71,62.26,38.5,6.92,0.0,68.02
HALE,2017,2,48.84,64.51,38.86,6.68,0.0,72.72
HALE,2017,3,52.13,63.07,43.9,8.24,0.0,65.27
HALE,2017,4,52.0,61.36,44.8,12.33,0.0,70.88
HALE,2017,5,52.21,64.51,45.52,6.37,0.0,77.59
HALE,2017,6,54.5,63.61,46.96,1.69,0.0,70.3
HALE,2017,7,55.71,66.67,47.23,2.38,0.0,69.08
HALE,2017,8,55.72,65.14,49.21,1.81,0.0,71.17
HALE,2017,9,54.83,62.71,47.41,4.55,0.0,76.29
HALE,2017,10,54.49,64.15,47.05,14.87,0.0,83.21
HALE,2017,11,51.1,64.15,39.04,12.31,0.0,86.76
HALE,2017,12,48.63,60.55,38.14,8.17,0.0,75.36
HALE,2018,1,49.48,60.82,40.3,8.3,0.0,70.26
HALE,2018,2,50.08,61.09,38.95,26.37,0.0,86.93
HALE,2018,3,49.13,62.17,38.41,9.98,0.0,87.8
HALE,2018,4,52.82,63.34,44.17,18.32,0.0,94.59
HALE,2018,5,52.88,62.62,45.97,6.64,0.0,88.87
HALE,2018,6,54.25,63.88,47.32,3.61,0.0,67.47
HALE,2018,7,55.86,63.97,48.94,5.72,0.0,83.66
HALE,2018,8,56.71,64.96,49.66,24.36,0.0,84.69
HALE,2018,9,57.4,67.84,48.67,7.37,0.0,70.18
HALE,2018,10,55.85,64.78,50.38,16.32,0.0,83.89
HALE,2018,11,53.13,63.43,45.97,7.16,0.0,78.57
HALE,2018,12,50.67,61.36,43.27,8.3,0.0,78.07
HALE,2019,1,48.58,58.12,36.97,6.05,0.0,74.32
HALE,2019,2,48.01,63.97,34.27,20.37,0.0,87.36
HALE,2019,3,47.79,62.08,38.5,7.56,0.0,84.28
HALE,2019,4,51.22,60.28,44.26,10.95,0.0,77.11
HALE,2019,5,53.55,64.87,38.23,7.77,0.0,75.01
HALE,2019,6,55.14,64.33,48.04,7.76,0.0,79.38
HALE,2019,7,56.13,64.06,50.2,7.34,0.0,68.38
HALE,2019,8,57.75,66.49,51.37,6.94,0.0,69.84
HALE,2019,9,56.99,65.14,51.82,7.74,0.0,75.52
HALE,2019,10,55.62,64.69,49.39,8.33,0.0,78.28
HALE,2019,11,54.64,63.88,48.58,9.59,0.0,87.12
HALE,2019,12,52.07,61.81,45.43,15.23,0.0,88.68
HALE,2020,1,50.26,59.11,43.45,18.37,0.0,86.65
HALE,2020,2,48.18,58.84,38.5,15.89,0.0,86.49
HALE,2020,3,49.68,59.11,42.01,17.81,0.0,97.34
HALE,2020,4,52.02,60.46,44.89,6.64,0.0,78.15
HALE,2020,5,52.86,62.62,46.06,4.5,0.0,73.81
HALE,2020,6,54.23,64.06,47.5,5.35,0.0,74.51
HALE,2020,7,55.25,66.22,48.22,6.76,0.0,73.54
HALE,2020,8,55.6,64.6,48.76,2.08,0.0,55.05
HALE,2020,9,55.34,64.24,49.03,2.42,0.0,68.27
HALE,2020,10,55.99,65.68,47.95,6.96,0.0,65.61
HALE,2020,11,53.54,63.25,45.88,14.02,0.0,83.93
HALE,2020,12,51.93,60.28,45.16,6.59,0.0,74.94
HALE,2021,1,50.12,58.48,44.89,12.55,0.0,82.34
HALE,2021,2,48.62,60.19,38.95,12.56,0.0,82.45
HALE,2021,3,49.11,61.09,41.65,18.08,0.0,90.12
HALE,2021,4,49.1,60.37,40.03,14.4,0.0,89.35
HALE,2021,5,51.79,63.43,44.62,5.03,0.0,79.32
HALE,2021,6,53.28,65.05,46.6,2.71,0.0,72.66
HALE,2021,7,54.7,63.79,47.59,2.73,0.0,72.69
HALE,2021,8,54.51,64.78,48.4,5.25,0.0,69.42
HALE,2021,9,54.09,62.89,46.96,3.26,0.0,73.54
HALE,2021,10,52.63,61.45,45.43,7.54,0.0,80.37
HALE,2021,11,52.63,61.99,45.16,4.64,0.0,84.54
HALE,2021,12,49.85,60.82,43.36,24.75,0.0,94.52
HALE,2022,1,50.36,60.28,42.64,5.81,0.0,79.66
HALE,2022,2,49.49,60.19,39.76,4.92,0.0,81.33
HALE,2022,3,50.5,60.01,43.09,10.34,0.0,90.05
HALE,2022,4,49.77,57.22,43.9,13.13,0.0,95.61
HALE,2022,5,51.6,64.33,45.43,7.13,0.0,89.38
HALE,2022,6,52.81,61.63,46.87,5.35,0.0,76.95
HALE,2022,7,53.72,63.7,47.77,4.96,0.0,87.14
HALE,2022,8,54.55,63.79,48.22,4.35,0.0,80.09
HALE,2022,9,55.07,63.7,48.76,5.28,0.0,73.9
HALE,2022,10,54.86,63.43,47.14,19.16,0.0,86.56
HALE,2022,11,51.54,60.01,43.0,8.44,0.0,88.48
HALE,2022,12,50.53,60.64,41.38,13.39,0.0,87.8
HALE,2023,1,50.75,62.8,39.04,4.16,0.0,73.98
HALE,2023,2,48.35,59.65,42.1,32.08,0.0,96.09
HALE,2023,3,50.93,66.4,42.37,21.22,0.0,87.72
HALE,2023,4,50.37,60.1,44.44,19.45,0.0,95.49
HALE,2023,5,50.43,60.64,43.81,17.1,0.0,94.6
HALE,2023,6,52.21,60.19,45.7,7.17,0.0,85.8
HALE,2023,7,53.7,66.04,46.06,5.43,0.0,72.19
HALE,2023,8,52.99,65.14,45.88,3.61,0.0,79.81
HALE,2023,9,53.46,64.06,45.52,3.62,0.0,80.18
HALE,2023,10,53.6,63.97,44.71,3.72,0.0,79.99
HALE,2023,11,51.45,61.63,41.29,9.19,0.0,89.9
HALE,2023,12,49.45,59.2,40.93,7.11,0.0,86.36
HALE,2024,1,50.01,60.91,36.7,13.16,0.0,78.68
HALE,2024,2,45.7,57.22,35.53,14.41,0.0,90.84
HALE,2024,3,47.26,57.94,38.68,14.12,0.0,93.09
HALE,2024,4,49.01,63.52,39.49,15.68,0.0,91.28
HALE,2024,5,50.75,62.71,43.81,11.5,0.0,93.15
HALE,2024,6,53.01,65.23,43.63,2.97,0.0,67.34
HALE,2024,7,53.56,65.41,45.97,3.8,0.0,73.96
HALE,2024,8,55.41,66.49,46.69,12.35,0.0,74.95
HALE,2024,9,53.92,62.89,47.5,5.41,0.0,83.37
HALE,2024,10,53.17,62.71,45.43,8.6,0.0,81.19
HALE,2024,11,50.86,60.19,42.37,9.76,0.0,85.82
HALE,2024,12,50.61,61.36,42.37,3.47,0.0,81.41
HALE,2025,1,49.28,59.47,39.31,12.73,0.0,87.35
HALE,2025,2,49.22,60.82,38.32,7.85,0.0,84.42
HALE,2025,3,48.73,57.85,42.91,11.74,0.0,87.89
HALE,2025,4,50.21,59.65,43.18,12.02,0.0,91.92
HALE,2025,5,50.5,58.75,44.35,8.06,0.0,87.72
HALE,2025,6,52.18,62.71,45.16,4.07,0.0,87.66
HALE,2025,7,53.66,63.61,46.06,4.2,0.0,82.05
HALE,2025,8,54.78,65.59,46.96,1.78,0.0,74.79
HALE,2025,9,53.85,63.25,47.5,6.46,0.0,83.06
HALE,2025,10,52.67,61.09,45.79,8.15,0.0,87.62
HALE,2025,11,51.2,59.74,43.36,13.92,0.0,89.62
HALE,2025,12,50.23,60.01,42.19,7.57,0.0,88.76
HAVO,2006,1,60.41,69.99,52.62,3.66,0.0,37.64
HAVO,2006,2,58.42,68.1,49.74,6.2,0.0,59.89
HAVO,2006,3,60.22,69.0,53.88,19.58,0.0,82.73
HAVO,2006,4,60.71,68.73,53.52,0.76,0.0,55.18
HAVO,2006,5,61.47,71.25,52.08,3.34,0.0,51.33
HAVO,2006,6,64.66,74.85,56.49,0.22,0.0,33.85
HAVO,2006,7,66.82,77.37,58.11,0.98,0.0,27.81
HAVO,2006,8,66.83,77.82,56.76,1.71,0.0,30.69
HAVO,2006,9,65.51,75.3,55.05,1.13,0.0,41.07
HAVO,2006,10,64.93,75.66,57.57,3.27,0.0,61.81
HAVO,2006,11,64.0,74.49,52.98,1.46,0.0,42.13
HAVO,2006,12,61.72,73.05,48.21,1.37,0.0,30.47
HAVO,2007,1,59.97,70.26,49.2,2.14,0.0,37.12
HAVO,2007,2,59.42,70.26,48.57,1.57,0.0,44.15
HAVO,2007,3,60.89,69.36,51.27,2.16,0.0,46.56
HAVO,2007,4,60.93,71.16,50.19,0.72,0.0,37.33
HAVO,2007,5,62.89,72.78,54.24,0.3,0.0,36.3
HAVO,2007,6,65.05,74.04,55.77,0.1,0.0,32.86
HAVO,2007,7,66.68,78.0,59.01,1.57,0.0,31.87
HAVO,2007,8,65.34,75.12,56.4,2.0,0.0,41.51
HAVO,2007,9,65.4,74.94,58.92,1.69,0.0,54.79
HAVO,2007,10,64.31,73.23,54.96,0.27,0.0,39.98
HAVO,2007,11,62.74,71.88,54.69,2.99,0.0,39.99
HAVO,2007,12,61.24,71.52,54.24,5.59,0.0,63.27
HAVO,2008,1,58.58,69.09,49.2,0.51,0.0,38.7
HAVO,2008,2,59.25,68.73,51.18,4.43,0.0,56.56
HAVO,2008,3,60.61,70.35,52.8,0.35,0.0,45.38
HAVO,2008,4,61.19,72.69,52.17,2.11,0.0,61.56
HAVO,2008,5,61.67,71.07,54.69,0.9,0.0,42.07
HAVO,2008,6,63.99,74.58,56.49,0.78,0.0,40.4
HAVO,2008,7,64.51,74.49,55.23,2.75,0.0,40.18
HAVO,2008,8,65.37,75.75,57.03,0.63,0.0,27.36
HAVO,2008,9,63.61,73.77,54.33,1.76,0.0,44.06
HAVO,2008,10,63.83,74.94,53.7,0.61,0.0,57.32
HAVO,2008,11,62.71,73.05,52.98,0.18,0.0,49.68
HAVO,2008,12,60.17,69.63,51.18,2.32,0.0,61.57
HAVO,2009,1,58.84,74.04,48.3,0.7,0.0,41.32
HAVO,2009,2,58.47,67.56,48.3,0.48,0.0,58.65
HAVO,2009,3,58.58,67.38,50.1,8.12,0.0,67.98
HAVO,2009,4,59.78,68.19,52.71,3.43,0.0,76.46
HAVO,2009,5,62.87,72.15,53.25,2.02,0.0,53.53
HAVO,2009,6,64.8,74.4,56.31,1.37,0.0,31.95
HAVO,2009,7,66.13,76.56,58.11,0.67,0.0,47.69
HAVO,2009,8,67.11,77.28,60.09,1.43,0.0,39.19
HAVO,2009,9,66.24,76.2,56.58,0.41,0.0,32.36
HAVO,2009,10,66.15,76.92,58.38,1.37,0.0,50.01
HAVO,2009,11,63.49,73.41,55.86,4.87,0.0,40.97
HAVO,2009,12,61.01,71.07,49.2,2.13,0.0,38.24
HAVO,2010,1,60.62,71.43,48.39,0.5,0.0,33.15
HAVO,2010,2,58.97,69.72,48.48,1.33,0.0,35.11
HAVO,2010,3,60.57,74.67,52.98,1.56,0.0,39.85
HAVO,2010,4,61.2,71.79,51.36,1.19,0.0,41.26
HAVO,2010,5,63.12,73.14,54.69,0.14,0.0,22.55
HAVO,2010,6,64.68,75.21,54.06,0.2,0.0,22.31
HAVO,2010,7,64.71,75.48,55.23,1.0,0.0,35.05
HAVO,2010,8,65.76,76.11,57.75,0.02,0.0,11.15
HAVO,2010,9,64.83,76.2,52.17,0.46,0.0,20.39
HAVO,2010,10,64.59,74.31,54.6,0.48,0.0,35.8
HAVO,2010,11,62.54,72.87,52.62,0.82,0.0,47.6
HAVO,2010,12,60.86,70.89,48.39,5.98,0.0,51.75
HAVO,2011,1,59.35,69.36,47.31,3.42,0.0,40.98
HAVO,2011,2,59.76,68.91,50.64,2.69,0.0,54.5
HAVO,2011,3,61.52,71.34,53.43,0.43,0.0,49.37
HAVO,2011,4,60.96,69.9,53.52,2.54,0.0,64.93
HAVO,2011,5,62.64,73.41,56.4,2.02,0.0,52.73
HAVO,2011,6,63.94,74.04,54.15,0.29,0.0,44.67
HAVO,2011,7,64.73,74.13,56.49,0.33,0.0,20.38
HAVO,2011,8,65.68,76.02,57.03,0.25,0.0,28.74
HAVO,2011,9,63.98,76.29,53.7,1.94,0.0,48.48
HAVO,2011,10,63.25,74.76,55.05,1.02,0.0,64.45
HAVO,2011,11,62.43,72.6,50.82,0.75,0.0,58.06
HAVO,2011,12,60.64,69.45,50.82,2.49,0.0,52.59
HAVO,2012,1,59.94,70.35,49.02,1.02,0.0,32.11
HAVO,2012,2,59.41,69.63,47.4,0.74,0.0,50.75
HAVO,2012,3,60.07,69.81,52.62,0.96,0.0,46.56
HAVO,2012,4,60.81,71.61,52.98,0.39,0.0,50.51
HAVO,2012,5,62.5,74.13,50.91,0.68,0.0,34.6
HAVO,2012,6,65.01,78.99,56.22,0.13,0.0,31.88
HAVO,2012,7,64.95,74.85,55.95,0.42,0.0,24.86
HAVO,2012,8,65.12,74.94,57.39,0.5,0.0,37.37
HAVO,2012,9,64.26,74.22,55.05,0.39,0.0,37.48
HAVO,2012,10,64.64,76.29,53.97,0.27,0.0,38.88
HAVO,2012,11,61.86,72.33,50.19,1.58,0.0,51.2
HAVO,2012,12,61.27,71.43,50.91,0.24,0.0,48.59
HAVO,2013,1,59.84,70.17,48.12,3.79,0.0,49.72
HAVO,2013,2,59.6,69.81,50.37,0.65,0.0,28.38
HAVO,2013,3,59.27,68.91,49.56,3.93,0.0,60.04
HAVO,2013,4,61.33,70.44,49.65,1.59,0.0,52.95
HAVO,2013,5,63.19,72.69,54.33,2.44,0.0,55.55
HAVO,2013,6,64.92,75.03,56.4,0.13,0.0,44.05
HAVO,2013,7,65.39,75.39,56.13,2.86,0.0,48.45
HAVO,2013,8,66.27,75.93,57.75,0.86,0.0,29.02
HAVO,2013,9,65.89,75.66,54.51,0.38,0.0,25.68
HAVO,2013,10,64.59,73.05,56.76,2.43,0.0,60.26
HAVO,2013,11,62.83,74.04,53.25,1.54,0.0,59.9
HAVO,2013,12,61.26,71.52,51.27,2.06,0.0,46.71
HAVO,2014,1,59.61,68.55,46.59,5.39,0.0,50.8
HAVO,2014,2,61.32,71.07,51.36,4.89,0.0,65.25
HAVO,2014,3,61.74,69.81,53.79,7.09,0.0,56.9
HAVO,2014,4,62.44,72.24,53.25,2.51,0.0,58.03
HAVO,2014,5,62.7,70.44,55.5,1.85,0.0,57.74
HAVO,2014,6,63.7,73.86,55.5,1.69,0.0,44.32
HAVO,2014,7,66.8,76.11,58.74,2.43,0.0,55.12
HAVO,2014,8,66.14,76.74,56.31,7.68,0.0,41.17
HAVO,2014,9,66.24,76.02,57.12,2.13,0.0,50.32
HAVO,2014,10,66.02,76.38,58.65,3.99,0.0,47.68
HAVO,2014,11,63.77,72.69,55.59,3.53,0.0,48.39
HAVO,2014,12,60.64,71.25,48.3,1.99,0.0,38.95
HAVO,2015,1,59.56,69.27,46.23,0.76,0.0,34.12
HAVO,2015,2,61.95,76.38,47.94,1.4,0.0,33.37
HAVO,2015,3,60.28,70.26,48.39,4.7,0.0,52.44
HAVO,2015,4,62.23,70.35,55.68,1.81,0.0,55.31
HAVO,2015,5,62.35,71.07,54.78,2.96,0.0,52.58
HAVO,2015,6,64.89,75.03,57.03,2.0,0.0,40.56
HAVO,2015,7,67.43,77.55,58.02,1.63,0.0,36.07
HAVO,2015,8,68.45,77.19,61.17,11.05,0.0,59.82
HAVO,2015,9,67.54,75.66,61.08,6.11,0.0,63.0
HAVO,2015,10,67.0,75.57,58.65,5.19,0.0,46.0
HAVO,2015,11,64.79,72.69,57.93,2.26,0.0,49.12
HAVO,2015,12,62.35,71.88,52.53,0.7,0.0,23.8
HAVO,2016,1,60.14,70.8,49.29,0.93,0.0,34.12
HAVO,2016,2,60.53,71.79,47.4,1.44,0.0,30.56
HAVO,2016,3,61.22,72.33,50.73,2.35,0.0,45.23
HAVO,2016,4,63.04,71.61,55.41,0.89,0.0,32.39
HAVO,2016,5,63.61,72.42,57.12,3.8,0.0,54.2
HAVO,2016,6,65.1,77.46,57.48,3.04,0.0,60.24
HAVO,2016,7,67.31,79.53,59.28,7.33,0.0,39.37
HAVO,2016,8,67.14,77.55,61.08,8.61,0.0,44.19
HAVO,2016,9,66.41,75.57,59.1,1.64,0.0,52.52
HAVO,2016,10,65.92,75.21,58.56,0.37,0.0,52.7
HAVO,2016,11,64.0,73.95,53.97,0.17,0.0,42.58
HAVO,2016,12,61.56,72.24,52.98,8.24,0.0,59.57
HAVO,2017,1,58.18,69.18,48.48,6.73,0.0,44.95
HAVO,2017,2,58.71,75.03,47.04,11.46,0.0,51.93
HAVO,2017,3,60.5,72.15,51.36,4.64,0.0,47.58
HAVO,2017,4,59.86,72.51,51.81,9.97,0.0,55.76
HAVO,2017,5,60.31,71.25,51.36,8.75,0.0,55.06
HAVO,2017,6,62.18,74.67,54.69,10.93,0.0,65.56
HAVO,2017,7,64.0,75.39,56.04,6.41,0.0,49.09
HAVO,2017,8,63.78,72.69,55.32,5.78,0.0,53.91
HAVO,2017,9,62.58,72.78,54.42,9.41,0.0,58.06
HAVO,2017,10,63.45,77.55,55.77,13.04,0.0,57.25
HAVO,2017,11,60.36,71.25,48.66,14.22,0.0,68.54
HAVO,2017,12,58.31,67.92,47.49,12.52,0.0,49.3
HAVO,2018,1,59.47,70.71,49.11,8.2,0.0,40.89
HAVO,2018,2,57.94,68.64,46.23,30.64,0.0,77.28
HAVO,2018,3,57.85,68.01,48.57,25.75,0.0,82.1
HAVO,2018,4,61.63,68.55,53.61,18.44,0.0,79.87
HAVO,2018,5,61.69,71.07,52.62,12.09,0.0,75.44
HAVO,2018,6,62.29,71.16,53.97,9.41,0.0,60.35
HAVO,2018,7,64.9,77.55,56.94,4.75,0.0,58.84
HAVO,2018,8,65.8,78.36,55.59,28.36,0.0,67.35
HAVO,2018,9,64.94,73.05,55.59,6.37,0.0,53.53
HAVO,2018,10,63.51,71.61,55.68,29.31,0.0,77.36
HAVO,2018,11,61.6,70.62,54.06,10.0,0.0,60.93
HAVO,2018,12,60.72,69.72,52.62,2.23,0.0,35.76
HAVO,2019,1,57.19,69.0,47.4,12.11,0.0,42.14
HAVO,2019,2,56.52,70.17,45.24,36.9,0.0,70.02
HAVO,2019,3,56.97,69.18,46.5,8.7,0.0,71.05
HAVO,2019,4,59.9,69.54,51.45,12.08,0.0,54.28
HAVO,2019,5,61.14,78.18,52.44,11.13,0.0,58.88
HAVO,2019,6,61.97,69.45,54.42,15.3,0.0,69.14
HAVO,2019,7,64.09,76.56,55.95,7.96,0.0,56.09
HAVO,2019,8,65.34,76.2,56.67,9.21,0.0,57.25
HAVO,2019,9,65.13,73.95,58.29,11.6,0.0,63.23
HAVO,2019,10,63.88,73.68,54.87,6.63,0.0,56.54
HAVO,2019,11,62.77,70.89,53.52,4.16,0.0,48.43
HAVO,2019,12,61.03,72.78,52.8,13.13,0.0,54.69
HAVO,2020,1,59.81,71.25,50.01,10.25,0.0,49.79
HAVO,2020,2,57.89,67.92,46.77,15.59,0.0,44.32
HAVO,2020,3,58.13,66.84,50.01,29.91,0.0,79.79
HAVO,2020,4,60.22,71.52,51.72,6.95,0.0,66.33
HAVO,2020,5,60.93,70.71,51.0,12.31,0.0,63.27
HAVO,2020,6,62.44,71.97,53.7,4.76,0.0,55.35
HAVO,2020,7,63.53,73.23,55.23,7.96,0.0,58.81
HAVO,2020,8,64.08,74.04,55.05,3.74,0.0,41.26
HAVO,2020,9,62.76,70.62,54.24,7.86,0.0,56.5
HAVO,2020,10,63.02,73.14,54.96,7.54,0.0,59.81
HAVO,2020,11,62.36,73.23,51.36,7.58,0.0,59.27
HAVO,2020,12,60.22,70.71,50.64,3.88,0.0,38.34
HAVO,2021,1,58.14,68.01,48.93,7.84,0.0,54.25
HAVO,2021,2,57.27,65.49,47.49,5.29,0.0,46.61
HAVO,2021,3,57.45,65.58,49.29,19.83,0.0,71.35
HAVO,2021,4,56.91,66.66,49.02,18.07,0.0,76.84
HAVO,2021,5,59.71,68.46,52.44,11.38,0.0,66.6
HAVO,2021,6,60.77,70.62,52.8,10.91,0.0,63.01
HAVO,2021,7,63.1,72.69,53.88,9.88,0.0,60.74
HAVO,2021,8,62.47,73.23,52.71,9.61,0.0,58.24
HAVO,2021,9,61.87,71.61,53.97,11.51,0.0,65.46
HAVO,2021,10,62.22,71.88,54.87,7.3,0.0,64.32
HAVO,2021,11,61.55,69.45,53.25,6.11,0.0,64.07
HAVO,2021,12,59.23,68.28,52.26,18.34,0.0,75.37
HAVO,2022,1,58.88,67.11,50.46,7.07,0.0,57.46
HAVO,2022,2,58.2,68.28,48.93,9.59,0.0,58.56
HAVO,2022,3,59.39,67.47,50.1,13.31,0.0,76.57
HAVO,2022,4,59.05,66.84,52.53,14.11,0.0,87.6
HAVO,2022,5,60.2,68.19,51.72,8.56,0.0,81.81
HAVO,2022,6,60.94,73.5,52.98,7.56,0.0,59.68
HAVO,2022,7,63.84,73.77,56.04,3.67,0.0,53.65
HAVO,2022,8,63.04,75.39,54.69,7.9,0.0,62.15
HAVO,2022,9,62.61,70.89,55.95,9.17,0.0,66.25
HAVO,2022,10,63.75,71.88,57.57,10.59,0.0,61.9
HAVO,2022,11,61.54,70.35,51.18,5.28,0.0,68.53
HAVO,2022,12,60.52,71.07,50.64,6.77,0.0,64.98
HAVO,2023,1,59.78,68.1,51.45,4.91,0.0,42.91
HAVO,2023,2,58.87,68.46,53.43,13.35,0.0,70.83
HAVO,2023,3,59.97,76.02,50.55,11.72,0.0,77.69
HAVO,2023,4,59.02,66.39,52.53,14.37,0.0,80.65
HAVO,2023,5,59.09,67.2,53.16,19.2,0.0,82.61
HAVO,2023,6,60.32,68.82,52.44,11.93,0.0,80.38
HAVO,2023,7,64.08,81.96,54.15,7.19,0.0,45.59
HAVO,2023,8,63.4,84.75,55.32,5.53,0.0,45.98
HAVO,2023,9,63.03,75.3,54.06,4.88,0.0,63.66
HAVO,2023,10,62.36,73.86,53.7,6.63,0.0,60.44
HAVO,2023,11,61.53,73.05,52.98,6.98,0.0,56.89
HAVO,2023,12,59.3,69.72,49.2,5.38,0.0,60.07
HAVO,2024,1,59.33,75.93,48.75,7.82,0.0,44.83
HAVO,2024,2,56.04,64.68,47.22,6.07,0.0,64.49
HAVO,2024,3,58.29,68.01,49.2,10.57,0.0,74.81
HAVO,2024,4,59.11,66.93,50.82,13.39,0.0,76.88
HAVO,2024,5,59.61,70.08,52.53,15.59,0.0,88.04
HAVO,2024,6,62.62,73.23,53.7,4.58,0.0,51.87
HAVO,2024,7,63.09,74.13,52.17,4.27,0.0,50.27
HAVO,2024,8,65.03,75.48,54.69,14.35,0.0,45.74
HAVO,2024,9,62.88,72.6,54.69,9.5,0.0,69.18
HAVO,2024,10,62.69,70.62,55.5,9.31,0.0,60.94
HAVO,2024,11,61.1,69.45,50.64,8.81,0.0,49.19
HAVO,2024,12,60.19,70.62,50.37,1.2,0.0,32.12
HAVO,2025,1,58.18,69.81,49.47,17.84,0.0,63.83
HAVO,2025,2,58.06,66.39,48.93,3.81,0.0,51.35
HAVO,2025,3,58.4,68.19,50.64,10.64,0.0,62.12
HAVO,2025,4,58.8,69.09,52.35,10.37,0.0,69.46
HAVO,2025,5,59.34,67.56,50.55,12.15,0.0,75.53
HAVO,2025,6,60.58,72.69,52.08,6.58,0.0,82.24
HAVO,2025,7,63.06,74.4,52.8,4.41,0.0,52.13
HAVO,2025,8,63.17,74.04,51.54,3.32,0.0,46.62
HAVO,2025,9,61.93,75.48,52.98,6.29,0.0,61.01
HAVO,2025,10,61.65,72.6,53.16,6.41,0.0,70.13
HAVO,2025,11,60.45,74.85,50.91,4.33,0.0,68.95
HAVO,2025,12,58.72,68.91,50.1,5.46,0.0,64.0
HOSP,2006,1,48.54,68.28,32.46,3.43,0.0,49.7
HOSP,2006,2,41.67,70.53,22.65,2.2,0.47,60.53
HOSP,2006,3,54.29,78.99,32.82,5.6,0.0,60.24
HOSP,2006,4,66.52,90.87,43.08,5.75,0.0,48.44
HOSP,2006,5,70.41,90.24,50.01,2.71,0.0,49.77
HOSP,2006,6,77.92,93.03,61.89,1.87,0.0,35.27
HOSP,2006,7,82.98,103.65,62.88,2.47,0.0,45.57
HOSP,2006,8,83.06,100.41,64.95,1.7,0.0,42.85
HOSP,2006,9,72.16,91.41,49.74,4.44,0.0,32.57
HOSP,2006,10,61.54,87.99,39.39,6.55,0.0,36.1
HOSP,2006,11,51.95,75.3,30.21,4.81,0.11,47.02
HOSP,2006,12,45.26,69.0,20.85,4.99,0.06,47.7
HOSP,2007,1,40.42,63.6,23.82,5.82,0.08,63.32
HOSP,2007,2,41.67,71.61,18.15,2.24,0.83,46.38
HOSP,2007,3,59.55,79.8,28.77,2.42,0.0,59.02
HOSP,2007,4,58.62,84.48,32.1,3.38,0.0,53.0
HOSP,2007,5,71.04,86.91,52.08,3.73,0.0,62.83
HOSP,2007,6,78.67,92.22,64.14,2.56,0.0,73.14
HOSP,2007,7,77.86,92.67,62.52,5.76,0.0,59.37
HOSP,2007,8,87.04,105.54,72.06,0.32,0.0,40.98
HOSP,2007,9,74.63,92.49,57.3,4.14,0.0,49.88
HOSP,2007,10,65.52,88.17,43.53,3.72,0.0,38.12
HOSP,2007,11,53.46,77.55,32.1,2.52,0.03,46.2
HOSP,2007,12,45.95,70.53,27.96,4.85,0.0,60.42
HOSP,2008,1,39.32,67.47,21.39,2.7,0.08,52.57
HOSP,2008,2,45.52,71.34,25.62,5.96,0.0,53.81
HOSP,2008,3,52.41,77.1,25.98,8.19,4.66,59.58
HOSP,2008,4,58.82,78.54,34.98,5.56,0.0,51.12
HOSP,2008,5,69.06,88.71,46.68,3.69,0.0,53.0
HOSP,2008,6,79.23,93.57,65.31,1.96,0.0,48.07
HOSP,2008,7,83.67,100.86,66.57,0.89,0.0,38.72
HOSP,2008,8,77.69,102.57,65.22,6.9,0.0,55.75
HOSP,2008,9,70.79,87.09,54.33,11.8,0.0,42.26
HOSP,2008,10,61.12,81.33,35.88,2.1,0.0,30.14
HOSP,2008,11,49.78,72.87,26.43,2.26,0.03,34.3
HOSP,2008,12,42.29,69.9,19.32,3.56,0.0,58.9
HOSP,2009,1,39.1,68.55,19.77,2.48,0.28,46.65
HOSP,2009,2,47.57,68.73,23.73,4.52,0.0,52.52
HOSP,2009,3,52.43,74.67,25.17,5.38,0.39,69.54
HOSP,2009,4,59.01,81.24,34.44,6.26,0.0,53.71
HOSP,2009,5,66.63,86.82,49.02,15.6,0.0,62.79
HOSP,2009,6,80.63,100.14,58.2,1.07,0.0,40.56
HOSP,2009,7,80.05,100.68,65.58,9.59,0.0,47.55
HOSP,2009,8,76.35,91.59,60.18,3.39,0.0,40.63
HOSP,2009,9,70.83,87.27,53.43,7.7,0.0,59.78
HOSP,2009,10,57.79,82.14,40.11,13.22,0.0,67.33
HOSP,2009,11,54.5,72.24,35.16,1.24,0.0,46.09
HOSP,2009,12,38.77,61.26,22.2,6.07,0.17,58.05
HOSP,2010,1,36.63,59.1,10.95,3.61,3.22,51.95
HOSP,2010,2,36.68,58.29,19.14,2.33,5.84,58.02
HOSP,2010,3,50.55,76.74,27.6,2.38,0.0,45.19
HOSP,2010,4,64.86,83.67,43.98,3.8,0.0,42.98
HOSP,2010,5,71.82,88.44,51.36,6.91,0.0,48.94
HOSP,2010,6,82.29,97.8,69.72,2.28,0.0,42.72
HOSP,2010,7,82.71,98.79,71.61,2.66,0.0,57.13
HOSP,2010,8,85.62,102.57,66.48,0.85,0.0,41.31
HOSP,2010,9,77.18,96.63,55.41,1.81,0.0,38.55
HOSP,2010,10,66.43,88.89,41.1,0.56,0.0,24.74
HOSP,2010,11,53.66,76.02,33.81,5.79,0.0,47.72
HOSP,2010,12,41.25,68.64,24.27,1.98,0.0,50.65
HOSP,2011,1,37.83,69.63,13.11,0.85,4.44,47.08
HOSP,2011,2,45.07,72.51,14.1,3.76,5.02,57.09
HOSP,2011,3,53.87,78.36,33.81,2.76,0.0,54.72
HOSP,2011,4,64.77,87.63,37.95,7.7,0.0,50.53
HOSP,2011,5,68.02,88.89,43.44,7.59,0.0,51.62
HOSP,2011,6,83.7,97.98,69.18,1.26,0.0,31.44
HOSP,2011,7,86.56,101.04,73.5,1.29,0.0,38.02
HOSP,2011,8,86.85,107.79,69.72,1.07,0.0,43.5
HOSP,2011,9,74.29,101.22,56.4,1.1,0.0,36.72
HOSP,2011,10,64.3,87.54,41.01,2.81,0.0,26.26
HOSP,2011,11,54.59,75.66,31.38,6.7,0.0,55.72
HOSP,2011,12,44.36,62.07,27.15,5.34,0.11,59.03
HOSP,2012,1,45.4,64.5,25.53,3.62,0.0,45.83
HOSP,2012,2,47.8,73.23,22.38,2.7,1.13,62.41
HOSP,2012,3,61.44,80.97,36.33,10.02,0.0,53.45
HOSP,2012,4,64.89,82.14,46.77,2.22,0.0,49.17
HOSP,2012,5,74.9,92.94,56.31,1.59,0.0,42.21
HOSP,2012,6,80.9,103.74,60.18,0.41,0.0,40.18
HOSP,2012,7,83.7,103.02,70.17,2.99,0.0,45.53
HOSP,2012,8,81.7,100.41,65.13,4.54,0.0,42.95
HOSP,2012,9,74.21,97.44,53.61,3.82,0.0,40.63
HOSP,2012,10,61.42,80.88,38.94,2.13,0.0,41.68
HOSP,2012,11,52.08,81.06,33.99,2.14,0.0,28.52
HOSP,2012,12,46.9,71.61,19.5,2.22,5.26,60.36
HOSP,2013,1,42.74,70.26,25.53,5.7,0.58,56.65
HOSP,2013,2,43.9,67.2,27.78,3.91,1.16,51.92
HOSP,2013,3,48.09,73.95,26.79,4.3,0.03,50.21
HOSP,2013,4,58.31,81.42,36.87,4.12,0.0,54.81
HOSP,2013,5,67.15,87.0,38.31,6.77,0.0,62.78
HOSP,2013,6,78.48,99.06,59.28,1.8,0.0,45.24
HOSP,2013,7,79.85,98.16,64.68,4.13,0.0,51.38
HOSP,2013,8,80.06,97.53,60.09,1.75,0.0,39.29
HOSP,2013,9,76.89,97.08,56.22,3.69,0.0,30.64
HOSP,2013,10,62.49,83.04,41.73,5.17,0.0,48.29
HOSP,2013,11,47.81,77.19,25.26,4.95,0.06,58.25
HOSP,2013,12,40.31,69.36,23.46,5.94,0.39,56.3
HOSP,2014,1,36.19,61.8,12.21,2.17,0.0,35.09
HOSP,2014,2,39.81,71.52,19.95,2.94,2.48,62.1
HOSP,2014,3,47.8,70.26,20.58,5.22,0.47,55.18
HOSP,2014,4,58.86,79.8,35.61,5.83,0.0,55.86
HOSP,2014,5,66.87,83.85,42.36,5.23,0.0,59.17
HOSP,2014,6,75.78,90.06,61.89,3.22,0.0,60.24
HOSP,2014,7,75.98,94.83,59.82,5.66,0.0,59.54
HOSP,2014,8,79.22,95.64,64.68,0.84,0.0,43.17
HOSP,2014,9,74.09,93.84,55.41,2.21,0.0,49.61
HOSP,2014,10,65.16,86.19,46.23,3.16,0.0,39.78
HOSP,2014,11,46.23,68.64,22.83,2.4,0.44,42.19
HOSP,2014,12,44.23,64.23,28.41,2.26,0.0,71.34
HOSP,2015,1,39.31,64.95,15.9,3.3,0.33,50.63
HOSP,2015,2,36.22,67.83,15.18,2.67,6.09,55.58
HOSP,2015,3,50.09,78.99,21.57,7.02,2.15,69.63
HOSP,2015,4,61.48,80.97,43.17,5.29,0.0,66.09
HOSP,2015,5,68.79,82.05,50.82,7.0,0.0,75.32
HOSP,2015,6,77.84,93.84,62.07,3.17,0.0,48.2
HOSP,2015,7,83.55,99.69,68.28,2.28,0.0,42.3
HOSP,2015,8,81.85,102.93,63.96,0.88,0.0,43.93
HOSP,2015,9,76.84,94.74,55.41,0.89,0.0,42.4
HOSP,2015,10,65.71,92.58,49.47,5.94,0.0,42.98
HOSP,2015,11,54.57,70.35,30.21,11.8,0.0,63.89
HOSP,2015,12,50.28,72.69,31.38,8.43,0.0,43.79
HOSP,2016,1,40.38,66.3,24.09,0.87,0.55,49.9
HOSP,2016,2,47.43,68.73,27.6,2.42,0.06,37.58
HOSP,2016,3,56.31,81.06,33.99,12.16,0.0,50.25
HOSP,2016,4,62.4,79.98,40.02,6.43,0.0,53.8
HOSP,2016,5,67.1,83.58,49.47,2.93,0.0,63.32
HOSP,2016,6,78.77,93.48,63.15,2.87,0.0,41.79
HOSP,2016,7,83.53,99.42,72.06,2.13,0.0,57.58
HOSP,2016,8,79.86,99.15,66.93,6.63,0.0,62.99
HOSP,2016,9,77.2,91.41,58.38,0.56,0.0,33.68
HOSP,2016,10,69.73,88.35,49.74,0.49,0.0,37.88
HOSP,2016,11,57.52,82.32,36.24,2.17,0.0,42.09
HOSP,2016,12,43.96,70.53,17.61,4.34,0.0,69.44
HOSP,2017,1,46.86,70.16,14.27,2.38,0.55,61.72
HOSP,2017,2,52.56,76.28,28.94,3.56,0.0,63.27
HOSP,2017,3,56.25,79.7,30.65,5.0,0.0,48.51
HOSP,2017,4,64.15,80.06,45.14,8.62,0.0,50.91
HOSP,2017,5,68.42,84.83,47.84,3.89,0.0,44.65
HOSP,2017,6,76.28,94.01,60.53,4.23,0.0,58.77
HOSP,2017,7,81.03,95.54,67.64,4.58,0.0,46.13
HOSP,2017,8,76.67,93.11,65.75,5.58,0.0,63.06
HOSP,2017,9,74.84,91.67,56.03,0.41,0.0,30.55
HOSP,2017,10,64.89,88.79,35.33,2.04,0.0,34.19
HOSP,2017,11,55.57,78.71,36.77,1.15,0.0,54.13
HOSP,2017,12,44.28,69.89,19.22,4.77,0.0,58.03
HOSP,2018,1,37.87,62.06,10.58,2.63,0.69,43.26
HOSP,2018,2,47.13,73.58,21.74,12.24,0.0,73.5
HOSP,2018,3,54.68,75.74,33.62,4.38,0.0,49.18
HOSP,2018,4,56.11,78.53,32.72,5.7,0.0,47.32
HOSP,2018,5,75.91,96.62,57.83,2.63,0.0,46.51
HOSP,2018,6,81.73,98.24,67.01,1.64,0.0,42.82
HOSP,2018,7,82.48,104.36,67.73,2.47,0.0,50.65
HOSP,2018,8,79.25,93.92,65.66,3.73,0.0,50.23
HOSP,2018,9,74.61,92.03,57.74,6.62,0.0,50.57
HOSP,2018,10,63.23,85.73,42.8,9.52,0.0,60.44
HOSP,2018,11,47.15,69.35,27.68,2.63,0.52,50.6
HOSP,2018,12,44.6,64.85,28.22,8.39,0.22,61.37
HOSP,2019,1,41.57,64.22,23.18,3.97,0.25,59.63
HOSP,2019,2,46.85,72.59,20.3,6.87,0.0,77.02
HOSP,2019,3,50.22,72.86,19.04,4.63,0.03,56.37
HOSP,2019,4,61.42,81.68,36.68,5.91,0.0,59.5
HOSP,2019,5,70.67,87.71,51.71,8.17,0.0,59.76
HOSP,2019,6,76.73,94.64,60.44,6.15,0.0,59.04
HOSP,2019,7,79.24,94.19,63.77,5.86,0.0,43.88
HOSP,2019,8,81.39,96.62,68.99,2.74,0.0,51.09
HOSP,2019,9,80.63,98.51,69.71,2.98,0.0,28.71
HOSP,2019,10,62.28,90.77,35.33,5.25,0.0,41.2
HOSP,2019,11,48.56,69.26,20.03,5.33,0.0,47.94
HOSP,2019,12,46.7,67.01,29.57,1.73,0.3,48.99
HOSP,2020,1,44.85,67.73,23.36,6.43,0.52,65.01
HOSP,2020,2,45.65,68.45,23.36,5.07,0.03,64.37
HOSP,2020,3,57.07,80.87,38.84,7.61,0.0,77.85
HOSP,2020,4,59.72,85.01,38.21,5.61,0.03,55.31
HOSP,2020,5,67.24,84.29,47.03,5.8,0.0,52.57
HOSP,2020,6,77.14,92.39,61.52,5.02,0.0,48.04
HOSP,2020,7,81.68,97.7,71.69,2.76,0.0,53.21
HOSP,2020,8,78.69,94.55,65.3,7.46,0.0,41.48
HOSP,2020,9,72.23,88.52,53.51,4.78,0.0,44.88
HOSP,2020,10,61.87,83.93,40.46,2.09,0.0,41.52
HOSP,2020,11,55.7,76.01,32.0,1.61,0.0,35.93
HOSP,2020,12,44.12,69.17,25.52,4.98,0.85,40.32
HOSP,2021,1,42.3,70.79,27.68,3.8,0.69,51.7
HOSP,2021,2,36.8,67.37,-0.04,5.41,8.05,62.5
HOSP,2021,3,55.74,76.73,35.24,3.15,0.0,52.34
HOSP,2021,4,59.24,80.78,36.23,5.87,0.0,50.23
HOSP,2021,5,66.82,84.11,49.1,6.7,0.0,69.39
HOSP,2021,6,77.47,94.28,60.8,4.63,0.0,52.83
HOSP,2021,7,80.81,98.96,64.76,2.43,0.0,36.44
HOSP,2021,8,81.16,95.99,67.19,3.87,0.0,40.58
HOSP,2021,9,75.86,98.24,53.33,2.41,0.0,35.2
HOSP,2021,10,66.82,88.07,45.77,3.32,0.0,42.55
HOSP,2021,11,51.78,75.02,34.07,1.99,0.0,38.9
HOSP,2021,12,55.1,74.12,30.65,4.45,0.17,66.04
HOSP,2022,1,40.37,65.03,19.13,4.41,1.54,42.7
HOSP,2022,2,42.95,67.55,22.55,4.79,0.41,51.01
HOSP,2022,3,52.2,73.94,27.41,6.55,2.51,46.71
HOSP,2022,4,60.88,79.97,33.8,6.52,0.0,53.77
HOSP,2022,5,71.58,90.32,54.41,4.37,0.0,52.96
HOSP,2022,6,79.33,98.87,61.79,3.73,0.0,42.44
HOSP,2022,7,85.79,103.64,72.59,1.46,0.0,42.62
HOSP,2022,8,80.35,99.5,67.64,3.17,0.0,45.61
HOSP,2022,9,76.55,99.68,54.05,0.81,0.0,21.07
HOSP,2022,10,64.18,85.73,37.49,3.65,0.0,34.6
HOSP,2022,11,50.97,78.71,27.86,4.65,0.3,47.49
HOSP,2022,12,45.04,70.43,4.55,6.84,0.08,69.16
HOSP,2023,1,47.3,69.8,26.6,7.01,3.31,56.77
HOSP,2023,2,49.33,74.12,25.07,5.68,0.11,66.9
HOSP,2023,3,54.13,77.09,27.14,9.44,0.0,59.63
HOSP,2023,4,60.04,81.23,43.07,4.54,0.0,60.14
HOSP,2023,5,70.54,88.43,47.84,4.28,0.0,64.35
HOSP,2023,6,78.99,98.51,62.78,1.22,0.0,40.46
HOSP,2023,7,82.18,101.3,64.58,4.15,0.0,48.55
HOSP,2023,8,84.18,104.63,65.75,1.59,0.0,28.11
HOSP,2023,9,76.91,100.76,61.79,2.08,0.0,36.79
HOSP,2023,10,65.21,91.13,33.89,7.05,0.0,45.18
HOSP,2023,11,52.82,77.99,31.19,2.66,0.0,43.1
HOSP,2023,12,47.38,65.57,30.92,2.59,0.0,47.58
HOSP,2024,1,37.48,67.19,7.25,8.08,1.1,47.07
HOSP,2024,2,51.81,76.64,25.16,2.2,0.03,56.84
HOSP,2024,3,56.01,75.56,33.44,3.07,0.06,55.39
HOSP,2024,4,63.19,82.76,43.07,5.67,0.0,62.01
HOSP,2024,5,72.21,89.78,57.2,7.44,0.0,58.43
HOSP,2024,6,79.56,97.61,63.59,2.48,0.0,49.12
HOSP,2024,7,79.55,96.98,65.48,3.94,0.0,43.52
HOSP,2024,8,81.43,101.66,63.05,1.71,0.0,34.07
HOSP,2024,9,73.77,94.01,56.39,3.26,0.0,47.8
HOSP,2024,10,68.24,90.5,42.89,1.53,0.0,9.44
HOSP,2024,11,57.33,77.0,30.02,8.09,0.0,42.38
HOSP,2024,12,47.73,66.83,23.9,5.86,0.0,54.88
HOSP,2025,1,37.23,65.03,15.53,2.57,7.85,39.62
HOSP,2025,2,44.98,77.27,9.5,3.73,0.36,56.17
HOSP,2025,3,58.53,84.65,33.8,2.45,0.0,47.34
HOSP,2025,4,65.35,87.26,43.16,12.33,0.0,56.08
HOSP,2025,5,69.28,91.13,49.28,8.61,0.0,60.03
HOSP,2025,6,78.94,94.28,64.04,5.58,0.0,50.74
HOSP,2025,7,83.08,99.95,71.78,1.88,0.0,36.37
HOSP,2025,8,80.21,101.48,61.79,3.62,0.0,37.68
HOSP,2025,9,75.83,95.45,57.38,0.72,0.0,40.07
HOSP,2025,10,67.54,88.79,42.62,1.94,0.0,34.1
HOSP,2025,11,56.78,82.67,30.74,3.09,0.25,42.64
HOSP,2025,12,46.48,78.71,19.49,0.88,0.0,50.65
INDU,2006,1,36.27,50.03,23.84,3.06,5.26,76.0
INDU,2006,2,29.28,53.99,0.35,0.77,1.82,60.77
INDU,2006,3,37.36,64.43,20.42,3.4,3.61,64.49
INDU,2006,4,51.47,70.55,31.4,3.91,0.3,53.61
INDU,2006,5,58.93,86.03,40.58,4.03,0.0,61.11
INDU,2006,6,69.09,87.83,55.7,2.53,0.0,45.39
INDU,2006,7,77.19,93.32,61.55,3.26,0.0,50.57
INDU,2006,8,74.81,92.78,61.01,4.92,0.0,57.52
INDU,2006,9,63.85,79.73,46.7,4.76,0.0,55.69
INDU,2006,10,51.18,79.19,35.63,3.09,0.08,58.67
INDU,2006,11,43.79,59.21,28.7,3.96,0.17,66.26
INDU,2006,12,36.14,53.18,12.5,3.71,3.25,66.98
INDU,2007,1,31.02,49.85,6.11,2.37,5.54,73.91
INDU,2007,2,18.2,39.95,-7.3,0.58,9.48,64.69
INDU,2007,3,40.65,67.94,10.61,2.73,1.32,63.48
INDU,2007,4,45.7,72.53,25.64,3.57,2.95,56.54
INDU,2007,5,63.42,84.86,44.45,2.16,0.0,55.24
INDU,2007,6,72.67,88.19,50.12,2.01,0.0,53.54
INDU,2007,7,73.95,90.35,59.93,3.44,0.0,38.42
INDU,2007,8,75.89,89.72,61.01,6.08,0.0,50.41
INDU,2007,9,69.76,89.18,49.94,1.2,0.0,32.47
INDU,2007,10,61.63,85.04,43.91,2.37,0.0,52.65
INDU,2007,11,42.02,60.11,23.93,2.18,1.35,63.22
INDU,2007,12,31.04,51.83,17.0,2.09,12.15,84.43
INDU,2008,1,26.44,60.02,-1.81,3.97,8.02,69.9
INDU,2008,2,24.16,49.04,-2.08,1.62,13.56,77.25
INDU,2008,3,33.56,56.87,11.87,2.3,3.72,67.55
INDU,2008,4,47.87,74.24,30.05,3.5,0.25,58.76
INDU,2008,5,56.6,77.84,42.92,4.04,0.0,58.33
INDU,2008,6,71.65,85.49,57.14,4.68,0.0,55.97
INDU,2008,7,74.91,88.46,59.66,4.2,0.0,50.18
INDU,2008,8,73.26,87.74,59.93,2.21,0.0,39.02
INDU,2008,9,67.27,89.54,53.36,8.28,0.0,47.2
INDU,2008,10,54.15,77.57,36.53,2.89,0.03,50.86
INDU,2008,11,40.79,66.68,22.04,1.39,3.53,63.42
INDU,2008,12,26.72,59.03,-1.36,3.65,10.42,79.65
INDU,2009,1,17.57,41.39,-15.31,0.15,9.26,71.01
INDU,2009,2,27.67,55.25,-6.67,3.24,3.42,57.46
INDU,2009,3,37.39,63.62,6.47,5.72,2.15,55.31
INDU,2009,4,46.49,73.97,30.5,4.83,2.87,66.92
INDU,2009,5,60.2,77.84,45.44,3.25,0.0,59.09
INDU,2009,6,69.34,89.09,49.49,4.1,0.0,67.64
INDU,2009,7,70.83,82.7,59.66,2.1,0.0,54.34
INDU,2009,8,72.04,88.64,57.23,3.45,0.0,53.47
INDU,2009,9,67.06,79.46,50.39,1.03,0.0,47.85
INDU,2009,10,50.51,65.24,37.43,5.82,0.0,77.11
INDU,2009,11,46.36,65.33,33.29,1.8,0.0,58.0
INDU,2009,12,29.98,51.74,6.83,2.18,8.13,80.16
INDU,2010,1,24.27,45.08,1.79,0.74,7.25,86.25
INDU,2010,2,26.02,36.98,11.51,0.35,9.84,75.04
INDU,2010,3,38.57,66.05,20.51,2.3,0.25,61.64
INDU,2010,4,52.98,73.07,35.18,3.33,0.0,60.37
INDU,2010,5,62.23,85.58,43.28,6.66,0.0,57.09
INDU,2010,6,72.16,86.39,58.31,7.05,0.0,62.83
INDU,2010,7,77.2,89.9,60.56,5.96,0.0,48.87
INDU,2010,8,76.35,88.64,61.73,3.74,0.0,39.08
INDU,2010,9,66.42,83.96,51.65,3.26,0.0,54.13
INDU,2010,10,57.58,79.28,37.88,2.23,0.0,41.0
INDU,2010,11,43.89,66.05,23.3,2.61,0.99,52.99
INDU,2010,12,26.39,51.65,8.63,0.78,9.07,79.49
INDU,2011,1,21.87,50.3,-4.6,0.34,5.46,77.55
INDU,2011,2,25.18,53.81,-6.4,1.22,13.53,64.94
INDU,2011,3,35.43,63.35,15.2,2.12,1.13,69.01
INDU,2011,4,47.22,73.97,27.26,7.02,0.33,76.8
INDU,2011,5,59.22,84.59,39.68,5.33,0.0,73.2
INDU,2011,6,70.69,89.45,56.15,4.15,0.0,63.19
INDU,2011,7,79.03,93.95,65.51,3.07,0.0,48.72
INDU,2011,8,74.4,92.96,61.1,4.07,0.0,44.45
INDU,2011,9,63.91,92.06,49.04,4.66,0.0,59.06
INDU,2011,10,55.75,77.75,38.78,3.47,0.0,45.94
INDU,2011,11,46.04,64.88,30.41,4.48,0.0,66.34
INDU,2011,12,36.64,53.63,19.34,1.59,1.79,67.94
INDU,2012,1,31.25,52.82,11.87,1.58,10.5,67.54
INDU,2012,2,33.25,56.96,16.1,0.93,6.48,56.38
INDU,2012,3,49.79,75.59,25.91,2.01,0.66,57.87
INDU,2012,4,50.79,72.17,36.71,3.39,0.0,58.2
INDU,2012,5,65.71,92.33,47.06,3.25,0.0,46.21
INDU,2012,6,73.67,94.67,52.1,2.31,0.0,34.05
INDU,2012,7,81.31,96.02,66.95,1.52,0.0,45.67
INDU,2012,8,74.25,92.87,59.21,3.2,0.0,39.57
INDU,2012,9,65.92,85.4,45.53,2.13,0.0,47.35
INDU,2012,10,52.84,75.95,38.87,3.93,0.0,66.73
INDU,2012,11,41.65,64.16,29.15,0.68,0.17,60.75
INDU,2012,12,37.79,64.16,20.78,2.46,4.44,79.71
INDU,2013,1,29.49,56.06,5.48,3.17,1.93,67.12
INDU,2013,2,26.83,49.04,5.03,1.22,11.99,75.46
INDU,2013,3,31.22,51.56,14.48,0.86,7.61,69.98
INDU,2013,4,45.18,73.07,26.18,7.31,0.06,67.12
INDU,2013,5,60.83,80.99,38.96,5.96,0.0,64.41
INDU,2013,6,69.23,85.58,49.67,4.89,0.0,61.97
INDU,2013,7,73.03,89.63,57.23,3.21,0.0,51.76
INDU,2013,8,72.71,88.91,57.68,3.0,0.0,50.23
INDU,2013,9,67.79,90.53,50.57,2.06,0.0,47.78
INDU,2013,10,55.39,78.56,36.08,2.9,0.0,51.29
INDU,2013,11,39.87,62.09,21.5,2.21,2.23,66.57
INDU,2013,12,26.83,54.35,1.7,1.61,7.61,78.48
INDU,2014,1,16.97,43.01,-14.77,0.79,16.2,74.09
INDU,2014,2,16.98,49.31,-4.87,0.72,10.0,66.24
INDU,2014,3,29.39,57.5,0.53,0.84,8.63,64.84
INDU,2014,4,45.41,68.21,28.34,2.19,0.77,63.58
INDU,2014,5,58.23,81.44,39.14,3.1,0.0,62.18
INDU,2014,6,68.8,85.76,50.39,8.56,0.0,67.93
INDU,2014,7,69.32,87.56,56.78,3.65,0.0,46.38
INDU,2014,8,71.86,85.4,53.45,5.41,0.0,63.67
INDU,2014,9,63.81,84.68,47.24,2.62,0.0,50.21
INDU,2014,10,53.78,71.18,37.43,4.83,0.22,63.26
INDU,2014,11,36.44,59.12,14.21,1.86,1.54,77.64
INDU,2014,12,33.9,48.68,11.15,1.33,0.11,77.77
INDU,2015,1,23.93,40.94,-4.15,0.91,7.91,71.48
INDU,2015,2,16.4,39.77,-7.84,0.0,11.33,74.6
INDU,2015,3,33.68,61.82,1.61,0.66,3.36,60.53
INDU,2015,4,47.34,69.11,31.22,3.28,0.0,52.3
INDU,2015,5,60.43,80.99,40.13,5.15,0.0,70.65
INDU,2015,6,66.59,82.16,46.88,5.86,0.0,72.99
INDU,2015,7,71.29,87.11,56.15,3.88,0.0,55.12
INDU,2015,8,72.14,86.39,58.67,2.49,0.0,50.34
INDU,2015,9,68.94,88.1,53.18,3.14,0.0,46.61
INDU,2015,10,55.58,75.32,39.95,1.85,0.0,58.2
INDU,2015,11,46.9,69.65,19.16,2.55,5.02,49.41
INDU,2015,12,41.0,61.73,23.57,5.03,0.8,77.01
INDU,2016,1,27.53,50.21,2.24,0.98,3.69,73.56
INDU,2016,2,30.97,57.95,8.27,1.16,9.84,70.9
INDU,2016,3,42.04,61.73,21.5,5.0,2.84,73.69
INDU,2016,4,46.76,72.8,27.8,3.79,1.74,62.81
INDU,2016,5,57.64,79.46,39.95,3.69,0.0,61.43
INDU,2016,6,70.24,87.29,55.52,3.55,0.0,48.8
INDU,2016,7,74.81,88.46,59.12,3.94,0.0,65.39
INDU,2016,8,74.95,89.63,60.2,7.33,0.0,58.75
INDU,2016,9,69.5,86.93,55.07,4.04,0.0,54.43
INDU,2016,10,58.73,76.4,44.09,2.38,0.0,59.27
INDU,2016,11,48.22,72.26,32.39,2.75,0.08,56.82
INDU,2016,12,28.36,56.42,-1.99,0.61,11.11,77.57
INDU,2017,1,30.81,61.26,3.21,3.83,1.87,77.99
INDU,2017,2,38.83,64.86,15.18,2.91,0.61,59.86
INDU,2017,3,38.52,74.94,17.7,4.11,2.87,67.91
INDU,2017,4,52.99,77.37,33.63,7.01,1.1,74.53
INDU,2017,5,56.77,82.05,35.07,5.22,0.0,57.12
INDU,2017,6,71.1,92.85,50.19,3.76,0.0,43.49
INDU,2017,7,73.1,89.61,58.29,5.06,0.0,50.0
INDU,2017,8,70.39,90.33,51.9,2.73,0.0,50.99
INDU,2017,9,67.66,90.24,48.66,2.07,0.0,42.04
INDU,2017,10,57.35,81.6,34.26,8.13,0.0,64.84
INDU,2017,11,41.46,59.64,24.45,3.24,0.19,66.8
INDU,2017,12,28.42,61.08,2.4,0.27,6.94,70.32
INDU,2018,1,26.09,59.1,-7.41,0.92,7.5,71.15
INDU,2018,2,30.56,63.78,2.13,3.43,13.12,77.59
INDU,2018,3,34.82,57.75,22.74,1.64,3.39,61.27
INDU,2018,4,40.14,70.89,20.22,2.48,4.8,63.08
INDU,2018,5,64.13,89.52,40.38,6.04,0.0,65.78
INDU,2018,6,70.15,91.41,49.65,5.72,0.0,66.95
INDU,2018,7,73.03,90.6,56.67,4.42,0.0,46.79
INDU,2018,8,73.78,92.58,59.01,5.75,0.0,50.06
INDU,2018,9,68.37,88.8,48.75,4.13,0.0,50.75
INDU,2018,10,53.26,86.01,33.09,3.87,0.06,61.3
INDU,2018,11,35.63,51.72,17.16,2.87,11.55,82.96
INDU,2018,12,34.05,52.35,17.61,2.99,2.54,67.54
INDU,2019,1,22.92,53.97,-21.54,0.94,11.41,76.63
INDU,2019,2,28.9,55.5,1.68,1.9,4.63,79.48
INDU,2019,3,34.33,63.6,0.24,3.37,1.35,63.24
INDU,2019,4,48.27,74.49,24.0,3.76,6.78,69.22
INDU,2019,5,57.14,81.96,36.69,7.42,0.0,73.31
INDU,2019,6,65.66,85.74,48.39,6.39,0.0,70.89
INDU,2019,7,74.33,91.86,59.01,4.09,0.0,45.62
INDU,2019,8,71.22,86.46,57.48,2.96,0.0,47.65
INDU,2019,9,69.38,86.73,53.97,6.12,0.0,61.44
INDU,2019,10,53.1,85.83,29.04,5.11,2.31,62.25
INDU,2019,11,36.05,56.04,8.34,1.74,2.43,72.62
INDU,2019,12,35.43,63.33,15.09,1.83,2.09,70.09
INDU,2020,1,32.0,53.97,5.01,3.26,7.69,81.15
INDU,2020,2,29.53,54.69,-0.93,0.56,10.25,68.77
INDU,2020,3,40.46,69.45,23.64,2.82,3.78,70.8
INDU,2020,4,44.75,74.85,25.53,5.33,2.98,67.24
INDU,2020,5,56.99,84.93,27.87,6.03,0.0,63.46
INDU,2020,6,71.03,89.16,49.29,3.72,0.0,52.17
INDU,2020,7,76.16,91.23,61.53,5.55,0.0,51.0
INDU,2020,8,73.07,93.21,56.31,3.55,0.0,37.42
INDU,2020,9,65.23,85.38,44.34,3.38,0.0,45.51
INDU,2020,10,51.93,79.17,31.02,3.0,0.0,58.17
INDU,2020,11,46.72,75.48,27.15,1.97,1.52,50.64
INDU,2020,12,33.41,53.7,12.3,1.91,2.37,72.36
INDU,2021,1,29.92,45.06,15.0,0.57,15.76,77.47
INDU,2021,2,22.74,60.45,-2.37,0.31,12.87,75.38
INDU,2021,3,42.94,69.09,21.3,2.04,1.05,51.61
INDU,2021,4,49.92,84.12,26.34,1.93,1.54,59.02
INDU,2021,5,58.98,88.35,33.81,4.11,0.47,66.31
INDU,2021,6,72.1,90.24,50.01,7.1,0.0,57.87
INDU,2021,7,72.27,88.35,55.86,4.2,0.0,54.74
INDU,2021,8,74.53,89.97,57.21,5.82,0.0,51.17
INDU,2021,9,69.22,87.45,52.62,2.91,0.0,44.98
INDU,2021,10,59.15,81.6,38.76,8.75,0.0,67.7
INDU,2021,11,40.49,62.7,22.56,1.31,1.65,63.66
INDU,2021,12,38.32,63.51,16.17,2.51,4.35,72.73
INDU,2022,1,21.65,42.18,-6.24,0.16,8.96,69.59
INDU,2022,2,26.92,56.4,3.84,2.5,12.9,71.02
INDU,2022,3,39.16,69.72,13.74,4.18,6.09,77.44
INDU,2022,4,46.96,79.53,27.96,3.13,3.2,76.8
INDU,2022,5,61.78,87.09,39.3,4.39,0.0,74.48
INDU,2022,6,71.0,98.52,47.58,2.49,0.0,48.51
INDU,2022,7,73.69,90.6,56.94,8.7,0.0,54.89
INDU,2022,8,72.4,90.51,55.59,4.69,0.0,49.7
INDU,2022,9,65.95,86.91,40.83,2.67,0.0,50.88
INDU,2022,10,53.29,75.66,34.71,3.74,0.03,49.86
INDU,2022,11,42.81,70.17,14.46,1.32,3.39,58.09
INDU,2022,12,30.42,57.84,-8.94,1.69,3.03,80.25
INDU,2023,1,32.92,60.9,7.71,2.08,8.27,89.96
INDU,2023,2,34.57,57.93,2.04,3.75,2.23,57.93
INDU,2023,3,37.37,67.29,14.82,3.96,9.84,72.72
INDU,2023,4,50.25,78.54,26.97,1.91,1.21,59.16
INDU,2023,5,59.53,90.33,34.89,2.81,0.08,59.96
INDU,2023,6,67.48,88.62,49.11,2.71,0.0,47.05
INDU,2023,7,71.94,90.06,56.22,5.31,0.0,42.51
INDU,2023,8,70.81,95.37,54.42,5.25,0.0,49.84
INDU,2023,9,66.73,89.88,49.11,2.94,0.0,51.32
INDU,2023,10,55.56,83.13,27.6,5.7,0.25,61.78
INDU,2023,11,42.83,69.36,17.34,1.3,1.24,58.37
INDU,2023,12,39.3,57.75,19.14,3.05,2.26,76.26
INDU,2024,1,26.68,44.79,-8.85,3.11,13.53,82.62
INDU,2024,2,37.12,72.6,15.9,0.51,2.09,43.15
INDU,2024,3,42.68,72.15,22.65,4.03,0.44,65.29
INDU,2024,4,51.53,78.36,31.38,4.5,1.46,59.16
INDU,2024,5,62.41,86.19,43.71,3.56,0.0,52.37
INDU,2024,6,71.97,92.31,47.85,2.53,0.0,54.42
INDU,2024,7,71.83,89.25,53.25,5.71,0.0,47.28
INDU,2024,8,71.97,94.56,52.17,3.65,0.0,41.52
INDU,2024,9,68.06,85.92,48.93,3.54,0.0,39.84
INDU,2024,10,58.21,79.35,37.05,3.15,0.0,36.35
INDU,2024,11,46.46,70.08,15.72,3.8,3.22,76.17
INDU,2024,12,33.39,54.96,6.99,2.97,1.13,79.45
INDU,2025,1,22.9,47.4,-4.53,0.96,4.49,64.32
INDU,2025,2,27.4,56.67,1.41,0.32,6.45,73.26
INDU,2025,3,43.93,77.19,17.88,3.93,4.33,59.91
INDU,2025,4,50.34,84.48,28.77,2.89,0.66,64.87
INDU,2025,5,56.53,89.52,40.2,2.74,0.0,62.57
INDU,2025,6,72.33,94.2,45.15,3.92,0.0,51.19
INDU,2025,7,76.39,94.65,62.88,4.14,0.0,53.48
INDU,2025,8,72.09,92.94,54.06,2.8,0.0,41.86
INDU,2025,9,67.29,89.07,48.66,1.93,0.0,33.23
INDU,2025,10,57.2,87.09,34.62,2.49,0.0,44.56
INDU,2025,11,42.42,65.49,23.19,1.16,11.35,64.79
INDU,2025,12,28.49,62.97,0.15,1.9,7.47,85.1
ISRO,2006,1,24.93,36.98,9.98,0.03,10.03,85.06
ISRO,2006,2,11.84,31.94,-14.86,0.0,3.5,60.93
ISRO,2006,3,23.41,36.71,5.03,0.77,5.84,50.86
ISRO,2006,4,33.71,43.01,20.06,1.07,2.4,57.2
ISRO,2006,5,42.51,55.97,33.29,2.79,0.14,69.06
ISRO,2006,6,54.37,64.97,43.64,1.04,0.0,44.48
ISRO,2006,7,66.37,78.47,54.98,3.0,0.0,39.76
ISRO,2006,8,68.31,77.57,61.01,1.85,0.0,42.56
ISRO,2006,9,59.46,73.61,45.62,2.42,0.0,56.75
ISRO,2006,10,45.18,63.53,31.85,1.76,0.99,66.7
ISRO,2006,11,37.72,49.13,18.44,1.15,1.02,78.96
ISRO,2006,12,30.91,40.67,11.87,0.83,12.95,82.2
ISRO,2007,1,19.79,39.68,-4.42,0.12,2.76,87.27
ISRO,2007,2,4.56,29.78,-20.71,0.0,2.67,45.11
ISRO,2007,3,22.87,38.6,-5.5,0.74,7.22,70.12
ISRO,2007,4,29.34,47.78,8.54,1.52,9.04,61.16
ISRO,2007,5,41.39,52.73,33.92,1.94,0.0,62.52
ISRO,2007,6,52.68,64.07,42.38,2.43,0.0,52.27
ISRO,2007,7,64.33,73.25,55.79,1.59,0.0,48.55
ISRO,2007,8,67.5,74.33,57.14,1.26,0.0,43.82
ISRO,2007,9,60.46,75.32,45.17,5.55,0.0,63.94
ISRO,2007,10,51.54,66.05,37.52,7.31,0.0,71.03
ISRO,2007,11,35.47,49.76,10.16,1.07,9.89,86.63
ISRO,2007,12,23.86,36.89,9.26,0.8,17.36,96.54
ISRO,2008,1,15.13,36.62,-17.38,0.26,3.89,77.65
ISRO,2008,2,6.9,25.28,-12.79,0.0,2.56,55.88
ISRO,2008,3,17.89,34.55,-4.51,0.03,6.53,62.04
ISRO,2008,4,31.53,40.67,20.96,1.79,6.42,69.25
ISRO,2008,5,37.79,46.52,25.55,2.44,0.69,57.27
ISRO,2008,6,49.2,59.57,42.11,4.04,0.0,63.04
ISRO,2008,7,61.14,69.83,53.0,1.48,0.0,52.06
ISRO,2008,8,66.85,76.58,58.4,1.03,0.0,32.35
ISRO,2008,9,60.45,76.76,50.57,3.7,0.0,60.53
ISRO,2008,10,48.87,63.44,35.45,2.09,0.0,72.24
ISRO,2008,11,35.63,54.89,15.2,2.0,5.9,88.8
ISRO,2008,12,18.2,37.79,0.53,0.0,23.04,95.66
ISRO,2009,1,4.83,26.9,-16.66,0.0,6.61,61.0
ISRO,2009,2,11.74,36.71,-8.38,0.46,5.15,70.26
ISRO,2009,3,19.68,38.24,-4.33,1.42,10.58,58.93
ISRO,2009,4,30.69,38.87,18.53,1.65,8.63,60.86
ISRO,2009,5,38.06,49.94,29.6,1.66,0.17,60.56
ISRO,2009,6,46.67,59.57,37.52,1.77,0.0,72.93
ISRO,2009,7,57.69,64.61,47.33,1.68,0.0,54.81
ISRO,2009,8,63.62,72.35,54.53,5.98,0.0,54.05
ISRO,2009,9,64.15,71.72,43.1,1.01,0.0,39.78
ISRO,2009,10,44.46,53.81,35.72,4.26,0.41,79.85
ISRO,2009,11,41.7,50.21,31.94,1.22,0.55,65.03
ISRO,2009,12,22.93,36.8,6.2,0.5,19.43,95.01
ISRO,2010,1,15.1,33.65,-7.84,0.18,5.95,71.86
ISRO,2010,2,13.05,29.6,-0.73,0.0,3.03,61.66
ISRO,2010,3,27.93,41.3,6.47,0.46,0.55,49.4
ISRO,2010,4,35.27,45.62,24.65,1.01,0.0,58.06
ISRO,2010,5,42.98,56.6,34.37,1.52,0.0,59.12
ISRO,2010,6,53.17,61.82,46.07,2.95,0.0,62.29
ISRO,2010,7,65.17,72.44,56.06,1.94,0.0,44.86
ISRO,2010,8,69.03,78.74,55.43,3.06,0.0,39.53
ISRO,2010,9,56.93,71.0,48.5,6.39,0.0,63.41
ISRO,2010,10,49.76,62.18,36.89,2.54,0.06,47.35
ISRO,2010,11,37.89,50.12,16.1,2.01,8.43,79.29
ISRO,2010,12,23.39,36.98,8.99,0.44,6.94,91.61
ISRO,2011,1,8.25,36.17,-14.86,0.02,7.77,81.48
ISRO,2011,2,10.72,35.27,-5.59,0.01,2.98,60.33
ISRO,2011,3,19.32,35.45,-1.36,0.38,4.66,63.35
ISRO,2011,4,30.34,39.41,15.29,0.87,18.13,63.18
ISRO,2011,5,37.94,53.0,26.18,3.4,0.0,67.03
ISRO,2011,6,48.41,60.29,40.22,3.88,0.0,62.06
ISRO,2011,7,61.77,70.19,54.8,1.74,0.0,50.52
ISRO,2011,8,67.56,74.69,59.93,2.86,0.0,37.7
ISRO,2011,9,60.61,73.88,46.16,3.78,0.0,55.7
ISRO,2011,10,51.76,68.66,40.22,2.65,0.0,63.64
ISRO,2011,11,39.43,51.92,22.04,0.98,3.0,77.35
ISRO,2011,12,28.46,41.3,11.6,0.19,8.74,88.85
ISRO,2012,1,20.29,37.79,-9.82,0.06,11.85,81.89
ISRO,2012,2,20.44,32.75,-6.22,0.0,5.93,65.61
ISRO,2012,3,29.09,45.17,0.62,1.66,3.33,74.95
ISRO,2012,4,34.21,42.38,22.22,2.13,2.18,46.36
ISRO,2012,5,44.28,55.61,36.89,3.51,0.0,64.93
ISRO,2012,6,56.33,67.58,46.07,2.69,0.0,55.0
ISRO,2012,7,68.45,74.42,62.09,3.11,0.0,40.43
ISRO,2012,8,67.77,76.85,55.16,1.45,0.0,43.15
ISRO,2012,9,59.6,75.41,44.99,0.91,0.0,49.05
ISRO,2012,10,46.37,61.19,35.0,3.16,0.0,72.5
ISRO,2012,11,35.56,52.73,17.9,1.19,8.32,86.74
ISRO,2012,12,26.62,46.52,8.99,0.45,6.59,96.58
ISRO,2013,1,15.77,38.69,-15.67,0.52,9.34,89.12
ISRO,2013,2,9.84,30.14,-10.09,0.0,7.66,67.83
ISRO,2013,3,18.42,35.0,1.34,0.05,9.59,59.87
ISRO,2013,4,27.93,40.58,12.95,0.26,28.96,65.88
ISRO,2013,5,36.19,51.11,26.18,4.99,4.44,68.88
ISRO,2013,6,46.18,58.58,37.79,2.16,0.0,61.43
ISRO,2013,7,57.94,65.51,48.59,3.37,0.0,54.52
ISRO,2013,8,64.64,73.16,54.62,1.91,0.0,50.55
ISRO,2013,9,60.94,70.19,48.95,3.89,0.0,55.87
ISRO,2013,10,49.05,63.71,31.31,4.11,0.0,70.62
ISRO,2013,11,33.91,46.61,11.96,1.75,7.83,87.01
ISRO,2013,12,12.78,36.44,-17.02,0.11,23.15,87.31
ISRO,2014,1,6.1,32.21,-19.99,0.0,13.83,92.74
ISRO,2014,2,6.32,29.96,-15.4,0.0,12.43,70.81
ISRO,2014,3,15.76,36.35,-7.12,0.33,7.72,67.9
ISRO,2014,4,29.97,38.51,14.12,1.15,18.82,70.73
ISRO,2014,5,37.28,47.69,29.06,2.97,0.0,74.66
ISRO,2014,6,43.61,54.89,34.37,4.62,0.0,68.7
ISRO,2014,7,50.66,60.02,40.58,4.06,0.0,61.23
ISRO,2014,8,56.03,64.97,47.96,1.6,0.0,73.64
ISRO,2014,9,52.34,62.81,41.48,3.82,0.0,54.59
ISRO,2014,10,43.97,52.28,32.3,1.78,2.04,70.9
ISRO,2014,11,28.53,43.64,8.81,0.62,14.3,87.21
ISRO,2014,12,25.58,38.06,-1.0,0.32,10.56,85.39
ISRO,2015,1,15.23,35.36,-8.65,0.05,11.88,94.51
ISRO,2015,2,1.37,22.67,-15.58,0.0,6.37,63.05
ISRO,2015,3,23.11,37.7,-1.09,0.16,6.7,60.09
ISRO,2015,4,32.16,44.45,14.57,1.17,6.59,52.34
ISRO,2015,5,39.41,48.86,32.39,2.54,1.32,63.87
ISRO,2015,6,43.08,54.17,35.99,2.21,0.0,79.9
ISRO,2015,7,54.07,63.89,42.02,2.24,0.0,54.2
ISRO,2015,8,59.3,69.74,52.46,3.18,0.0,64.39
ISRO,2015,9,58.25,70.64,48.23,1.67,0.0,53.3
ISRO,2015,10,47.12,58.31,34.28,2.69,0.0,65.09
ISRO,2015,11,39.36,53.36,21.32,2.99,4.38,68.73
ISRO,2015,12,31.48,42.65,14.3,2.44,10.2,90.82
ISRO,2016,1,20.84,36.44,2.06,0.06,15.02,96.8
ISRO,2016,2,20.59,35.45,-4.51,0.11,17.17,90.08
ISRO,2016,3,28.65,40.04,6.47,0.37,7.8,65.66
ISRO,2016,4,31.95,45.26,17.27,0.29,7.17,69.39
ISRO,2016,5,39.98,52.19,32.21,2.23,0.03,55.35
ISRO,2016,6,46.37,59.66,37.34,3.77,0.0,70.03
ISRO,2016,7,57.53,68.03,47.6,1.37,0.0,50.35
ISRO,2016,8,64.62,71.54,58.58,2.94,0.0,50.76
ISRO,2016,9,60.49,68.12,51.47,3.16,0.0,54.04
ISRO,2016,10,49.09,60.92,39.32,2.28,0.0,64.44
ISRO,2016,11,41.68,53.36,23.93,3.25,4.02,70.95
ISRO,2016,12,24.44,40.13,-0.91,0.54,19.81,88.3
ISRO,2017,1,21.03,37.38,-1.68,0.25,10.03,79.03
ISRO,2017,2,21.93,41.25,2.19,0.61,8.65,71.41
ISRO,2017,3,25.08,47.1,-2.04,0.38,3.42,58.8
ISRO,2017,4,37.13,56.73,26.22,2.3,7.39,74.25
ISRO,2017,5,43.81,60.87,29.28,4.0,2.29,62.64
ISRO,2017,6,54.24,69.96,39.63,2.62,0.0,64.33
ISRO,2017,7,60.1,80.4,48.54,2.45,0.0,46.21
ISRO,2017,8,61.25,74.1,51.51,1.94,0.0,52.08
ISRO,2017,9,58.52,74.82,47.82,4.22,0.0,54.82
ISRO,2017,10,49.16,63.84,31.98,3.88,4.55,64.43
ISRO,2017,11,30.94,44.13,12.72,0.93,7.17,83.2
ISRO,2017,12,16.87,45.39,-9.33,0.68,11.46,92.26
ISRO,2018,1,15.77,38.64,-6.36,0.08,9.78,88.04
ISRO,2018,2,13.47,36.12,-7.8,0.0,12.84,56.47
ISRO,2018,3,24.44,39.63,12.63,0.0,3.67,57.66
ISRO,2018,4,29.4,60.06,13.53,0.17,6.94,54.24
ISRO,2018,5,47.42,73.74,30.81,2.82,0.0,51.88
ISRO,2018,6,53.44,72.03,40.53,2.65,0.0,55.08
ISRO,2018,7,62.83,76.08,50.25,1.37,0.0,45.42
ISRO,2018,8,62.24,74.64,51.33,2.73,0.0,53.17
ISRO,2018,9,56.87,75.45,38.37,4.68,0.0,59.91
ISRO,2018,10,41.16,55.47,30.72,4.37,1.76,76.81
ISRO,2018,11,28.08,42.33,9.39,1.15,11.46,90.62
ISRO,2018,12,25.32,39.81,6.06,0.09,12.54,76.8
ISRO,2019,1,12.29,35.31,-16.53,0.09,14.28,89.03
ISRO,2019,2,13.37,29.73,-6.63,0.02,22.43,76.58
ISRO,2019,3,22.96,40.62,-5.91,1.09,2.67,55.2
ISRO,2019,4,33.98,50.88,20.1,1.15,10.72,67.01
ISRO,2019,5,42.63,60.06,28.92,1.48,6.92,60.37
ISRO,2019,6,52.9,70.14,35.13,1.39,0.0,49.17
ISRO,2019,7,62.62,76.8,49.98,2.95,0.0,45.45
ISRO,2019,8,62.44,74.82,53.85,2.09,0.0,46.38
ISRO,2019,9,56.65,70.68,47.28,4.69,0.0,69.04
ISRO,2019,10,45.14,60.24,29.46,3.48,1.16,71.45
ISRO,2019,11,30.09,41.52,11.55,0.65,14.06,82.66
ISRO,2019,12,23.55,37.56,-1.68,0.18,19.37,83.34
ISRO,2020,1,22.48,33.24,3.0,0.0,15.27,88.34
ISRO,2020,2,18.95,37.2,-4.74,0.0,5.79,65.65
ISRO,2020,3,28.63,40.35,14.43,0.72,13.94,64.67
ISRO,2020,4,33.04,56.82,19.56,0.38,3.2,50.54
ISRO,2020,5,43.8,68.97,23.79,1.53,0.19,59.78
ISRO,2020,6,55.64,75.54,38.64,2.53,0.0,57.98
ISRO,2020,7,63.95,78.24,51.24,4.08,0.0,49.05
ISRO,2020,8,63.92,76.17,54.12,4.17,0.0,52.51
ISRO,2020,9,55.4,70.14,43.68,1.58,0.0,49.32
ISRO,2020,10,41.18,60.78,27.48,2.98,2.92,67.19
ISRO,2020,11,36.21,58.98,20.28,0.76,6.53,73.72
ISRO,2020,12,25.62,39.81,7.14,0.19,10.36,82.64
ISRO,2021,1,23.18,34.86,2.28,0.01,2.56,77.24
ISRO,2021,2,14.15,37.38,-9.78,0.03,11.05,77.96
ISRO,2021,3,29.57,47.64,2.64,0.83,5.04,52.62
ISRO,2021,4,37.03,54.39,17.04,3.18,5.7,65.34
ISRO,2021,5,47.03,70.32,32.25,1.5,0.0,53.06
ISRO,2021,6,56.84,75.63,42.24,1.39,0.0,59.63
ISRO,2021,7,64.41,82.2,49.26,1.33,0.0,32.01
ISRO,2021,8,66.26,78.15,56.73,1.43,0.0,40.03
ISRO,2021,9,59.93,72.75,50.97,2.95,0.0,52.77
ISRO,2021,10,51.94,66.72,39.54,3.39,0.08,71.45
ISRO,2021,11,36.18,52.5,17.67,1.45,4.99,74.98
ISRO,2021,12,24.97,47.19,5.25,0.68,23.12,87.22
ISRO,2022,1,10.69,29.55,-6.9,0.02,16.78,94.07
ISRO,2022,2,12.26,30.9,-4.83,0.01,17.75,82.05
ISRO,2022,3,24.27,39.09,2.19,0.15,19.24,67.56
ISRO,2022,4,32.11,43.77,21.0,2.28,17.58,81.56
ISRO,2022,5,44.73,66.81,28.92,4.12,0.0,67.09
ISRO,2022,6,53.36,75.09,38.73,1.78,0.0,50.21
ISRO,2022,7,59.45,75.27,45.75,2.6,0.0,62.25
ISRO,2022,8,62.13,73.2,51.78,0.73,0.0,56.55
ISRO,2022,9,57.61,73.11,42.69,4.61,0.0,55.06
ISRO,2022,10,46.51,62.76,32.52,2.97,1.87,70.16
ISRO,2022,11,34.65,57.45,13.89,2.43,15.52,87.52
ISRO,2022,12,23.01,35.94,2.37,0.05,21.39,90.24
ISRO,2023,1,21.62,35.13,-3.3,0.06,7.36,90.99
ISRO,2023,2,19.05,38.19,-8.07,0.93,11.22,77.12
ISRO,2023,3,24.81,34.86,11.46,0.03,13.86,69.01
ISRO,2023,4,32.65,48.27,18.75,3.33,19.79,73.22
ISRO,2023,5,46.37,71.04,31.8,1.84,0.28,58.48
ISRO,2023,6,54.64,73.65,41.7,2.52,0.0,59.92
ISRO,2023,7,58.03,73.74,47.73,1.52,0.0,63.98
ISRO,2023,8,62.05,76.26,50.52,3.08,0.0,54.36
ISRO,2023,9,59.82,81.48,51.06,1.95,0.0,55.85
ISRO,2023,10,47.28,71.4,28.56,3.72,1.21,75.37
ISRO,2023,11,34.57,53.22,13.17,1.02,3.22,75.56
ISRO,2023,12,31.86,43.32,19.02,1.68,3.47,81.07
ISRO,2024,1,20.69,37.65,-2.13,0.03,9.34,92.18
ISRO,2024,2,24.67,38.82,2.19,0.19,4.24,74.54
ISRO,2024,3,28.68,49.08,9.75,0.43,10.53,66.37
ISRO,2024,4,37.1,52.59,23.79,2.43,1.6,58.72
ISRO,2024,5,46.32,66.81,32.43,4.04,0.0,56.86
ISRO,2024,6,54.02,69.69,43.14,5.69,0.0,69.9
ISRO,2024,7,62.78,78.51,50.25,1.42,0.0,51.07
ISRO,2024,8,64.96,82.02,53.85,3.17,0.0,54.31
ISRO,2024,9,62.4,73.92,48.0,1.07,0.0,37.82
ISRO,2024,10,50.52,62.85,35.76,2.91,0.58,57.89
ISRO,2024,11,39.03,50.07,20.37,1.79,4.19,78.04
ISRO,2024,12,25.29,39.27,4.08,0.74,12.57,94.49
ISRO,2025,1,14.52,35.76,-11.85,0.01,12.9,87.88
ISRO,2025,2,15.85,39.72,-2.4,0.13,9.87,84.07
ISRO,2025,3,27.01,46.83,3.27,1.1,12.4,72.81
ISRO,2025,4,34.33,52.32,16.77,2.2,12.84,62.75
ISRO,2025,5,45.51,66.09,31.44,1.2,0.44,46.24
ISRO,2025,6,53.09,69.78,40.17,3.87,0.0,61.46
ISRO,2025,7,60.79,77.16,48.27,5.16,0.0,50.08
ISRO,2025,8,63.24,76.53,50.52,1.52,0.0,46.2
ISRO,2025,9,57.59,71.22,45.57,2.35,0.0,62.35
ISRO,2025,10,50.73,72.3,36.66,3.35,0.06,49.6
ISRO,2025,11,35.15,48.99,19.2,0.69,11.35,71.72
ISRO,2025,12,18.98,39.72,-5.82,0.37,14.03,89.22
JOTR,2006,1,53.87,73.7,36.98,0.01,0.0,24.16
JOTR,2006,2,58.57,77.75,36.44,0.19,0.0,39.69
JOTR,2006,3,55.9,79.46,32.48,0.17,0.0,46.89
JOTR,2006,4,65.88,92.6,41.93,0.02,0.0,20.25
JOTR,2006,5,81.22,100.43,56.69,0.01,0.0,20.13
JOTR,2006,6,90.53,107.9,64.16,0.11,0.0,23.21
JOTR,2006,7,94.25,112.49,73.79,0.61,0.0,34.07
JOTR,2006,8,90.56,105.2,70.91,0.06,0.0,9.02
JOTR,2006,9,83.26,103.04,59.03,0.19,0.0,14.22
JOTR,2006,10,70.83,95.03,51.02,0.06,0.0,18.26
JOTR,2006,11,64.1,86.57,34.1,0.0,0.0,21.93
JOTR,2006,12,52.04,71.9,34.37,0.04,0.0,19.57
JOTR,2007,1,49.36,70.73,26.99,0.32,0.22,25.33
JOTR,2007,2,56.9,77.75,36.71,0.22,0.0,31.52
JOTR,2007,3,66.29,92.87,35.72,0.21,0.0,22.26
JOTR,2007,4,70.27,98.18,45.8,0.21,0.0,29.67
JOTR,2007,5,79.23,95.48,54.08,0.01,0.0,13.06
JOTR,2007,6,87.28,106.64,59.39,0.0,0.0,16.18
JOTR,2007,7,92.97,113.3,72.17,0.52,0.0,33.78
JOTR,2007,8,92.3,107.63,68.84,0.36,0.0,19.35
JOTR,2007,9,82.34,106.28,54.26,0.91,0.0,9.34
JOTR,2007,10,71.98,91.97,50.12,0.0,0.0,11.95
JOTR,2007,11,65.36,84.86,42.11,0.63,0.0,33.25
JOTR,2007,12,48.03,70.64,32.66,0.44,0.83,26.14
JOTR,2008,1,48.6,64.43,31.4,0.9,0.06,36.78
JOTR,2008,2,56.32,78.02,33.29,0.07,0.0,30.63
JOTR,2008,3,64.25,85.22,40.94,0.01,0.0,21.51
JOTR,2008,4,69.32,93.14,47.33,0.0,0.0,10.24
JOTR,2008,5,74.31,105.65,48.59,0.13,0.0,13.23
JOTR,2008,6,89.36,109.16,63.35,0.0,0.0,6.75
JOTR,2008,7,92.14,109.61,76.94,0.46,0.0,15.73
JOTR,2008,8,90.91,108.53,70.82,0.65,0.0,22.7
JOTR,2008,9,87.2,104.84,65.51,0.04,0.0,8.21
JOTR,2008,10,75.23,96.74,47.33,0.01,0.0,10.95
JOTR,2008,11,64.91,88.01,47.42,0.53,0.0,30.18
JOTR,2008,12,49.79,73.52,31.13,0.8,5.51,40.18
JOTR,2009,1,55.73,74.51,34.19,0.11,0.0,18.74
JOTR,2009,2,55.07,79.28,33.65,0.52,0.0,41.47
JOTR,2009,3,62.82,85.31,40.85,0.0,0.0,19.61
JOTR,2009,4,67.69,95.57,42.02,0.01,0.0,21.01
JOTR,2009,5,83.75,101.78,61.19,0.09,0.0,24.71
JOTR,2009,6,81.2,106.37,56.06,0.0,0.0,27.91
JOTR,2009,7,93.63,109.61,69.83,0.42,0.0,21.01
JOTR,2009,8,90.44,109.07,65.69,0.72,0.0,13.96
JOTR,2009,9,87.02,103.22,63.26,0.22,0.0,9.21
JOTR,2009,10,69.8,94.22,46.43,0.0,0.0,16.54
JOTR,2009,11,63.01,86.75,41.66,0.04,0.0,23.93
JOTR,2009,12,49.35,68.84,33.38,0.93,0.0,45.91
JOTR,2010,1,53.18,70.46,35.72,2.21,0.0,50.38
JOTR,2010,2,53.99,71.72,37.52,0.98,0.11,44.65
JOTR,2010,3,60.52,82.79,40.04,0.77,0.0,30.52
JOTR,2010,4,64.91,89.09,40.94,0.04,0.0,26.86
JOTR,2010,5,72.7,94.58,46.52,0.02,0.0,15.98
JOTR,2010,6,85.66,104.12,62.36,0.0,0.0,9.73
JOTR,2010,7,93.44,108.98,69.11,0.06,0.0,17.55
JOTR,2010,8,90.01,107.9,61.28,0.12,0.0,14.81
JOTR,2010,9,87.13,106.37,61.28,0.01,0.0,9.73
JOTR,2010,10,71.43,96.2,50.93,0.72,0.0,28.87
JOTR,2010,11,59.03,86.3,34.46,0.0,0.0,16.49
JOTR,2010,12,54.86,75.5,32.39,2.68,0.0,54.4
JOTR,2011,1,52.21,80.72,30.5,0.0,0.0,24.33
JOTR,2011,2,52.04,73.97,30.41,0.76,0.0,25.95
JOTR,2011,3,62.84,92.15,37.61,0.13,0.0,36.3
JOTR,2011,4,68.21,94.58,39.5,0.02,0.0,24.97
JOTR,2011,5,71.88,96.02,47.78,0.0,0.0,12.01
JOTR,2011,6,83.9,107.45,55.43,0.0,0.0,6.03
JOTR,2011,7,90.12,110.33,66.77,0.53,0.0,19.28
JOTR,2011,8,92.78,109.43,71.81,0.12,0.0,11.74
JOTR,2011,9,86.03,104.66,65.96,0.58,0.0,17.83
JOTR,2011,10,75.4,95.48,49.76,0.02,0.0,13.64
JOTR,2011,11,57.6,84.32,39.59,0.76,0.0,26.83
JOTR,2011,12,50.47,72.98,33.92,0.44,0.0,21.87
JOTR,2012,1,56.54,76.22,37.97,0.02,0.0,28.26
JOTR,2012,2,56.13,78.56,35.36,0.42,0.0,25.32
JOTR,2012,3,61.93,84.32,34.46,0.12,0.0,24.78
JOTR,2012,4,70.98,99.08,42.11,0.19,0.0,26.38
JOTR,2012,5,80.34,104.57,50.21,0.0,0.0,6.6
JOTR,2012,6,87.16,106.37,62.9,0.0,0.0,0.61
JOTR,2012,7,88.3,110.69,64.52,3.19,0.0,28.33
JOTR,2012,8,90.78,109.25,74.15,0.82,0.0,27.13
JOTR,2012,9,87.06,101.42,67.85,0.13,0.0,24.55
JOTR,2012,10,74.99,100.52,51.47,0.07,0.0,14.35
JOTR,2012,11,64.4,86.75,38.06,0.01,0.0,18.2
JOTR,2012,12,51.82,75.77,32.39,0.64,0.0,39.23
JOTR,2013,1,49.66,72.98,27.8,0.46,0.0,27.57
JOTR,2013,2,55.06,73.7,33.65,0.1,0.08,22.11
JOTR,2013,3,67.39,90.71,39.77,0.26,0.0,34.36
JOTR,2013,4,71.64,98.18,47.87,0.03,0.0,13.81
JOTR,2013,5,77.92,100.61,52.55,0.02,0.0,16.2
JOTR,2013,6,89.84,114.74,67.94,0.03,0.0,14.1
JOTR,2013,7,92.13,109.97,76.13,0.77,0.0,43.7
JOTR,2013,8,88.1,107.09,72.17,2.26,0.0,28.05
JOTR,2013,9,82.51,102.68,57.41,0.67,0.0,15.55
JOTR,2013,10,70.01,89.81,46.97,0.04,0.0,9.33
JOTR,2013,11,60.67,80.9,42.65,1.13,0.0,32.21
JOTR,2013,12,51.62,72.89,28.79,0.1,0.0,27.79
JOTR,2014,1,59.3,76.58,41.21,0.06,0.0,40.85
JOTR,2014,2,62.32,85.49,40.49,0.11,0.0,41.47
JOTR,2014,3,65.79,85.76,45.08,0.03,0.0,36.45
JOTR,2014,4,70.94,93.23,43.01,0.05,0.0,28.07
JOTR,2014,5,78.15,101.33,51.29,0.11,0.0,20.81
JOTR,2014,6,87.23,104.66,63.53,0.0,0.0,12.69
JOTR,2014,7,91.79,109.79,73.61,0.52,0.0,31.08
JOTR,2014,8,86.69,104.93,69.65,2.89,0.0,24.2
JOTR,2014,9,84.01,102.32,59.3,2.02,0.0,10.4
JOTR,2014,10,76.8,95.84,57.5,0.04,0.0,24.26
JOTR,2014,11,62.44,83.51,43.46,0.0,0.0,21.3
JOTR,2014,12,52.75,74.96,33.11,0.37,0.0,55.57
JOTR,2015,1,55.67,75.23,32.84,0.8,0.0,39.9
JOTR,2015,2,64.44,82.07,46.79,0.23,0.0,25.09
JOTR,2015,3,69.06,91.79,39.68,0.59,0.0,28.48
JOTR,2015,4,69.77,94.31,45.44,0.02,0.0,19.77
JOTR,2015,5,72.56,99.62,47.69,0.28,0.0,33.02
JOTR,2015,6,89.0,108.89,60.83,0.21,0.0,23.11
JOTR,2015,7,87.75,103.49,65.69,0.68,0.0,24.33
JOTR,2015,8,92.62,110.42,70.1,0.34,0.0,21.65
JOTR,2015,9,86.14,102.32,63.35,0.2,0.0,22.92
JOTR,2015,10,74.83,96.2,58.76,1.67,0.0,33.73
JOTR,2015,11,57.04,85.85,34.01,0.0,0.0,12.77
JOTR,2015,12,50.39,74.15,31.76,0.06,0.0,32.12
JOTR,2016,1,51.54,71.63,31.58,0.96,0.0,47.76
JOTR,2016,2,62.72,84.68,34.28,0.0,0.0,20.05
JOTR,2016,3,66.27,87.11,41.03,0.06,0.0,38.57
JOTR,2016,4,69.55,90.89,50.12,1.08,0.0,36.94
JOTR,2016,5,74.48,98.45,50.84,0.11,0.0,18.94
JOTR,2016,6,90.59,114.65,64.43,0.19,0.0,16.48
JOTR,2016,7,93.74,110.51,71.0,0.18,0.0,13.27
JOTR,2016,8,91.93,108.71,74.96,0.45,0.0,16.31
JOTR,2016,9,81.78,102.23,56.78,0.55,0.0,13.28
JOTR,2016,10,75.17,91.97,54.98,0.17,0.0,25.88
JOTR,2016,11,63.97,84.5,40.49,0.02,0.0,22.22
JOTR,2016,12,51.96,71.63,30.05,2.02,0.0,46.41
JOTR,2017,1,50.4,70.72,35.89,2.03,0.0,43.77
JOTR,2017,2,58.29,81.88,36.97,1.59,0.0,47.55
JOTR,2017,3,67.75,90.07,41.02,0.1,0.0,30.22
JOTR,2017,4,71.41,90.34,48.76,0.0,0.0,28.53
JOTR,2017,5,77.05,100.6,46.24,0.02,0.0,18.42
JOTR,2017,6,90.37,114.19,58.12,0.0,0.0,8.51
JOTR,2017,7,92.48,110.59,74.95,1.03,0.0,28.26
JOTR,2017,8,90.16,107.53,71.17,0.16,0.0,13.28
JOTR,2017,9,80.62,103.57,54.79,0.22,0.0,13.05
JOTR,2017,10,74.68,91.42,56.05,0.0,0.0,8.27
JOTR,2017,11,66.0,85.12,47.05,0.02,0.0,47.28
JOTR,2017,12,57.93,77.2,36.88,0.0,0.0,31.31
JOTR,2018,1,58.88,75.13,37.51,0.38,0.0,48.82
JOTR,2018,2,56.6,80.62,31.48,0.08,0.0,23.25
JOTR,2018,3,61.95,87.64,40.39,0.08,0.0,42.55
JOTR,2018,4,73.23,93.76,43.9,0.04,0.0,32.13
JOTR,2018,5,77.61,100.6,51.55,0.04,0.0,13.94
JOTR,2018,6,88.36,108.52,63.16,0.01,0.0,6.61
JOTR,2018,7,93.68,111.58,74.32,0.43,0.0,35.85
JOTR,2018,8,92.28,108.7,73.51,0.07,0.0,21.3
JOTR,2018,9,86.85,105.73,69.55,0.0,0.0,5.31
JOTR,2018,10,70.13,89.35,46.51,0.31,0.0,20.03
JOTR,2018,11,61.63,81.07,42.1,0.04,0.0,28.99
JOTR,2018,12,53.08,69.64,34.36,0.77,0.0,35.6
JOTR,2019,1,53.21,71.98,29.59,1.05,0.0,44.0
JOTR,2019,2,48.81,75.85,32.29,1.67,0.25,41.29
JOTR,2019,3,60.57,80.8,38.41,0.44,0.0,32.4
JOTR,2019,4,71.79,94.39,50.38,0.05,0.0,31.91
JOTR,2019,5,70.91,91.42,49.03,0.07,0.0,26.17
JOTR,2019,6,87.05,106.0,66.94,0.0,0.0,18.5
JOTR,2019,7,91.91,109.33,71.71,0.06,0.0,22.33
JOTR,2019,8,92.63,109.96,74.14,0.0,0.0,15.32
JOTR,2019,9,82.56,104.92,54.43,0.2,0.0,12.13
JOTR,2019,10,70.38,91.42,38.23,0.0,0.0,3.66
JOTR,2019,11,62.74,82.06,36.79,1.1,0.0,22.91
JOTR,2019,12,50.7,70.09,32.47,1.8,0.03,56.09
JOTR,2020,1,55.32,70.36,37.69,0.12,0.0,29.57
JOTR,2020,2,58.52,75.67,31.3,0.11,0.0,21.04
JOTR,2020,3,57.65,78.64,40.3,1.28,0.14,39.59
JOTR,2020,4,68.71,98.44,41.38,1.34,0.0,22.92
JOTR,2020,5,81.38,103.75,54.52,0.0,0.0,16.04
JOTR,2020,6,86.48,103.93,62.17,0.0,0.0,17.43
JOTR,2020,7,93.13,111.58,74.14,0.0,0.0,4.43
JOTR,2020,8,94.65,110.86,72.16,0.01,0.0,15.59
JOTR,2020,9,88.33,111.94,63.16,0.0,0.0,2.54
JOTR,2020,10,78.7,99.52,46.06,0.0,0.0,14.6
JOTR,2020,11,62.92,86.11,39.58,0.0,0.0,19.65
JOTR,2020,12,54.29,73.42,38.32,0.08,0.0,30.71
JOTR,2021,1,54.23,76.03,34.36,0.45,0.08,35.45
JOTR,2021,2,58.2,76.84,36.79,0.01,0.0,23.96
JOTR,2021,3,59.1,87.1,36.43,0.11,0.0,17.42
JOTR,2021,4,72.79,97.09,48.04,0.04,0.0,23.04
JOTR,2021,5,79.04,96.37,49.84,0.0,0.0,9.97
JOTR,2021,6,92.03,112.84,60.73,0.0,0.0,25.61
JOTR,2021,7,93.64,112.66,74.95,0.32,0.0,38.95
JOTR,2021,8,91.76,111.76,68.65,0.04,0.0,11.74
JOTR,2021,9,86.18,106.09,61.99,0.09,0.0,12.48
JOTR,2021,10,69.58,91.51,48.94,0.09,0.0,26.78
JOTR,2021,11,67.86,85.3,47.23,0.0,0.0,25.61
JOTR,2021,12,53.3,77.38,33.82,0.69,0.0,43.12
JOTR,2022,1,55.32,71.53,35.98,0.02,0.0,34.49
JOTR,2022,2,56.5,78.73,31.93,0.04,0.17,14.69
JOTR,2022,3,64.34,90.07,39.04,0.21,0.0,24.94
JOTR,2022,4,71.8,93.49,47.95,0.0,0.0,17.64
JOTR,2022,5,78.94,99.43,48.04,0.0,0.0,16.76
JOTR,2022,6,89.16,107.8,64.06,0.02,0.0,9.67
JOTR,2022,7,93.17,109.15,72.16,0.22,0.0,32.67
JOTR,2022,8,90.94,108.25,75.94,0.59,0.0,26.13
JOTR,2022,9,85.62,107.71,65.23,0.21,0.0,18.2
JOTR,2022,10,73.64,93.31,47.5,0.43,0.0,13.59
JOTR,2022,11,56.15,76.66,40.84,0.09,0.0,24.42
JOTR,2022,12,52.88,71.98,32.83,0.33,0.39,45.22
JOTR,2023,1,49.81,68.38,34.81,0.87,0.0,44.05
JOTR,2023,2,51.75,70.18,33.82,0.19,0.03,37.68
JOTR,2023,3,55.98,76.66,37.6,1.65,0.11,56.27
JOTR,2023,4,70.89,96.73,40.21,0.0,0.0,21.68
JOTR,2023,5,76.42,97.27,48.67,0.05,0.0,15.34
JOTR,2023,6,81.35,103.75,62.71,0.07,0.0,13.44
JOTR,2023,7,96.36,113.83,74.32,0.0,0.0,19.61
JOTR,2023,8,90.11,111.31,67.84,1.25,0.0,18.48
JOTR,2023,9,82.66,105.28,62.17,0.1,0.0,15.84
JOTR,2023,10,74.5,96.37,46.87,0.0,0.0,5.47
JOTR,2023,11,61.08,86.56,40.84,0.44,0.0,24.94
JOTR,2023,12,56.82,76.48,40.75,0.2,0.0,47.38
JOTR,2024,1,53.43,71.35,36.25,1.0,0.14,40.5
JOTR,2024,2,54.97,75.22,37.15,0.66,0.0,45.44
JOTR,2024,3,58.42,80.53,40.48,0.49,0.0,35.73
JOTR,2024,4,68.27,92.5,38.5,0.02,0.0,9.3
JOTR,2024,5,78.11,99.34,49.03,0.0,0.0,9.63
JOTR,2024,6,90.97,107.71,69.64,0.0,0.0,8.17
JOTR,2024,7,97.18,118.42,72.79,0.03,0.0,12.97
JOTR,2024,8,92.0,110.59,66.31,0.03,0.0,13.65
JOTR,2024,9,86.68,108.07,56.23,0.0,0.0,4.86
JOTR,2024,10,78.53,105.91,49.03,0.0,0.0,15.36
JOTR,2024,11,57.91,78.1,42.82,0.0,0.0,24.66
JOTR,2024,12,57.79,74.77,39.4,0.0,0.0,38.06
JOTR,2025,1,51.43,74.59,35.26,0.59,0.63,25.26
JOTR,2025,2,60.85,84.67,43.9,0.56,0.0,41.4
JOTR,2025,3,61.78,91.33,40.39,0.75,0.08,38.81
JOTR,2025,4,68.69,95.11,41.65,0.07,0.0,19.86
JOTR,2025,5,77.91,100.51,55.6,0.46,0.0,24.98
JOTR,2025,6,88.14,109.78,68.2,0.01,0.0,10.72
JOTR,2025,7,90.6,111.31,70.27,0.0,0.0,5.29
JOTR,2025,8,91.83,110.68,70.63,0.22,0.0,14.21
JOTR,2025,9,82.33,104.2,65.05,1.59,0.0,16.03
JOTR,2025,10,72.52,90.97,51.46,0.05,0.0,8.6
JOTR,2025,11,63.81,85.93,45.52,2.23,0.0,37.86
JOTR,2025,12,59.21,77.92,42.91,0.89,0.0,37.89
KATM,2006,1,6.42,30.2,-30.19,0.0,14.19,75.16
KATM,2006,2,18.25,34.88,-23.44,0.04,48.86,77.01
KATM,2006,3,17.98,33.17,-4.63,0.0,23.81,73.66
KATM,2006,4,26.43,35.51,7.43,0.02,25.6,83.14
KATM,2006,5,37.73,56.75,20.48,0.24,19.51,70.18
KATM,2006,6,46.98,60.35,36.5,3.55,3.14,76.17
KATM,2006,7,51.1,66.2,42.17,4.02,0.0,88.84
KATM,2006,8,48.45,57.74,38.21,6.19,0.03,92.32
KATM,2006,9,45.35,58.19,33.8,5.66,2.78,84.53
KATM,2006,10,35.82,50.18,12.65,5.51,21.88,89.26
KATM,2006,11,10.84,30.38,-10.12,0.0,13.94,59.24
KATM,2006,12,12.9,33.26,-13.45,0.0,40.43,79.36
KATM,2007,1,9.36,35.6,-25.33,0.15,46.57,77.23
KATM,2007,2,18.78,35.69,-13.09,0.0,17.33,68.96
KATM,2007,3,1.08,30.74,-17.59,0.0,6.17,49.86
KATM,2007,4,31.28,40.28,16.34,0.25,58.45,90.94
KATM,2007,5,35.36,43.7,24.98,1.35,12.51,85.34
KATM,2007,6,45.37,61.52,32.0,2.68,2.67,89.9
KATM,2007,7,52.8,65.03,42.17,2.72,0.0,89.14
KATM,2007,8,52.74,70.43,43.7,3.23,0.0,85.72
KATM,2007,9,45.66,57.38,36.32,7.08,2.26,92.27
KATM,2007,10,30.38,42.62,18.77,1.35,46.74,86.17
KATM,2007,11,26.0,36.68,4.19,0.77,64.9,91.6
KATM,2007,12,16.11,34.34,-13.0,0.05,55.56,86.51
KATM,2008,1,6.62,35.06,-27.31,0.05,34.42,84.74
KATM,2008,2,12.07,32.99,-11.02,0.0,36.85,75.29
KATM,2008,3,19.69,35.6,-7.87,0.05,36.07,91.31
KATM,2008,4,22.67,39.29,3.11,0.01,15.79,74.35
KATM,2008,5,35.08,45.32,24.26,0.55,35.44,86.76
KATM,2008,6,42.3,59.18,31.37,3.04,8.27,88.21
KATM,2008,7,47.95,60.35,38.3,2.77,0.61,91.35
KATM,2008,8,51.29,63.77,40.19,3.65,0.28,85.85
KATM,2008,9,44.37,54.59,34.79,7.55,2.98,90.1
KATM,2008,10,26.11,44.24,2.84,1.64,14.61,79.34
KATM,2008,11,13.7,32.72,-12.1,0.0,23.51,75.6
KATM,2008,12,18.74,34.97,-11.02,0.15,49.72,84.15
KATM,2009,1,11.11,37.31,-28.84,1.06,31.94,68.92
KATM,2009,2,12.81,31.28,-18.58,0.09,26.95,79.84
KATM,2009,3,13.54,36.14,-16.87,0.17,35.74,86.15
KATM,2009,4,27.91,39.92,5.27,0.5,19.73,83.98
KATM,2009,5,40.51,57.38,26.33,1.01,2.7,59.69
KATM,2009,6,47.56,66.65,35.15,2.69,2.37,74.88
KATM,2009,7,55.1,72.23,43.16,5.72,0.0,79.4
KATM,2009,8,50.4,61.34,40.28,1.8,0.0,82.02
KATM,2009,9,44.1,62.6,27.32,4.39,10.91,84.48
KATM,2009,10,36.56,48.38,15.71,5.0,10.39,91.9
KATM,2009,11,13.84,35.96,-13.36,0.18,42.99,86.91
KATM,2009,12,20.4,36.23,-22.99,0.34,47.84,83.55
KATM,2010,1,20.55,34.97,-3.82,0.05,18.66,87.73
KATM,2010,2,22.19,36.68,-12.19,0.13,35.41,90.68
KATM,2010,3,14.62,34.34,-20.56,0.0,18.85,85.21
KATM,2010,4,26.29,37.13,7.16,0.19,46.16,80.98
KATM,2010,5,35.49,47.39,22.82,0.6,18.0,75.66
KATM,2010,6,45.58,60.08,32.0,2.63,1.07,88.48
KATM,2010,7,48.37,64.04,39.47,3.64,0.22,93.87
KATM,2010,8,49.79,59.72,42.53,3.21,0.0,91.74
KATM,2010,9,46.62,63.05,26.6,2.05,1.46,71.39
KATM,2010,10,32.12,46.67,16.97,1.09,27.86,88.03
KATM,2010,11,19.69,37.4,-3.19,0.15,18.24,76.36
KATM,2010,12,6.97,28.58,-16.96,0.0,18.41,69.13
KATM,2011,1,19.17,36.41,-12.28,0.2,49.83,75.32
KATM,2011,2,14.21,34.7,-11.38,0.02,22.54,73.65
KATM,2011,3,17.73,33.44,-4.72,0.0,11.63,63.71
KATM,2011,4,27.54,37.76,5.27,0.36,38.17,72.83
KATM,2011,5,36.79,53.78,25.16,2.42,25.05,81.3
KATM,2011,6,43.61,56.21,29.57,3.69,7.55,92.88
KATM,2011,7,48.39,62.06,40.28,2.56,0.0,90.78
KATM,2011,8,48.63,62.33,38.21,5.24,0.03,93.36
KATM,2011,9,44.0,54.05,30.65,6.69,2.7,87.64
KATM,2011,10,33.66,44.78,17.69,2.44,27.2,83.27
KATM,2011,11,10.94,32.72,-16.6,0.13,40.81,79.76
KATM,2011,12,14.44,36.95,-27.22,0.75,51.59,85.5
KATM,2012,1,-6.11,28.76,-28.66,0.0,16.43,63.32
KATM,2012,2,21.33,34.79,-15.43,0.01,64.9,88.23
KATM,2012,3,8.8,34.79,-12.55,0.0,20.78,85.24
KATM,2012,4,30.67,45.14,17.78,0.08,25.46,75.59
KATM,2012,5,33.95,46.85,21.92,0.73,27.5,83.96
KATM,2012,6,43.64,68.72,31.82,1.48,0.28,82.15
KATM,2012,7,48.64,63.41,37.85,4.78,0.69,93.44
KATM,2012,8,49.3,62.6,39.2,3.32,0.0,82.84
KATM,2012,9,42.22,53.33,20.75,9.77,9.67,89.59
KATM,2012,10,27.96,56.21,6.98,1.12,13.86,71.05
KATM,2012,11,14.71,35.78,-5.17,0.29,8.65,70.1
KATM,2012,12,10.42,37.04,-16.06,0.56,54.95,71.79
KATM,2013,1,21.75,36.5,-13.27,0.76,44.84,87.9
KATM,2013,2,21.19,35.33,-7.15,0.02,44.62,92.34
KATM,2013,3,20.67,35.78,-9.49,0.03,39.08,76.38
KATM,2013,4,22.16,36.32,-2.65,0.1,4.33,57.93
KATM,2013,5,35.83,66.65,18.14,0.21,7.06,71.55
KATM,2013,6,51.64,74.75,35.06,2.02,0.66,72.03
KATM,2013,7,54.58,70.52,42.17,1.7,0.0,80.82
KATM,2013,8,51.54,60.08,44.06,5.26,0.0,93.88
KATM,2013,9,41.81,60.98,23.72,4.54,6.28,84.26
KATM,2013,10,36.93,48.47,22.28,7.66,25.66,91.37
KATM,2013,11,21.44,39.02,-0.13,1.19,22.74,86.63
KATM,2013,12,16.12,35.6,-10.03,0.2,20.04,79.69
KATM,2014,1,29.87,39.29,9.14,1.96,66.0,92.66
KATM,2014,2,14.59,34.61,-19.84,0.06,32.99,80.82
KATM,2014,3,20.15,33.8,0.05,0.0,20.97,59.97
KATM,2014,4,30.05,48.02,5.9,0.05,27.72,79.69
KATM,2014,5,44.53,62.42,29.21,1.2,4.66,48.83
KATM,2014,6,46.9,62.51,35.33,4.31,2.43,81.96
KATM,2014,7,54.07,68.54,42.62,2.74,0.0,77.46
KATM,2014,8,53.25,64.94,39.74,4.31,0.0,86.72
KATM,2014,9,46.65,59.63,29.93,3.74,0.0,73.93
KATM,2014,10,28.93,46.49,9.86,0.06,12.9,75.49
KATM,2014,11,30.67,42.17,18.14,5.44,51.23,93.31
KATM,2014,12,28.4,38.66,14.36,2.08,62.94,93.03
KATM,2015,1,20.62,36.95,-7.33,1.06,34.15,81.71
KATM,2015,2,22.38,36.23,-10.66,0.22,32.77,74.44
KATM,2015,3,23.62,38.12,-12.64,0.05,42.52,79.94
KATM,2015,4,29.82,43.97,16.16,0.18,41.06,81.32
KATM,2015,5,39.74,61.88,23.99,3.24,14.39,87.32
KATM,2015,6,53.11,74.84,38.39,2.39,0.44,70.26
KATM,2015,7,52.22,65.21,43.25,3.7,0.0,86.66
KATM,2015,8,51.3,68.99,37.4,2.46,0.0,76.98
KATM,2015,9,42.08,57.11,25.97,5.85,7.41,86.95
KATM,2015,10,38.02,47.84,18.68,5.99,8.52,89.57
KATM,2015,11,25.38,37.49,-2.56,1.15,58.89,86.67
KATM,2015,12,23.04,38.12,4.64,0.24,58.23,87.68
KATM,2016,1,28.46,36.68,9.5,0.37,79.48,91.58
KATM,2016,2,29.44,34.79,20.75,0.05,77.91,91.49
KATM,2016,3,28.23,38.21,9.23,0.69,32.38,86.77
KATM,2016,4,33.83,43.25,23.36,0.83,36.13,82.89
KATM,2016,5,41.23,63.23,29.3,2.41,7.19,81.78
KATM,2016,6,50.69,67.91,40.64,2.88,0.0,78.38
KATM,2016,7,54.2,66.83,44.78,3.38,0.0,82.89
KATM,2016,8,54.57,66.47,45.32,4.52,0.0,84.58
KATM,2016,9,47.18,64.4,34.7,5.02,0.14,76.75
KATM,2016,10,36.31,51.26,14.18,8.15,16.59,73.99
KATM,2016,11,23.3,36.41,2.48,0.36,21.39,83.23
KATM,2016,12,17.15,41.3,-10.3,0.21,30.56,80.2
KATM,2017,1,17.08,38.87,-15.31,0.0,13.09,57.32
KATM,2017,2,19.29,36.8,-13.87,0.06,16.09,65.11
KATM,2017,3,11.52,37.07,-2.8,0.01,2.43,29.37
KATM,2017,4,34.34,44.18,22.13,0.98,11.05,59.02
KATM,2017,5,41.56,58.22,30.05,2.22,5.48,68.76
KATM,2017,6,50.08,62.81,38.69,3.09,0.0,72.8
KATM,2017,7,55.14,69.02,43.82,2.69,0.0,74.45
KATM,2017,8,51.53,65.87,41.48,6.65,0.0,84.49
KATM,2017,9,45.96,54.89,35.09,7.59,0.0,83.23
KATM,2017,10,36.33,51.38,17.09,5.85,9.31,82.82
KATM,2017,11,26.68,41.84,4.13,0.02,20.01,73.32
KATM,2017,12,29.31,39.14,10.43,1.41,78.9,73.97
KATM,2018,1,19.16,37.88,-18.1,0.16,36.82,70.1
KATM,2018,2,26.8,44.81,6.29,0.26,36.68,78.55
KATM,2018,3,26.74,37.88,10.07,0.17,19.65,75.95
KATM,2018,4,33.84,41.57,20.06,0.99,14.99,74.41
KATM,2018,5,38.25,52.1,24.2,2.23,12.54,78.15
KATM,2018,6,50.44,65.96,36.17,3.31,0.0,69.92
KATM,2018,7,54.74,72.98,42.92,2.96,0.0,79.64
KATM,2018,8,52.33,64.07,42.47,9.22,0.0,84.25
KATM,2018,9,49.51,67.22,38.42,4.48,0.0,63.01
KATM,2018,10,41.11,51.92,19.16,6.36,1.38,77.06
KATM,2018,11,32.38,42.38,9.89,2.45,22.63,81.68
KATM,2018,12,20.44,39.05,-11.53,1.17,24.14,80.12
KATM,2019,1,25.26,38.24,2.15,0.66,34.42,81.01
KATM,2019,2,28.11,36.98,7.01,0.26,14.99,80.16
KATM,2019,3,32.65,42.11,20.87,0.94,32.93,81.13
KATM,2019,4,32.5,45.44,10.07,0.93,13.31,66.74
KATM,2019,5,42.4,55.52,29.69,4.02,2.26,81.52
KATM,2019,6,54.6,74.51,40.49,2.08,0.0,65.9
KATM,2019,7,60.17,81.98,48.14,3.75,0.0,69.68
KATM,2019,8,56.93,71.18,41.48,1.65,0.0,70.16
KATM,2019,9,48.46,58.49,33.29,7.61,0.0,81.63
KATM,2019,10,38.01,54.26,18.44,6.19,12.35,80.44
KATM,2019,11,34.63,47.6,8.81,5.22,20.45,88.49
KATM,2019,12,20.06,44.54,-18.01,2.36,47.65,83.8
KATM,2020,1,5.7,29.24,-15.49,0.01,11.57,69.46
KATM,2020,2,19.68,35.36,-18.01,0.01,26.57,79.53
KATM,2020,3,21.6,38.51,-5.5,0.23,25.0,68.26
KATM,2020,4,34.41,49.22,16.55,0.51,13.67,67.07
KATM,2020,5,44.36,62.99,28.61,2.14,2.95,67.97
KATM,2020,6,49.14,61.28,40.04,2.85,0.0,74.11
KATM,2020,7,55.95,71.72,46.34,4.39,0.0,80.67
KATM,2020,8,54.18,69.38,45.89,5.08,0.0,62.07
KATM,2020,9,46.66,61.73,35.9,6.5,0.0,78.11
KATM,2020,10,37.25,53.9,15.2,4.76,8.79,77.52
KATM,2020,11,25.58,41.84,5.84,1.52,75.13,76.63
KATM,2020,12,25.59,38.15,6.74,0.28,49.47,84.97
KATM,2021,1,26.56,38.24,2.24,0.28,39.22,85.08
KATM,2021,2,23.55,35.18,-2.71,0.11,36.87,82.28
KATM,2021,3,19.81,34.73,-3.07,0.11,27.23,77.2
KATM,2021,4,30.38,44.72,0.26,1.06,21.3,77.77
KATM,2021,5,41.55,63.53,26.45,2.59,2.4,67.46
KATM,2021,6,49.22,65.6,36.8,2.47,0.0,76.77
KATM,2021,7,54.33,73.61,43.1,3.41,0.0,83.43
KATM,2021,8,52.14,71.0,35.36,4.83,0.0,78.14
KATM,2021,9,43.12,55.88,26.9,4.66,5.62,69.72
KATM,2021,10,32.93,44.27,15.38,5.22,32.33,92.46
KATM,2021,11,9.39,35.63,-14.59,0.0,1.76,58.28
KATM,2021,12,20.65,42.02,-20.08,2.24,35.94,93.52
KATM,2022,1,19.31,38.33,-14.14,0.46,24.2,82.75
KATM,2022,2,28.46,46.52,-9.37,2.11,38.33,90.97
KATM,2022,3,27.74,38.42,4.22,0.32,34.83,82.96
KATM,2022,4,31.46,46.88,3.41,0.2,34.04,71.14
KATM,2022,5,41.87,64.88,27.8,1.02,5.87,63.43
KATM,2022,6,55.38,71.99,42.38,1.72,0.0,62.1
KATM,2022,7,52.82,68.21,41.93,6.09,0.0,93.94
KATM,2022,8,51.83,60.83,43.01,6.55,0.0,94.03
KATM,2022,9,45.79,58.49,30.86,7.1,0.19,84.27
KATM,2022,10,35.1,53.72,8.9,4.25,18.38,90.89
KATM,2022,11,27.16,40.76,4.49,0.35,28.5,90.32
KATM,2022,12,24.52,37.25,-0.46,0.2,47.76,84.61
KATM,2023,1,28.43,37.61,4.22,0.33,19.93,88.11
KATM,2023,2,21.33,37.7,-7.93,0.34,30.15,87.9
KATM,2023,3,22.28,42.02,-2.44,0.02,25.35,78.02
KATM,2023,4,23.88,45.62,-4.69,0.01,12.73,75.25
KATM,2023,5,37.53,50.3,26.36,2.77,16.56,91.58
KATM,2023,6,48.38,69.65,32.48,3.81,0.33,90.19
KATM,2023,7,54.4,67.58,43.19,4.73,0.0,80.27
KATM,2023,8,53.82,72.44,45.35,5.53,0.0,84.22
KATM,2023,9,43.18,54.98,31.49,5.25,0.61,77.75
KATM,2023,10,35.55,48.23,21.95,1.54,1.52,70.77
KATM,2023,11,27.03,45.08,4.31,1.48,23.84,90.14
KATM,2023,12,15.88,34.01,-10.27,0.03,26.59,77.93
KATM,2024,1,17.23,37.7,-36.46,0.24,29.19,55.17
KATM,2024,2,23.69,37.88,-15.94,0.57,55.75,85.67
KATM,2024,3,19.91,37.88,-24.22,0.06,18.44,83.76
KATM,2024,4,28.58,41.57,-7.93,1.06,54.9,84.81
KATM,2024,5,35.69,50.12,15.02,1.93,19.43,85.07
KATM,2024,6,49.07,64.25,34.91,2.99,0.0,79.34
KATM,2024,7,53.09,72.53,39.68,3.59,0.0,76.51
KATM,2024,8,50.61,74.42,42.2,5.77,0.08,90.5
KATM,2024,9,45.54,57.41,31.04,6.31,0.33,86.47
KATM,2024,10,32.82,46.34,9.89,2.78,26.35,83.12
KATM,2024,11,23.21,37.97,-4.24,0.36,36.93,78.08
KATM,2024,12,31.54,39.86,14.21,3.38,48.83,95.79
KATM,2025,1,26.32,39.14,-18.19,2.22,40.95,89.06
KATM,2025,2,28.82,38.15,11.33,0.69,15.27,83.85
KATM,2025,3,26.1,38.69,2.33,0.42,15.32,82.81
KATM,2025,4,30.89,41.57,7.64,1.33,36.74,83.42
KATM,2025,5,38.39,53.45,25.28,3.35,14.41,80.98
KATM,2025,6,46.95,65.33,34.1,3.23,1.76,82.07
KATM,2025,7,53.42,69.74,43.82,4.45,0.0,84.04
KATM,2025,8,54.19,67.85,41.93,3.09,0.0,79.04
KATM,2025,9,45.99,63.8,31.22,2.8,0.03,84.73
KATM,2025,10,37.75,53.27,17.72,5.13,17.78,89.71
KATM,2025,11,26.26,37.43,14.66,0.32,24.28,87.31
KATM,2025,12,9.4,40.13,-13.33,0.44,3.97,62.95
KEFJ,2006,1,12.73,26.67,-16.44,0.7,37.34,71.34
KEFJ,2006,2,14.82,34.41,-8.43,2.78,78.19,68.28
KEFJ,2006,3,16.78,29.28,-3.39,0.15,50.98,64.49
KEFJ,2006,4,22.11,28.56,10.11,0.27,62.45,72.76
KEFJ,2006,5,32.31,52.32,18.21,2.41,36.74,60.83
KEFJ,2006,6,37.81,53.04,29.1,9.81,1.1,73.02
KEFJ,2006,7,42.06,54.57,34.68,10.86,0.0,80.39
KEFJ,2006,8,40.18,56.28,30.9,17.26,0.25,80.43
KEFJ,2006,9,36.41,49.35,23.43,17.98,1.85,70.87
KEFJ,2006,10,28.52,42.24,10.83,18.46,11.44,74.41
KEFJ,2006,11,7.79,23.88,-10.41,0.28,18.6,41.74
KEFJ,2006,12,16.71,30.0,-3.39,3.66,105.8,82.78
KEFJ,2007,1,10.97,30.27,-15.45,1.21,100.89,71.56
KEFJ,2007,2,14.09,30.72,-10.05,0.31,20.12,52.18
KEFJ,2007,3,4.27,28.38,-14.46,0.0,13.23,39.19
KEFJ,2007,4,24.9,32.16,16.05,2.7,104.37,88.91
KEFJ,2007,5,29.94,39.0,19.11,9.23,17.28,69.61
KEFJ,2007,6,38.67,56.91,28.2,9.15,8.07,68.7
KEFJ,2007,7,42.43,55.29,33.96,5.69,0.0,70.99
KEFJ,2007,8,43.09,59.43,35.49,9.96,0.0,65.54
KEFJ,2007,9,36.54,47.19,27.66,12.57,2.09,71.32
KEFJ,2007,10,25.55,33.69,12.09,7.21,21.88,71.98
KEFJ,2007,11,23.67,31.98,11.28,11.11,89.1,85.17
KEFJ,2007,12,16.59,31.35,-4.92,1.34,104.48,79.53
KEFJ,2008,1,11.67,30.99,-11.22,0.24,49.22,65.04
KEFJ,2008,2,12.26,27.57,-12.3,1.0,99.05,67.98
KEFJ,2008,3,19.54,26.85,8.49,0.46,115.33,81.68
KEFJ,2008,4,22.16,41.88,3.63,0.65,47.57,56.29
KEFJ,2008,5,29.33,41.7,20.82,3.95,51.95,71.63
KEFJ,2008,6,35.53,46.29,28.56,6.93,4.0,77.21
KEFJ,2008,7,41.16,54.12,31.35,6.61,0.06,83.76
KEFJ,2008,8,40.78,48.63,31.8,5.87,0.03,77.41
KEFJ,2008,9,34.39,42.42,22.98,26.19,3.97,82.68
KEFJ,2008,10,21.66,35.85,2.55,5.96,15.38,60.31
KEFJ,2008,11,16.5,27.75,6.33,1.23,64.21,70.93
KEFJ,2008,12,15.73,28.65,-6.36,1.09,52.11,70.74
KEFJ,2009,1,12.66,31.62,-14.1,5.04,70.03,70.31
KEFJ,2009,2,12.86,27.21,-13.29,0.01,42.06,62.51
KEFJ,2009,3,14.3,25.68,-2.76,0.15,56.14,68.31
KEFJ,2009,4,22.47,36.3,4.8,0.59,39.08,65.6
KEFJ,2009,5,33.84,47.64,23.7,3.13,3.39,57.0
KEFJ,2009,6,38.71,54.12,29.37,2.61,0.88,64.73
KEFJ,2009,7,45.36,63.57,35.85,21.66,0.0,74.56
KEFJ,2009,8,42.39,51.78,32.16,8.5,0.0,71.45
KEFJ,2009,9,35.89,50.61,20.73,14.8,2.09,77.0
KEFJ,2009,10,30.1,41.43,7.86,17.37,8.38,74.33
KEFJ,2009,11,16.02,32.34,-9.24,3.79,61.07,69.65
KEFJ,2009,12,21.3,38.19,-14.01,4.3,73.94,70.81
KEFJ,2010,1,21.43,31.53,1.92,2.42,42.06,79.82
KEFJ,2010,2,21.65,30.72,0.12,4.2,102.27,84.38
KEFJ,2010,3,17.04,27.48,-9.24,0.4,100.89,81.3
KEFJ,2010,4,22.93,34.23,8.85,3.3,90.09,75.11
KEFJ,2010,5,32.09,47.01,20.37,5.56,27.26,61.41
KEFJ,2010,6,37.09,48.9,27.21,6.73,0.85,80.73
KEFJ,2010,7,39.64,51.87,31.62,12.19,0.0,83.51
KEFJ,2010,8,41.31,51.78,32.43,7.65,0.0,73.97
KEFJ,2010,9,38.6,54.21,18.66,4.5,0.94,53.65
KEFJ,2010,10,27.04,39.09,14.52,16.4,30.04,78.82
KEFJ,2010,11,20.59,36.03,3.45,4.14,31.25,65.9
KEFJ,2010,12,13.36,28.02,-2.94,1.09,25.41,58.14
KEFJ,2011,1,17.92,28.92,-11.85,2.76,73.78,63.72
KEFJ,2011,2,13.13,27.84,-3.66,1.36,41.34,57.89
KEFJ,2011,3,16.39,27.39,-2.31,0.24,38.17,58.53
KEFJ,2011,4,24.15,33.42,11.91,2.61,76.92,62.0
KEFJ,2011,5,30.83,49.71,20.73,7.04,17.53,67.32
KEFJ,2011,6,36.04,48.09,25.86,4.29,1.52,82.07
KEFJ,2011,7,42.74,54.21,33.51,2.67,0.0,64.94
KEFJ,2011,8,40.26,52.23,34.14,17.44,0.08,82.23
KEFJ,2011,9,33.9,46.2,19.11,26.3,5.62,82.71
KEFJ,2011,10,27.0,33.06,11.55,12.19,19.32,70.99
KEFJ,2011,11,10.32,27.12,-8.79,0.59,38.97,63.27
KEFJ,2011,12,15.0,30.99,-9.42,3.15,85.71,73.17
KEFJ,2012,1,2.57,22.44,-12.84,0.07,43.49,59.02
KEFJ,2012,2,18.51,27.84,4.44,1.01,123.93,80.31
KEFJ,2012,3,13.15,30.36,-2.4,0.08,48.17,72.79
KEFJ,2012,4,25.79,38.28,12.63,2.32,29.79,57.44
KEFJ,2012,5,28.44,42.24,11.91,5.48,47.1,76.55
KEFJ,2012,6,37.71,54.03,26.85,2.73,0.72,68.96
KEFJ,2012,7,39.3,57.72,30.9,16.14,2.56,76.27
KEFJ,2012,8,40.86,50.43,30.27,9.72,0.0,74.68
KEFJ,2012,9,34.09,41.52,14.7,35.62,7.28,80.0
KEFJ,2012,10,24.55,41.88,3.81,6.05,2.92,50.43
KEFJ,2012,11,18.47,29.1,3.36,0.91,24.8,67.55
KEFJ,2012,12,12.55,29.55,-6.81,2.78,83.23,62.27
KEFJ,2013,1,19.3,31.71,-15.81,3.01,98.74,81.57
KEFJ,2013,2,19.16,26.94,3.63,0.7,99.3,85.47
KEFJ,2013,3,15.39,26.49,-3.84,0.2,58.95,62.64
KEFJ,2013,4,15.59,32.34,-4.02,0.07,9.26,33.69
KEFJ,2013,5,31.32,51.33,16.59,2.99,15.05,69.07
KEFJ,2013,6,43.95,61.59,27.3,2.41,0.63,63.67
KEFJ,2013,7,46.14,59.16,32.97,5.88,0.08,56.99
KEFJ,2013,8,42.42,49.98,35.31,22.12,0.0,86.91
KEFJ,2013,9,35.33,45.75,22.62,17.3,3.53,79.51
KEFJ,2013,10,30.81,37.83,19.56,26.63,15.38,77.28
KEFJ,2013,11,17.32,32.7,-7.89,4.28,16.23,59.89
KEFJ,2013,12,18.77,32.79,-1.32,0.6,33.21,67.07
KEFJ,2014,1,25.76,37.38,10.56,12.91,84.25,85.87
KEFJ,2014,2,14.19,32.88,-6.54,1.35,43.74,69.77
KEFJ,2014,3,19.64,32.52,4.44,0.34,64.65,52.12
KEFJ,2014,4,24.14,37.83,6.96,1.56,42.11,64.88
KEFJ,2014,5,36.91,51.96,25.41,6.0,2.37,46.58
KEFJ,2014,6,37.31,51.6,26.13,5.74,2.54,71.12
KEFJ,2014,7,44.12,56.19,33.24,8.48,0.0,68.85
KEFJ,2014,8,41.59,50.88,32.61,26.65,0.0,81.0
KEFJ,2014,9,37.27,47.28,21.99,18.71,0.55,65.18
KEFJ,2014,10,25.81,36.3,11.1,5.22,6.28,60.47
KEFJ,2014,11,26.48,33.96,13.17,14.81,35.66,86.82
KEFJ,2014,12,25.39,33.15,14.52,12.28,66.28,88.3
KEFJ,2015,1,22.44,33.06,-0.24,9.26,25.41,70.79
KEFJ,2015,2,21.34,31.8,-6.0,3.44,47.29,69.26
KEFJ,2015,3,18.83,33.15,-12.66,2.66,57.57,66.33
KEFJ,2015,4,24.52,33.96,13.62,3.81,87.86,78.77
KEFJ,2015,5,34.11,55.2,21.99,6.52,7.72,70.2
KEFJ,2015,6,41.63,60.6,29.64,12.04,2.09,76.05
KEFJ,2015,7,43.27,56.01,34.23,9.1,0.0,71.83
KEFJ,2015,8,43.93,57.09,27.57,2.77,0.0,56.35
KEFJ,2015,9,34.41,49.8,19.02,8.17,1.76,68.05
KEFJ,2015,10,31.52,37.38,20.55,14.13,8.35,84.73
KEFJ,2015,11,18.93,34.14,-7.89,10.76,49.17,71.22
KEFJ,2015,12,21.28,30.09,5.52,3.24,83.48,81.72
KEFJ,2016,1,25.84,31.17,17.22,10.06,107.29,89.72
KEFJ,2016,2,24.18,29.37,16.32,5.81,155.93,91.49
KEFJ,2016,3,25.38,37.38,15.87,5.44,46.38,78.73
KEFJ,2016,4,27.77,35.04,21.36,10.93,56.33,81.91
KEFJ,2016,5,35.67,50.16,24.69,6.65,8.21,68.62
KEFJ,2016,6,40.66,57.45,31.8,7.93,0.0,69.12
KEFJ,2016,7,46.84,60.06,37.47,5.59,0.0,69.12
KEFJ,2016,8,43.14,54.84,36.66,19.71,0.0,76.85
KEFJ,2016,9,38.38,54.03,26.13,10.72,0.69,65.75
KEFJ,2016,10,30.76,43.32,15.24,9.33,10.67,58.48
KEFJ,2016,11,21.92,33.6,2.37,9.92,44.07,73.93
KEFJ,2016,12,18.04,30.81,-0.78,1.63,39.55,71.38
KEFJ,2017,1,11.25,31.24,-11.96,0.01,112.11,53.56
KEFJ,2017,2,11.91,32.59,-8.54,0.02,84.74,61.5
KEFJ,2017,3,1.75,24.58,-13.58,0.0,33.62,26.73
KEFJ,2017,4,22.3,31.06,7.39,0.04,124.07,68.38
KEFJ,2017,5,27.17,38.71,15.94,0.21,159.87,72.62
KEFJ,2017,6,34.34,46.72,25.03,11.32,14.91,84.69
KEFJ,2017,7,38.73,51.4,29.98,6.8,0.0,82.08
KEFJ,2017,8,37.38,53.38,27.1,24.25,0.14,90.8
KEFJ,2017,9,33.16,40.6,22.42,30.33,6.2,90.37
KEFJ,2017,10,23.04,37.45,-4.94,6.46,94.64,77.61
KEFJ,2017,11,13.07,42.13,-6.29,0.01,47.02,48.44
KEFJ,2017,12,17.82,32.41,-0.44,0.43,264.87,80.65
KEFJ,2018,1,13.64,28.27,-10.52,0.07,177.37,66.57
KEFJ,2018,2,13.92,30.7,-4.22,0.01,35.47,69.07
KEFJ,2018,3,13.41,24.94,-0.35,0.01,54.02,58.74
KEFJ,2018,4,22.33,31.6,4.33,0.05,146.97,80.3
KEFJ,2018,5,26.5,36.01,12.43,1.04,177.43,89.42
KEFJ,2018,6,34.76,45.01,20.44,13.17,0.61,68.77
KEFJ,2018,7,39.74,52.21,25.84,17.93,0.11,71.62
KEFJ,2018,8,38.32,49.24,23.86,14.06,0.0,82.24
KEFJ,2018,9,36.03,50.5,22.51,4.95,3.61,54.24
KEFJ,2018,10,29.95,40.78,12.43,26.24,69.31,88.12
KEFJ,2018,11,21.91,33.76,6.04,7.39,137.8,74.92
KEFJ,2018,12,16.32,29.44,-5.03,0.57,183.07,89.19
KEFJ,2019,1,13.84,28.72,-11.87,0.12,160.59,66.99
KEFJ,2019,2,15.6,29.8,0.73,0.02,35.36,65.37
KEFJ,2019,3,21.64,32.86,1.18,0.41,275.87,77.68
KEFJ,2019,4,20.8,34.57,1.99,0.09,93.4,66.21
KEFJ,2019,5,29.1,39.34,18.73,5.66,121.67,86.71
KEFJ,2019,6,38.57,58.78,20.62,2.54,0.0,55.03
KEFJ,2019,7,44.07,61.48,29.71,8.98,0.0,69.18
KEFJ,2019,8,41.47,56.8,24.4,0.97,0.0,50.9
KEFJ,2019,9,34.01,47.71,19.36,19.03,0.58,80.32
KEFJ,2019,10,27.26,37.0,16.57,7.11,95.27,87.32
KEFJ,2019,11,25.15,35.56,2.98,5.87,162.05,87.34
KEFJ,2019,12,18.03,31.24,-5.03,1.54,237.78,88.12
KEFJ,2020,1,-1.59,19.18,-16.1,0.02,23.65,51.65
KEFJ,2020,2,12.08,23.41,-8.27,0.02,102.27,79.65
KEFJ,2020,3,12.8,31.6,-10.88,0.01,13.92,55.46
KEFJ,2020,4,22.6,37.18,0.91,0.22,32.13,71.61
KEFJ,2020,5,30.58,43.39,14.32,2.62,113.43,74.85
KEFJ,2020,6,34.62,44.92,23.14,9.24,4.38,73.59
KEFJ,2020,7,40.57,53.56,29.62,5.54,0.0,77.06
KEFJ,2020,8,38.35,51.76,26.47,14.9,0.19,72.36
KEFJ,2020,9,32.91,41.68,21.61,21.17,11.35,81.59
KEFJ,2020,10,22.86,35.29,-4.04,10.83,81.19,73.46
KEFJ,2020,11,13.4,29.89,-12.23,0.24,174.48,66.26
KEFJ,2020,12,16.43,26.38,-4.76,0.19,213.5,87.05
KEFJ,2021,1,18.03,26.65,1.54,0.04,247.12,79.63
KEFJ,2021,2,11.59,23.59,-2.96,0.03,61.65,71.26
KEFJ,2021,3,9.82,24.49,-7.46,0.01,31.09,68.15
KEFJ,2021,4,21.09,41.05,-6.92,0.07,64.05,61.98
KEFJ,2021,5,28.26,43.57,14.41,2.11,82.9,72.34
KEFJ,2021,6,35.3,49.06,25.21,11.16,11.77,77.46
KEFJ,2021,7,38.09,52.93,25.66,9.93,4.91,81.05
KEFJ,2021,8,37.68,50.05,25.84,7.52,0.36,66.52
KEFJ,2021,9,29.4,41.86,7.39,10.32,33.24,77.85
KEFJ,2021,10,22.61,31.33,2.98,1.33,158.13,92.47
KEFJ,2021,11,4.46,29.71,-15.38,0.2,78.98,65.12
KEFJ,2021,12,11.97,40.24,-13.49,0.24,64.41,83.13
KEFJ,2022,1,13.56,28.36,-10.34,0.09,212.98,76.27
KEFJ,2022,2,18.6,32.05,-5.03,0.01,159.93,97.05
KEFJ,2022,3,19.39,25.57,7.57,0.0,207.27,88.23
KEFJ,2022,4,20.39,35.29,6.67,0.01,80.25,64.79
KEFJ,2022,5,30.18,47.8,17.47,0.15,59.28,61.17
KEFJ,2022,6,38.41,51.58,23.5,3.31,0.0,63.03
KEFJ,2022,7,38.65,48.97,27.91,20.95,0.0,88.51
KEFJ,2022,8,37.53,47.44,25.84,34.09,0.11,95.22
KEFJ,2022,9,32.37,41.32,18.1,17.61,16.7,94.05
KEFJ,2022,10,24.41,41.5,3.61,9.56,47.59,88.64
KEFJ,2022,11,17.9,34.12,-0.08,0.21,144.16,74.7
KEFJ,2022,12,14.19,30.61,-12.68,0.01,119.96,77.61
KEFJ,2023,1,19.95,30.16,2.53,0.02,192.61,90.65
KEFJ,2023,2,10.88,22.42,-9.71,0.0,64.85,79.78
KEFJ,2023,3,15.63,38.53,-5.66,0.01,71.07,76.68
KEFJ,2023,4,17.69,31.87,0.28,0.0,53.85,79.68
KEFJ,2023,5,27.13,49.78,19.72,2.37,207.49,96.01
KEFJ,2023,6,33.65,49.78,23.86,18.31,57.32,94.28
KEFJ,2023,7,36.1,52.03,23.68,13.48,0.77,91.69
KEFJ,2023,8,37.34,47.26,24.76,22.82,0.0,87.29
KEFJ,2023,9,28.69,39.25,11.98,7.4,25.33,88.6
KEFJ,2023,10,23.85,34.39,-3.95,5.54,49.5,78.17
KEFJ,2023,11,18.91,34.3,-8.81,1.29,144.3,86.34
KEFJ,2023,12,8.8,26.02,-13.31,0.12,116.8,75.92
KEFJ,2024,1,10.61,24.49,-22.22,0.58,112.58,59.4
KEFJ,2024,2,12.48,27.1,-21.23,0.59,165.27,80.55
KEFJ,2024,3,16.37,28.18,-8.54,0.43,131.76,87.1
KEFJ,2024,4,20.68,34.21,6.49,0.26,81.57,80.59
KEFJ,2024,5,25.78,32.95,16.12,0.69,158.08,87.11
KEFJ,2024,6,34.65,48.34,19.0,6.74,22.9,76.98
KEFJ,2024,7,35.21,51.49,24.67,13.02,0.22,92.51
KEFJ,2024,8,35.34,47.98,24.4,24.79,0.96,86.12
KEFJ,2024,9,31.13,39.43,16.48,18.58,31.2,94.11
KEFJ,2024,10,20.96,31.51,5.23,0.74,124.37,79.14
KEFJ,2024,11,15.59,32.41,-4.4,0.36,96.65,70.38
KEFJ,2024,12,21.35,29.89,2.71,2.39,299.21,97.51
KEFJ,2025,1,16.94,29.17,-14.75,0.84,313.35,86.58
KEFJ,2025,2,18.05,26.2,-2.87,1.23,112.17,80.79
KEFJ,2025,3,18.72,29.44,-0.35,0.42,148.3,86.39
KEFJ,2025,4,22.91,33.49,6.67,0.74,219.89,90.67
KEFJ,2025,5,27.04,36.28,14.23,0.67,116.05,81.97
KEFJ,2025,6,32.69,44.74,21.16,4.2,75.93,72.68
KEFJ,2025,7,35.76,42.85,28.36,6.89,0.0,89.49
KEFJ,2025,8,35.64,40.96,21.25,16.26,0.0,84.3
KEFJ,2025,9,32.94,41.05,17.11,18.7,12.65,95.17
KEFJ,2025,10,25.89,36.19,2.8,5.74,94.36,91.35
KEFJ,2025,11,14.82,27.91,1.81,0.46,119.08,82.19
KEFJ,2025,12,4.72,28.45,-16.55,0.15,32.77,44.78
KOVA,2006,1,-15.58,8.18,-36.01,0.0,1.49,47.06
KOVA,2006,2,3.24,34.1,-37.63,0.01,26.7,79.47
KOVA,2006,3,-4.46,27.26,-32.68,0.0,5.65,40.15
KOVA,2006,4,8.46,31.49,-12.88,0.0,4.8,47.42
KOVA,2006,5,36.18,52.46,9.89,0.55,2.67,55.83
KOVA,2006,6,46.92,63.44,24.47,2.52,2.59,80.26
KOVA,2006,7,52.1,71.72,40.04,3.84,0.0,83.17
KOVA,2006,8,47.28,64.79,33.92,1.66,0.0,63.51
KOVA,2006,9,43.58,57.95,29.24,2.39,0.3,80.18
KOVA,2006,10,26.95,42.65,1.88,1.1,19.87,83.38
KOVA,2006,11,1.94,21.5,-18.28,0.0,8.13,51.68
KOVA,2006,12,-1.97,23.21,-30.43,0.0,11.16,85.6
KOVA,2007,1,-4.96,32.66,-37.45,0.01,17.14,79.3
KOVA,2007,2,-8.36,29.33,-34.39,0.0,0.52,27.98
KOVA,2007,3,-10.29,28.07,-30.34,0.0,0.14,41.03
KOVA,2007,4,23.24,44.54,2.15,0.12,5.84,61.02
KOVA,2007,5,36.09,63.62,9.08,0.04,0.06,40.3
KOVA,2007,6,56.31,70.1,43.73,1.76,0.0,61.51
KOVA,2007,7,63.04,76.4,48.5,1.56,0.0,59.73
KOVA,2007,8,56.4,70.01,44.09,1.77,0.0,52.99
KOVA,2007,9,41.84,57.95,19.25,2.44,3.03,74.31
KOVA,2007,10,18.21,38.24,-0.91,0.0,7.41,68.76
KOVA,2007,11,9.49,30.5,-9.46,0.0,11.85,70.56
KOVA,2007,12,-3.4,31.13,-43.39,0.0,12.73,62.18
KOVA,2008,1,-10.02,34.1,-46.09,0.04,14.96,68.3
KOVA,2008,2,-8.65,30.95,-34.12,0.0,7.55,50.49
KOVA,2008,3,-2.34,31.67,-23.95,0.0,12.51,67.26
KOVA,2008,4,16.39,41.75,-8.83,0.14,19.93,84.9
KOVA,2008,5,34.61,51.11,13.22,0.82,0.36,58.96
KOVA,2008,6,50.43,68.12,35.45,2.33,0.08,68.98
KOVA,2008,7,54.24,74.96,36.53,2.76,0.0,73.36
KOVA,2008,8,47.56,63.98,30.86,0.74,0.0,54.97
KOVA,2008,9,39.56,61.46,21.41,0.7,0.0,45.0
KOVA,2008,10,14.21,32.66,-7.66,0.0,4.0,57.06
KOVA,2008,11,-1.58,17.0,-20.62,0.0,5.29,76.35
KOVA,2008,12,-2.11,22.58,-25.03,0.0,10.8,70.35
KOVA,2009,1,-12.12,35.99,-33.4,0.15,14.06,49.32
KOVA,2009,2,-6.92,22.76,-40.78,0.0,29.1,80.59
KOVA,2009,3,-4.66,17.81,-22.24,0.0,12.1,60.09
KOVA,2009,4,15.59,44.81,-17.38,0.81,18.71,63.83
KOVA,2009,5,36.03,60.2,18.8,0.64,2.98,60.24
KOVA,2009,6,51.85,70.28,37.07,1.63,0.0,71.58
KOVA,2009,7,60.71,80.18,44.63,1.52,0.0,68.66
KOVA,2009,8,48.94,71.9,31.13,3.2,0.0,65.3
KOVA,2009,9,37.68,60.83,12.5,0.77,3.56,64.02
KOVA,2009,10,25.03,43.01,-2.26,0.6,5.73,58.83
KOVA,2009,11,-5.66,16.64,-33.76,0.0,8.02,60.8
KOVA,2009,12,2.73,28.52,-28.9,0.0,10.94,60.04
KOVA,2010,1,-14.83,10.7,-33.58,0.0,2.84,34.4
KOVA,2010,2,-3.23,30.14,-35.74,0.01,2.62,56.15
KOVA,2010,3,-1.94,22.04,-29.35,0.0,1.82,47.19
KOVA,2010,4,20.5,47.06,-7.75,0.04,8.76,60.56
KOVA,2010,5,37.99,67.04,16.01,0.33,2.37,55.86
KOVA,2010,6,56.73,74.87,32.39,0.67,0.0,51.85
KOVA,2010,7,56.02,80.0,41.66,2.95,0.0,71.39
KOVA,2010,8,52.97,68.48,38.78,2.82,0.0,73.96
KOVA,2010,9,42.04,60.65,18.89,1.58,0.03,50.25
KOVA,2010,10,21.27,38.6,7.82,0.03,6.67,59.19
KOVA,2010,11,9.21,32.75,-18.64,0.02,22.49,78.47
KOVA,2010,12,-10.24,8.45,-31.24,0.0,7.69,54.65
KOVA,2018,1,-1.09,24.88,-41.09,0.0,8.79,36.74
KOVA,2018,2,9.84,30.46,-14.63,0.02,21.66,65.16
KOVA,2018,3,12.89,30.55,-14.27,0.01,22.32,77.65
KOVA,2018,4,21.19,40.36,-2.12,0.14,8.85,37.2
KOVA,2018,5,36.72,53.05,20.11,0.47,8.1,71.17
KOVA,2018,6,50.84,67.99,32.53,3.48,0.0,63.92
KOVA,2018,7,57.38,72.31,41.35,3.28,0.0,69.24
KOVA,2018,8,48.76,61.96,32.26,2.72,0.0,78.46
KOVA,2018,9,43.66,54.76,29.56,1.46,0.0,67.12
KOVA,2018,10,29.51,51.34,-3.65,0.31,9.09,61.58
KOVA,2018,11,12.58,26.14,-8.6,0.01,10.89,71.4
KOVA,2018,12,0.48,27.58,-23.27,0.0,19.35,71.74
KOVA,2019,1,1.36,32.44,-29.84,0.0,11.69,56.13
KOVA,2019,2,12.69,31.9,-16.97,0.02,40.26,79.11
KOVA,2019,3,19.2,37.39,-3.65,0.02,28.85,85.74
KOVA,2019,4,22.04,48.91,3.37,0.0,1.57,55.13
KOVA,2019,5,40.54,64.66,22.81,1.47,6.17,66.89
KOVA,2019,6,58.16,76.45,42.07,1.69,0.0,57.32
KOVA,2019,7,60.4,81.76,45.58,4.38,0.0,67.77
KOVA,2019,8,50.42,63.76,36.04,5.13,0.0,71.05
KOVA,2019,9,42.18,58.36,27.76,4.4,1.27,68.68
KOVA,2019,10,23.56,38.29,-2.84,0.82,27.67,66.17
KOVA,2019,11,6.75,26.32,-13.55,0.0,10.91,41.01
KOVA,2019,12,-1.47,31.0,-29.84,0.0,3.58,40.67
KOVA,2020,1,-10.66,13.18,-28.76,0.0,3.86,38.67
KOVA,2020,2,-12.49,18.94,-41.54,0.02,11.0,53.66
KOVA,2020,3,4.32,32.17,-27.68,0.01,28.5,61.76
KOVA,2020,4,21.52,35.68,-7.07,0.94,19.04,67.14
KOVA,2020,5,41.6,70.15,18.67,0.89,0.17,35.56
KOVA,2020,6,53.53,72.4,34.15,3.35,0.0,60.67
KOVA,2020,7,55.2,71.32,40.99,2.3,0.0,74.94
KOVA,2020,8,53.87,67.81,38.92,1.77,0.0,64.16
KOVA,2020,9,39.7,50.98,26.5,4.02,0.0,73.04
KOVA,2020,10,26.99,49.72,0.22,0.72,3.78,71.36
KOVA,2020,11,11.71,34.42,-6.62,0.02,20.12,71.52
KOVA,2020,12,2.59,23.44,-27.77,0.01,8.19,60.98
KOVA,2021,1,2.48,30.37,-25.07,0.02,9.76,63.19
KOVA,2021,2,-14.0,23.17,-34.61,0.0,0.58,27.24
KOVA,2021,3,0.3,28.57,-23.45,0.01,15.43,64.66
KOVA,2021,4,18.14,49.54,-24.44,0.01,9.31,52.58
KOVA,2021,5,36.43,60.25,13.72,0.5,0.11,42.73
KOVA,2021,6,51.78,72.76,30.28,4.29,0.08,77.6
KOVA,2021,7,53.67,71.23,43.51,12.92,0.0,86.31
KOVA,2021,8,47.58,76.9,32.98,6.19,0.0,83.55
KOVA,2021,9,37.08,59.89,10.84,3.09,6.56,71.25
KOVA,2021,10,23.44,35.68,-3.65,0.04,10.39,71.07
KOVA,2021,11,-0.95,28.84,-19.94,0.0,0.77,34.41
KOVA,2021,12,-2.34,34.96,-31.19,0.04,37.95,71.35
KOVA,2022,1,-4.99,27.94,-23.18,0.0,12.81,38.91
KOVA,2022,2,-3.94,34.42,-33.89,0.01,6.37,45.23
KOVA,2022,3,9.12,28.57,-11.03,0.01,7.36,40.13
KOVA,2022,4,19.99,46.48,-19.13,0.0,4.24,39.33
KOVA,2022,5,35.43,58.72,19.03,0.21,10.0,60.14
KOVA,2022,6,51.96,70.33,33.25,1.72,0.0,60.59
KOVA,2022,7,55.65,76.63,37.48,4.38,0.22,66.68
KOVA,2022,8,47.47,66.01,32.53,7.29,0.08,81.2
KOVA,2022,9,42.12,55.93,26.05,4.32,0.3,83.29
KOVA,2022,10,22.2,38.92,-4.64,0.24,22.65,76.67
KOVA,2022,11,10.12,32.53,-14.81,0.03,21.88,74.11
KOVA,2022,12,5.22,31.72,-15.62,0.0,16.92,55.79
KOVA,2023,1,1.45,22.09,-22.55,0.01,10.91,76.58
KOVA,2023,2,-4.65,28.57,-20.66,0.0,12.84,68.79
KOVA,2023,3,6.74,27.31,-25.61,0.01,27.72,73.18
KOVA,2023,4,6.01,39.55,-25.16,0.0,5.68,38.46
KOVA,2023,5,36.52,54.85,22.18,1.11,3.94,55.91
KOVA,2023,6,49.63,68.62,19.93,4.4,2.18,76.33
KOVA,2023,7,57.28,80.14,43.6,7.48,0.0,75.01
KOVA,2023,8,52.94,73.21,33.25,6.17,0.0,73.19
KOVA,2023,9,38.23,50.89,23.62,4.46,4.88,78.31
KOVA,2023,10,23.86,35.59,10.12,0.17,15.46,65.78
KOVA,2023,11,14.43,31.72,-10.4,0.0,23.23,79.86
KOVA,2023,12,-0.51,24.61,-28.31,0.01,6.26,74.09
KOVA,2024,1,-5.33,30.46,-42.8,0.0,10.67,57.53
KOVA,2024,2,5.93,33.07,-30.47,0.0,19.02,77.06
KOVA,2024,3,6.26,31.63,-28.22,0.01,15.63,59.3
KOVA,2024,4,21.58,44.32,-21.2,0.05,16.09,71.48
KOVA,2024,5,31.91,60.88,2.92,0.47,1.96,61.23
KOVA,2024,6,56.74,77.44,29.02,0.72,0.0,48.17
KOVA,2024,7,54.02,76.36,40.0,6.24,0.0,81.27
KOVA,2024,8,46.91,63.13,30.64,10.03,0.0,83.97
KOVA,2024,9,40.12,56.2,29.11,1.73,0.66,76.64
KOVA,2024,10,22.27,42.52,-7.52,0.17,16.89,67.85
KOVA,2024,11,3.62,23.71,-17.87,0.07,8.96,65.42
KOVA,2024,12,3.64,34.87,-29.57,0.01,9.92,53.85
KOVA,2025,1,4.81,34.15,-36.05,0.03,37.92,75.43
KOVA,2025,2,0.96,21.82,-23.99,0.08,6.53,59.7
KOVA,2025,3,8.36,34.69,-16.61,0.03,10.11,65.14
KOVA,2025,4,16.89,38.83,-16.43,0.07,7.58,64.35
KOVA,2025,5,33.8,49.36,13.09,0.13,0.36,47.64
KOVA,2025,6,53.91,77.71,26.32,0.89,0.0,57.68
KOVA,2025,7,58.73,86.08,38.2,3.25,0.0,58.23
KOVA,2025,8,49.35,74.29,33.16,9.39,0.0,83.23
KOVA,2025,9,37.19,54.76,21.01,2.82,0.0,58.83
KOVA,2025,10,24.15,44.95,-1.94,2.67,16.87,81.13
KOVA,2025,11,11.02,27.4,-6.8,0.0,4.74,63.73
KOVA,2025,12,-7.94,16.69,-29.39,0.01,6.7,43.41
LACL,2006,1,-2.31,21.08,-38.59,0.0,6.2,72.15
LACL,2006,2,6.91,27.74,-31.39,0.0,42.19,85.64
LACL,2006,3,8.26,24.77,-17.53,0.0,18.02,72.76
LACL,2006,4,18.88,28.01,4.16,0.0,22.87,79.13
LACL,2006,5,33.0,53.84,19.46,0.15,14.91,66.04
LACL,2006,6,40.69,57.53,28.28,4.07,6.42,80.42
LACL,2006,7,47.08,59.78,36.11,3.8,0.0,86.29
LACL,2006,8,42.29,55.46,28.46,6.79,0.08,89.46
LACL,2006,9,37.22,49.34,20.99,4.4,7.11,82.46
LACL,2006,10,23.64,37.82,-3.13,2.01,36.02,87.6
LACL,2006,11,0.53,26.57,-19.6,0.0,7.52,43.68
LACL,2006,12,4.6,27.65,-28.06,0.0,34.12,84.58
LACL,2007,1,-1.57,33.05,-36.16,0.0,35.41,77.73
LACL,2007,2,4.43,27.83,-21.85,0.0,6.75,65.76
LACL,2007,3,-3.94,26.39,-23.38,0.0,4.02,38.97
LACL,2007,4,24.73,35.12,12.26,0.01,33.02,82.64
LACL,2007,5,31.97,42.41,15.14,0.61,11.41,77.36
LACL,2007,6,42.2,59.96,28.01,3.44,4.6,82.04
LACL,2007,7,47.39,59.51,34.4,5.16,0.0,88.29
LACL,2007,8,46.03,61.22,35.48,4.61,0.0,80.66
LACL,2007,9,36.65,48.44,24.68,4.31,10.36,90.3
LACL,2007,10,22.0,32.06,3.89,0.0,25.24,85.18
LACL,2007,11,14.98,29.81,-17.35,0.0,69.61,92.58
LACL,2007,12,5.21,31.25,-22.12,0.0,35.36,77.41
LACL,2008,1,-2.59,22.7,-31.48,0.0,25.16,85.4
LACL,2008,2,1.77,24.68,-23.92,0.0,33.35,64.62
LACL,2008,3,14.27,26.84,-6.73,0.0,27.37,91.92
LACL,2008,4,17.79,41.6,-7.63,0.0,16.48,66.38
LACL,2008,5,30.37,40.43,15.41,0.05,18.88,77.68
LACL,2008,6,39.35,51.41,25.94,4.17,4.22,90.22
LACL,2008,7,43.97,57.98,33.5,3.98,1.6,91.96
LACL,2008,8,44.63,58.88,31.52,3.35,0.0,80.71
LACL,2008,9,34.71,45.11,20.81,5.42,14.55,90.65
LACL,2008,10,15.08,32.69,-6.28,0.0,23.54,83.01
LACL,2008,11,5.18,21.98,-24.91,0.0,20.06,77.38
LACL,2008,12,5.35,25.58,-19.69,0.0,17.64,76.91
LACL,2009,1,1.43,30.89,-30.67,0.02,38.75,69.33
LACL,2009,2,3.29,21.8,-29.32,0.0,22.1,81.89
LACL,2009,3,6.07,25.58,-20.23,0.24,26.43,81.73
LACL,2009,4,20.98,34.76,2.81,0.0,13.83,77.69
LACL,2009,5,36.2,56.09,19.28,1.18,6.34,55.21
LACL,2009,6,41.93,62.57,29.18,3.27,4.22,79.65
LACL,2009,7,50.69,69.23,37.64,5.73,0.0,77.84
LACL,2009,8,44.76,57.71,30.8,1.99,0.0,73.78
LACL,2009,9,36.48,56.63,14.78,3.61,6.97,82.27
LACL,2009,10,26.27,44.66,-5.47,3.22,19.26,86.92
LACL,2009,11,2.09,28.73,-36.88,0.0,31.61,74.22
LACL,2009,12,11.62,29.99,-36.79,0.0,32.63,72.66
LACL,2010,1,8.88,28.91,-14.02,0.0,10.69,77.66
LACL,2010,2,12.12,29.0,-18.52,0.0,28.63,88.54
LACL,2010,3,7.58,25.76,-24.55,0.0,24.44,82.48
LACL,2010,4,21.27,39.71,-0.34,0.09,45.42,81.37
LACL,2010,5,32.64,48.8,19.91,0.31,18.02,65.75
LACL,2010,6,41.48,54.65,30.71,3.91,4.22,86.96
LACL,2010,7,43.74,56.81,36.02,6.28,0.0,93.36
LACL,2010,8,44.06,55.19,33.86,4.46,0.0,88.83
LACL,2010,9,39.46,56.63,19.01,1.12,5.1,57.69
LACL,2010,10,20.37,34.31,-4.84,0.38,41.48,90.01
LACL,2010,11,11.82,36.74,-18.07,0.73,18.44,81.06
LACL,2010,12,-1.46,19.73,-18.97,0.0,14.99,56.71
LACL,2011,1,9.45,26.66,-29.68,0.0,35.17,66.93
LACL,2011,2,3.95,22.79,-20.77,0.0,22.3,69.08
LACL,2011,3,8.73,27.2,-11.59,0.0,6.67,48.47
LACL,2011,4,20.55,31.7,-2.95,0.0,27.23,69.32
LACL,2011,5,31.38,51.86,15.14,0.26,15.79,68.4
LACL,2011,6,39.08,52.67,25.22,3.85,4.19,91.28
LACL,2011,7,44.5,59.33,35.57,4.43,0.0,87.03
LACL,2011,8,41.93,52.94,29.72,5.56,1.43,90.2
LACL,2011,9,35.52,46.64,22.79,4.36,11.08,87.4
LACL,2011,10,22.24,32.96,-8.8,0.02,35.8,85.23
LACL,2011,11,-2.88,21.35,-33.37,0.01,27.89,77.3
LACL,2011,12,4.28,25.58,-30.04,0.02,53.46,86.0
LACL,2012,1,-13.27,15.5,-34.81,0.0,12.87,55.3
LACL,2012,2,10.79,23.78,-13.84,0.0,43.57,90.98
LACL,2012,3,3.17,29.54,-19.6,0.0,13.59,76.05
LACL,2012,4,24.33,38.18,8.84,0.01,15.19,64.26
LACL,2012,5,29.41,40.25,11.36,0.19,17.64,79.31
LACL,2012,6,42.75,59.15,23.6,4.83,0.74,80.55
LACL,2012,7,43.51,58.52,32.6,5.09,5.37,88.06
LACL,2012,8,44.15,58.34,31.97,4.83,0.36,83.4
LACL,2012,9,31.94,40.97,6.14,6.73,37.09,88.92
LACL,2012,10,16.87,39.53,-16.18,0.9,10.86,58.94
LACL,2012,11,6.35,22.79,-13.03,0.0,5.7,53.52
LACL,2012,12,2.71,26.57,-23.38,0.0,42.22,62.35
LACL,2013,1,10.48,26.75,-23.74,0.02,42.85,85.99
LACL,2013,2,11.54,24.95,-12.49,0.0,27.12,91.89
LACL,2013,3,7.69,23.33,-20.68,0.0,19.32,75.58
LACL,2013,4,11.73,29.54,-15.55,0.0,1.54,43.02
LACL,2013,5,30.46,56.54,9.02,0.08,4.99,65.58
LACL,2013,6,49.35,73.37,26.93,2.16,0.36,70.11
LACL,2013,7,49.04,65.0,34.94,3.58,1.96,77.04
LACL,2013,8,45.4,57.35,36.2,6.41,0.03,90.53
LACL,2013,9,33.29,47.45,16.58,3.76,12.76,84.66
LACL,2013,10,27.0,36.92,9.56,1.1,78.3,88.78
LACL,2013,11,9.15,31.88,-25.72,0.04,21.22,88.16
LACL,2013,12,8.04,30.89,-18.43,0.01,14.3,74.25
LACL,2014,1,19.11,33.95,-7.54,0.08,58.56,91.66
LACL,2014,2,7.45,33.05,-21.85,0.15,11.27,77.32
LACL,2014,3,12.28,32.24,-6.37,0.0,21.14,40.09
LACL,2014,4,22.99,37.46,-1.24,0.0,9.81,62.09
LACL,2014,5,37.89,55.55,22.43,1.13,14.88,52.87
LACL,2014,6,40.85,55.28,22.79,5.03,5.37,77.69
LACL,2014,7,48.07,63.02,36.02,3.8,0.0,76.32
LACL,2014,8,45.24,55.64,28.19,6.42,0.0,87.55
LACL,2014,9,37.47,48.53,21.17,4.52,2.15,75.84
LACL,2014,10,21.77,37.19,-5.02,0.02,7.5,67.45
LACL,2014,11,20.08,31.7,-4.21,0.04,44.76,87.13
LACL,2014,12,18.27,29.54,-1.87,0.0,49.44,94.03
LACL,2015,1,11.96,28.01,-16.81,0.0,26.87,71.38
LACL,2015,2,14.42,29.27,-12.94,0.0,18.46,58.83
LACL,2015,3,13.17,29.54,-23.65,0.01,17.69,69.09
LACL,2015,4,23.01,36.38,6.59,0.02,46.24,82.12
LACL,2015,5,34.44,59.51,17.48,0.67,13.37,76.06
LACL,2015,6,47.28,68.87,30.35,3.74,4.35,71.87
LACL,2015,7,46.83,57.53,37.64,5.19,0.0,85.83
LACL,2015,8,44.59,64.46,25.94,1.91,0.96,75.19
LACL,2015,9,33.38,48.8,15.95,5.12,16.48,85.56
LACL,2015,10,27.98,37.46,9.92,0.76,25.71,89.71
LACL,2015,11,12.67,28.73,-19.87,0.01,57.24,88.72
LACL,2015,12,12.19,27.38,-11.32,0.0,41.86,83.41
LACL,2016,1,16.94,27.65,-1.78,0.0,52.09,89.69
LACL,2016,2,18.8,28.37,-2.41,0.0,42.94,90.93
LACL,2016,3,18.44,32.96,-6.64,0.01,20.53,72.22
LACL,2016,4,28.11,38.63,16.49,0.08,33.02,79.93
LACL,2016,5,35.01,50.96,20.09,1.0,11.96,75.92
LACL,2016,6,44.61,59.51,32.6,3.94,0.0,75.39
LACL,2016,7,49.43,64.01,36.02,4.47,0.0,81.4
LACL,2016,8,47.42,60.5,36.11,6.25,0.0,81.49
LACL,2016,9,37.02,57.17,13.61,4.8,12.21,79.85
LACL,2016,10,28.18,45.83,10.91,0.25,18.02,61.08
LACL,2016,11,9.67,30.17,-17.17,0.01,18.35,79.27
LACL,2016,12,4.26,25.97,-23.83,0.0,16.87,76.3
LACL,2017,1,10.14,27.05,-20.56,0.01,17.36,52.38
LACL,2017,2,11.87,28.58,-15.61,0.0,18.8,54.58
LACL,2017,3,7.07,25.7,-7.87,0.0,2.09,15.39
LACL,2017,4,26.2,34.07,12.83,0.01,13.7,59.04
LACL,2017,5,31.54,42.89,23.0,0.06,22.07,65.31
LACL,2017,6,43.38,56.75,32.36,3.65,0.06,78.03
LACL,2017,7,49.9,66.83,39.02,3.76,0.0,79.77
LACL,2017,8,44.29,62.78,33.62,4.95,0.47,86.63
LACL,2017,9,36.99,47.48,28.31,6.67,10.22,84.92
LACL,2017,10,24.75,37.67,2.93,0.56,59.11,81.2
LACL,2017,11,16.85,38.48,1.85,0.01,11.49,60.16
LACL,2017,12,17.8,29.3,3.74,0.02,56.19,73.98
LACL,2018,1,12.89,29.48,-21.46,0.01,20.72,50.6
LACL,2018,2,15.34,28.04,-7.69,0.0,27.92,68.28
LACL,2018,3,16.49,24.44,8.51,0.0,21.63,68.48
LACL,2018,4,25.06,34.07,7.61,0.02,25.02,70.13
LACL,2018,5,30.53,40.46,14.81,0.14,30.62,80.19
LACL,2018,6,41.86,55.85,31.19,3.94,0.28,74.11
LACL,2018,7,49.0,65.84,34.88,2.81,0.3,76.81
LACL,2018,8,44.84,59.18,33.89,8.26,0.0,85.24
LACL,2018,9,42.04,60.08,24.98,2.13,7.77,59.37
LACL,2018,10,30.24,44.87,9.14,0.94,40.76,88.0
LACL,2018,11,21.8,32.72,11.75,0.04,30.78,77.39
LACL,2018,12,12.28,26.42,-8.59,0.02,40.98,84.15
LACL,2019,1,14.37,27.05,-11.11,0.02,35.0,68.69
LACL,2019,2,17.37,27.77,0.77,0.02,18.77,73.97
LACL,2019,3,24.13,34.61,6.8,0.03,44.59,85.01
LACL,2019,4,23.71,35.15,12.56,0.03,13.04,58.59
LACL,2019,5,32.76,40.82,22.1,1.07,16.73,84.27
LACL,2019,6,48.41,73.31,30.92,1.07,0.0,59.5
LACL,2019,7,55.58,79.07,40.55,4.2,0.0,66.75
LACL,2019,8,50.38,62.78,33.17,1.21,0.0,68.9
LACL,2019,9,38.97,54.32,24.62,8.14,4.3,83.26
LACL,2019,10,27.15,38.75,13.28,0.31,54.62,81.32
LACL,2019,11,24.33,36.14,4.46,0.14,51.92,85.3
LACL,2019,12,13.59,33.44,-9.85,0.03,55.17,76.62
LACL,2020,1,-1.02,11.66,-17.32,0.0,4.77,38.9
LACL,2020,2,10.36,24.17,-11.47,0.02,31.33,69.75
LACL,2020,3,14.28,30.29,-15.97,0.02,17.47,60.35
LACL,2020,4,25.09,38.12,1.67,0.07,19.24,68.95
LACL,2020,5,36.33,55.67,20.21,1.76,8.24,69.35
LACL,2020,6,43.71,55.85,32.81,2.7,0.0,72.39
LACL,2020,7,50.24,63.77,38.48,2.81,0.0,73.77
LACL,2020,8,46.58,63.77,35.51,5.89,1.57,60.16
LACL,2020,9,38.57,50.99,27.68,4.65,6.23,80.94
LACL,2020,10,26.08,38.75,5.63,1.88,22.3,68.43
LACL,2020,11,14.75,25.43,-4.45,0.01,46.05,65.86
LACL,2020,12,14.74,24.44,-1.39,0.03,35.08,77.72
LACL,2021,1,17.56,26.69,1.49,0.04,35.58,73.05
LACL,2021,2,11.68,23.27,-11.47,0.01,18.33,70.44
LACL,2021,3,10.36,22.82,-12.73,0.01,24.97,66.48
LACL,2021,4,22.83,40.73,-12.55,0.04,18.57,59.42
LACL,2021,5,34.93,57.11,18.05,0.43,11.44,66.41
LACL,2021,6,43.75,59.18,33.17,2.66,1.02,74.67
LACL,2021,7,47.8,66.83,31.46,4.7,1.76,80.92
LACL,2021,8,45.43,69.26,25.52,6.03,0.0,76.24
LACL,2021,9,33.45,49.55,16.43,1.5,11.71,69.35
LACL,2021,10,23.37,32.09,5.09,0.02,45.97,84.93
LACL,2021,11,2.7,29.66,-23.17,0.0,8.54,40.0
LACL,2021,12,12.06,33.35,-18.31,0.44,52.39,81.27
LACL,2022,1,12.39,28.04,-12.64,0.0,27.56,61.07
LACL,2022,2,17.97,28.49,-15.16,0.01,53.46,92.03
LACL,2022,3,20.05,27.23,7.16,0.0,24.47,79.13
LACL,2022,4,23.16,34.61,5.99,0.02,9.29,67.91
LACL,2022,5,33.73,55.67,18.05,0.12,6.28,57.05
LACL,2022,6,49.06,63.14,34.52,1.37,0.3,65.6
LACL,2022,7,47.62,63.5,31.19,6.19,0.0,89.78
LACL,2022,8,44.34,58.28,32.9,7.79,1.07,90.19
LACL,2022,9,36.28,48.65,25.16,4.47,15.9,87.53
LACL,2022,10,24.72,48.92,-1.3,1.0,19.48,85.65
LACL,2022,11,17.43,29.03,-0.22,0.0,26.81,76.48
LACL,2022,12,14.34,30.74,-4.63,0.02,23.12,77.84
LACL,2023,1,18.9,30.47,6.89,0.01,20.12,84.9
LACL,2023,2,10.42,24.8,-17.23,0.02,22.1,74.66
LACL,2023,3,15.8,36.14,-10.12,0.0,19.57,69.8
LACL,2023,4,17.31,33.53,-12.19,0.0,12.26,61.85
LACL,2023,5,30.96,46.49,17.24,0.37,21.77,87.29
LACL,2023,6,39.48,54.5,27.68,2.45,8.07,96.35
LACL,2023,7,48.65,64.67,33.53,7.28,0.08,75.23
LACL,2023,8,48.23,65.03,37.22,7.55,0.25,78.74
LACL,2023,9,34.08,47.57,21.02,3.22,12.35,80.38
LACL,2023,10,26.84,39.56,10.76,0.01,6.42,66.64
LACL,2023,11,17.31,34.7,-4.72,0.08,39.27,77.31
LACL,2023,12,7.99,23.9,-11.83,0.02,23.18,68.94
LACL,2024,1,11.69,29.3,-25.33,0.04,20.7,52.07
LACL,2024,2,13.14,30.65,-16.33,0.04,61.4,73.67
LACL,2024,3,16.59,30.02,-8.86,0.02,17.39,78.79
LACL,2024,4,22.51,37.22,-4.99,0.09,26.93,74.91
LACL,2024,5,30.47,39.65,15.71,0.16,20.04,82.39
LACL,2024,6,45.47,61.52,30.92,2.0,0.22,72.93
LACL,2024,7,47.41,69.26,34.16,4.29,0.36,81.39
LACL,2024,8,43.45,60.8,32.72,8.27,5.04,88.85
LACL,2024,9,36.53,49.64,23.63,3.75,11.38,86.86
LACL,2024,10,23.98,36.14,2.48,0.14,37.76,71.15
LACL,2024,11,14.94,30.02,-8.32,0.07,16.23,66.23
LACL,2024,12,21.34,31.46,3.56,0.04,39.99,86.0
LACL,2025,1,14.54,30.92,-30.91,0.17,71.16,77.93
LACL,2025,2,17.65,29.12,1.22,0.03,4.41,70.32
LACL,2025,3,18.51,33.08,-4.27,0.06,16.51,66.15
LACL,2025,4,24.95,36.32,3.83,0.06,32.02,89.24
LACL,2025,5,32.07,40.28,20.39,0.15,12.93,75.43
LACL,2025,6,38.27,51.17,25.61,0.49,14.58,70.98
LACL,2025,7,48.4,62.87,39.2,1.99,0.0,78.85
LACL,2025,8,46.91,60.89,32.18,3.95,0.0,78.88
LACL,2025,9,38.66,52.43,25.61,2.65,1.27,83.41
LACL,2025,10,27.87,42.35,4.55,1.81,24.36,87.57
LACL,2025,11,15.68,28.22,3.56,0.01,17.5,76.25
LACL,2025,12,3.37,30.38,-11.56,0.03,6.28,39.25
LAVO,2006,1,26.75,44.02,12.7,1.55,52.89,75.75
LAVO,2006,2,26.5,44.47,5.86,2.68,22.9,42.58
LAVO,2006,3,23.56,42.04,5.77,0.99,72.73,79.11
LAVO,2006,4,32.8,57.79,16.12,2.18,53.35,67.12
LAVO,2006,5,44.36,71.65,24.49,2.29,0.96,41.37
LAVO,2006,6,57.76,86.68,34.75,0.92,0.0,31.8
LAVO,2006,7,66.9,88.66,44.92,0.13,0.0,12.55
LAVO,2006,8,61.74,80.38,44.56,0.47,0.0,7.97
LAVO,2006,9,56.43,80.92,30.61,0.4,0.03,17.34
LAVO,2006,10,44.18,64.0,27.1,1.07,0.03,28.62
LAVO,2006,11,32.87,60.04,1.9,3.35,16.48,71.96
LAVO,2006,12,25.33,42.76,0.28,1.83,29.9,63.51
LAVO,2007,1,22.51,44.56,-3.95,0.48,2.54,28.71
LAVO,2007,2,27.39,46.81,8.29,2.96,48.37,72.63
LAVO,2007,3,34.57,55.27,13.06,0.71,4.99,58.44
LAVO,2007,4,37.33,66.52,12.88,0.64,12.7,53.02
LAVO,2007,5,48.66,74.44,18.19,0.85,2.65,30.29
LAVO,2007,6,56.59,76.96,27.37,0.84,0.17,26.1
LAVO,2007,7,64.9,91.09,41.23,0.67,0.0,17.15
LAVO,2007,8,62.75,83.26,43.12,0.24,0.0,6.52
LAVO,2007,9,52.38,77.68,24.67,1.72,0.11,19.1
LAVO,2007,10,40.59,67.06,23.5,3.12,3.97,45.63
LAVO,2007,11,37.18,60.49,21.43,0.55,0.61,40.38
LAVO,2007,12,23.33,44.92,0.19,1.59,32.27,66.64
LAVO,2008,1,22.49,39.16,7.21,0.42,80.03,71.04
LAVO,2008,2,27.92,50.23,9.37,0.11,34.72,60.9
LAVO,2008,3,29.59,47.98,10.54,1.31,9.37,49.47
LAVO,2008,4,32.22,55.9,11.89,0.42,6.34,32.01
LAVO,2008,5,43.09,73.81,16.57,1.56,0.47,47.16
LAVO,2008,6,56.17,81.91,29.71,0.15,0.0,14.2
LAVO,2008,7,65.85,89.11,46.81,0.04,0.0,6.78
LAVO,2008,8,64.24,87.94,42.13,0.19,0.0,14.57
LAVO,2008,9,58.72,81.1,35.29,0.03,0.0,11.05
LAVO,2008,10,45.64,68.86,21.88,2.02,0.06,34.01
LAVO,2008,11,36.77,61.66,17.38,3.17,7.39,58.7
LAVO,2008,12,25.7,52.57,-2.42,0.26,35.8,59.75
LAVO,2009,1,27.65,47.08,3.34,1.38,11.38,39.47
LAVO,2009,2,26.01,44.02,9.1,2.3,55.31,70.89
LAVO,2009,3,28.66,49.42,10.81,2.24,29.35,52.15
LAVO,2009,4,33.72,59.77,11.98,0.6,5.95,39.39
LAVO,2009,5,47.86,72.73,24.67,2.91,0.94,39.59
LAVO,2009,6,52.31,79.75,35.65,3.28,0.0,43.79
LAVO,2009,7,65.13,87.13,41.41,0.1,0.0,11.6
LAVO,2009,8,61.43,84.52,40.6,0.88,0.0,15.26
LAVO,2009,9,59.46,83.35,27.91,0.3,0.0,22.01
LAVO,2009,10,42.41,64.45,21.61,2.12,1.85,41.27
LAVO,2009,11,32.43,62.65,12.61,1.01,12.68,43.92
LAVO,2009,12,23.07,44.74,-0.17,0.49,24.0,63.93
LAVO,2010,1,28.2,43.48,16.21,1.77,64.9,86.92
LAVO,2010,2,28.85,47.62,12.79,0.59,23.78,70.02
LAVO,2010,3,29.12,54.19,10.18,1.13,38.53,65.68
LAVO,2010,4,30.36,52.3,13.96,1.54,39.19,60.96
LAVO,2010,5,34.4,54.64,15.49,2.13,10.5,51.59
LAVO,2010,6,50.37,80.2,24.58,1.29,0.0,37.07
LAVO,2010,7,64.97,85.69,40.15,0.22,0.0,7.92
LAVO,2010,8,60.42,85.15,37.36,0.56,0.0,13.28
LAVO,2010,9,55.36,79.84,36.37,0.87,0.0,17.83
LAVO,2010,10,44.66,78.58,24.58,5.57,1.32,52.55
LAVO,2010,11,30.26,63.46,-2.87,1.02,33.13,58.81
LAVO,2010,12,27.67,44.2,3.34,3.02,61.98,81.4
LAVO,2011,1,27.83,48.34,3.43,0.35,6.92,50.47
LAVO,2011,2,23.99,45.19,4.96,0.2,53.96,51.21
LAVO,2011,3,28.1,59.5,14.86,2.67,84.11,84.09
LAVO,2011,4,31.11,52.66,14.05,2.3,10.83,60.78
LAVO,2011,5,35.62,57.25,19.99,2.41,18.55,55.04
LAVO,2011,6,47.61,73.27,19.36,1.81,4.13,39.33
LAVO,2011,7,61.11,82.63,39.34,0.15,0.0,5.69
LAVO,2011,8,62.58,80.02,46.54,0.04,0.0,3.99
LAVO,2011,9,60.27,79.12,41.23,0.38,0.0,23.23
LAVO,2011,10,44.96,65.71,22.24,1.67,7.61,40.1
LAVO,2011,11,30.36,53.74,11.35,0.43,13.56,61.44
LAVO,2011,12,29.72,45.19,17.29,0.38,1.02,35.6
LAVO,2012,1,29.52,52.03,9.37,1.54,28.19,55.06
LAVO,2012,2,26.46,48.7,8.74,0.21,18.88,59.9
LAVO,2012,3,28.38,51.22,5.59,4.19,53.46,67.99
LAVO,2012,4,34.17,61.21,11.8,1.91,21.06,60.16
LAVO,2012,5,46.35,76.06,18.91,0.63,0.55,32.07
LAVO,2012,6,52.8,79.66,26.11,1.5,0.63,24.26
LAVO,2012,7,62.92,84.34,40.69,0.11,0.0,6.95
LAVO,2012,8,66.04,86.59,41.95,0.11,0.0,9.41
LAVO,2012,9,60.38,77.86,42.76,0.02,0.0,16.18
LAVO,2012,10,46.1,78.4,20.98,0.71,16.45,38.07
LAVO,2012,11,34.62,64.09,15.49,7.0,13.31,72.23
LAVO,2012,12,24.63,47.08,4.87,4.36,59.94,73.08
LAVO,2013,1,21.45,44.47,-1.07,0.56,5.02,41.76
LAVO,2013,2,26.35,44.38,9.01,0.03,7.55,41.18
LAVO,2013,3,32.92,52.12,11.98,2.14,10.22,62.93
LAVO,2013,4,38.75,66.52,13.78,1.18,3.75,43.3
LAVO,2013,5,46.82,70.57,24.58,2.3,0.03,43.44
LAVO,2013,6,57.5,84.52,31.69,1.21,0.0,22.02
LAVO,2013,7,67.02,89.83,45.1,0.28,0.0,18.09
LAVO,2013,8,60.44,85.33,43.39,0.77,0.0,19.43
LAVO,2013,9,52.69,76.96,27.19,1.39,0.08,31.5
LAVO,2013,10,43.11,65.08,25.66,0.43,2.09,22.79
LAVO,2013,11,35.79,57.07,20.17,1.09,1.74,44.13
LAVO,2013,12,26.84,50.95,-4.58,0.15,3.83,34.53
LAVO,2014,1,32.86,52.21,18.73,0.73,3.28,37.48
LAVO,2014,2,30.84,52.21,14.14,4.02,19.95,65.82
LAVO,2014,3,33.8,55.0,14.23,5.5,26.98,60.7
LAVO,2014,4,38.96,64.63,17.11,0.99,5.84,54.04
LAVO,2014,5,47.69,70.84,25.93,1.11,0.39,42.9
LAVO,2014,6,58.03,85.06,33.49,0.39,0.0,20.93
LAVO,2014,7,66.55,88.03,45.28,0.75,0.0,34.38
LAVO,2014,8,61.13,80.29,44.38,1.3,0.0,26.79
LAVO,2014,9,57.04,78.67,36.91,1.58,0.0,26.14
LAVO,2014,10,47.51,74.17,28.63,3.15,0.06,40.9
LAVO,2014,11,36.33,61.66,22.6,2.87,4.99,67.59
LAVO,2014,12,28.87,45.55,8.65,5.46,33.04,76.28
LAVO,2015,1,31.4,51.31,8.38,0.33,0.44,54.74
LAVO,2015,2,36.42,57.52,20.62,3.32,9.37,58.43
LAVO,2015,3,39.67,62.74,21.88,1.33,3.36,49.82
LAVO,2015,4,39.01,63.46,15.13,0.58,10.5,42.1
LAVO,2015,5,46.12,69.76,26.65,2.28,0.47,53.4
LAVO,2015,6,61.66,87.13,37.72,0.76,0.0,30.76
LAVO,2015,7,61.55,84.88,43.12,2.07,0.0,37.96
LAVO,2015,8,62.04,83.26,42.4,0.09,0.0,30.47
LAVO,2015,9,55.79,83.17,32.59,1.17,0.0,28.72
LAVO,2015,10,49.49,73.63,29.98,1.78,0.0,39.87
LAVO,2015,11,28.02,49.87,1.72,1.1,14.17,47.2
LAVO,2015,12,23.88,41.68,2.89,3.08,54.79,75.41
LAVO,2016,1,26.17,42.94,4.96,4.83,45.25,81.51
LAVO,2016,2,31.56,51.04,9.1,0.73,9.87,63.19
LAVO,2016,3,31.8,52.12,17.56,5.53,49.61,69.15
LAVO,2016,4,37.91,61.66,20.35,2.04,6.67,55.91
LAVO,2016,5,45.67,73.99,26.56,2.56,3.44,53.01
LAVO,2016,6,57.33,80.65,29.62,1.6,0.96,32.47
LAVO,2016,7,63.88,88.12,39.61,0.02,0.0,6.53
LAVO,2016,8,65.28,86.41,46.27,0.12,0.0,11.7
LAVO,2016,9,56.49,79.21,32.05,0.25,0.03,15.53
LAVO,2016,10,41.54,65.8,27.91,7.19,3.64,59.17
LAVO,2016,11,34.61,59.95,13.96,1.06,22.49,64.43
LAVO,2016,12,24.31,40.51,1.81,5.49,16.81,58.63
LAVO,2017,1,25.05,52.16,6.35,1.09,113.38,69.67
LAVO,2017,2,27.8,44.69,3.38,2.14,105.96,77.74
LAVO,2017,3,33.5,58.1,11.39,0.69,39.93,71.1
LAVO,2017,4,33.75,55.76,14.72,0.41,52.86,64.14
LAVO,2017,5,44.43,70.7,18.5,0.53,3.42,35.58
LAVO,2017,6,56.58,83.66,29.3,0.57,7.63,37.02
LAVO,2017,7,66.63,85.55,47.57,0.39,0.0,8.12
LAVO,2017,8,66.03,86.18,50.0,0.94,0.0,27.9
LAVO,2017,9,54.75,86.72,27.14,0.95,0.44,36.21
LAVO,2017,10,45.51,69.17,17.33,0.12,5.13,19.77
LAVO,2017,11,33.95,57.74,18.32,2.32,53.41,70.8
LAVO,2017,12,32.77,60.35,5.54,0.03,8.02,50.48
LAVO,2018,1,32.85,49.1,12.2,0.74,30.78,77.25
LAVO,2018,2,27.49,55.85,-0.04,0.0,9.45,44.27
LAVO,2018,3,28.56,53.06,10.22,0.96,58.54,66.43
LAVO,2018,4,36.28,61.79,17.15,1.56,22.21,59.01
LAVO,2018,5,45.38,67.28,26.96,2.2,1.85,48.47
LAVO,2018,6,56.8,83.03,25.16,0.32,0.0,20.18
LAVO,2018,7,67.95,85.55,42.8,0.25,0.0,20.19
LAVO,2018,8,64.3,89.06,43.16,0.02,0.0,6.16
LAVO,2018,9,56.63,80.06,33.71,0.01,0.0,19.2
LAVO,2018,10,45.33,63.5,25.43,0.89,0.0,31.74
LAVO,2018,11,38.93,60.08,20.66,0.39,28.11,46.59
LAVO,2018,12,27.6,45.32,6.44,0.07,33.76,62.64
LAVO,2019,1,31.22,52.34,9.14,0.2,80.47,66.8
LAVO,2019,2,20.79,34.88,4.19,0.15,126.36,79.86
LAVO,2019,3,28.89,50.09,12.02,0.08,51.76,66.8
LAVO,2019,4,38.56,59.99,20.48,1.29,13.26,60.86
LAVO,2019,5,40.87,61.7,23.99,1.49,24.75,57.68
LAVO,2019,6,56.12,77.72,27.77,0.46,0.0,25.26
LAVO,2019,7,62.26,82.13,42.17,0.09,0.0,18.29
LAVO,2019,8,63.47,85.01,40.01,1.22,0.0,18.69
LAVO,2019,9,51.51,76.37,19.94,1.39,5.9,29.94
LAVO,2019,10,41.81,67.91,16.43,0.1,0.69,21.49
LAVO,2019,11,40.34,64.04,10.49,0.02,11.0,42.88
LAVO,2019,12,28.83,44.33,13.1,0.35,44.73,70.9
LAVO,2020,1,29.26,50.27,15.08,0.71,27.34,77.92
LAVO,2020,2,31.04,49.01,5.36,0.0,1.54,35.43
LAVO,2020,3,29.2,50.54,12.38,0.03,32.46,53.31
LAVO,2020,4,37.61,65.39,11.39,0.18,13.42,44.34
LAVO,2020,5,43.66,76.37,24.17,1.92,12.1,54.63
LAVO,2020,6,54.65,83.75,23.81,0.28,2.12,37.78
LAVO,2020,7,64.48,83.66,43.7,0.42,0.0,10.53
LAVO,2020,8,65.55,83.57,45.23,0.41,0.0,23.05
LAVO,2020,9,61.31,87.44,40.82,0.0,0.0,13.75
LAVO,2020,10,52.91,78.98,22.91,0.14,0.0,16.51
LAVO,2020,11,32.96,68.27,5.9,0.13,24.67,39.91
LAVO,2020,12,29.32,46.13,12.29,0.05,22.63,49.25
LAVO,2021,1,29.2,57.11,5.63,0.15,37.78,67.38
LAVO,2021,2,27.94,50.99,11.75,0.01,25.82,50.86
LAVO,2021,3,28.56,55.13,12.56,0.0,23.78,45.53
LAVO,2021,4,38.6,62.6,17.15,0.22,8.68,29.73
LAVO,2021,5,44.39,78.44,22.28,0.3,1.21,30.04
LAVO,2021,6,60.74,87.53,28.4,0.2,0.52,20.79
LAVO,2021,7,68.97,88.61,49.37,0.36,0.0,22.25
LAVO,2021,8,65.45,88.25,39.65,0.02,0.0,10.69
LAVO,2021,9,57.89,83.93,29.75,0.75,0.0,20.75
LAVO,2021,10,40.72,69.62,18.68,3.01,35.77,56.93
LAVO,2021,11,38.64,60.26,13.46,0.84,9.01,59.62
LAVO,2021,12,27.91,57.47,6.08,0.08,103.87,74.01
LAVO,2022,1,31.24,49.73,6.08,0.02,11.08,45.58
LAVO,2022,2,30.01,50.27,1.85,0.0,2.95,34.3
LAVO,2022,3,33.56,54.23,9.41,0.06,13.94,60.39
LAVO,2022,4,33.2,60.44,11.21,0.11,43.05,59.58
LAVO,2022,5,39.03,66.56,14.18,0.48,6.01,57.89
LAVO,2022,6,53.03,78.26,28.94,1.5,0.88,41.31
LAVO,2022,7,64.98,88.43,37.13,0.07,0.0,19.53
LAVO,2022,8,64.86,84.2,45.68,0.87,0.0,18.81
LAVO,2022,9,58.21,88.34,33.26,1.46,0.5,27.78
LAVO,2022,10,51.32,72.41,22.91,0.22,0.69,26.85
LAVO,2022,11,28.37,44.96,7.43,0.15,30.54,56.54
LAVO,2022,12,27.16,48.47,5.0,1.31,79.12,70.2
LAVO,2023,1,24.72,43.97,4.37,0.05,97.7,62.38
LAVO,2023,2,25.06,44.06,4.01,0.01,46.0,66.31
LAVO,2023,3,23.48,41.36,6.71,0.03,92.41,80.15
LAVO,2023,4,34.29,63.41,7.16,0.04,17.47,58.9
LAVO,2023,5,44.18,65.48,22.1,1.23,11.11,46.31
LAVO,2023,6,52.96,80.78,27.05,2.9,0.17,48.76
LAVO,2023,7,66.1,87.8,45.5,0.17,0.0,8.48
LAVO,2023,8,61.76,85.37,43.43,1.55,0.0,27.47
LAVO,2023,9,52.53,75.83,31.91,2.03,2.34,29.5
LAVO,2023,10,45.44,70.79,23.54,0.31,1.24,37.92
LAVO,2023,11,34.32,58.46,9.68,0.94,9.45,56.27
LAVO,2023,12,30.8,49.64,6.35,0.91,25.44,73.24
LAVO,2024,1,28.75,47.84,5.99,0.66,45.36,79.42
LAVO,2024,2,26.74,42.71,7.52,0.11,72.26,78.25
LAVO,2024,3,28.1,55.13,8.51,0.19,66.22,65.85
LAVO,2024,4,35.83,56.21,6.35,0.46,16.78,49.72
LAVO,2024,5,43.04,69.08,16.88,0.05,15.3,25.33
LAVO,2024,6,60.0,80.33,31.37,0.57,0.0,26.55
LAVO,2024,7,70.2,92.03,48.2,0.41,0.0,10.97
LAVO,2024,8,60.92,84.02,35.24,1.07,0.94,19.86
LAVO,2024,9,57.49,81.41,33.98,0.81,3.11,22.02
LAVO,2024,10,48.13,78.53,22.82,1.1,3.09,35.9
LAVO,2024,11,29.05,56.57,4.82,1.92,76.34,66.79
LAVO,2024,12,31.33,50.99,6.71,1.27,52.56,71.16
LAVO,2025,1,28.92,50.63,8.42,0.3,13.7,34.29
LAVO,2025,2,28.57,53.96,2.39,3.25,72.43,67.15
LAVO,2025,3,29.98,58.37,10.85,0.57,50.32,73.08
LAVO,2025,4,37.56,56.75,13.1,0.22,11.55,46.95
LAVO,2025,5,44.61,77.9,22.37,0.35,4.82,34.22
LAVO,2025,6,57.7,83.57,29.12,0.36,0.11,19.96
LAVO,2025,7,63.17,87.89,43.88,1.63,0.0,20.65
LAVO,2025,8,63.47,86.63,42.53,0.98,0.0,20.76
LAVO,2025,9,56.11,77.36,38.84,1.0,0.0,37.71
LAVO,2025,10,42.32,63.14,27.05,1.55,4.69,42.57
LAVO,2025,11,38.34,62.06,22.55,2.62,16.54,60.83
LAVO,2025,12,36.16,59.54,13.1,5.64,58.76,62.44
MACA,2006,1,43.75,61.13,26.66,6.47,2.43,64.01
MACA,2006,2,37.34,65.36,13.43,1.93,5.4,63.01
MACA,2006,3,47.63,74.09,26.66,3.33,1.57,62.38
MACA,2006,4,61.36,82.82,36.29,4.21,0.0,57.87
MACA,2006,5,63.73,87.14,43.31,4.75,0.0,58.77
MACA,2006,6,73.71,95.06,55.55,1.98,0.0,45.16
MACA,2006,7,78.1,95.51,59.78,4.93,0.0,44.23
MACA,2006,8,78.52,94.34,64.19,4.09,0.0,53.22
MACA,2006,9,66.84,86.24,46.64,6.65,0.0,59.44
MACA,2006,10,55.74,83.54,32.78,4.43,0.0,50.31
MACA,2006,11,48.02,73.73,29.18,3.62,0.0,61.43
MACA,2006,12,42.71,65.09,16.13,3.06,0.19,47.88
MACA,2007,1,39.03,62.12,14.42,4.82,0.03,62.15
MACA,2007,2,32.96,63.92,11.54,1.39,2.04,59.48
MACA,2007,3,54.52,81.38,26.84,2.92,0.0,57.55
MACA,2007,4,53.67,82.73,25.67,4.65,0.08,46.28
MACA,2007,5,69.93,88.85,46.55,1.59,0.0,46.71
MACA,2007,6,76.71,93.98,60.14,2.05,0.0,48.7
MACA,2007,7,77.39,93.26,60.95,1.5,0.0,52.41
MACA,2007,8,85.0,103.97,69.05,0.69,0.0,34.47
MACA,2007,9,73.87,94.7,52.94,2.78,0.0,41.82
MACA,2007,10,64.4,88.4,40.34,5.76,0.0,46.77
MACA,2007,11,47.61,68.51,27.92,2.96,0.0,49.12
MACA,2007,12,42.37,72.11,24.86,6.84,0.22,72.1
MACA,2008,1,34.98,66.62,11.09,3.82,2.31,59.6
MACA,2008,2,38.01,68.15,19.1,4.74,1.32,72.01
MACA,2008,3,46.41,69.5,8.84,6.49,4.71,65.34
MACA,2008,4,56.18,79.94,33.77,6.79,0.0,56.85
MACA,2008,5,64.19,86.78,46.55,5.85,0.0,58.8
MACA,2008,6,76.86,93.17,59.42,2.88,0.0,48.45
MACA,2008,7,78.93,100.01,60.77,3.56,0.0,43.44
MACA,2008,8,76.96,95.69,59.78,1.28,0.0,47.1
MACA,2008,9,73.75,92.27,58.97,1.43,0.0,56.95
MACA,2008,10,59.3,84.26,34.76,2.53,0.0,37.1
MACA,2008,11,44.88,72.65,24.23,2.74,0.03,46.49
MACA,2008,12,37.54,64.82,8.93,4.55,1.32,65.08
MACA,2009,1,32.39,58.7,6.14,4.61,3.44,62.76
MACA,2009,2,40.22,67.52,13.52,2.91,0.74,58.42
MACA,2009,3,48.98,73.91,17.75,3.91,2.59,66.0
MACA,2009,4,56.38,81.56,33.23,4.53,0.0,58.17
MACA,2009,5,65.09,81.92,45.11,5.33,0.0,68.19
MACA,2009,6,75.25,94.43,54.11,4.16,0.0,57.53
MACA,2009,7,73.87,91.55,58.25,5.13,0.0,63.22
MACA,2009,8,75.11,90.02,57.98,1.73,0.0,46.41
MACA,2009,9,69.6,85.16,50.24,4.68,0.0,67.39
MACA,2009,10,55.78,74.72,35.21,6.39,0.0,68.21
MACA,2009,11,50.17,69.68,35.21,0.8,0.0,48.49
MACA,2009,12,36.91,59.15,21.8,3.71,0.47,70.1
MACA,2010,1,31.15,55.01,11.45,2.79,4.41,67.1
MACA,2010,2,31.3,61.13,12.35,1.58,6.45,75.76
MACA,2010,3,47.43,74.0,26.12,2.76,0.0,59.99
MACA,2010,4,61.88,82.91,40.43,2.16,0.0,46.98
MACA,2010,5,68.75,87.68,43.94,7.19,0.0,52.51
MACA,2010,6,80.26,97.58,63.29,2.86,0.0,47.85
MACA,2010,7,80.06,97.22,61.58,4.39,0.0,50.93
MACA,2010,8,80.91,99.83,61.67,2.29,0.0,40.91
MACA,2010,9,72.7,92.63,51.95,2.89,0.0,37.84
MACA,2010,10,61.18,85.52,38.72,0.91,0.0,29.55
MACA,2010,11,49.26,72.74,29.36,4.82,0.41,42.94
MACA,2010,12,31.18,63.83,8.93,2.29,3.61,74.05
MACA,2011,1,31.77,56.9,13.43,1.87,4.55,69.97
MACA,2011,2,41.13,66.71,10.1,6.89,2.43,64.8
MACA,2011,3,48.48,77.06,30.26,4.19,0.0,69.4
MACA,2011,4,60.23,84.26,32.15,11.09,0.0,62.01
MACA,2011,5,65.13,89.3,38.54,6.12,0.0,66.65
MACA,2011,6,76.39,94.88,61.13,5.84,0.0,48.95
MACA,2011,7,81.07,95.78,65.9,2.79,0.0,49.41
MACA,2011,8,79.58,97.85,63.2,1.3,0.0,43.61
MACA,2011,9,67.82,100.1,52.49,3.85,0.0,59.09
MACA,2011,10,57.93,83.18,35.12,1.28,0.0,40.0
MACA,2011,11,51.49,74.18,29.99,7.59,0.0,61.25
MACA,2011,12,42.06,64.01,24.86,5.17,0.0,62.81
MACA,2012,1,39.81,60.32,19.82,4.24,0.5,57.92
MACA,2012,2,43.17,71.3,18.92,1.86,1.24,63.27
MACA,2012,3,58.58,81.65,30.53,3.57,0.06,54.28
MACA,2012,4,60.24,82.55,37.01,1.52,0.0,51.97
MACA,2012,5,71.72,94.43,50.42,3.34,0.0,46.97
MACA,2012,6,76.96,108.11,51.14,0.79,0.0,42.1
MACA,2012,7,82.34,103.7,67.34,2.82,0.0,52.53
MACA,2012,8,77.03,97.58,60.86,2.84,0.0,41.3
MACA,2012,9,68.69,88.58,45.83,5.92,0.0,53.9
MACA,2012,10,56.66,77.33,38.36,3.23,0.0,50.69
MACA,2012,11,45.53,69.59,28.28,1.23,0.0,43.18
MACA,2012,12,44.24,70.76,25.67,5.76,1.96,73.69
MACA,2013,1,38.49,66.44,17.03,4.35,0.8,62.84
MACA,2013,2,38.23,62.57,16.13,2.43,1.02,60.82
MACA,2013,3,40.84,69.86,24.32,4.7,1.63,72.4
MACA,2013,4,55.87,79.4,31.16,5.03,0.0,58.55
MACA,2013,5,65.2,85.25,41.24,5.14,0.0,64.03
MACA,2013,6,74.0,90.92,56.0,5.2,0.0,54.75
MACA,2013,7,74.2,91.82,58.97,6.06,0.0,57.77
MACA,2013,8,74.57,93.08,55.55,3.61,0.0,56.51
MACA,2013,9,70.71,92.63,53.12,3.09,0.0,46.38
MACA,2013,10,58.73,81.56,30.98,3.04,0.0,54.35
MACA,2013,11,44.06,67.97,21.35,1.82,1.19,48.53
MACA,2013,12,38.61,69.14,22.25,4.58,1.76,63.03
MACA,2014,1,29.06,55.55,1.64,2.23,2.56,54.69
MACA,2014,2,33.91,67.97,5.06,4.3,4.57,65.0
MACA,2014,3,42.66,72.02,10.19,3.28,3.97,56.33
MACA,2014,4,57.77,79.58,30.53,5.24,0.0,65.86
MACA,2014,5,67.58,88.67,44.21,3.01,0.0,57.14
MACA,2014,6,75.62,92.27,56.99,3.96,0.0,68.06
MACA,2014,7,75.51,93.62,58.43,2.09,0.0,54.8
MACA,2014,8,77.16,92.72,60.41,4.59,0.0,58.89
MACA,2014,9,70.98,90.02,51.41,0.85,0.0,49.15
MACA,2014,10,59.27,86.24,35.66,6.0,0.0,55.85
MACA,2014,11,41.33,65.72,19.37,2.58,2.34,56.3
MACA,2014,12,40.27,59.24,25.13,3.47,0.36,72.99
MACA,2015,1,33.81,57.53,5.6,3.04,2.7,63.68
MACA,2015,2,28.49,57.98,-9.16,2.45,9.65,62.53
MACA,2015,3,45.92,73.73,4.07,5.59,7.47,69.83
MACA,2015,4,58.07,77.78,36.02,8.75,0.0,63.21
MACA,2015,5,68.35,85.43,42.05,2.16,0.0,64.4
MACA,2015,6,75.59,94.52,55.28,5.59,0.0,63.0
MACA,2015,7,78.06,94.25,66.89,2.9,0.0,66.05
MACA,2015,8,76.14,95.33,59.51,1.94,0.0,51.58
MACA,2015,9,72.52,95.42,51.32,2.85,0.0,47.83
MACA,2015,10,59.58,80.84,38.81,6.06,0.0,52.17
MACA,2015,11,52.82,74.63,27.38,4.44,0.0,62.48
MACA,2015,12,50.14,71.03,29.81,5.06,0.06,66.26
MACA,2016,1,33.38,66.62,3.62,0.81,11.16,56.79
MACA,2016,2,40.36,70.13,17.84,4.18,4.96,67.73
MACA,2016,3,52.54,80.48,29.09,5.99,0.08,63.0
MACA,2016,4,58.32,80.93,32.24,3.41,0.0,48.03
MACA,2016,5,63.52,83.9,41.69,5.6,0.0,64.25
MACA,2016,6,76.6,96.05,56.72,3.38,0.0,50.1
MACA,2016,7,78.79,93.26,63.02,5.47,0.0,75.48
MACA,2016,8,77.99,91.73,61.76,5.17,0.0,65.62
MACA,2016,9,73.85,91.82,52.04,1.84,0.0,33.52
MACA,2016,10,65.53,85.34,44.39,0.54,0.0,45.19
MACA,2016,11,53.07,83.0,29.36,2.15,0.0,50.4
MACA,2016,12,38.71,70.4,16.94,6.02,0.0,64.38
MACA,2017,1,42.47,66.83,8.24,4.39,0.85,81.87
MACA,2017,2,47.28,75.29,19.94,2.77,0.0,61.98
MACA,2017,3,49.35,74.84,20.21,3.67,0.41,57.65
MACA,2017,4,61.84,85.46,39.92,4.64,0.0,66.83
MACA,2017,5,65.51,85.91,41.36,6.74,0.0,59.38
MACA,2017,6,73.3,91.22,54.32,4.65,0.0,52.51
MACA,2017,7,78.82,99.41,61.7,3.69,0.0,46.58
MACA,2017,8,74.82,94.19,60.08,4.48,0.0,61.56
MACA,2017,9,68.63,87.62,50.72,7.4,0.0,37.7
MACA,2017,10,60.4,82.49,32.9,4.55,0.0,51.54
MACA,2017,11,48.58,73.85,26.51,2.58,0.0,57.29
MACA,2017,12,37.09,65.3,11.48,2.99,0.47,62.72
MACA,2018,1,31.44,60.98,-5.98,2.04,5.04,54.95
MACA,2018,2,45.75,75.74,15.17,8.26,2.37,79.04
MACA,2018,3,45.02,71.6,23.81,5.63,4.88,67.31
MACA,2018,4,50.97,76.46,27.14,5.55,0.61,59.88
MACA,2018,5,71.88,88.25,49.37,4.73,0.0,63.7
MACA,2018,6,76.67,94.64,59.0,6.94,0.0,60.59
MACA,2018,7,78.32,96.62,64.04,4.17,0.0,51.13
MACA,2018,8,76.48,92.84,58.55,3.87,0.0,56.8
MACA,2018,9,73.4,92.84,55.31,6.28,0.0,59.48
MACA,2018,10,59.68,86.27,35.33,4.0,0.0,55.83
MACA,2018,11,42.87,66.56,18.86,6.66,0.61,68.0
MACA,2018,12,41.66,64.31,22.1,5.26,0.3,69.58
MACA,2019,1,36.04,63.77,8.69,3.99,3.31,68.31
MACA,2019,2,43.47,71.6,17.87,11.04,1.98,73.82
MACA,2019,3,44.26,71.51,14.36,2.6,0.8,58.14
MACA,2019,4,58.57,82.58,26.51,5.46,0.0,69.54
MACA,2019,5,69.08,89.42,46.04,3.5,0.0,68.18
MACA,2019,6,72.61,91.67,50.99,8.58,0.0,64.79
MACA,2019,7,78.23,94.82,61.52,4.37,0.0,47.73
MACA,2019,8,77.7,96.26,59.09,3.37,0.0,51.7
MACA,2019,9,77.87,97.43,59.81,0.29,0.0,33.95
MACA,2019,10,60.74,94.1,33.8,7.44,0.0,41.09
MACA,2019,11,42.21,62.15,17.6,5.2,0.99,49.85
MACA,2019,12,43.66,64.85,22.01,4.96,0.22,67.5
MACA,2020,1,41.08,67.46,15.98,6.31,0.06,71.08
MACA,2020,2,40.37,66.74,15.26,5.5,1.19,71.79
MACA,2020,3,52.26,78.98,26.78,5.72,0.0,75.03
MACA,2020,4,53.86,81.41,27.86,7.63,0.39,58.99
MACA,2020,5,62.69,86.45,33.89,5.77,0.0,58.23
MACA,2020,6,73.57,89.6,51.71,4.89,0.0,48.64
MACA,2020,7,79.07,93.29,65.75,5.31,0.0,53.98
MACA,2020,8,75.06,92.21,61.25,5.99,0.0,51.87
MACA,2020,9,69.11,88.25,48.65,2.74,0.0,45.88
MACA,2020,10,59.62,83.66,38.84,3.87,0.0,52.52
MACA,2020,11,51.46,78.08,30.83,2.8,0.72,39.72
MACA,2020,12,38.64,62.87,13.91,3.76,0.41,61.33
MACA,2021,1,36.67,68.54,21.2,4.69,1.52,64.61
MACA,2021,2,33.82,64.94,4.64,6.0,5.48,72.44
MACA,2021,3,51.66,74.03,28.31,4.77,0.0,55.56
MACA,2021,4,55.73,82.49,26.06,3.02,0.58,47.33
MACA,2021,5,64.21,89.96,41.81,3.27,0.0,68.51
MACA,2021,6,74.34,91.22,54.68,7.43,0.0,61.67
MACA,2021,7,76.5,95.99,58.73,5.56,0.0,52.39
MACA,2021,8,77.04,94.19,61.34,6.08,0.0,54.86
MACA,2021,9,69.65,86.45,48.83,6.13,0.0,43.11
MACA,2021,10,63.24,83.3,41.81,5.22,0.0,59.56
MACA,2021,11,44.66,69.35,24.71,2.22,0.0,45.71
MACA,2021,12,49.61,70.16,26.42,4.4,0.03,66.2
MACA,2022,1,32.45,63.05,3.29,3.66,5.84,58.9
MACA,2022,2,39.23,64.58,18.32,8.04,0.33,55.8
MACA,2022,3,49.61,77.18,16.52,4.89,2.09,58.33
MACA,2022,4,55.2,81.68,32.54,7.19,0.08,66.5
MACA,2022,5,69.33,90.77,48.56,3.05,0.0,63.44
MACA,2022,6,77.42,100.22,57.47,2.65,0.0,47.11
MACA,2022,7,79.89,98.06,66.2,7.37,0.0,58.78
MACA,2022,8,76.23,92.75,59.99,3.8,0.0,46.86
MACA,2022,9,70.07,95.81,46.67,2.8,0.0,37.82
MACA,2022,10,57.57,82.13,34.25,1.72,0.0,35.16
MACA,2022,11,48.05,76.1,22.37,2.81,0.22,53.06
MACA,2022,12,39.7,64.04,-6.25,4.53,1.9,68.14
MACA,2023,1,43.54,64.94,23.27,4.93,0.83,73.28
MACA,2023,2,47.06,75.11,21.2,3.89,0.08,69.77
MACA,2023,3,48.07,77.0,20.93,7.5,0.0,60.27
MACA,2023,4,57.04,83.12,34.79,3.3,0.0,55.02
MACA,2023,5,65.89,85.37,41.27,2.41,0.0,55.92
MACA,2023,6,72.64,91.4,52.25,5.02,0.0,45.99
MACA,2023,7,77.59,98.33,62.87,4.15,0.0,49.45
MACA,2023,8,75.63,98.33,58.1,3.89,0.0,50.47
MACA,2023,9,71.19,91.4,55.04,1.09,0.0,35.02
MACA,2023,10,60.61,85.28,30.92,2.52,0.0,50.87
MACA,2023,11,49.29,78.62,24.26,2.11,0.0,49.87
MACA,2023,12,43.46,65.12,22.37,3.43,0.0,60.43
MACA,2024,1,33.57,57.11,3.74,5.76,1.98,70.96
MACA,2024,2,45.48,71.96,18.5,3.72,0.22,53.09
MACA,2024,3,51.74,78.44,24.62,3.3,0.0,54.82
MACA,2024,4,60.08,82.76,33.35,4.27,0.0,61.2
MACA,2024,5,68.38,85.82,50.72,7.28,0.0,59.28
MACA,2024,6,75.18,95.18,52.97,2.77,0.0,51.43
MACA,2024,7,77.68,95.9,60.44,4.13,0.0,61.27
MACA,2024,8,76.84,99.23,56.12,2.03,0.0,29.75
MACA,2024,9,71.89,91.22,51.71,7.28,0.0,46.19
MACA,2024,10,61.91,84.65,38.12,0.26,0.0,16.98
MACA,2024,11,53.04,77.27,23.45,5.51,0.08,73.52
MACA,2024,12,41.97,62.51,16.07,5.21,0.28,66.18
MACA,2025,1,30.34,63.95,5.0,3.56,5.26,57.17
MACA,2025,2,39.16,70.52,7.25,7.39,3.39,66.65
MACA,2025,3,51.6,76.46,21.65,5.1,0.11,57.33
MACA,2025,4,59.45,80.78,29.75,10.71,0.0,66.63
MACA,2025,5,63.5,83.3,44.51,6.86,0.0,70.93
MACA,2025,6,74.64,92.03,55.04,6.72,0.0,53.38
MACA,2025,7,79.69,93.74,67.1,3.75,0.0,46.85
MACA,2025,8,75.63,96.8,55.22,0.81,0.0,35.62
MACA,2025,9,70.93,88.07,51.8,4.33,0.0,34.8
MACA,2025,10,60.3,84.29,37.58,5.08,0.0,36.91
MACA,2025,11,48.8,73.67,23.27,2.59,0.66,54.65
MACA,2025,12,39.66,71.6,10.85,2.09,2.89,76.05
MEVE,2006,1,26.43,47.54,-0.61,0.2,5.1,38.59
MEVE,2006,2,30.45,56.63,12.53,0.24,0.8,32.46
MEVE,2006,3,31.19,58.7,-5.83,0.95,15.3,62.34
MEVE,2006,4,46.07,73.01,21.35,1.32,4.22,34.3
MEVE,2006,5,59.54,81.56,32.87,0.24,0.0,29.35
MEVE,2006,6,69.86,90.29,45.2,0.22,0.0,23.7
MEVE,2006,7,71.18,91.55,51.05,2.07,0.0,44.33
MEVE,2006,8,66.41,82.55,47.0,1.53,0.0,50.91
MEVE,2006,9,53.67,80.03,27.47,3.0,0.0,26.61
MEVE,2006,10,43.77,72.74,22.97,5.2,0.55,39.49
MEVE,2006,11,35.17,62.12,-7.09,0.3,4.11,35.24
MEVE,2006,12,20.8,42.86,-3.13,0.19,7.52,38.07
MEVE,2007,1,16.57,39.26,-19.42,0.17,7.74,29.79
MEVE,2007,2,26.63,49.16,-8.8,0.5,7.63,50.04
MEVE,2007,3,36.39,65.63,-5.38,1.09,3.2,39.53
MEVE,2007,4,44.87,74.0,22.97,1.03,2.59,46.32
MEVE,2007,5,54.53,76.16,25.85,1.7,1.32,43.74
MEVE,2007,6,67.52,88.04,38.27,0.3,0.0,27.76
MEVE,2007,7,71.98,92.09,52.67,1.51,0.0,42.75
MEVE,2007,8,70.13,87.41,50.24,1.0,0.0,36.37
MEVE,2007,9,60.57,82.37,31.97,2.66,0.0,28.94
MEVE,2007,10,47.08,69.14,23.06,1.24,0.0,25.75
MEVE,2007,11,37.14,62.12,3.26,0.57,3.39,30.18
MEVE,2007,12,16.75,45.29,-16.45,1.96,14.72,49.1
MEVE,2008,1,14.29,35.39,-17.89,0.7,21.08,41.45
MEVE,2008,2,22.2,43.04,-0.79,0.37,19.98,49.09
MEVE,2008,3,30.53,53.93,4.79,0.26,0.77,28.68
MEVE,2008,4,41.36,68.96,17.3,0.2,1.87,24.32
MEVE,2008,5,51.83,80.93,24.5,1.1,1.19,35.66
MEVE,2008,6,65.71,87.77,35.93,0.26,0.0,19.41
MEVE,2008,7,70.78,87.77,53.48,1.68,0.0,36.95
MEVE,2008,8,68.08,87.86,48.44,2.56,0.0,29.81
MEVE,2008,9,59.84,78.77,40.16,0.65,0.0,15.35
MEVE,2008,10,47.94,73.37,22.25,0.95,0.0,18.71
MEVE,2008,11,37.86,65.9,20.72,0.37,4.19,37.78
MEVE,2008,12,22.6,49.34,-5.74,0.28,24.33,50.98
MEVE,2009,1,20.79,42.95,1.1,0.47,5.21,28.77
MEVE,2009,2,24.66,48.98,-3.13,0.22,9.37,39.58
MEVE,2009,3,34.95,63.29,9.11,0.3,5.15,46.33
MEVE,2009,4,42.71,68.24,9.11,0.7,4.13,39.81
MEVE,2009,5,58.53,81.47,37.28,2.43,0.0,44.37
MEVE,2009,6,62.3,84.71,41.69,1.07,0.0,47.36
MEVE,2009,7,73.56,91.28,54.92,0.09,0.0,27.57
MEVE,2009,8,68.53,90.02,46.19,0.41,0.0,22.44
MEVE,2009,9,60.46,82.73,33.59,0.87,0.0,34.15
MEVE,2009,10,44.66,68.06,21.26,0.54,1.13,32.04
MEVE,2009,11,34.79,63.83,3.08,0.52,4.0,28.1
MEVE,2009,12,15.9,43.04,-15.28,0.06,19.84,43.59
MEVE,2010,1,17.92,35.03,-5.92,0.13,23.56,54.15
MEVE,2010,2,20.34,35.21,0.38,0.1,13.61,51.19
MEVE,2010,3,28.75,53.84,11.27,0.51,11.22,44.32
MEVE,2010,4,39.64,65.54,16.58,1.16,4.8,46.88
MEVE,2010,5,51.52,81.29,24.77,0.28,0.69,26.4
MEVE,2010,6,67.51,89.48,42.59,0.25,0.0,19.23
MEVE,2010,7,71.01,91.55,47.54,1.24,0.0,35.65
MEVE,2010,8,66.23,85.88,48.35,1.87,0.0,31.2
MEVE,2010,9,61.45,82.46,38.63,1.5,0.0,13.44
MEVE,2010,10,49.23,78.14,23.69,1.11,0.28,32.88
MEVE,2010,11,31.32,63.38,-9.61,0.38,5.84,27.5
MEVE,2010,12,29.15,49.34,-9.07,1.09,16.51,63.1
MEVE,2011,1,15.1,39.17,-22.75,0.0,1.35,29.53
MEVE,2011,2,22.92,48.89,-13.57,0.35,4.91,43.4
MEVE,2011,3,37.24,62.48,11.0,0.28,4.93,48.07
MEVE,2011,4,44.02,70.31,20.54,1.6,2.4,45.63
MEVE,2011,5,51.01,77.33,23.42,1.08,3.2,33.97
MEVE,2011,6,67.83,89.57,42.86,0.07,0.0,19.72
MEVE,2011,7,72.82,89.48,51.68,0.59,0.0,31.06
MEVE,2011,8,71.3,89.3,51.14,1.21,0.0,32.75
MEVE,2011,9,59.95,82.01,40.79,1.96,0.0,30.13
MEVE,2011,10,47.03,72.38,23.78,1.8,0.3,25.37
MEVE,2011,11,33.23,57.53,14.96,0.49,2.87,35.15
MEVE,2011,12,19.23,46.46,-7.72,0.12,7.72,32.45
MEVE,2012,1,24.08,45.02,-5.29,0.13,9.04,35.25
MEVE,2012,2,23.48,44.12,-2.68,0.23,11.82,44.54
MEVE,2012,3,35.46,67.7,3.71,0.17,5.87,31.92
MEVE,2012,4,48.29,76.43,23.69,0.51,1.9,41.84
MEVE,2012,5,58.94,81.56,34.31,0.31,0.0,18.85
MEVE,2012,6,71.71,90.2,44.39,0.0,0.0,14.62
MEVE,2012,7,71.41,90.02,53.3,1.55,0.0,42.09
MEVE,2012,8,70.6,87.86,50.15,1.66,0.0,33.38
MEVE,2012,9,60.75,82.19,39.98,1.35,0.0,25.54
MEVE,2012,10,49.14,74.54,23.06,0.69,0.0,18.96
MEVE,2012,11,36.83,63.92,4.34,0.66,2.15,23.33
MEVE,2012,12,22.28,51.59,-15.1,0.03,12.76,54.19
MEVE,2013,1,12.63,39.62,-20.86,1.15,7.3,33.58
MEVE,2013,2,19.25,42.5,-4.03,0.02,7.36,34.45
MEVE,2013,3,34.52,60.14,10.01,0.23,2.87,43.09
MEVE,2013,4,43.08,74.9,9.38,0.44,5.26,35.27
MEVE,2013,5,55.8,79.04,28.19,0.65,0.0,36.27
MEVE,2013,6,71.05,93.44,38.99,0.01,0.0,20.6
MEVE,2013,7,71.89,89.84,52.67,1.5,0.0,50.34
MEVE,2013,8,68.15,86.78,50.69,1.48,0.0,44.93
MEVE,2013,9,58.71,84.89,28.73,5.82,0.0,31.04
MEVE,2013,10,42.97,67.07,23.24,1.26,1.02,26.63
MEVE,2013,11,33.15,57.17,4.43,1.38,6.48,36.88
MEVE,2013,12,17.38,41.51,-19.06,0.06,4.24,26.71
MEVE,2014,1,27.09,46.55,5.69,0.39,2.73,26.31
MEVE,2014,2,29.84,54.83,-2.5,0.29,4.13,47.63
MEVE,2014,3,37.05,59.33,17.57,0.66,2.95,40.8
MEVE,2014,4,44.77,69.05,22.34,0.79,2.59,49.35
MEVE,2014,5,54.45,81.38,26.84,1.38,0.66,47.57
MEVE,2014,6,67.95,89.66,44.57,0.04,0.0,21.96
MEVE,2014,7,73.05,91.55,55.01,0.65,0.0,42.04
MEVE,2014,8,66.2,85.52,46.73,1.69,0.0,38.59
MEVE,2014,9,61.37,82.91,35.21,3.65,0.0,23.16
MEVE,2014,10,49.9,68.87,30.26,0.33,0.0,27.11
MEVE,2014,11,35.14,62.3,15.41,1.01,1.6,34.25
MEVE,2014,12,26.83,49.97,-12.13,0.69,5.76,58.76
MEVE,2015,1,22.77,48.53,-6.82,0.29,17.91,46.8
MEVE,2015,2,29.96,53.39,-1.69,0.11,12.84,36.22
MEVE,2015,3,37.82,66.44,-6.82,0.35,2.98,32.1
MEVE,2015,4,45.24,69.59,23.42,0.8,2.89,40.76
MEVE,2015,5,50.28,76.97,28.28,3.28,1.32,57.41
MEVE,2015,6,66.11,88.85,41.33,2.41,0.0,28.03
MEVE,2015,7,67.76,89.84,49.34,1.93,0.0,53.18
MEVE,2015,8,68.36,86.33,50.78,1.88,0.0,37.99
MEVE,2015,9,62.16,80.84,42.77,0.97,0.0,35.85
MEVE,2015,10,50.25,78.23,27.11,3.38,0.0,46.07
MEVE,2015,11,28.77,59.24,0.56,1.02,11.49,27.22
MEVE,2015,12,19.73,46.55,-10.33,0.11,19.48,53.58
MEVE,2016,1,17.99,38.0,-6.82,0.13,14.11,52.26
MEVE,2016,2,24.57,48.98,-8.89,0.08,5.15,32.05
MEVE,2016,3,36.81,62.75,16.67,0.53,2.65,48.5
MEVE,2016,4,43.27,69.23,21.89,1.54,3.25,52.37
MEVE,2016,5,52.16,74.18,28.01,1.28,1.35,36.77
MEVE,2016,6,71.29,92.99,46.37,0.07,0.0,29.58
MEVE,2016,7,73.11,91.46,51.05,0.69,0.0,29.38
MEVE,2016,8,64.77,85.7,46.1,2.87,0.0,44.68
MEVE,2016,9,58.77,79.31,36.11,1.9,0.0,29.58
MEVE,2016,10,51.26,69.5,29.63,0.63,0.0,32.32
MEVE,2016,11,38.17,61.76,-1.42,1.63,4.55,37.3
MEVE,2016,12,21.84,46.19,-9.79,1.24,16.34,50.05
MEVE,2017,1,25.05,41.72,-3.28,0.64,22.38,63.92
MEVE,2017,2,31.75,51.98,8.15,0.39,10.69,60.96
MEVE,2017,3,40.38,65.93,1.31,0.89,3.09,43.63
MEVE,2017,4,45.85,69.8,18.41,0.87,2.98,41.36
MEVE,2017,5,54.51,76.46,26.51,1.06,1.13,34.65
MEVE,2017,6,70.97,92.39,44.06,0.23,0.0,19.97
MEVE,2017,7,71.49,88.79,55.76,2.6,0.0,44.86
MEVE,2017,8,67.93,84.38,52.43,1.65,0.0,34.44
MEVE,2017,9,61.28,87.71,32.18,2.02,0.0,33.13
MEVE,2017,10,50.67,70.43,30.29,0.24,0.28,19.42
MEVE,2017,11,44.55,63.14,22.28,0.22,0.22,41.4
MEVE,2017,12,33.19,55.04,15.53,0.02,0.41,26.84
MEVE,2018,1,29.3,51.17,4.55,0.2,4.33,41.4
MEVE,2018,2,30.06,52.52,-2.83,0.05,9.51,43.96
MEVE,2018,3,37.5,61.52,9.23,0.37,4.91,46.36
MEVE,2018,4,50.22,71.6,23.45,0.51,0.36,44.53
MEVE,2018,5,60.18,80.96,26.69,0.46,1.24,31.35
MEVE,2018,6,70.9,90.77,50.99,0.43,0.0,19.24
MEVE,2018,7,73.45,90.05,55.85,1.09,0.0,41.77
MEVE,2018,8,71.04,88.61,54.14,0.43,0.0,37.0
MEVE,2018,9,64.93,82.22,43.97,0.41,0.0,19.84
MEVE,2018,10,46.36,66.56,21.92,2.23,1.07,50.05
MEVE,2018,11,34.62,54.59,17.33,0.02,2.67,21.35
MEVE,2018,12,23.34,42.35,-3.01,0.03,10.2,44.71
MEVE,2019,1,23.37,38.48,-2.38,0.02,12.26,49.97
MEVE,2019,2,23.52,43.16,0.59,0.42,21.96,55.55
MEVE,2019,3,33.33,55.85,14.9,1.12,18.99,53.7
MEVE,2019,4,45.26,68.36,11.75,1.04,3.14,51.28
MEVE,2019,5,48.26,70.88,28.4,2.09,3.22,48.26
MEVE,2019,6,65.58,86.0,39.83,0.46,0.0,30.74
MEVE,2019,7,73.54,89.6,53.96,0.11,0.0,32.78
MEVE,2019,8,72.08,88.07,54.05,0.73,0.0,36.33
MEVE,2019,9,63.9,88.16,41.18,0.64,0.0,26.99
MEVE,2019,10,45.74,71.87,8.96,0.02,1.6,10.44
MEVE,2019,11,37.81,59.54,3.11,0.65,6.37,38.69
MEVE,2019,12,24.41,45.41,-4.99,0.72,12.51,56.97
MEVE,2020,1,23.56,38.57,1.22,0.0,7.0,45.0
MEVE,2020,2,27.11,47.84,-3.28,0.18,0.91,37.17
MEVE,2020,3,37.69,55.94,18.5,0.79,6.94,55.3
MEVE,2020,4,48.17,78.35,19.13,0.41,0.06,32.44
MEVE,2020,5,61.92,84.74,37.04,0.22,0.0,27.3
MEVE,2020,6,68.59,88.25,34.43,0.46,0.0,26.88
MEVE,2020,7,72.87,92.57,49.82,1.77,0.0,36.64
MEVE,2020,8,75.24,93.47,54.95,0.15,0.0,23.88
MEVE,2020,9,62.92,90.14,36.59,0.65,0.0,18.56
MEVE,2020,10,53.23,76.82,17.24,0.13,0.58,11.43
MEVE,2020,11,38.54,67.46,8.33,0.83,3.22,32.77
MEVE,2020,12,24.43,49.37,0.23,0.0,7.5,30.54
MEVE,2021,1,24.82,46.22,-1.21,0.01,10.58,42.78
MEVE,2021,2,25.7,44.06,0.86,0.06,7.5,38.09
MEVE,2021,3,33.64,56.93,0.95,0.11,10.61,40.29
MEVE,2021,4,48.7,72.23,26.24,0.19,1.19,31.93
MEVE,2021,5,58.43,78.17,34.7,0.94,0.06,35.11
MEVE,2021,6,71.74,95.45,45.86,0.39,0.0,34.28
MEVE,2021,7,73.25,95.99,54.68,2.48,0.0,47.11
MEVE,2021,8,70.13,87.26,50.18,1.02,0.0,27.24
MEVE,2021,9,63.37,86.09,38.3,2.19,0.0,26.37
MEVE,2021,10,46.2,69.26,23.54,0.99,2.48,37.97
MEVE,2021,11,41.55,63.68,21.92,0.12,1.21,31.59
MEVE,2021,12,28.82,53.15,0.23,0.76,14.94,55.37
MEVE,2022,1,25.07,40.55,-0.94,0.0,0.77,33.14
MEVE,2022,2,26.16,48.74,-3.28,0.01,8.85,30.71
MEVE,2022,3,33.98,68.18,3.74,0.34,7.33,44.18
MEVE,2022,4,47.59,71.24,20.84,0.23,2.12,39.05
MEVE,2022,5,58.76,81.05,30.65,0.38,0.06,35.53
MEVE,2022,6,68.26,90.05,41.36,2.07,0.0,35.96
MEVE,2022,7,71.9,93.56,53.69,3.87,0.0,49.36
MEVE,2022,8,68.9,85.82,50.99,0.9,0.0,43.98
MEVE,2022,9,64.83,90.77,45.05,1.83,0.0,35.31
MEVE,2022,10,47.33,68.99,23.9,1.02,0.63,30.57
MEVE,2022,11,32.2,57.38,17.51,0.35,3.91,30.41
MEVE,2022,12,29.34,47.48,10.13,0.18,9.48,57.28
MEVE,2023,1,22.82,38.93,1.4,0.04,20.26,64.29
MEVE,2023,2,23.26,42.08,-0.04,0.02,13.89,46.24
MEVE,2023,3,28.91,46.13,8.33,0.96,20.53,64.7
MEVE,2023,4,39.73,71.06,7.34,0.15,2.78,36.73
MEVE,2023,5,56.99,75.38,38.66,1.96,0.0,44.53
MEVE,2023,6,63.81,86.18,39.11,0.98,0.0,28.91
MEVE,2023,7,76.98,95.45,52.34,0.11,0.0,18.5
MEVE,2023,8,70.05,86.9,53.51,1.57,0.0,33.39
MEVE,2023,9,61.07,82.58,42.71,1.22,0.0,30.19
MEVE,2023,10,49.68,73.67,22.73,0.58,0.0,16.47
MEVE,2023,11,37.31,63.95,9.32,0.19,3.72,38.66
MEVE,2023,12,26.79,42.26,8.51,0.28,4.85,47.91
MEVE,2024,1,22.81,47.03,-6.61,0.03,10.39,52.99
MEVE,2024,2,27.39,50.45,-0.85,0.09,10.31,55.54
MEVE,2024,3,35.1,57.47,13.73,0.18,9.87,52.05
MEVE,2024,4,47.64,76.73,21.11,0.5,3.03,31.1
MEVE,2024,5,55.25,80.51,29.66,0.51,0.44,28.21
MEVE,2024,6,70.18,90.59,50.18,1.91,0.0,30.88
MEVE,2024,7,72.26,93.11,51.89,1.19,0.0,23.12
MEVE,2024,8,68.71,92.39,51.71,2.89,0.0,45.72
MEVE,2024,9,63.4,82.13,41.0,0.8,0.0,16.34
MEVE,2024,10,53.62,79.97,24.62,2.76,3.86,32.19
MEVE,2024,11,32.74,55.76,14.27,0.28,3.28,36.15
MEVE,2024,12,32.03,51.17,12.2,0.0,1.35,37.62
MEVE,2025,1,24.52,49.46,-1.48,0.0,2.45,33.26
MEVE,2025,2,34.37,58.46,11.21,0.0,4.91,35.39
MEVE,2025,3,38.7,69.71,16.07,0.11,6.39,53.29
MEVE,2025,4,47.12,74.3,19.76,0.15,5.59,40.18
MEVE,2025,5,55.29,84.74,29.57,1.61,1.98,35.82
MEVE,2025,6,68.4,90.32,44.15,1.83,0.0,22.57
MEVE,2025,7,72.57,90.77,52.16,0.38,0.0,32.08
MEVE,2025,8,70.89,90.95,48.92,1.99,0.0,29.14
MEVE,2025,9,59.76,82.13,41.18,2.55,0.0,32.82
MEVE,2025,10,49.6,75.74,28.22,3.25,0.0,22.92
MEVE,2025,11,41.08,66.65,24.62,0.78,2.98,49.68
MEVE,2025,12,33.97,56.75,14.45,0.09,2.09,42.61
MORA,2006,1,17.9,31.54,8.86,5.67,100.84,92.53
MORA,2006,2,14.56,36.31,-9.41,1.52,39.99,68.57
MORA,2006,3,16.18,33.25,-1.04,0.86,31.06,85.9
MORA,2006,4,23.88,45.94,8.14,1.59,17.14,70.12
MORA,2006,5,31.24,59.44,11.56,3.3,3.53,63.8
MORA,2006,6,37.96,65.92,24.79,3.3,0.0,60.74
MORA,2006,7,48.48,75.73,29.29,0.76,0.0,35.9
MORA,2006,8,45.67,67.72,26.23,0.49,0.0,33.91
MORA,2006,9,41.85,70.42,20.74,1.94,0.33,39.49
MORA,2006,10,31.36,55.66,8.32,2.16,3.31,58.01
MORA,2006,11,18.29,39.73,-9.95,14.78,73.22,90.24
MORA,2006,12,15.44,29.74,-3.74,4.38,47.24,84.71
MORA,2007,1,13.7,32.8,-13.73,1.69,52.14,64.01
MORA,2007,2,18.24,41.8,0.94,2.4,47.93,87.96
MORA,2007,3,22.41,39.37,0.4,5.67,20.37,86.64
MORA,2007,4,23.05,46.3,7.96,2.17,15.93,82.84
MORA,2007,5,31.6,58.09,15.07,1.49,5.26,62.22
MORA,2007,6,34.8,56.29,20.47,2.94,0.41,74.18
MORA,2007,7,48.27,71.32,28.21,1.66,0.0,48.62
MORA,2007,8,43.13,66.91,25.78,1.2,0.0,46.97
MORA,2007,9,38.8,66.1,19.12,1.86,1.79,53.8
MORA,2007,10,27.4,56.65,13.9,5.31,10.03,73.36
MORA,2007,11,21.12,44.77,4.18,3.54,25.85,75.91
MORA,2007,12,14.23,31.27,2.65,4.6,91.3,88.45
MORA,2008,1,11.33,32.53,-3.56,0.79,74.0,74.15
MORA,2008,2,18.28,35.77,3.82,0.87,58.18,76.77
MORA,2008,3,15.59,35.95,2.2,0.67,54.59,82.02
MORA,2008,4,18.06,42.97,-0.41,0.83,29.38,73.32
MORA,2008,5,30.58,66.73,13.27,4.52,5.1,80.64
MORA,2008,6,34.32,70.78,15.61,2.45,10.56,64.35
MORA,2008,7,44.89,67.99,26.23,0.64,0.0,36.12
MORA,2008,8,44.55,74.02,24.34,3.57,0.0,58.52
MORA,2008,9,41.34,68.71,19.57,1.62,0.19,41.88
MORA,2008,10,29.54,59.44,13.54,4.06,3.75,69.44
MORA,2008,11,25.72,48.19,9.76,9.68,13.53,86.69
MORA,2008,12,12.78,38.11,-16.7,1.26,78.87,80.63
MORA,2009,1,17.79,38.65,-4.01,4.11,66.64,69.73
MORA,2009,2,15.69,36.4,-7.52,0.58,19.48,75.07
MORA,2009,3,14.67,32.44,-5.09,0.82,67.22,79.55
MORA,2009,4,22.03,46.48,1.93,1.5,28.58,69.62
MORA,2009,5,30.16,53.86,12.82,3.47,17.69,61.99
MORA,2009,6,37.96,56.92,20.11,2.26,0.3,68.9
MORA,2009,7,48.93,72.31,25.51,0.45,0.0,35.84
MORA,2009,8,46.95,74.29,29.02,1.1,0.0,54.73
MORA,2009,9,42.37,68.8,19.84,2.25,0.77,48.84
MORA,2009,10,27.21,45.49,5.53,6.8,10.5,77.89
MORA,2009,11,20.25,40.9,6.34,4.42,57.19,87.09
MORA,2009,12,13.51,30.73,-6.44,2.22,23.67,58.52
MORA,2010,1,20.81,29.92,9.13,4.63,27.01,93.29
MORA,2010,2,20.53,34.15,6.97,2.3,17.22,71.72
MORA,2010,3,20.34,40.36,4.72,1.93,35.52,77.74
MORA,2010,4,21.67,41.89,1.75,2.46,36.27,86.83
MORA,2010,5,25.62,46.03,9.04,4.89,22.71,82.11
MORA,2010,6,33.26,49.18,19.39,5.97,1.57,74.29
MORA,2010,7,44.78,65.2,20.92,0.69,0.0,34.5
MORA,2010,8,44.39,68.53,22.72,1.2,0.0,41.81
MORA,2010,9,38.57,61.51,21.46,5.31,0.0,73.8
MORA,2010,10,31.37,58.45,16.15,4.56,16.92,62.38
MORA,2010,11,18.22,49.54,-27.95,4.99,44.37,79.45
MORA,2010,12,14.74,31.27,-12.74,4.37,46.0,83.84
MORA,2011,1,18.17,36.31,-5.72,8.23,33.04,83.54
MORA,2011,2,13.04,33.97,-13.46,1.07,50.21,75.9
MORA,2011,3,16.99,28.39,2.29,4.0,58.26,87.86
MORA,2011,4,17.3,34.24,0.76,1.55,54.81,82.56
MORA,2011,5,25.53,43.87,11.11,4.51,16.04,80.39
MORA,2011,6,33.3,53.41,17.86,2.92,1.82,76.72
MORA,2011,7,39.46,60.61,26.23,1.38,0.0,54.03
MORA,2011,8,46.31,66.01,27.4,0.16,0.0,34.88
MORA,2011,9,44.52,69.88,25.24,2.3,0.0,41.39
MORA,2011,10,29.55,50.53,15.88,5.84,2.29,81.03
MORA,2011,11,16.58,36.4,-10.76,3.8,63.19,80.75
MORA,2011,12,17.36,35.41,-1.58,3.29,29.43,57.2
MORA,2012,1,15.9,33.25,-4.46,4.45,64.24,86.42
MORA,2012,2,17.02,31.09,-5.36,2.41,56.85,77.32
MORA,2012,3,16.73,40.54,-1.22,2.12,78.35,85.71
MORA,2012,4,23.75,50.35,3.55,3.85,21.66,82.97
MORA,2012,5,28.5,59.62,11.56,3.17,14.22,70.07
MORA,2012,6,32.53,51.61,17.23,4.87,2.81,84.96
MORA,2012,7,45.17,68.53,24.88,1.34,0.0,49.96
MORA,2012,8,48.44,70.69,27.85,0.04,0.0,32.04
MORA,2012,9,44.55,67.27,23.26,0.19,0.0,27.25
MORA,2012,10,30.67,59.17,6.43,10.65,12.68,63.48
MORA,2012,11,21.54,46.57,7.33,6.68,29.93,85.17
MORA,2012,12,14.14,26.68,-0.32,1.95,90.37,92.07
MORA,2013,1,16.28,35.86,-9.95,1.53,44.07,66.61
MORA,2013,2,18.44,40.18,7.96,0.98,37.51,80.39
MORA,2013,3,19.87,47.2,0.13,1.52,31.42,75.69
MORA,2013,4,23.09,43.24,6.79,4.13,35.39,78.93
MORA,2013,5,31.64,52.15,10.93,4.28,8.24,65.57
MORA,2013,6,36.75,68.53,20.11,3.04,0.03,67.75
MORA,2013,7,49.47,71.95,29.02,0.19,0.0,26.69
MORA,2013,8,46.69,66.19,31.81,2.97,0.0,64.67
MORA,2013,9,39.58,68.62,19.66,11.15,5.93,63.45
MORA,2013,10,29.92,52.78,11.65,1.97,5.21,43.24
MORA,2013,11,20.88,39.91,-2.39,4.08,32.02,77.91
MORA,2013,12,15.41,35.68,-14.63,3.15,30.92,73.55
MORA,2014,1,20.82,39.46,2.92,3.28,47.76,63.66
MORA,2014,2,14.27,31.09,-8.24,2.4,80.0,85.51
MORA,2014,3,20.2,36.67,3.91,7.36,47.48,84.6
MORA,2014,4,23.76,48.19,11.83,3.34,27.34,78.79
MORA,2014,5,31.81,58.54,17.77,4.13,5.32,78.92
MORA,2014,6,35.54,57.55,21.55,3.78,1.54,70.62
MORA,2014,7,49.8,68.71,28.12,1.65,0.0,43.33
MORA,2014,8,47.88,73.66,30.64,1.87,0.0,45.74
MORA,2014,9,42.23,67.09,24.25,1.99,0.0,48.53
MORA,2014,10,34.33,59.17,18.76,9.26,4.08,74.92
MORA,2014,11,21.49,46.75,-11.21,8.78,23.92,71.78
MORA,2014,12,17.19,29.83,-7.16,6.44,31.94,80.67
MORA,2015,1,22.61,46.66,0.4,5.27,15.9,73.46
MORA,2015,2,24.46,44.23,10.84,5.72,11.99,74.06
MORA,2015,3,25.65,49.09,12.19,5.33,14.99,72.79
MORA,2015,4,23.56,46.03,9.94,1.26,17.31,67.15
MORA,2015,5,35.06,58.36,15.25,2.61,1.43,70.72
MORA,2015,6,46.34,73.75,25.6,0.59,0.0,45.21
MORA,2015,7,49.31,72.58,30.28,0.56,0.0,40.67
MORA,2015,8,48.04,71.59,30.28,2.19,0.0,47.98
MORA,2015,9,37.7,68.17,20.11,2.28,0.11,57.72
MORA,2015,10,36.4,59.17,22.18,8.85,2.29,77.38
MORA,2015,11,18.92,32.71,1.3,9.02,26.46,67.87
MORA,2015,12,15.22,32.35,0.13,9.16,81.99,88.46
MORA,2016,1,16.9,31.27,-0.05,4.8,35.88,78.19
MORA,2016,2,20.71,38.11,4.45,4.52,36.02,82.55
MORA,2016,3,20.58,42.07,4.45,4.58,47.35,78.23
MORA,2016,4,30.12,58.18,15.52,1.81,6.5,68.54
MORA,2016,5,33.1,52.78,16.6,2.51,1.13,71.02
MORA,2016,6,38.71,66.82,17.14,3.77,1.52,63.42
MORA,2016,7,43.4,65.92,29.56,1.76,0.0,58.56
MORA,2016,8,47.18,69.97,27.94,0.81,0.0,35.48
MORA,2016,9,37.45,62.68,19.84,2.77,0.08,56.99
MORA,2016,10,28.69,46.12,17.68,13.73,3.31,87.59
MORA,2016,11,24.64,49.36,10.48,5.63,33.35,87.5
MORA,2016,12,10.18,23.71,-11.39,0.85,68.76,81.71
MORA,2017,1,14.4,36.16,-15.68,0.09,63.3,66.47
MORA,2017,2,14.59,40.3,-6.05,2.13,123.99,86.32
MORA,2017,3,17.76,31.39,-1.01,2.1,168.14,91.87
MORA,2017,4,19.81,30.31,7.72,0.15,78.13,85.9
MORA,2017,5,31.21,56.41,10.42,1.1,27.37,60.14
MORA,2017,6,38.68,69.28,17.35,3.75,4.24,59.65
MORA,2017,7,48.7,66.31,27.79,0.09,0.0,16.58
MORA,2017,8,54.14,72.25,31.03,0.59,0.0,24.66
MORA,2017,9,42.71,75.94,16.0,1.09,20.12,55.58
MORA,2017,10,29.44,57.58,2.5,4.56,60.13,51.02
MORA,2017,11,18.48,35.08,5.65,6.34,126.99,94.65
MORA,2017,12,22.47,55.96,2.86,0.17,106.52,69.54
MORA,2018,1,20.96,44.08,4.48,0.76,158.57,90.91
MORA,2018,2,12.03,30.67,-10.19,0.65,90.5,82.65
MORA,2018,3,16.7,34.54,4.21,0.04,55.72,72.58
MORA,2018,4,23.23,56.95,4.12,0.32,103.02,81.93
MORA,2018,5,36.12,55.96,18.25,1.65,5.21,55.36
MORA,2018,6,36.75,61.0,13.3,1.37,6.01,63.36
MORA,2018,7,49.64,72.97,22.75,0.52,0.25,26.99
MORA,2018,8,49.87,74.77,28.33,0.64,0.0,26.85
MORA,2018,9,37.78,60.91,18.07,1.82,4.19,49.78
MORA,2018,10,33.17,55.33,13.21,6.76,15.46,57.55
MORA,2018,11,24.55,46.69,4.66,3.15,64.57,71.96
MORA,2018,12,15.73,26.8,3.13,0.15,132.48,77.78
MORA,2019,1,21.88,43.72,2.5,0.28,72.18,73.43
MORA,2019,2,8.51,25.0,-5.51,0.05,83.83,80.07
MORA,2019,3,19.04,38.68,0.07,0.01,26.76,56.35
MORA,2019,4,23.03,36.61,6.73,0.63,57.54,80.57
MORA,2019,5,32.14,52.09,11.23,1.11,15.46,60.38
MORA,2019,6,37.66,61.54,19.87,0.71,6.09,62.9
MORA,2019,7,42.37,59.38,25.99,3.25,0.17,57.28
MORA,2019,8,48.6,67.21,31.48,3.28,0.0,47.17
MORA,2019,9,36.49,62.44,11.23,5.28,8.02,72.64
MORA,2019,10,24.51,43.45,-5.78,3.33,44.78,61.1
MORA,2019,11,25.69,51.37,-1.01,1.48,21.85,63.47
MORA,2019,12,19.64,33.82,1.96,0.48,111.92,88.36
MORA,2020,1,15.82,31.12,-1.64,0.93,229.98,97.37
MORA,2020,2,15.52,31.48,-4.97,0.17,127.05,65.65
MORA,2020,3,16.55,34.99,1.6,0.02,60.08,69.14
MORA,2020,4,24.13,45.52,2.68,0.49,23.56,62.08
MORA,2020,5,30.69,56.32,15.37,2.67,24.69,76.36
MORA,2020,6,34.79,60.28,14.02,2.43,18.63,71.16
MORA,2020,7,45.64,73.33,24.82,0.47,0.06,38.76
MORA,2020,8,46.58,71.35,26.44,1.02,0.03,30.49
MORA,2020,9,47.5,72.43,22.75,4.63,5.35,43.57
MORA,2020,10,31.15,61.27,-4.25,6.4,32.02,61.19
MORA,2020,11,20.18,51.1,-3.98,3.76,116.38,77.5
MORA,2020,12,21.27,44.08,5.38,0.88,97.28,74.78
MORA,2021,1,17.48,32.56,3.49,1.64,125.09,86.16
MORA,2021,2,11.94,29.5,-4.97,0.04,160.92,91.85
MORA,2021,3,17.54,37.69,-2.27,0.02,50.65,71.86
MORA,2021,4,24.27,45.16,1.78,0.19,19.46,50.69
MORA,2021,5,28.7,51.82,10.33,0.42,22.63,64.19
MORA,2021,6,43.54,81.79,16.72,2.26,14.28,46.02
MORA,2021,7,51.69,74.23,29.32,0.15,0.0,13.72
MORA,2021,8,48.08,72.97,22.21,1.33,0.0,42.0
MORA,2021,9,40.2,67.21,17.98,5.71,13.26,58.29
MORA,2021,10,25.76,47.86,8.71,4.17,61.21,76.25
MORA,2021,11,22.19,39.76,4.3,12.26,87.56,94.72
MORA,2021,12,12.16,32.38,-10.64,0.11,150.75,98.52
MORA,2022,1,22.07,45.79,-3.08,2.44,122.5,82.55
MORA,2022,2,19.26,45.25,-10.37,0.6,72.04,73.12
MORA,2022,3,20.32,40.66,2.86,0.36,66.75,85.23
MORA,2022,4,16.8,45.52,1.87,0.07,87.14,90.31
MORA,2022,5,24.36,41.02,8.35,1.78,74.0,86.62
MORA,2022,6,34.04,64.24,19.51,4.94,17.97,71.69
MORA,2022,7,49.64,74.14,28.69,1.22,0.0,32.01
MORA,2022,8,53.79,75.4,31.3,1.13,0.0,31.63
MORA,2022,9,46.19,74.68,26.26,1.5,0.74,43.7
MORA,2022,10,40.14,60.19,1.69,1.5,48.04,52.48
MORA,2022,11,19.04,45.97,-5.78,3.26,84.33,65.44
MORA,2022,12,15.09,34.81,-9.29,2.21,113.57,85.24
MORA,2023,1,16.73,32.29,-5.15,0.27,80.06,84.98
MORA,2023,2,14.09,31.3,-8.75,0.02,85.1,83.66
MORA,2023,3,13.76,30.67,-2.81,0.03,75.24,87.62
MORA,2023,4,20.37,54.25,-0.92,0.25,92.54,84.9
MORA,2023,5,36.69,56.95,19.24,1.21,6.72,57.32
MORA,2023,6,40.61,59.56,18.61,1.53,4.82,53.11
MORA,2023,7,45.19,64.06,25.27,0.45,0.0,22.83
MORA,2023,8,47.0,72.43,24.46,2.02,0.0,39.25
MORA,2023,9,36.37,60.73,22.75,2.33,15.68,59.48
MORA,2023,10,31.83,57.67,5.92,2.86,23.09,50.53
MORA,2023,11,23.99,44.62,2.23,5.08,53.08,66.08
MORA,2023,12,22.88,44.89,-2.0,7.31,89.04,85.96
MORA,2024,1,18.71,38.68,-19.55,3.69,122.94,93.81
MORA,2024,2,16.56,28.78,-1.64,0.29,90.37,85.85
MORA,2024,3,19.59,44.8,1.69,0.12,61.98,70.55
MORA,2024,4,20.85,43.18,1.06,0.39,37.78,76.64
MORA,2024,5,25.94,50.11,4.21,0.51,29.43,69.69
MORA,2024,6,34.12,55.24,15.19,3.14,15.65,61.11
MORA,2024,7,47.79,68.92,22.12,1.0,0.0,21.18
MORA,2024,8,44.76,68.29,19.87,2.72,1.27,49.24
MORA,2024,9,42.16,69.37,16.18,1.87,1.27,53.36
MORA,2024,10,29.78,52.81,8.71,3.76,24.91,67.47
MORA,2024,11,19.11,46.78,0.16,0.53,118.48,91.08
MORA,2024,12,20.79,35.8,1.33,1.32,116.8,77.97
MORA,2025,1,16.98,33.82,-2.81,0.31,45.0,51.4
MORA,2025,2,12.79,34.45,-7.31,0.71,89.68,83.6
MORA,2025,3,18.29,39.85,-0.02,1.39,83.34,88.89
MORA,2025,4,23.23,37.42,6.82,0.57,27.39,63.42
MORA,2025,5,28.43,46.96,11.5,0.42,14.83,73.14
MORA,2025,6,34.83,52.9,17.8,0.26,4.88,51.13
MORA,2025,7,41.07,54.79,27.52,1.17,0.0,33.31
MORA,2025,8,42.5,57.49,26.17,4.57,0.5,53.2
MORA,2025,9,40.94,59.83,20.77,4.0,4.66,42.68
MORA,2025,10,26.29,41.56,6.46,4.52,53.74,71.43
MORA,2025,11,23.25,42.19,4.12,5.06,66.39,92.02
MORA,2025,12,20.75,36.07,2.32,12.77,104.45,91.73
NPSA,2006,1,80.43,84.11,76.82,24.13,0.0,87.6
NPSA,2006,2,80.84,83.48,77.45,17.85,0.0,89.84
NPSA,2006,3,80.85,83.39,77.45,9.05,0.0,62.52
NPSA,2006,4,80.94,84.02,76.91,7.42,0.0,55.23
NPSA,2006,5,80.44,83.39,77.72,5.77,0.0,65.5
NPSA,2006,6,80.27,82.67,77.0,1.96,0.0,43.42
NPSA,2006,7,79.21,82.4,76.28,5.33,0.0,48.15
NPSA,2006,8,79.15,81.32,76.46,4.87,0.0,53.65
NPSA,2006,9,79.13,81.95,75.65,8.43,0.0,58.9
NPSA,2006,10,79.68,82.49,77.09,12.26,0.0,71.26
NPSA,2006,11,79.85,82.67,75.47,18.06,0.0,67.95
NPSA,2006,12,80.71,83.84,78.08,13.84,0.0,84.56
NPSA,2007,1,81.4,84.11,78.26,14.51,0.0,77.15
NPSA,2007,2,81.17,84.11,78.17,12.24,0.0,80.09
NPSA,2007,3,80.64,84.11,77.72,16.96,0.0,89.09
NPSA,2007,4,81.6,84.2,78.35,5.56,0.0,60.41
NPSA,2007,5,80.25,83.84,76.73,13.6,0.0,78.76
NPSA,2007,6,80.92,83.3,77.81,4.6,0.0,50.96
NPSA,2007,7,80.45,83.39,77.18,3.86,0.0,54.49
NPSA,2007,8,79.73,82.13,76.19,5.06,0.0,49.28
NPSA,2007,9,79.44,81.77,76.19,5.43,0.0,42.07
NPSA,2007,10,79.5,82.4,76.46,12.95,0.0,61.63
NPSA,2007,11,79.97,83.12,77.0,13.77,0.0,77.45
NPSA,2007,12,79.16,83.3,75.65,14.91,0.0,82.22
NPSA,2008,1,79.95,83.21,76.1,14.0,0.0,90.08
NPSA,2008,2,79.62,83.48,76.28,7.62,0.0,72.65
NPSA,2008,3,79.77,82.67,75.83,14.34,0.0,72.31
NPSA,2008,4,79.99,83.12,75.83,5.72,0.0,58.12
NPSA,2008,5,80.01,82.85,76.28,6.39,0.0,63.06
NPSA,2008,6,79.61,82.58,76.28,7.98,0.0,60.2
NPSA,2008,7,78.43,81.5,74.93,7.11,0.0,53.27
NPSA,2008,8,78.87,80.42,75.56,1.31,0.0,35.15
NPSA,2008,9,78.69,80.96,75.56,5.06,0.0,51.34
NPSA,2008,10,79.95,81.86,76.91,2.63,0.0,45.5
NPSA,2008,11,79.77,82.13,76.55,8.2,0.0,66.5
NPSA,2008,12,80.07,83.21,76.37,14.98,0.0,67.79
NPSA,2009,1,80.35,84.02,76.64,12.12,0.0,83.51
NPSA,2009,2,80.38,83.66,77.0,9.93,0.0,68.93
NPSA,2009,3,80.44,83.39,76.64,9.02,0.0,69.15
NPSA,2009,4,81.17,83.75,77.27,9.65,0.0,58.64
NPSA,2009,5,80.89,83.21,77.36,7.4,0.0,65.54
NPSA,2009,6,80.01,82.49,76.46,4.17,0.0,57.45
NPSA,2009,7,79.4,82.31,76.28,3.02,0.0,37.82
NPSA,2009,8,78.85,81.68,75.92,2.74,0.0,51.64
NPSA,2009,9,78.64,80.96,74.93,2.81,0.0,45.81
NPSA,2009,10,79.52,81.59,76.64,3.09,0.0,58.77
NPSA,2009,11,80.31,82.94,77.54,7.86,0.0,75.75
NPSA,2009,12,80.4,83.66,77.72,12.01,0.0,66.34
NPSA,2010,1,81.07,83.93,77.09,19.08,0.0,75.72
NPSA,2010,2,81.11,83.66,78.53,16.53,0.0,77.74
NPSA,2010,3,82.3,84.38,78.89,9.76,0.0,69.78
NPSA,2010,4,82.09,84.92,78.26,5.28,0.0,68.2
NPSA,2010,5,81.97,84.56,77.63,5.32,0.0,54.12
NPSA,2010,6,81.03,83.48,77.99,3.52,0.0,44.16
NPSA,2010,7,80.12,82.67,76.28,4.43,0.0,45.27
NPSA,2010,8,79.59,82.13,74.3,2.86,0.0,35.29
NPSA,2010,9,79.1,81.86,75.11,8.74,0.0,51.62
NPSA,2010,10,79.11,81.68,76.01,8.51,0.0,62.8
NPSA,2010,11,79.81,82.31,75.83,6.74,0.0,64.17
NPSA,2010,12,79.2,82.67,75.92,11.47,0.0,77.7
NPSA,2011,1,79.02,82.58,76.19,26.69,0.0,88.14
NPSA,2011,2,79.0,81.68,76.01,10.7,0.0,84.36
NPSA,2011,3,79.87,82.85,76.01,7.44,0.0,51.83
NPSA,2011,4,80.78,82.85,76.91,2.91,0.0,48.65
NPSA,2011,5,80.45,82.49,76.46,1.94,0.0,38.92
NPSA,2011,6,80.0,82.04,74.57,2.05,0.0,39.44
NPSA,2011,7,79.55,81.59,76.37,1.31,0.0,27.08
NPSA,2011,8,79.05,81.23,75.92,1.03,0.0,33.52
NPSA,2011,9,79.26,81.14,76.28,0.34,0.0,28.66
NPSA,2011,10,78.84,81.68,76.19,10.77,0.0,58.86
NPSA,2011,11,79.42,82.22,76.19,11.24,0.0,79.45
NPSA,2011,12,79.82,82.4,75.2,10.85,0.0,65.19
NPSA,2012,1,80.46,82.67,77.18,13.63,0.0,83.97
NPSA,2012,2,79.78,82.58,74.93,15.03,0.0,79.73
NPSA,2012,3,79.81,83.03,76.1,19.09,0.0,87.49
NPSA,2012,4,80.8,83.57,77.09,5.66,0.0,69.01
NPSA,2012,5,80.2,83.12,75.29,8.89,0.0,60.35
NPSA,2012,6,79.79,81.77,76.64,2.59,0.0,47.28
NPSA,2012,7,79.14,81.32,76.37,3.58,0.0,49.23
NPSA,2012,8,79.11,81.86,76.64,2.36,0.0,48.87
NPSA,2012,9,80.12,82.49,76.46,2.61,0.0,43.76
NPSA,2012,10,80.74,82.85,77.09,4.63,0.0,57.05
NPSA,2012,11,80.88,83.75,77.72,9.25,0.0,67.8
NPSA,2012,12,80.48,83.57,76.64,12.37,0.0,79.73
NPSA,2013,1,80.78,83.3,77.09,24.16,0.0,87.01
NPSA,2013,2,80.49,83.21,77.72,7.49,0.0,72.21
NPSA,2013,3,80.75,83.84,77.18,8.44,0.0,73.88
NPSA,2013,4,81.38,84.11,77.54,8.46,0.0,57.37
NPSA,2013,5,81.51,83.57,78.44,5.37,0.0,53.58
NPSA,2013,6,80.96,83.12,77.36,5.78,0.0,48.98
NPSA,2013,7,79.22,81.68,75.47,8.74,0.0,56.98
NPSA,2013,8,79.61,81.95,76.46,4.18,0.0,54.32
NPSA,2013,9,79.73,81.95,76.64,5.54,0.0,51.63
NPSA,2013,10,79.76,81.86,76.73,5.2,0.0,62.75
NPSA,2013,11,80.22,83.21,76.91,5.19,0.0,62.17
NPSA,2013,12,80.46,83.3,76.37,11.67,0.0,77.56
NPSA,2014,1,80.01,82.49,77.45,20.44,0.0,81.91
NPSA,2014,2,81.43,84.47,77.72,8.22,0.0,74.19
NPSA,2014,3,81.44,84.29,77.9,5.75,0.0,71.35
NPSA,2014,4,81.1,83.75,77.63,9.65,0.0,61.89
NPSA,2014,5,80.86,83.57,77.63,4.37,0.0,59.92
NPSA,2014,6,79.97,82.31,77.18,2.64,0.0,44.82
NPSA,2014,7,79.43,82.58,76.64,4.57,0.0,57.4
NPSA,2014,8,78.92,81.41,75.11,2.69,0.0,48.84
NPSA,2014,9,79.79,82.13,76.46,1.62,0.0,38.9
NPSA,2014,10,80.35,82.31,77.09,3.81,0.0,53.91
NPSA,2014,11,80.3,83.39,76.37,8.57,0.0,81.76
NPSA,2014,12,80.7,83.21,77.27,22.8,0.0,81.3
NPSA,2015,1,81.51,84.83,78.62,14.47,0.0,77.33
NPSA,2015,2,81.36,84.02,77.81,8.85,0.0,76.41
NPSA,2015,3,81.08,84.47,78.26,15.71,0.0,89.66
NPSA,2015,4,80.95,83.93,76.82,5.34,0.0,66.34
NPSA,2015,5,80.49,84.29,77.45,12.62,0.0,67.03
NPSA,2015,6,80.06,82.76,76.55,3.71,0.0,55.64
NPSA,2015,7,78.97,81.86,76.19,1.61,0.0,52.04
NPSA,2015,8,78.11,81.41,73.76,1.15,0.0,56.73
NPSA,2015,9,78.71,81.32,76.19,0.37,0.0,53.83
NPSA,2015,10,78.92,81.41,76.37,3.95,0.0,71.5
NPSA,2015,11,80.72,83.57,78.17,12.83,0.0,79.55
NPSA,2015,12,80.96,83.39,77.81,11.47,0.0,70.75
NPSA,2016,1,81.83,85.01,79.16,5.61,0.0,67.73
NPSA,2016,2,82.14,85.01,77.45,5.29,0.0,74.34
NPSA,2016,3,81.73,84.92,78.17,9.6,0.0,73.65
NPSA,2016,4,81.48,85.37,78.62,25.39,0.0,94.64
NPSA,2016,5,80.99,83.12,78.08,9.29,0.0,69.76
NPSA,2016,6,80.2,82.67,77.45,3.74,0.0,64.97
NPSA,2016,7,79.27,81.68,76.01,4.38,0.0,54.74
NPSA,2016,8,79.7,82.49,76.01,7.72,0.0,49.19
NPSA,2016,9,79.89,82.94,75.56,4.36,0.0,39.41
NPSA,2016,10,81.14,83.66,77.99,2.38,0.0,44.55
NPSA,2016,11,80.83,84.11,77.45,8.55,0.0,65.09
NPSA,2016,12,81.63,84.47,78.26,10.38,0.0,84.42
NPSA,2017,1,81.98,85.73,78.26,14.36,0.0,81.04
NPSA,2017,2,82.0,85.19,78.35,13.19,0.0,89.5
NPSA,2017,3,81.88,84.92,77.9,10.4,0.0,73.47
NPSA,2017,4,82.01,85.64,78.8,9.92,0.0,65.05
NPSA,2017,5,81.9,84.74,78.44,13.33,0.0,68.56
NPSA,2017,6,81.29,83.48,77.54,2.99,0.0,59.18
NPSA,2017,7,80.6,83.03,77.09,4.31,0.0,45.42
NPSA,2017,8,80.18,82.85,77.18,4.69,0.0,49.73
NPSA,2017,9,80.29,82.22,77.45,5.35,0.0,40.96
NPSA,2017,10,80.18,82.67,76.64,11.59,0.0,68.14
NPSA,2017,11,80.65,83.57,76.28,13.3,0.0,73.08
NPSA,2017,12,81.24,84.47,77.99,13.25,0.0,78.02
NPSA,2018,1,81.04,84.11,77.36,13.56,0.0,79.33
NPSA,2018,2,81.08,84.38,75.02,22.7,0.0,79.79
NPSA,2018,3,81.17,83.75,77.36,7.43,0.0,76.52
NPSA,2018,4,81.09,84.02,77.36,13.42,0.0,67.98
NPSA,2018,5,81.39,84.56,75.65,5.22,0.0,44.0
NPSA,2018,6,81.5,84.92,77.54,2.68,0.0,40.94
NPSA,2018,7,80.08,82.4,75.56,5.86,0.0,50.0
NPSA,2018,8,79.8,82.76,76.91,5.04,0.0,50.33
NPSA,2018,9,80.28,82.85,77.0,3.78,0.0,46.25
NPSA,2018,10,80.48,84.2,76.91,7.46,0.0,56.71
NPSA,2018,11,81.2,84.29,77.09,13.07,0.0,73.01
NPSA,2018,12,81.53,85.1,78.26,17.11,0.0,80.73
NPSA,2019,1,82.48,86.27,78.44,14.43,0.0,84.96
NPSA,2019,2,82.69,86.09,78.26,21.54,0.0,87.07
NPSA,2019,3,82.54,85.55,77.81,7.12,0.0,64.64
NPSA,2019,4,82.51,86.18,77.81,8.16,0.0,65.51
NPSA,2019,5,81.38,84.83,77.36,10.88,0.0,70.67
NPSA,2019,6,81.81,84.65,77.45,3.45,0.0,58.98
NPSA,2019,7,80.44,83.21,75.29,9.0,0.0,66.72
NPSA,2019,8,81.02,83.03,77.36,1.76,0.0,46.95
NPSA,2019,9,80.08,82.31,77.54,4.81,0.0,49.99
NPSA,2019,10,80.44,83.3,76.46,6.58,0.0,65.17
NPSA,2019,11,80.87,84.47,77.0,4.67,0.0,56.09
NPSA,2019,12,81.45,85.1,77.09,13.05,0.0,81.09
NPSA,2020,1,81.46,85.28,78.62,18.64,0.0,81.78
NPSA,2020,2,81.32,85.28,76.64,30.65,0.0,88.24
NPSA,2020,3,82.26,85.19,78.89,4.41,0.0,65.15
NPSA,2020,4,82.22,85.82,78.17,11.45,0.0,69.68
NPSA,2020,5,82.4,85.1,77.81,5.76,0.0,45.77
NPSA,2020,6,80.99,84.56,77.09,16.55,0.0,72.12
NPSA,2020,7,80.45,83.3,76.73,8.89,0.0,52.94
NPSA,2020,8,80.45,82.94,77.09,3.25,0.0,47.6
NPSA,2020,9,80.17,83.12,77.0,4.86,0.0,49.22
NPSA,2020,10,80.45,83.66,76.82,12.84,0.0,62.9
NPSA,2020,11,80.57,84.65,76.91,12.2,0.0,64.06
NPSA,2020,12,80.66,84.2,77.0,13.49,0.0,77.55
NPSA,2021,1,80.87,84.47,76.46,9.75,0.0,64.07
NPSA,2021,2,80.65,84.74,76.91,14.1,0.0,79.66
NPSA,2021,3,81.24,84.56,75.83,10.94,0.0,73.85
NPSA,2021,4,81.21,84.02,76.64,6.32,0.0,57.38
NPSA,2021,5,81.67,84.47,75.92,5.02,0.0,42.53
NPSA,2021,6,80.26,83.57,76.1,6.72,0.0,55.25
NPSA,2021,7,80.41,82.85,77.0,3.09,0.0,39.24
NPSA,2021,8,79.51,82.13,75.65,9.93,0.0,51.48
NPSA,2021,9,80.28,82.85,76.46,1.73,0.0,32.5
NPSA,2021,10,80.69,83.84,74.93,2.85,0.0,54.43
NPSA,2021,11,80.82,85.1,75.11,10.72,0.0,70.43
NPSA,2021,12,80.78,84.92,74.39,10.14,0.0,74.98
NPSA,2022,1,81.76,86.09,75.11,9.63,0.0,86.0
NPSA,2022,2,80.0,84.47,75.65,18.53,0.0,91.0
NPSA,2022,3,81.67,85.1,75.11,5.67,0.0,75.16
NPSA,2022,4,81.61,84.56,74.12,8.39,0.0,61.02
NPSA,2022,5,81.33,84.47,76.19,5.97,0.0,56.72
NPSA,2022,6,80.76,83.75,74.57,4.78,0.0,40.64
NPSA,2022,7,79.83,83.21,75.38,4.85,0.0,43.65
NPSA,2022,8,78.89,82.94,72.95,4.5,0.0,39.99
NPSA,2022,9,79.65,81.95,73.13,2.48,0.0,37.18
NPSA,2022,10,79.92,82.4,75.02,5.6,0.0,51.24
NPSA,2022,11,80.09,84.02,75.92,7.99,0.0,62.56
NPSA,2022,12,80.66,84.47,75.74,10.48,0.0,68.03
NPSA,2023,1,80.65,84.65,76.01,15.5,0.0,80.62
NPSA,2023,2,81.09,84.65,75.92,11.96,0.0,77.03
NPSA,2023,3,81.56,85.1,76.19,12.84,0.0,84.22
NPSA,2023,4,81.41,85.91,75.2,13.45,0.0,70.02
NPSA,2023,5,81.51,84.47,75.29,13.26,0.0,64.94
NPSA,2023,6,81.48,84.65,73.58,5.22,0.0,61.17
NPSA,2023,7,81.12,84.29,77.36,3.69,0.0,59.23
NPSA,2023,8,81.37,83.93,77.54,2.13,0.0,48.92
NPSA,2023,9,80.15,82.58,75.02,4.13,0.0,58.04
NPSA,2023,10,80.38,84.11,76.19,9.3,0.0,72.88
NPSA,2023,11,81.71,84.56,77.45,5.45,0.0,67.43
NPSA,2023,12,81.07,84.02,76.82,21.89,0.0,91.94
NPSA,2024,1,82.86,86.09,77.27,9.68,0.0,83.18
NPSA,2024,2,82.63,85.64,78.53,22.76,0.0,85.36
NPSA,2024,3,83.28,86.54,77.99,8.13,0.0,77.53
NPSA,2024,4,83.48,87.89,78.35,9.41,0.0,72.45
NPSA,2024,5,83.1,86.27,78.08,13.96,0.0,73.87
NPSA,2024,6,81.42,83.93,77.0,6.56,0.0,66.77
NPSA,2024,7,80.3,83.03,76.01,4.7,0.0,58.49
NPSA,2024,8,79.12,81.77,75.83,1.9,0.0,56.19
NPSA,2024,9,79.75,82.22,74.03,8.92,0.0,50.88
NPSA,2024,10,80.52,83.48,75.47,12.61,0.0,59.08
NPSA,2024,11,80.51,84.29,76.28,16.21,0.0,84.8
NPSA,2024,12,81.65,86.09,76.64,9.73,0.0,77.64
NPSA,2025,1,81.74,85.1,77.45,18.15,0.0,76.5
NPSA,2025,2,82.07,85.46,77.72,19.87,0.0,74.34
NPSA,2025,3,81.86,85.1,77.72,9.9,0.0,79.08
NPSA,2025,4,82.33,85.64,77.45,7.1,0.0,67.37
NPSA,2025,5,81.41,84.38,76.64,14.55,0.0,74.85
NPSA,2025,6,81.02,83.66,76.46,4.3,0.0,59.42
NPSA,2025,7,79.99,83.3,75.56,6.85,0.0,57.89
NPSA,2025,8,80.34,82.94,76.46,2.58,0.0,44.67
NPSA,2025,9,79.41,83.3,75.11,2.95,0.0,47.41
NPSA,2025,10,80.07,83.21,75.74,15.0,0.0,73.79
NPSA,2025,11,80.43,84.74,75.2,17.17,0.0,84.98
NPSA,2025,12,82.04,86.72,76.37,7.65,0.0,72.45
NERI,2006,1,36.72,57.19,19.39,2.93,4.8,68.9
NERI,2006,2,29.98,60.25,5.89,0.6,9.65,63.82
NERI,2006,3,39.13,71.77,19.75,1.33,3.64,63.09
NERI,2006,4,52.74,74.47,27.22,5.93,0.0,57.36
NERI,2006,5,54.33,82.57,37.57,3.1,0.0,61.56
NERI,2006,6,63.13,83.2,45.13,6.68,0.0,56.96
NERI,2006,7,68.72,83.56,48.91,4.16,0.0,59.44
NERI,2006,8,68.9,84.82,53.32,5.19,0.0,59.22
NERI,2006,9,58.08,74.92,40.36,4.79,0.0,67.27
NERI,2006,10,48.21,73.48,27.04,5.66,0.08,61.51
NERI,2006,11,42.52,68.8,23.08,2.67,0.83,64.42
NERI,2006,12,37.06,62.68,10.75,1.98,1.43,54.37
NERI,2007,1,32.63,60.07,6.61,3.02,4.91,71.51
NERI,2007,2,22.17,50.08,-8.24,1.77,7.3,57.04
NERI,2007,3,44.9,74.29,18.67,3.8,1.3,64.4
NERI,2007,4,46.36,75.19,19.12,4.81,2.7,59.4
NERI,2007,5,60.03,80.5,37.39,1.94,0.0,49.6
NERI,2007,6,65.92,84.19,50.98,3.35,0.0,60.1
NERI,2007,7,66.75,86.35,50.89,6.03,0.0,61.11
NERI,2007,8,72.54,92.02,55.21,1.79,0.0,44.86
NERI,2007,9,65.06,84.73,39.91,2.54,0.0,31.49
NERI,2007,10,57.52,81.85,29.65,3.41,0.0,49.26
NERI,2007,11,40.43,64.12,22.54,1.91,0.17,58.21
NERI,2007,12,36.36,65.02,14.35,3.09,3.44,77.8
NERI,2008,1,29.02,60.07,2.47,1.18,5.54,67.57
NERI,2008,2,33.39,64.3,10.66,2.34,4.02,73.33
NERI,2008,3,40.3,63.58,16.33,3.91,1.27,67.31
NERI,2008,4,50.17,72.85,27.76,4.74,0.44,66.42
NERI,2008,5,54.84,75.46,36.4,4.64,0.0,64.67
NERI,2008,6,66.58,83.74,48.28,2.77,0.0,48.97
NERI,2008,7,67.43,83.11,50.08,5.75,0.0,51.99
NERI,2008,8,65.3,80.41,48.64,3.92,0.0,55.75
NERI,2008,9,63.58,84.28,48.64,1.85,0.0,53.67
NERI,2008,10,50.11,76.18,28.3,1.01,0.8,42.12
NERI,2008,11,37.12,67.18,10.57,2.65,4.13,57.66
NERI,2008,12,33.68,60.16,3.01,3.94,3.25,73.68
NERI,2009,1,26.4,57.1,-1.04,3.54,7.47,68.25
NERI,2009,2,31.66,61.69,0.67,1.56,4.66,64.88
NERI,2009,3,40.65,68.8,5.62,3.02,4.3,66.82
NERI,2009,4,49.28,78.25,25.33,3.62,1.02,60.08
NERI,2009,5,57.71,75.55,36.31,7.13,0.0,71.63
NERI,2009,6,65.17,78.88,47.56,5.11,0.0,65.89
NERI,2009,7,64.18,77.98,52.42,5.92,0.0,67.47
NERI,2009,8,66.64,80.14,51.34,4.2,0.0,59.9
NERI,2009,9,60.35,75.46,46.21,3.44,0.0,65.81
NERI,2009,10,49.35,76.54,29.02,3.97,0.08,70.66
NERI,2009,11,43.7,63.94,25.69,2.64,0.94,56.11
NERI,2009,12,29.4,56.65,13.36,3.1,18.8,72.32
NERI,2010,1,23.26,48.37,-5.63,3.22,9.54,81.54
NERI,2010,2,23.23,49.99,-6.35,1.04,21.61,83.38
NERI,2010,3,39.43,64.12,11.47,1.97,2.4,63.65
NERI,2010,4,53.45,79.87,31.36,1.43,0.0,49.94
NERI,2010,5,61.13,82.75,34.33,4.28,0.0,64.25
NERI,2010,6,69.3,85.27,50.53,3.84,0.0,55.37
NERI,2010,7,71.06,88.33,48.1,3.67,0.0,53.03
NERI,2010,8,70.45,86.71,54.22,3.25,0.0,55.65
NERI,2010,9,64.05,85.27,46.84,4.02,0.0,39.1
NERI,2010,10,52.15,74.02,31.18,1.73,0.0,41.02
NERI,2010,11,41.73,62.77,24.88,3.4,0.36,45.98
NERI,2010,12,20.58,47.47,-2.12,1.1,16.78,81.85
NERI,2011,1,24.0,47.92,-0.14,0.59,11.55,72.15
NERI,2011,2,34.52,60.25,10.21,3.52,1.41,66.8
NERI,2011,3,39.2,68.62,21.64,4.62,10.72,72.08
NERI,2011,4,53.0,78.16,26.68,5.86,1.38,70.4
NERI,2011,5,58.52,83.56,33.34,5.61,0.0,70.08
NERI,2011,6,66.21,84.37,47.02,5.02,0.0,59.22
NERI,2011,7,70.91,86.17,52.87,3.45,0.0,66.05
NERI,2011,8,67.77,82.57,51.34,3.46,0.0,57.12
NERI,2011,9,61.15,83.38,40.45,4.82,0.0,70.09
NERI,2011,10,49.37,70.69,27.13,3.02,3.58,61.15
NERI,2011,11,44.38,65.2,24.34,4.27,0.85,56.69
NERI,2011,12,36.31,57.91,19.48,3.61,4.85,67.27
NERI,2012,1,33.22,56.83,12.19,2.01,2.23,64.93
NERI,2012,2,35.41,63.31,6.97,2.62,5.24,61.14
NERI,2012,3,49.71,75.73,16.87,4.05,2.43,55.5
NERI,2012,4,49.55,76.27,27.94,3.74,1.85,57.78
NERI,2012,5,61.87,80.05,41.08,5.59,0.0,62.24
NERI,2012,6,64.79,91.66,47.02,2.11,0.0,48.97
NERI,2012,7,71.82,90.76,59.08,4.7,0.0,67.21
NERI,2012,8,66.94,82.39,51.16,2.27,0.0,51.44
NERI,2012,9,60.8,81.49,40.45,5.54,0.0,55.37
NERI,2012,10,49.37,71.95,27.58,2.07,18.91,59.43
NERI,2012,11,36.31,63.94,21.82,0.56,0.47,46.22
NERI,2012,12,37.12,62.05,15.97,3.2,6.39,75.91
NERI,2013,1,32.68,65.02,8.68,5.22,7.85,69.2
NERI,2013,2,29.51,54.49,8.41,1.55,7.39,71.61
NERI,2013,3,32.23,63.49,15.61,2.95,11.52,67.08
NERI,2013,4,49.63,75.91,23.89,2.48,1.57,60.71
NERI,2013,5,56.68,78.07,32.35,5.16,0.0,68.43
NERI,2013,6,64.93,79.06,49.72,6.69,0.0,64.4
NERI,2013,7,67.42,81.49,50.35,5.63,0.0,71.59
NERI,2013,8,65.07,77.35,44.68,4.53,0.0,69.65
NERI,2013,9,60.47,79.06,44.05,1.83,0.0,63.66
NERI,2013,10,51.8,75.91,25.78,2.51,0.17,67.58
NERI,2013,11,36.89,62.59,14.44,3.28,2.65,57.85
NERI,2013,12,33.4,65.02,11.2,3.68,5.95,68.88
NERI,2014,1,21.85,49.99,-14.36,1.5,9.56,60.05
NERI,2014,2,28.36,55.03,2.74,2.07,11.74,69.03
NERI,2014,3,34.71,63.31,-11.12,2.19,12.1,64.17
NERI,2014,4,50.45,76.0,23.26,3.02,0.83,65.12
NERI,2014,5,59.1,79.87,35.5,2.98,0.0,56.66
NERI,2014,6,67.16,83.65,47.92,3.66,0.0,63.4
NERI,2014,7,66.45,83.02,49.27,4.92,0.0,57.39
NERI,2014,8,65.67,81.94,49.63,3.9,0.0,70.09
NERI,2014,9,61.87,80.77,40.09,2.53,0.0,64.13
NERI,2014,10,51.12,73.3,32.44,5.48,0.0,66.46
NERI,2014,11,35.31,64.48,13.45,2.81,4.63,62.48
NERI,2014,12,34.55,54.85,19.57,2.89,2.29,76.49
NERI,2015,1,27.59,54.49,-0.23,2.31,3.72,67.11
NERI,2015,2,20.91,57.37,-14.81,0.9,21.06,69.16
NERI,2015,3,37.52,65.11,0.4,4.26,5.51,70.97
NERI,2015,4,49.8,74.29,28.3,6.42,0.0,66.45
NERI,2015,5,61.33,79.96,38.2,1.85,0.0,61.04
NERI,2015,6,67.25,81.49,50.53,4.91,0.0,71.75
NERI,2015,7,67.81,80.05,56.38,6.02,0.0,75.74
NERI,2015,8,66.08,79.78,49.81,2.37,0.0,57.57
NERI,2015,9,63.12,81.31,43.06,2.86,0.0,60.91
NERI,2015,10,51.48,70.78,29.47,2.72,0.0,55.88
NERI,2015,11,45.81,68.62,22.9,2.31,0.08,63.04
NERI,2015,12,44.67,69.34,22.99,5.11,0.52,74.83
NERI,2016,1,25.96,56.02,4.36,0.87,12.81,57.74
NERI,2016,2,30.68,58.09,-1.94,2.85,9.7,76.94
NERI,2016,3,45.74,71.95,22.0,2.38,1.76,64.01
NERI,2016,4,49.9,73.93,20.65,3.05,2.01,51.77
NERI,2016,5,55.92,77.17,33.25,5.25,0.0,71.46
NERI,2016,6,65.99,81.67,45.67,5.73,0.0,57.15
NERI,2016,7,69.88,86.26,56.11,6.56,0.0,70.51
NERI,2016,8,70.19,84.01,53.32,4.41,0.0,66.9
NERI,2016,9,66.41,82.21,48.28,3.26,0.0,42.3
NERI,2016,10,55.31,75.82,36.49,2.7,0.0,49.39
NERI,2016,11,43.73,72.13,23.17,2.55,0.06,46.95
NERI,2016,12,32.97,57.28,8.23,3.54,2.29,72.64
NERI,2017,1,35.49,62.15,-4.09,4.28,5.81,87.25
NERI,2017,2,40.44,69.35,12.83,2.27,1.98,68.31
NERI,2017,3,39.91,68.36,8.24,4.77,4.74,62.97
NERI,2017,4,54.93,82.49,28.4,4.53,2.56,69.32
NERI,2017,5,57.9,81.32,32.9,8.66,0.0,68.73
NERI,2017,6,65.14,81.32,45.77,3.7,0.0,55.49
NERI,2017,7,69.84,86.18,53.42,4.75,0.0,60.66
NERI,2017,8,66.53,81.77,51.62,2.85,0.0,58.44
NERI,2017,9,61.75,82.31,45.32,2.33,0.0,51.8
NERI,2017,10,55.4,79.34,27.77,5.48,1.68,49.0
NERI,2017,11,42.1,67.01,20.48,1.73,0.44,64.23
NERI,2017,12,31.79,54.41,2.66,2.06,3.33,72.67
NERI,2018,1,27.05,60.26,-2.47,2.02,4.82,64.6
NERI,2018,2,40.7,71.69,-1.75,6.92,8.6,82.03
NERI,2018,3,34.71,73.13,14.54,2.67,20.04,69.9
NERI,2018,4,45.07,78.44,20.21,5.57,3.67,66.99
NERI,2018,5,64.46,80.33,41.54,5.84,0.0,68.3
NERI,2018,6,67.41,83.57,48.56,4.46,0.0,69.13
NERI,2018,7,69.4,85.55,52.88,3.65,0.0,61.17
NERI,2018,8,68.43,82.13,51.71,5.23,0.0,63.08
NERI,2018,9,67.22,84.11,51.44,7.18,0.0,71.28
NERI,2018,10,53.16,78.44,29.03,4.83,0.08,64.38
NERI,2018,11,37.75,64.04,13.73,5.57,3.53,75.05
NERI,2018,12,34.86,62.06,3.56,4.5,12.13,76.34
NERI,2019,1,29.08,55.4,-1.93,2.83,11.6,76.24
NERI,2019,2,37.6,66.56,12.74,6.75,3.91,72.15
NERI,2019,3,37.98,68.54,9.68,2.6,5.59,62.93
NERI,2019,4,52.72,78.26,19.94,5.76,0.0,69.9
NERI,2019,5,63.03,81.59,40.1,5.04,0.0,71.27
NERI,2019,6,65.21,83.3,45.32,4.32,0.0,70.46
NERI,2019,7,71.27,87.71,51.44,3.78,0.0,48.9
NERI,2019,8,69.3,86.36,54.23,2.44,0.0,52.51
NERI,2019,9,69.16,88.34,50.99,0.92,0.0,39.14
NERI,2019,10,55.91,88.07,31.28,5.84,0.0,54.6
NERI,2019,11,37.39,61.7,10.76,2.58,2.04,57.87
NERI,2019,12,37.61,60.53,14.9,3.76,6.12,72.09
NERI,2020,1,35.19,63.95,10.85,3.67,4.0,77.87
NERI,2020,2,36.11,61.34,11.39,6.78,6.17,73.83
NERI,2020,3,46.21,79.7,18.5,5.15,3.17,79.41
NERI,2020,4,46.19,70.16,25.7,6.61,1.65,63.2
NERI,2020,5,54.29,75.2,27.68,6.61,0.47,72.8
NERI,2020,6,64.94,81.05,43.07,6.8,0.0,62.5
NERI,2020,7,72.44,87.62,60.08,3.34,0.0,46.94
NERI,2020,8,68.95,83.57,56.93,4.14,0.0,56.1
NERI,2020,9,61.63,80.06,40.37,2.42,0.0,54.58
NERI,2020,10,54.07,73.13,30.29,4.56,0.0,53.39
NERI,2020,11,45.68,68.63,23.27,2.51,0.94,49.09
NERI,2020,12,32.49,58.46,3.56,2.59,11.99,74.86
NERI,2021,1,30.13,55.22,11.3,1.7,8.07,68.77
NERI,2021,2,30.53,64.04,1.85,3.28,10.91,78.89
NERI,2021,3,43.79,68.36,15.89,5.17,0.03,53.38
NERI,2021,4,48.81,76.01,19.4,2.93,1.3,53.32
NERI,2021,5,56.18,79.7,34.16,2.71,0.0,66.87
NERI,2021,6,66.81,87.62,45.59,4.47,0.0,61.05
NERI,2021,7,70.17,85.82,51.62,3.12,0.0,49.55
NERI,2021,8,70.53,86.45,56.39,4.04,0.0,54.24
NERI,2021,9,63.31,80.78,42.98,2.51,0.0,47.73
NERI,2021,10,56.63,78.71,35.87,4.22,0.0,65.17
NERI,2021,11,38.74,66.11,18.95,1.81,1.93,60.69
NERI,2021,12,42.11,62.96,20.3,2.38,0.85,67.46
NERI,2022,1,26.19,67.82,-3.91,3.65,15.19,71.24
NERI,2022,2,34.55,59.9,14.72,4.43,1.63,59.28
NERI,2022,3,43.17,70.61,3.56,2.91,5.54,64.87
NERI,2022,4,48.88,78.8,25.16,3.29,5.15,66.32
NERI,2022,5,61.39,85.19,39.65,4.66,0.0,63.69
NERI,2022,6,66.78,84.38,45.5,4.84,0.0,59.48
NERI,2022,7,70.76,86.72,55.13,5.54,0.0,66.82
NERI,2022,8,68.35,83.39,53.96,4.65,0.0,49.76
NERI,2022,9,61.43,80.78,39.56,3.25,0.0,52.27
NERI,2022,10,48.59,67.91,30.29,4.11,0.36,49.86
NERI,2022,11,42.99,72.68,17.6,3.03,0.77,56.62
NERI,2022,12,32.95,59.36,-8.14,2.54,2.26,70.25
NERI,2023,1,36.84,64.76,13.91,2.71,4.8,81.54
NERI,2023,2,40.95,72.59,10.58,4.59,1.71,79.06
NERI,2023,3,40.73,69.89,12.02,2.39,2.67,68.47
NERI,2023,4,51.92,79.07,28.04,3.94,0.03,59.58
NERI,2023,5,57.04,77.09,34.34,4.26,0.47,66.94
NERI,2023,6,62.91,80.87,44.96,3.67,0.0,57.02
NERI,2023,7,70.4,86.63,55.58,3.15,0.0,54.21
NERI,2023,8,68.25,84.92,50.54,2.72,0.0,61.09
NERI,2023,9,62.26,84.2,45.68,2.7,0.0,47.81
NERI,2023,10,53.13,77.0,32.27,2.2,0.0,52.47
NERI,2023,11,41.17,71.06,15.71,1.95,0.28,53.57
NERI,2023,12,37.53,58.19,20.3,3.13,5.95,68.96
NERI,2024,1,29.72,60.62,0.59,4.19,13.39,80.63
NERI,2024,2,38.01,61.43,15.35,2.54,3.83,57.67
NERI,2024,3,44.14,69.8,20.12,3.4,0.63,63.65
NERI,2024,4,52.76,78.44,27.32,4.23,3.36,66.34
NERI,2024,5,61.49,80.15,41.0,3.98,0.0,64.51
NERI,2024,6,68.33,88.61,45.59,2.24,0.0,55.08
NERI,2024,7,71.36,89.15,51.71,3.24,0.0,57.53
NERI,2024,8,68.78,87.98,45.86,2.13,0.0,39.86
NERI,2024,9,64.31,83.57,43.43,5.32,0.0,58.81
NERI,2024,10,53.83,75.29,31.46,0.51,0.0,28.58
NERI,2024,11,45.68,74.84,17.6,2.51,3.31,76.56
NERI,2024,12,33.54,60.8,11.03,4.04,5.51,72.93
NERI,2025,1,22.52,49.73,-9.4,2.83,10.94,70.31
NERI,2025,2,32.15,60.71,3.47,5.68,12.59,70.88
NERI,2025,3,45.31,74.39,15.8,1.8,1.96,59.87
NERI,2025,4,54.01,79.16,25.34,3.15,0.25,75.45
NERI,2025,5,57.89,77.81,39.11,5.19,0.0,75.61
NERI,2025,6,69.16,89.06,41.09,4.46,0.0,53.88
NERI,2025,7,72.18,85.19,57.92,4.2,0.0,53.04
NERI,2025,8,66.62,83.57,47.84,2.3,0.0,48.86
NERI,2025,9,63.33,80.33,44.06,1.9,0.0,51.37
NERI,2025,10,51.65,77.72,29.12,2.97,0.0,45.23
NERI,2025,11,42.02,65.48,18.14,2.31,2.51,63.72
NERI,2025,12,32.32,58.46,-0.04,2.48,10.64,81.62
NOCA,2006,1,28.65,37.56,21.63,1.23,128.76,91.84
NOCA,2006,2,23.58,45.12,-3.48,0.23,53.8,67.53
NOCA,2006,3,29.38,44.49,12.81,0.26,25.35,72.07
NOCA,2006,4,36.18,56.64,19.83,0.84,19.18,73.82
NOCA,2006,5,44.95,75.99,27.66,2.8,3.61,66.63
NOCA,2006,6,52.17,85.35,38.1,3.99,0.0,58.7
NOCA,2006,7,60.7,89.67,42.78,0.87,0.0,44.67
NOCA,2006,8,58.45,83.73,39.99,0.45,0.0,41.64
NOCA,2006,9,53.32,83.82,33.87,2.28,0.11,45.32
NOCA,2006,10,41.26,65.37,19.38,2.13,5.98,58.4
NOCA,2006,11,26.88,40.71,-6.81,10.19,92.63,91.12
NOCA,2006,12,24.45,39.27,6.24,0.19,83.01,88.49
NOCA,2007,1,22.7,42.87,-1.32,0.88,73.39,66.7
NOCA,2007,2,29.0,48.09,12.36,0.58,39.22,83.72
NOCA,2007,3,32.06,50.52,11.37,5.22,47.07,87.46
NOCA,2007,4,34.51,55.56,12.63,2.25,19.43,73.59
NOCA,2007,5,43.89,69.24,29.01,1.11,4.6,60.68
NOCA,2007,6,47.9,82.38,33.15,2.46,0.69,74.72
NOCA,2007,7,60.03,84.63,43.05,2.18,0.0,51.22
NOCA,2007,8,55.58,79.77,40.44,1.2,0.0,53.71
NOCA,2007,9,49.47,76.8,29.1,2.19,4.0,59.65
NOCA,2007,10,37.98,62.94,25.77,4.42,23.78,82.11
NOCA,2007,11,30.44,49.17,10.74,2.4,33.48,76.92
NOCA,2007,12,22.15,37.2,0.57,2.77,87.94,89.04
NOCA,2008,1,20.15,37.38,2.19,0.06,66.91,73.04
NOCA,2008,2,28.6,47.1,11.37,0.15,55.17,73.48
NOCA,2008,3,28.31,43.5,14.16,0.67,38.17,80.83
NOCA,2008,4,31.3,52.32,13.89,0.39,16.62,71.52
NOCA,2008,5,42.9,76.44,25.86,2.37,4.3,79.14
NOCA,2008,6,46.6,83.73,29.1,1.86,4.74,69.92
NOCA,2008,7,57.68,81.84,38.64,1.13,0.0,48.01
NOCA,2008,8,56.93,87.15,37.11,4.54,0.0,62.09
NOCA,2008,9,52.25,79.95,33.51,1.19,0.25,53.95
NOCA,2008,10,39.53,75.27,24.6,3.39,7.74,73.07
NOCA,2008,11,33.97,52.05,16.95,5.5,23.54,82.61
NOCA,2008,12,20.55,43.05,-22.02,0.49,57.98,83.01
NOCA,2009,1,24.28,43.05,-1.14,0.72,67.33,70.01
NOCA,2009,2,26.5,46.47,8.31,0.13,18.71,73.88
NOCA,2009,3,25.89,40.44,-6.99,0.44,46.69,74.98
NOCA,2009,4,35.64,58.44,20.64,0.59,18.96,67.19
NOCA,2009,5,42.85,69.69,27.12,2.27,21.77,64.26
NOCA,2009,6,53.07,79.5,37.83,1.8,0.0,59.74
NOCA,2009,7,62.45,87.78,39.36,0.94,0.0,46.3
NOCA,2009,8,58.9,84.72,40.71,1.68,0.0,56.62
NOCA,2009,9,53.32,80.85,31.35,3.11,0.41,56.46
NOCA,2009,10,37.62,53.13,12.45,7.61,18.19,75.17
NOCA,2009,11,30.22,42.15,7.41,2.39,102.55,90.6
NOCA,2009,12,17.77,38.82,-8.79,1.07,27.2,73.77
NOCA,2010,1,28.97,38.28,8.13,1.71,55.09,90.76
NOCA,2010,2,30.43,42.69,11.37,0.41,24.06,71.97
NOCA,2010,3,32.25,48.27,15.78,0.74,39.16,79.42
NOCA,2010,4,34.67,59.88,4.17,1.41,29.9,85.84
NOCA,2010,5,40.23,64.38,22.35,3.3,17.86,78.1
NOCA,2010,6,46.23,63.57,31.35,3.87,2.26,77.67
NOCA,2010,7,57.98,80.76,37.29,0.57,0.0,38.61
NOCA,2010,8,56.75,81.66,37.74,2.36,0.0,49.22
NOCA,2010,9,49.3,72.21,34.68,4.69,0.0,74.55
NOCA,2010,10,42.22,71.13,30.9,3.13,12.24,65.6
NOCA,2010,11,26.71,57.54,-10.14,3.17,47.76,81.26
NOCA,2010,12,22.68,37.11,-11.22,1.85,67.63,80.79
NOCA,2011,1,24.44,44.67,-6.99,3.5,65.7,80.33
NOCA,2011,2,21.6,35.94,-3.84,0.25,53.13,71.15
NOCA,2011,3,29.77,41.52,16.5,0.91,77.22,84.07
NOCA,2011,4,31.03,47.1,21.09,0.29,46.05,76.89
NOCA,2011,5,38.39,58.08,24.51,3.09,14.17,82.02
NOCA,2011,6,45.85,66.0,34.05,2.8,0.5,79.5
NOCA,2011,7,51.77,76.26,34.41,1.67,0.0,63.69
NOCA,2011,8,57.22,79.23,39.99,0.46,0.0,42.66
NOCA,2011,9,55.09,84.18,34.95,2.12,0.17,49.92
NOCA,2011,10,39.32,55.47,28.11,4.92,6.89,79.83
NOCA,2011,11,26.96,41.43,-1.41,1.08,81.35,80.45
NOCA,2011,12,23.67,41.07,-0.96,0.5,45.64,73.27
NOCA,2012,1,23.18,35.22,3.81,0.57,90.81,84.98
NOCA,2012,2,26.64,40.35,8.58,0.21,51.04,74.9
NOCA,2012,3,28.24,50.16,14.34,0.28,87.11,82.62
NOCA,2012,4,35.86,61.14,19.56,2.06,22.13,84.01
NOCA,2012,5,41.6,71.04,25.23,2.12,6.15,71.05
NOCA,2012,6,45.06,69.33,30.99,4.57,0.72,86.36
NOCA,2012,7,58.1,82.2,36.93,2.37,0.19,51.97
NOCA,2012,8,60.44,85.89,40.53,0.26,0.0,40.29
NOCA,2012,9,55.72,81.03,34.5,0.36,0.0,36.66
NOCA,2012,10,40.98,66.9,26.31,9.8,13.59,72.13
NOCA,2012,11,31.05,49.53,5.34,2.89,59.72,87.88
NOCA,2012,12,23.94,34.86,7.5,0.13,80.53,90.4
NOCA,2013,1,22.36,36.75,-4.02,0.13,53.49,71.14
NOCA,2013,2,28.05,47.64,13.8,0.15,41.34,81.66
NOCA,2013,3,30.52,59.07,9.03,1.82,45.2,68.3
NOCA,2013,4,34.95,52.59,22.08,2.23,36.98,76.14
NOCA,2013,5,45.45,72.48,26.49,4.13,2.65,64.4
NOCA,2013,6,50.2,81.66,35.94,2.15,2.04,70.51
NOCA,2013,7,60.94,89.4,41.52,0.2,0.0,30.9
NOCA,2013,8,59.27,80.04,42.78,2.31,0.0,69.79
NOCA,2013,9,52.61,81.93,31.17,8.69,7.96,67.03
NOCA,2013,10,39.3,62.67,24.87,1.27,7.55,46.15
NOCA,2013,11,30.53,46.92,-3.75,1.65,48.75,86.71
NOCA,2013,12,22.84,39.9,-8.79,0.48,33.26,83.48
NOCA,2014,1,28.9,45.75,2.46,0.65,60.35,65.47
NOCA,2014,2,20.57,42.24,-14.28,0.05,80.33,75.21
NOCA,2014,3,31.26,43.41,16.59,1.89,82.81,83.21
NOCA,2014,4,35.54,64.29,25.77,1.22,25.57,78.38
NOCA,2014,5,44.61,69.6,29.82,3.8,4.24,82.21
NOCA,2014,6,48.85,70.77,34.86,3.86,0.0,71.23
NOCA,2014,7,61.33,86.43,41.61,2.21,0.0,46.62
NOCA,2014,8,60.77,87.87,45.21,1.59,0.0,52.15
NOCA,2014,9,53.6,77.43,34.23,2.81,0.0,53.14
NOCA,2014,10,44.47,65.28,29.46,8.61,5.87,87.87
NOCA,2014,11,29.42,47.82,-12.48,7.15,40.48,69.35
NOCA,2014,12,24.33,37.83,-7.35,3.3,36.3,79.21
NOCA,2015,1,30.44,49.53,9.3,2.19,39.77,75.15
NOCA,2015,2,32.75,51.69,13.26,3.84,20.09,77.11
NOCA,2015,3,36.29,57.0,20.28,4.11,23.7,78.83
NOCA,2015,4,37.06,60.78,23.52,0.78,16.43,66.47
NOCA,2015,5,49.67,70.5,30.45,2.04,1.35,65.52
NOCA,2015,6,59.49,89.58,39.54,1.03,0.0,44.58
NOCA,2015,7,62.98,85.44,44.22,0.79,0.0,41.68
NOCA,2015,8,60.09,87.78,43.14,3.43,0.0,57.63
NOCA,2015,9,48.59,78.87,32.43,3.32,0.08,65.41
NOCA,2015,10,45.67,69.15,29.73,5.67,1.32,78.68
NOCA,2015,11,25.78,38.01,0.84,4.67,60.3,71.73
NOCA,2015,12,24.65,35.67,1.92,1.98,94.03,84.51
NOCA,2016,1,25.66,39.45,-1.68,2.77,49.8,72.73
NOCA,2016,2,31.07,49.44,11.01,2.29,46.49,84.08
NOCA,2016,3,32.55,57.72,13.26,1.22,58.78,77.47
NOCA,2016,4,41.77,72.66,25.41,1.55,6.39,72.03
NOCA,2016,5,46.34,70.77,31.44,2.61,0.94,69.22
NOCA,2016,6,52.6,83.64,33.87,3.11,0.72,67.45
NOCA,2016,7,55.46,79.5,42.42,2.07,0.0,63.84
NOCA,2016,8,59.47,80.85,41.79,1.13,0.0,44.63
NOCA,2016,9,49.06,72.75,31.35,2.83,0.08,63.52
NOCA,2016,10,39.22,53.13,25.68,11.62,8.71,84.53
NOCA,2016,11,34.34,56.19,18.39,4.39,46.82,90.48
NOCA,2016,12,18.22,32.61,-8.61,0.03,62.42,81.62
NOCA,2017,1,19.44,36.77,-1.93,0.43,38.64,61.89
NOCA,2017,2,24.28,47.03,6.98,2.5,71.21,75.5
NOCA,2017,3,29.96,42.35,14.27,3.87,110.81,90.1
NOCA,2017,4,34.1,51.53,21.47,2.0,29.35,80.68
NOCA,2017,5,45.07,77.36,23.54,2.17,5.73,63.33
NOCA,2017,6,51.9,85.37,32.99,2.94,0.0,62.29
NOCA,2017,7,59.25,83.39,38.84,0.16,0.0,28.36
NOCA,2017,8,63.55,90.41,39.56,0.28,0.0,26.84
NOCA,2017,9,53.9,91.85,35.96,1.81,0.14,49.81
NOCA,2017,10,39.01,63.41,28.04,6.5,25.22,61.86
NOCA,2017,11,29.28,44.06,10.4,7.4,90.34,91.0
NOCA,2017,12,23.76,37.58,3.83,0.02,75.73,69.99
NOCA,2018,1,28.55,39.47,13.28,1.54,122.89,87.42
NOCA,2018,2,23.04,37.4,-0.94,1.93,64.07,76.13
NOCA,2018,3,29.7,52.52,14.81,0.21,40.73,71.43
NOCA,2018,4,35.53,69.44,21.2,1.95,49.77,79.24
NOCA,2018,5,47.6,73.58,29.03,1.16,0.0,56.07
NOCA,2018,6,49.6,79.34,31.37,2.99,0.69,67.71
NOCA,2018,7,60.63,89.78,38.84,0.85,0.0,32.05
NOCA,2018,8,60.13,89.15,37.76,0.83,0.0,31.86
NOCA,2018,9,48.17,75.2,33.89,4.7,0.0,64.14
NOCA,2018,10,41.44,63.41,24.98,6.3,6.31,58.88
NOCA,2018,11,33.18,49.64,20.75,8.07,33.59,75.07
NOCA,2018,12,25.63,35.69,12.11,0.29,114.34,73.94
NOCA,2019,1,25.98,42.8,13.55,0.39,75.29,73.13
NOCA,2019,2,16.65,34.79,-3.19,0.02,38.33,65.26
NOCA,2019,3,30.0,58.1,4.73,0.21,11.08,56.28
NOCA,2019,4,35.56,52.61,22.1,3.35,23.78,76.92
NOCA,2019,5,47.81,72.14,26.96,2.74,0.22,64.02
NOCA,2019,6,50.49,77.27,34.61,1.94,0.19,69.51
NOCA,2019,7,54.63,74.12,39.2,2.42,0.0,56.99
NOCA,2019,8,58.3,81.77,38.39,1.42,0.0,50.74
NOCA,2019,9,49.31,77.99,28.49,5.39,0.91,77.62
NOCA,2019,10,36.51,56.21,19.76,5.63,16.09,69.49
NOCA,2019,11,31.96,55.04,7.25,2.0,12.26,69.46
NOCA,2019,12,27.65,39.2,8.24,1.34,89.18,88.08
NOCA,2020,1,26.32,41.45,7.07,3.43,154.44,94.64
NOCA,2020,2,25.91,42.35,10.94,1.11,67.13,72.78
NOCA,2020,3,28.2,46.85,5.36,0.09,53.96,67.34
NOCA,2020,4,35.0,57.2,16.88,1.68,12.24,66.62
NOCA,2020,5,43.68,73.76,26.96,3.91,3.56,78.05
NOCA,2020,6,48.85,72.77,30.56,4.47,0.03,77.91
NOCA,2020,7,55.55,87.26,34.7,1.45,0.0,47.47
NOCA,2020,8,56.34,89.24,36.23,1.16,0.0,41.12
NOCA,2020,9,55.48,84.29,37.76,5.03,0.08,45.63
NOCA,2020,10,40.29,73.85,3.47,7.05,15.54,71.79
NOCA,2020,11,30.18,57.47,19.49,5.13,82.29,80.64
NOCA,2020,12,27.38,38.48,13.1,1.36,82.93,77.97
NOCA,2021,1,26.26,35.33,10.4,1.54,94.14,81.54
NOCA,2021,2,23.42,33.44,4.01,0.09,92.05,87.37
NOCA,2021,3,30.16,50.9,13.46,0.18,35.83,69.79
NOCA,2021,4,36.1,62.96,15.44,0.74,13.48,50.31
NOCA,2021,5,42.71,69.26,26.06,2.21,4.49,63.77
NOCA,2021,6,56.62,100.31,30.38,1.83,0.39,46.83
NOCA,2021,7,61.88,89.51,38.3,0.37,0.0,26.33
NOCA,2021,8,58.11,88.79,37.67,2.07,0.0,56.0
NOCA,2021,9,50.03,77.81,32.45,9.11,0.0,67.64
NOCA,2021,10,37.18,56.93,15.26,7.32,24.2,79.14
NOCA,2021,11,31.65,47.12,15.62,14.7,72.7,94.87
NOCA,2021,12,19.63,40.28,-14.08,1.65,92.6,90.39
NOCA,2022,1,26.24,44.15,0.5,2.72,77.39,86.65
NOCA,2022,2,26.67,48.02,-2.38,0.37,49.94,76.88
NOCA,2022,3,31.92,53.15,13.37,1.33,36.57,82.94
NOCA,2022,4,31.63,59.72,14.99,0.63,45.42,83.0
NOCA,2022,5,37.67,59.36,26.24,3.22,15.6,85.15
NOCA,2022,6,49.22,83.21,28.94,4.64,0.0,78.18
NOCA,2022,7,60.02,89.96,38.12,1.35,0.0,41.16
NOCA,2022,8,63.24,89.87,37.13,0.47,0.0,39.44
NOCA,2022,9,55.29,89.42,35.69,0.63,0.0,47.63
NOCA,2022,10,47.7,74.84,27.86,2.39,37.95,58.61
NOCA,2022,11,24.5,40.82,0.23,1.9,57.65,72.72
NOCA,2022,12,19.95,36.86,-6.16,1.62,87.28,81.93
NOCA,2023,1,26.38,38.75,4.73,0.91,37.84,85.34
NOCA,2023,2,23.75,36.23,-3.46,0.02,66.83,88.79
NOCA,2023,3,27.27,47.03,7.16,0.05,40.76,74.78
NOCA,2023,4,33.26,68.99,17.15,1.96,30.23,78.81
NOCA,2023,5,48.48,75.83,28.67,1.28,1.07,59.54
NOCA,2023,6,52.74,78.17,31.1,2.61,0.47,56.07
NOCA,2023,7,59.4,81.68,40.91,0.88,0.0,35.99
NOCA,2023,8,60.49,90.32,40.64,1.77,0.0,35.78
NOCA,2023,9,50.43,75.29,31.73,2.7,0.33,58.93
NOCA,2023,10,42.68,70.61,21.92,2.26,4.69,65.0
NOCA,2023,11,29.21,49.91,10.94,4.4,34.23,75.55
NOCA,2023,12,28.37,41.54,3.74,6.23,45.5,89.99
NOCA,2024,1,23.6,44.78,-21.37,3.69,68.29,90.47
NOCA,2024,2,25.85,41.36,2.21,0.46,50.52,81.04
NOCA,2024,3,28.86,61.61,-1.03,0.34,28.36,68.66
NOCA,2024,4,32.87,53.87,11.48,1.03,26.93,71.46
NOCA,2024,5,40.7,68.54,15.08,2.94,6.61,70.82
NOCA,2024,6,49.11,75.2,33.62,5.2,1.35,72.35
NOCA,2024,7,61.4,86.81,39.29,0.94,0.0,25.55
NOCA,2024,8,58.64,85.55,37.13,2.58,0.0,51.55
NOCA,2024,9,53.94,86.63,28.67,2.23,0.28,62.17
NOCA,2024,10,40.97,66.29,27.41,8.69,12.35,77.4
NOCA,2024,11,30.45,51.53,14.63,1.16,62.97,91.43
NOCA,2024,12,28.68,42.53,10.49,2.99,75.7,86.6
NOCA,2025,1,24.32,43.43,7.25,0.19,24.8,64.88
NOCA,2025,2,21.45,47.93,-9.85,1.29,50.79,79.42
NOCA,2025,3,31.37,56.75,16.61,3.16,64.71,87.67
NOCA,2025,4,36.7,56.57,18.68,1.45,10.56,65.38
NOCA,2025,5,41.41,67.91,28.58,1.5,5.4,72.0
NOCA,2025,6,51.1,78.44,32.54,1.03,0.0,56.18
NOCA,2025,7,59.43,84.47,42.35,1.08,0.0,40.92
NOCA,2025,8,60.5,85.55,40.37,2.52,0.0,57.67
NOCA,2025,9,57.24,88.79,37.49,1.37,0.0,47.8
NOCA,2025,10,39.57,64.13,25.43,5.37,28.83,72.75
NOCA,2025,11,33.73,51.98,20.21,9.27,25.6,92.84
NOCA,2025,12,29.02,42.26,7.34,8.98,96.68,94.31
OLYM,2006,1,28.39,40.12,18.7,12.88,88.11,95.71
OLYM,2006,2,25.19,42.46,3.4,3.03,24.36,68.21
OLYM,2006,3,27.13,39.94,10.51,4.35,54.84,83.14
OLYM,2006,4,32.12,54.25,19.78,2.48,18.93,70.74
OLYM,2006,5,40.2,71.53,21.85,4.19,1.1,71.06
OLYM,2006,6,48.57,79.27,34.36,3.84,0.0,58.18
OLYM,2006,7,54.67,82.69,36.61,1.17,0.0,40.58
OLYM,2006,8,53.51,73.33,38.14,0.19,0.0,33.82
OLYM,2006,9,50.26,77.2,30.04,2.47,0.0,34.06
OLYM,2006,10,40.31,63.07,20.23,2.42,0.3,55.47
OLYM,2006,11,28.75,46.51,5.02,22.69,74.27,92.31
OLYM,2006,12,26.95,40.75,13.48,8.15,51.56,88.61
OLYM,2007,1,25.2,42.73,2.77,7.01,46.55,74.11
OLYM,2007,2,27.87,43.27,14.38,5.33,42.39,88.75
OLYM,2007,3,30.1,45.7,11.32,10.29,25.02,90.69
OLYM,2007,4,31.84,56.23,18.7,5.36,16.78,84.4
OLYM,2007,5,40.23,64.42,22.84,2.7,3.53,64.5
OLYM,2007,6,44.29,69.46,30.76,4.38,0.03,77.36
OLYM,2007,7,53.18,79.81,37.6,4.27,0.0,57.17
OLYM,2007,8,50.35,71.26,37.6,1.96,0.0,58.56
OLYM,2007,9,46.49,72.34,28.96,4.61,0.0,54.69
OLYM,2007,10,36.57,64.69,23.83,9.2,7.0,77.97
OLYM,2007,11,30.15,49.21,15.73,6.99,19.1,75.38
OLYM,2007,12,24.82,40.75,11.59,10.9,85.3,87.74
OLYM,2008,1,22.88,33.37,7.27,2.6,78.27,74.16
OLYM,2008,2,27.45,48.4,11.41,1.94,41.42,78.5
OLYM,2008,3,26.17,41.11,12.85,2.56,46.19,83.88
OLYM,2008,4,28.17,53.35,13.3,1.86,23.92,76.71
OLYM,2008,5,38.85,71.17,22.48,2.7,0.99,75.44
OLYM,2008,6,43.29,76.75,29.32,2.63,5.18,66.36
OLYM,2008,7,51.83,71.71,36.79,1.38,0.0,40.79
OLYM,2008,8,52.0,79.63,34.0,5.44,0.0,60.15
OLYM,2008,9,49.52,73.78,29.77,1.47,0.0,46.0
OLYM,2008,10,38.3,65.59,22.57,6.87,1.82,74.25
OLYM,2008,11,34.81,51.37,18.16,13.54,11.71,87.42
OLYM,2008,12,22.44,42.46,-9.11,1.74,61.65,76.38
OLYM,2009,1,26.5,45.88,8.35,6.63,32.74,70.6
OLYM,2009,2,26.18,46.06,7.54,1.8,20.83,74.22
OLYM,2009,3,25.15,43.36,7.36,2.6,46.3,79.13
OLYM,2009,4,31.99,52.63,16.54,2.73,16.87,71.07
OLYM,2009,5,39.25,63.97,24.82,5.48,8.43,68.05
OLYM,2009,6,49.09,73.87,32.65,2.07,0.0,64.01
OLYM,2009,7,58.1,84.58,38.86,0.89,0.0,34.93
OLYM,2009,8,53.89,78.19,37.96,1.39,0.0,47.32
OLYM,2009,9,49.45,76.93,28.24,3.98,0.06,52.95
OLYM,2009,10,37.9,54.34,24.91,14.26,3.06,73.53
OLYM,2009,11,30.32,52.81,7.27,15.84,68.37,89.14
OLYM,2009,12,21.85,36.88,-3.89,5.13,17.72,59.48
OLYM,2010,1,31.11,38.41,17.98,13.6,30.56,94.25
OLYM,2010,2,30.9,42.55,21.22,6.28,19.59,75.44
OLYM,2010,3,29.72,47.05,13.66,3.85,40.73,80.63
OLYM,2010,4,31.14,49.75,15.91,4.45,37.18,87.52
OLYM,2010,5,36.32,54.16,15.64,6.87,12.87,80.75
OLYM,2010,6,43.4,60.73,29.14,4.1,0.03,74.63
OLYM,2010,7,54.0,76.21,36.61,0.48,0.0,22.62
OLYM,2010,8,53.61,78.46,34.36,1.35,0.0,36.88
OLYM,2010,9,47.14,67.12,31.93,6.04,0.0,72.94
OLYM,2010,10,39.53,62.35,24.46,9.94,5.95,65.35
OLYM,2010,11,28.12,59.2,-4.16,6.15,35.63,78.67
OLYM,2010,12,25.76,38.77,-0.2,11.22,61.84,82.89
OLYM,2011,1,26.93,46.42,0.16,10.97,24.61,84.79
OLYM,2011,2,23.02,41.47,-0.29,2.72,43.52,79.46
OLYM,2011,3,27.64,39.58,9.34,8.26,66.89,88.62
OLYM,2011,4,27.79,43.9,15.28,2.98,46.3,77.28
OLYM,2011,5,33.73,49.93,22.39,4.57,8.6,80.4
OLYM,2011,6,42.53,60.82,29.5,2.35,0.0,77.27
OLYM,2011,7,48.34,69.01,34.63,2.69,0.0,58.51
OLYM,2011,8,52.18,73.6,35.8,0.83,0.0,42.03
OLYM,2011,9,51.54,79.81,31.75,4.69,0.0,49.55
OLYM,2011,10,37.66,59.2,21.85,7.26,0.44,75.72
OLYM,2011,11,26.62,47.41,0.79,8.13,43.71,77.84
OLYM,2011,12,27.18,46.42,5.38,5.37,16.81,63.47
OLYM,2012,1,25.08,39.85,-1.28,7.99,57.93,87.19
OLYM,2012,2,27.02,44.71,2.14,4.24,46.85,81.25
OLYM,2012,3,26.03,44.08,10.69,3.78,100.18,85.33
OLYM,2012,4,32.06,52.54,17.89,5.7,17.39,85.38
OLYM,2012,5,37.77,65.41,20.86,4.12,5.35,69.91
OLYM,2012,6,41.66,57.67,24.73,5.0,0.11,87.7
OLYM,2012,7,52.32,70.99,33.46,1.89,0.0,49.98
OLYM,2012,8,55.1,79.0,37.33,0.51,0.0,38.67
OLYM,2012,9,51.41,72.97,30.31,0.27,0.0,27.56
OLYM,2012,10,39.57,64.42,21.4,14.06,6.92,64.79
OLYM,2012,11,31.34,49.93,13.39,12.37,27.72,82.67
OLYM,2012,12,25.43,32.74,11.59,4.37,97.72,91.48
OLYM,2013,1,26.72,45.88,9.43,3.72,32.96,73.58
OLYM,2013,2,28.06,45.97,14.47,2.46,40.79,87.56
OLYM,2013,3,29.39,55.51,15.1,5.5,30.04,77.84
OLYM,2013,4,33.08,51.64,19.06,6.36,18.52,73.59
OLYM,2013,5,42.21,66.85,23.65,6.44,0.28,70.36
OLYM,2013,6,47.0,73.33,32.11,4.61,0.0,70.83
OLYM,2013,7,55.04,73.69,36.07,0.16,0.0,21.8
OLYM,2013,8,53.49,71.62,37.78,3.36,0.0,65.68
OLYM,2013,9,49.01,76.93,29.86,9.83,0.11,59.85
OLYM,2013,10,39.72,61.99,25.18,2.58,0.72,42.94
OLYM,2013,11,31.74,50.29,16.09,7.1,10.28,82.17
OLYM,2013,12,25.67,41.2,-0.92,3.19,9.95,76.61
OLYM,2014,1,31.36,51.1,21.85,6.74,21.66,66.92
OLYM,2014,2,24.75,42.82,1.24,4.96,58.07,78.5
OLYM,2014,3,29.93,45.52,15.55,12.17,35.77,85.59
OLYM,2014,4,33.82,65.59,19.96,6.38,16.62,80.74
OLYM,2014,5,43.21,68.92,26.17,5.5,1.3,81.99
OLYM,2014,6,46.63,63.34,32.65,2.38,0.0,63.79
OLYM,2014,7,56.32,78.1,38.77,0.81,0.0,37.8
OLYM,2014,8,57.25,83.41,40.21,1.05,0.0,41.12
OLYM,2014,9,51.29,73.87,36.16,3.83,0.0,44.67
OLYM,2014,10,43.68,64.6,30.49,16.25,0.22,80.29
OLYM,2014,11,31.91,48.4,7.9,13.74,8.05,67.12
OLYM,2014,12,28.13,43.72,-0.29,14.08,18.24,76.6
OLYM,2015,1,32.87,54.34,14.29,8.69,7.88,77.52
OLYM,2015,2,35.11,52.09,21.31,9.32,2.01,77.21
OLYM,2015,3,35.15,55.78,22.39,8.09,8.98,78.93
OLYM,2015,4,34.01,61.0,17.89,2.93,16.2,69.64
OLYM,2015,5,45.35,64.33,21.4,2.77,0.47,66.79
OLYM,2015,6,54.06,80.62,34.81,0.54,0.0,40.37
OLYM,2015,7,57.55,79.9,38.77,1.14,0.0,40.99
OLYM,2015,8,55.4,78.91,40.84,3.98,0.0,52.35
OLYM,2015,9,45.28,72.16,28.33,5.0,0.14,56.78
OLYM,2015,10,44.52,64.87,31.84,9.78,0.0,78.12
OLYM,2015,11,28.76,42.91,7.45,12.38,21.88,59.63
OLYM,2015,12,25.94,42.19,3.94,13.32,74.55,86.06
OLYM,2016,1,27.29,39.04,4.57,11.86,22.74,77.47
OLYM,2016,2,30.69,54.61,15.55,8.2,30.2,87.32
OLYM,2016,3,30.8,55.78,16.63,9.24,46.6,81.76
OLYM,2016,4,40.48,67.84,24.28,2.83,3.91,72.91
OLYM,2016,5,44.97,65.77,28.78,2.53,0.0,66.56
OLYM,2016,6,47.75,77.74,28.24,3.62,0.22,64.83
OLYM,2016,7,50.92,73.6,37.15,2.2,0.0,59.05
OLYM,2016,8,55.49,79.81,38.23,1.19,0.0,37.6
OLYM,2016,9,46.07,66.22,32.11,3.67,0.0,56.48
OLYM,2016,10,38.35,51.1,25.99,21.41,0.08,88.8
OLYM,2016,11,35.17,54.7,23.2,15.02,41.61,90.81
OLYM,2016,12,20.88,34.0,2.05,2.2,61.51,78.01
OLYM,2017,1,21.68,36.89,2.42,2.06,38.64,68.05
OLYM,2017,2,23.55,42.02,7.19,6.34,61.43,81.85
OLYM,2017,3,26.64,37.7,10.61,3.91,133.88,92.91
OLYM,2017,4,29.47,43.64,18.98,1.48,83.37,87.93
OLYM,2017,5,37.84,68.93,19.79,1.87,14.91,67.68
OLYM,2017,6,45.79,78.02,24.11,2.96,0.25,63.16
OLYM,2017,7,53.27,74.78,34.1,0.3,0.0,29.1
OLYM,2017,8,58.27,85.04,34.55,0.34,0.0,25.06
OLYM,2017,9,49.55,85.31,27.17,1.94,0.58,56.71
OLYM,2017,10,37.25,67.94,23.03,9.56,12.24,59.25
OLYM,2017,11,27.71,41.03,8.09,10.12,146.83,94.27
OLYM,2017,12,26.71,48.68,5.03,2.76,71.6,71.83
OLYM,2018,1,29.06,45.71,18.8,5.99,157.39,91.16
OLYM,2018,2,22.28,37.61,0.35,0.94,56.08,80.77
OLYM,2018,3,26.53,44.54,12.23,0.35,41.42,73.74
OLYM,2018,4,32.22,62.72,17.27,2.68,88.69,83.53
OLYM,2018,5,42.44,65.33,24.2,1.3,1.87,55.94
OLYM,2018,6,44.34,71.18,26.18,3.04,1.27,70.59
OLYM,2018,7,55.49,82.07,32.3,1.21,0.0,30.69
OLYM,2018,8,55.24,81.89,33.11,1.07,0.0,32.12
OLYM,2018,9,43.91,70.64,22.31,7.01,0.0,58.16
OLYM,2018,10,39.26,62.99,20.87,7.57,5.1,59.03
OLYM,2018,11,32.41,52.91,13.22,13.81,22.52,77.58
OLYM,2018,12,25.34,36.26,-1.99,6.88,118.5,80.35
OLYM,2019,1,30.72,46.7,13.67,7.16,65.73,76.3
OLYM,2019,2,17.86,31.49,0.98,0.29,45.39,74.52
OLYM,2019,3,28.05,51.74,7.46,0.18,16.43,58.09
OLYM,2019,4,31.42,45.44,19.61,2.94,35.58,80.09
OLYM,2019,5,41.85,64.79,24.11,1.94,0.47,57.69
OLYM,2019,6,45.53,73.34,26.45,1.7,0.66,68.49
OLYM,2019,7,49.15,66.5,30.23,3.81,0.0,69.23
OLYM,2019,8,52.72,76.58,32.93,3.02,0.0,56.81
OLYM,2019,9,44.01,69.38,23.12,7.6,1.05,72.6
OLYM,2019,10,34.51,53.99,17.36,9.33,10.53,71.84
OLYM,2019,11,33.64,53.45,14.3,4.26,2.07,63.74
OLYM,2019,12,27.29,39.05,4.22,5.91,62.06,92.24
OLYM,2020,1,26.09,38.51,7.55,11.87,186.46,96.75
OLYM,2020,2,25.1,38.33,9.8,3.5,67.57,76.39
OLYM,2020,3,25.58,43.01,7.73,0.15,50.52,69.91
OLYM,2020,4,32.45,49.67,15.29,2.1,7.44,66.72
OLYM,2020,5,38.83,66.23,21.14,4.57,5.76,81.27
OLYM,2020,6,43.74,67.4,28.61,4.53,1.41,77.1
OLYM,2020,7,50.9,82.07,32.3,1.11,0.0,50.38
OLYM,2020,8,51.57,80.72,31.49,2.67,0.0,46.45
OLYM,2020,9,52.52,78.65,28.16,8.14,0.0,48.98
OLYM,2020,10,38.62,70.01,16.37,9.15,3.53,71.58
OLYM,2020,11,29.28,58.31,8.9,7.33,85.43,81.83
OLYM,2020,12,27.7,39.68,11.15,5.3,105.91,81.71
OLYM,2021,1,26.91,38.15,14.48,5.21,123.33,84.04
OLYM,2021,2,23.32,33.2,11.15,1.17,104.2,89.66
OLYM,2021,3,26.26,44.63,10.97,0.04,79.37,72.72
OLYM,2021,4,33.17,58.04,14.3,0.83,16.95,53.64
OLYM,2021,5,37.28,63.62,21.41,2.33,8.6,66.57
OLYM,2021,6,50.93,95.03,24.11,2.22,5.54,49.58
OLYM,2021,7,56.85,83.24,31.49,0.02,0.0,25.99
OLYM,2021,8,54.23,84.68,31.94,1.03,0.0,51.58
OLYM,2021,9,45.86,74.69,28.34,11.19,0.0,68.69
OLYM,2021,10,33.84,50.39,18.26,15.31,35.96,83.65
OLYM,2021,11,30.09,40.31,9.98,23.82,62.56,96.88
OLYM,2021,12,20.12,36.44,-7.03,1.6,116.05,95.32
OLYM,2022,1,29.37,50.21,5.21,7.15,70.47,85.35
OLYM,2022,2,26.82,53.09,0.17,2.09,49.47,73.57
OLYM,2022,3,28.76,44.45,12.05,1.44,56.0,85.1
OLYM,2022,4,26.41,46.79,12.14,0.64,93.2,86.94
OLYM,2022,5,32.33,53.0,21.77,3.54,39.99,89.66
OLYM,2022,6,41.71,75.32,24.47,5.66,0.8,81.97
OLYM,2022,7,55.11,86.3,33.74,1.11,0.0,45.38
OLYM,2022,8,57.72,83.33,35.54,0.89,0.0,34.13
OLYM,2022,9,50.82,79.46,32.66,1.19,0.0,42.27
OLYM,2022,10,44.91,72.98,19.25,7.68,21.72,56.9
OLYM,2022,11,26.13,50.39,3.41,5.93,54.48,68.59
OLYM,2022,12,23.39,39.68,0.17,8.13,79.45,83.09
OLYM,2023,1,26.87,38.42,9.26,4.28,75.7,89.78
OLYM,2023,2,23.36,35.81,4.49,0.44,92.63,91.64
OLYM,2023,3,24.56,40.49,8.72,0.09,63.58,86.62
OLYM,2023,4,28.8,57.86,13.22,1.81,79.54,89.1
OLYM,2023,5,42.92,68.48,23.39,0.95,2.76,58.1
OLYM,2023,6,47.91,72.35,24.11,1.69,1.07,51.14
OLYM,2023,7,53.52,72.8,32.3,1.82,0.0,37.64
OLYM,2023,8,55.59,84.32,32.57,0.87,0.0,42.44
OLYM,2023,9,45.08,71.09,24.56,5.45,0.08,58.82
OLYM,2023,10,38.8,69.11,4.22,4.6,10.69,67.03
OLYM,2023,11,29.0,44.63,-0.91,8.85,32.93,73.69
OLYM,2023,12,29.27,45.89,2.06,10.71,47.1,91.62
OLYM,2024,1,26.0,44.81,-14.32,9.09,88.52,92.75
OLYM,2024,2,25.36,37.07,5.66,1.45,65.4,88.98
OLYM,2024,3,27.51,58.13,-0.64,0.47,64.96,77.59
OLYM,2024,4,28.81,46.52,9.71,1.39,36.79,72.87
OLYM,2024,5,34.38,58.85,9.08,3.06,13.39,71.33
OLYM,2024,6,43.2,65.42,23.93,5.0,6.7,72.27
OLYM,2024,7,56.51,80.45,35.63,1.4,0.0,22.46
OLYM,2024,8,53.09,79.46,30.95,3.59,0.0,52.78
OLYM,2024,9,49.05,80.9,23.21,3.52,0.0,61.19
OLYM,2024,10,37.58,59.48,23.3,11.17,12.65,80.94
OLYM,2024,11,27.82,45.8,9.08,4.98,77.39,95.45
OLYM,2024,12,28.9,46.25,4.4,8.31,88.88,85.65
OLYM,2025,1,26.19,46.7,5.03,0.67,28.41,57.93
OLYM,2025,2,22.49,46.61,-5.41,3.14,57.1,88.34
OLYM,2025,3,28.35,52.64,4.85,4.3,96.84,94.46
OLYM,2025,4,32.94,52.64,13.04,1.52,22.1,66.0
OLYM,2025,5,36.43,57.59,22.13,2.42,8.68,72.34
OLYM,2025,6,44.97,70.73,24.11,1.38,0.0,62.36
OLYM,2025,7,54.62,74.87,33.74,0.45,0.0,31.58
OLYM,2025,8,54.56,79.19,36.08,4.9,0.0,54.96
OLYM,2025,9,51.27,78.74,32.57,4.26,0.03,50.19
OLYM,2025,10,35.81,61.55,10.7,8.25,13.81,71.88
OLYM,2025,11,32.13,46.7,16.73,13.39,16.4,92.61
OLYM,2025,12,29.16,45.8,8.0,19.78,76.48,96.0
PEFO,2006,1,38.32,63.26,16.28,0.33,0.17,26.41
PEFO,2006,2,42.12,68.93,20.33,0.0,0.0,39.17
PEFO,2006,3,41.83,70.28,-1.72,0.48,7.61,53.34
PEFO,2006,4,57.29,80.72,30.41,0.2,0.0,29.96
PEFO,2006,5,69.29,89.27,45.26,0.02,0.0,22.11
PEFO,2006,6,78.76,96.74,55.34,0.13,0.0,26.26
PEFO,2006,7,80.61,98.0,62.63,1.29,0.0,45.65
PEFO,2006,8,73.59,88.55,57.05,0.81,0.0,52.57
PEFO,2006,9,65.23,86.03,40.22,1.16,0.0,24.24
PEFO,2006,10,54.57,84.59,28.7,1.19,0.0,32.24
PEFO,2006,11,47.3,75.95,11.24,0.08,0.58,28.54
PEFO,2006,12,34.13,61.91,14.57,0.18,1.93,30.01
PEFO,2007,1,31.54,56.78,10.25,0.33,4.93,35.88
PEFO,2007,2,37.49,61.91,14.03,0.5,3.17,38.28
PEFO,2007,3,50.07,78.65,17.99,0.57,0.63,31.2
PEFO,2007,4,56.93,81.44,30.23,0.31,0.03,38.93
PEFO,2007,5,65.96,87.74,34.82,0.41,0.0,34.13
PEFO,2007,6,76.38,95.93,47.42,0.35,0.0,24.71
PEFO,2007,7,80.18,98.99,62.27,0.92,0.0,41.11
PEFO,2007,8,78.14,95.12,57.59,0.81,0.0,35.53
PEFO,2007,9,71.48,89.36,43.19,0.24,0.0,24.58
PEFO,2007,10,58.43,81.53,31.67,0.21,0.0,14.57
PEFO,2007,11,50.65,74.06,22.13,0.72,0.0,37.27
PEFO,2007,12,29.61,56.15,0.08,1.04,4.16,34.73
PEFO,2008,1,30.65,51.83,4.67,0.92,2.78,41.18
PEFO,2008,2,35.55,62.63,2.06,0.73,4.8,41.17
PEFO,2008,3,46.62,71.81,22.31,0.0,0.08,19.94
PEFO,2008,4,54.83,81.08,28.43,0.07,0.0,15.3
PEFO,2008,5,61.43,91.88,31.67,0.45,0.0,23.97
PEFO,2008,6,76.08,94.49,44.18,0.37,0.0,17.1
PEFO,2008,7,78.08,96.38,63.08,1.15,0.0,42.88
PEFO,2008,8,77.53,95.66,62.0,0.73,0.0,37.43
PEFO,2008,9,70.7,88.64,49.22,0.51,0.0,14.33
PEFO,2008,10,57.48,80.45,29.78,0.68,0.0,13.8
PEFO,2008,11,46.47,74.96,25.55,0.86,0.28,28.47
PEFO,2008,12,35.66,64.52,14.3,1.44,2.07,44.86
PEFO,2009,1,34.75,56.15,17.45,0.17,2.73,25.06
PEFO,2009,2,41.21,71.72,19.34,0.11,2.62,35.09
PEFO,2009,3,48.93,75.41,23.66,0.37,0.72,35.69
PEFO,2009,4,54.09,79.91,25.82,0.19,0.08,29.49
PEFO,2009,5,68.56,88.91,47.96,1.12,0.0,36.61
PEFO,2009,6,71.83,94.13,48.41,0.37,0.0,38.1
PEFO,2009,7,81.8,97.91,63.89,0.09,0.0,31.92
PEFO,2009,8,77.97,96.11,55.88,0.46,0.0,19.78
PEFO,2009,9,70.1,89.63,45.35,0.42,0.0,22.36
PEFO,2009,10,55.3,80.63,23.66,0.11,1.74,23.51
PEFO,2009,11,45.5,74.51,21.41,0.23,0.22,24.73
PEFO,2009,12,31.04,50.66,10.07,0.44,3.06,41.13
PEFO,2010,1,27.96,51.47,1.07,1.39,7.94,50.19
PEFO,2010,2,34.46,54.17,17.27,0.64,2.7,54.5
PEFO,2010,3,42.67,73.25,22.4,0.45,1.76,34.31
PEFO,2010,4,54.18,78.92,28.25,0.13,0.19,33.03
PEFO,2010,5,62.28,88.19,33.11,0.15,0.03,15.53
PEFO,2010,6,75.8,98.36,48.32,0.17,0.0,19.15
PEFO,2010,7,79.01,98.54,59.12,1.83,0.0,40.08
PEFO,2010,8,75.57,94.4,59.75,0.65,0.0,27.34
PEFO,2010,9,73.05,91.25,49.94,0.47,0.0,13.14
PEFO,2010,10,60.28,85.67,35.72,0.16,0.0,27.32
PEFO,2010,11,43.04,72.44,15.47,0.13,1.19,17.8
PEFO,2010,12,41.05,67.49,6.74,1.11,2.7,52.25
PEFO,2011,1,29.62,57.14,-2.53,0.03,0.74,26.08
PEFO,2011,2,35.98,66.32,3.05,0.4,1.68,31.82
PEFO,2011,3,50.2,75.86,24.74,0.24,0.08,34.29
PEFO,2011,4,55.63,81.26,23.75,0.28,0.94,26.66
PEFO,2011,5,61.58,89.36,32.93,0.22,0.0,19.09
PEFO,2011,6,76.0,98.63,50.3,0.02,0.0,9.96
PEFO,2011,7,79.35,96.2,56.33,0.79,0.0,35.7
PEFO,2011,8,80.06,95.93,63.26,0.76,0.0,38.07
PEFO,2011,9,70.73,91.34,50.12,0.68,0.0,27.57
PEFO,2011,10,57.14,83.42,32.84,0.92,0.0,18.52
PEFO,2011,11,42.61,70.73,22.49,0.63,0.77,29.18
PEFO,2011,12,30.45,55.88,13.58,0.65,4.27,38.42
PEFO,2012,1,36.89,61.28,15.29,0.22,0.66,30.54
PEFO,2012,2,40.31,64.16,22.76,0.11,1.52,33.73
PEFO,2012,3,48.06,79.01,21.5,0.15,1.49,24.69
PEFO,2012,4,58.87,86.75,32.84,0.11,0.55,36.34
PEFO,2012,5,68.29,91.61,40.31,0.15,0.0,12.11
PEFO,2012,6,78.79,98.54,55.52,0.1,0.0,9.35
PEFO,2012,7,78.83,96.2,60.56,0.65,0.0,46.19
PEFO,2012,8,79.08,96.83,60.11,0.7,0.0,30.42
PEFO,2012,9,71.1,90.8,50.3,0.27,0.0,29.34
PEFO,2012,10,59.97,85.49,30.77,0.06,0.0,16.06
PEFO,2012,11,47.67,73.61,22.4,0.33,0.06,23.97
PEFO,2012,12,36.13,65.69,11.96,0.47,3.03,44.47
PEFO,2013,1,28.85,58.94,2.78,0.9,1.35,28.08
PEFO,2013,2,34.15,57.86,17.09,0.08,3.86,30.65
PEFO,2013,3,49.88,78.2,23.39,0.22,0.47,41.21
PEFO,2013,4,56.1,83.33,25.64,0.24,1.71,23.25
PEFO,2013,5,66.22,86.21,39.5,0.04,0.0,25.58
PEFO,2013,6,79.54,101.69,56.24,0.1,0.0,17.72
PEFO,2013,7,78.56,96.65,60.74,1.44,0.0,54.99
PEFO,2013,8,75.02,93.05,54.53,1.51,0.0,42.39
PEFO,2013,9,68.12,90.35,38.06,1.65,0.0,22.89
PEFO,2013,10,54.03,79.28,29.51,0.2,0.0,10.82
PEFO,2013,11,44.88,68.84,23.57,1.14,0.91,35.87
PEFO,2013,12,32.6,55.61,10.79,0.24,1.13,30.65
PEFO,2014,1,38.86,63.44,15.92,0.09,0.0,29.62
PEFO,2014,2,45.49,74.42,22.13,0.08,0.17,43.48
PEFO,2014,3,48.7,70.37,26.72,0.78,0.72,33.8
PEFO,2014,4,55.53,79.91,29.87,0.22,0.25,37.35
PEFO,2014,5,64.57,91.52,37.25,0.06,0.0,29.83
PEFO,2014,6,77.2,95.21,54.98,0.03,0.0,16.07
PEFO,2014,7,79.97,96.02,63.8,0.48,0.0,54.88
PEFO,2014,8,74.05,92.96,54.26,0.99,0.0,35.5
PEFO,2014,9,71.33,90.53,44.0,1.0,0.0,27.68
PEFO,2014,10,60.39,79.82,37.7,0.41,0.0,28.65
PEFO,2014,11,45.69,72.35,19.61,0.25,0.28,21.4
PEFO,2014,12,38.3,59.75,16.37,1.61,1.9,58.08
PEFO,2015,1,35.94,60.47,3.95,1.76,2.18,43.67
PEFO,2015,2,44.94,67.22,23.93,0.57,1.3,30.62
PEFO,2015,3,51.6,78.38,21.95,0.42,0.0,34.68
PEFO,2015,4,55.88,78.2,29.6,0.43,0.0,37.77
PEFO,2015,5,60.6,90.35,35.54,0.64,1.65,47.19
PEFO,2015,6,77.69,97.73,52.73,0.6,0.0,24.77
PEFO,2015,7,76.53,93.05,60.2,0.83,0.0,55.24
PEFO,2015,8,78.17,96.11,61.01,0.74,0.0,37.67
PEFO,2015,9,71.1,89.09,53.18,0.68,0.0,41.31
PEFO,2015,10,60.68,88.82,36.62,0.78,0.0,41.7
PEFO,2015,11,42.2,73.25,21.14,0.74,0.8,18.14
PEFO,2015,12,33.81,66.86,9.53,0.39,4.41,42.2
PEFO,2016,1,33.12,60.83,9.53,0.89,2.18,47.88
PEFO,2016,2,42.66,74.51,13.04,0.12,0.96,20.95
PEFO,2016,3,51.45,76.22,26.36,0.09,0.0,40.31
PEFO,2016,4,54.62,81.26,31.76,0.81,0.33,44.34
PEFO,2016,5,63.08,86.39,38.6,0.46,0.0,26.13
PEFO,2016,6,79.71,100.97,54.8,0.17,0.0,30.61
PEFO,2016,7,80.44,97.55,58.85,0.64,0.0,32.35
PEFO,2016,8,74.86,92.15,54.89,0.54,0.0,41.59
PEFO,2016,9,69.05,89.18,45.17,0.8,0.0,30.17
PEFO,2016,10,62.35,82.61,40.94,0.5,0.0,23.87
PEFO,2016,11,47.48,69.56,18.71,0.74,0.94,33.37
PEFO,2016,12,38.85,64.07,18.98,1.09,0.58,49.47
PEFO,2017,1,35.09,60.98,9.05,0.95,3.25,54.34
PEFO,2017,2,44.06,73.04,21.92,0.74,0.19,52.68
PEFO,2017,3,51.62,79.16,20.66,0.5,1.13,32.69
PEFO,2017,4,56.55,80.96,28.13,0.38,0.0,31.03
PEFO,2017,5,63.5,89.06,37.31,0.53,0.0,29.1
PEFO,2017,6,79.33,101.75,50.36,0.03,0.0,20.05
PEFO,2017,7,78.65,96.44,62.96,1.11,0.0,48.8
PEFO,2017,8,76.52,91.4,55.13,0.6,0.0,34.83
PEFO,2017,9,69.91,93.29,36.23,0.54,0.0,22.42
PEFO,2017,10,59.87,85.19,34.43,0.06,0.0,12.1
PEFO,2017,11,52.22,73.49,24.44,0.02,0.0,42.26
PEFO,2017,12,38.52,65.03,14.63,0.0,0.0,31.9
PEFO,2018,1,39.22,63.5,16.43,0.3,0.72,41.42
PEFO,2018,2,41.43,64.67,19.58,0.41,0.44,37.51
PEFO,2018,3,48.15,76.73,22.1,0.65,1.19,45.75
PEFO,2018,4,60.14,82.31,28.67,0.11,0.03,38.97
PEFO,2018,5,67.82,90.23,33.89,0.09,0.03,24.7
PEFO,2018,6,78.12,97.52,54.86,0.41,0.0,18.07
PEFO,2018,7,79.84,98.69,62.87,0.56,0.0,49.26
PEFO,2018,8,77.83,97.52,56.39,0.75,0.0,44.54
PEFO,2018,9,72.19,90.32,47.66,0.64,0.0,20.41
PEFO,2018,10,52.68,75.02,35.24,2.33,0.83,50.1
PEFO,2018,11,41.44,65.66,16.07,0.15,1.13,26.94
PEFO,2018,12,34.97,60.62,8.6,0.16,4.52,45.3
PEFO,2019,1,29.9,55.58,-5.26,0.58,2.81,49.92
PEFO,2019,2,33.94,60.08,-3.55,0.36,8.76,52.89
PEFO,2019,3,47.24,76.64,23.54,0.91,0.96,44.06
PEFO,2019,4,56.71,81.68,31.28,0.62,0.06,44.7
PEFO,2019,5,58.4,85.19,37.4,0.81,0.03,41.69
PEFO,2019,6,74.62,94.55,53.33,0.06,0.0,26.22
PEFO,2019,7,80.13,95.81,56.12,0.31,0.0,40.57
PEFO,2019,8,79.44,95.54,59.9,0.44,0.0,41.09
PEFO,2019,9,69.9,93.2,44.51,1.33,0.0,27.17
PEFO,2019,10,54.98,80.69,16.16,0.06,0.11,7.94
PEFO,2019,11,44.5,69.35,23.18,1.31,3.64,36.72
PEFO,2019,12,34.13,56.75,6.35,0.79,3.61,57.6
PEFO,2020,1,33.04,54.14,8.24,0.76,1.41,38.73
PEFO,2020,2,38.66,61.79,13.82,0.9,3.86,37.19
PEFO,2020,3,47.35,68.36,25.88,1.31,0.55,47.98
PEFO,2020,4,56.05,87.62,27.95,1.07,0.11,26.35
PEFO,2020,5,69.77,92.84,47.21,0.01,0.0,26.8
PEFO,2020,6,76.55,95.63,42.8,0.01,0.0,20.22
PEFO,2020,7,80.09,98.15,59.36,0.92,0.0,38.32
PEFO,2020,8,82.43,98.51,63.5,0.0,0.0,26.72
PEFO,2020,9,71.8,97.16,43.79,0.23,0.0,8.09
PEFO,2020,10,59.92,84.47,22.37,0.46,1.65,18.78
PEFO,2020,11,47.23,74.75,21.38,0.19,1.07,27.25
PEFO,2020,12,32.83,56.3,12.65,0.16,0.47,26.92
PEFO,2021,1,33.76,53.42,5.99,0.16,5.1,41.48
PEFO,2021,2,39.22,61.16,18.77,0.08,2.15,31.17
PEFO,2021,3,44.92,73.76,16.43,0.15,4.35,31.58
PEFO,2021,4,58.26,80.51,32.36,0.12,0.0,28.78
PEFO,2021,5,67.28,87.89,39.2,0.07,0.0,21.9
PEFO,2021,6,79.89,101.48,55.04,0.01,0.0,29.11
PEFO,2021,7,78.66,101.57,58.91,1.88,0.0,50.0
PEFO,2021,8,77.11,94.82,58.64,0.37,0.0,37.92
PEFO,2021,9,71.21,94.55,47.48,0.8,0.0,30.42
PEFO,2021,10,54.71,76.64,31.46,0.26,0.0,28.35
PEFO,2021,11,48.51,74.75,25.7,0.22,0.0,28.67
PEFO,2021,12,39.33,60.08,17.42,1.01,2.67,54.61
PEFO,2022,1,32.78,57.38,-1.21,0.05,2.92,33.04
PEFO,2022,2,36.03,63.05,13.28,0.07,2.81,28.05
PEFO,2022,3,44.96,78.71,15.98,0.52,5.59,37.72
PEFO,2022,4,57.79,82.76,24.71,0.03,0.0,22.82
PEFO,2022,5,67.51,92.12,40.19,0.02,0.0,16.74
PEFO,2022,6,76.67,97.79,52.43,0.32,0.0,31.76
PEFO,2022,7,78.93,100.49,57.92,1.41,0.0,46.72
PEFO,2022,8,75.34,94.73,58.1,1.21,0.0,42.59
PEFO,2022,9,72.74,95.27,51.08,0.61,0.0,34.98
PEFO,2022,10,54.51,79.07,25.7,1.21,0.06,32.6
PEFO,2022,11,39.51,68.09,17.51,0.24,0.69,31.76
PEFO,2022,12,36.12,59.45,10.49,1.17,3.97,53.84
PEFO,2023,1,29.97,56.84,-4.09,0.49,6.12,55.23
PEFO,2023,2,33.57,60.53,2.84,0.18,7.47,39.27
PEFO,2023,3,41.69,65.03,19.94,1.27,3.39,59.54
PEFO,2023,4,55.93,83.3,19.94,0.03,0.14,33.43
PEFO,2023,5,65.76,85.55,40.37,0.46,0.0,28.45
PEFO,2023,6,72.71,95.99,49.55,0.0,0.0,18.55
PEFO,2023,7,84.93,101.39,62.24,0.17,0.0,22.35
PEFO,2023,8,78.08,99.59,57.56,0.57,0.0,34.5
PEFO,2023,9,70.49,92.93,47.3,0.26,0.0,26.37
PEFO,2023,10,59.72,84.56,26.33,0.08,0.0,9.82
PEFO,2023,11,45.65,76.37,20.93,1.38,2.87,33.77
PEFO,2023,12,35.62,58.55,17.24,0.69,0.63,40.78
PEFO,2024,1,33.18,55.85,4.91,0.96,4.85,57.32
PEFO,2024,2,40.36,67.55,19.04,0.71,3.03,52.03
PEFO,2024,3,44.3,65.39,26.42,1.33,5.26,41.0
PEFO,2024,4,55.16,82.04,26.51,0.24,0.5,23.59
PEFO,2024,5,65.16,89.24,39.56,0.11,0.0,17.6
PEFO,2024,6,78.8,99.05,56.57,0.56,0.0,36.21
PEFO,2024,7,82.08,99.86,62.06,0.52,0.0,24.51
PEFO,2024,8,78.51,97.79,58.37,0.57,0.0,41.79
PEFO,2024,9,73.14,92.12,47.03,0.15,0.0,9.62
PEFO,2024,10,61.89,89.6,29.75,0.65,0.03,25.47
PEFO,2024,11,41.53,67.55,22.55,0.31,0.94,34.5
PEFO,2024,12,37.04,63.14,19.67,0.01,0.0,30.78
PEFO,2025,1,32.41,61.7,7.43,0.0,0.3,25.33
PEFO,2025,2,46.35,69.71,25.88,0.43,0.47,39.18
PEFO,2025,3,47.99,79.61,25.07,0.23,4.71,43.79
PEFO,2025,4,54.18,85.46,25.97,0.33,5.37,34.13
PEFO,2025,5,64.88,91.85,38.84,0.26,0.19,33.55
PEFO,2025,6,76.95,100.4,51.08,0.37,0.0,14.45
PEFO,2025,7,79.53,100.22,58.55,0.5,0.0,31.28
PEFO,2025,8,79.48,98.15,59.72,0.35,0.0,29.2
PEFO,2025,9,69.63,89.33,45.86,0.62,0.0,29.22
PEFO,2025,10,58.98,85.91,34.61,1.37,0.0,19.35
PEFO,2025,11,48.77,77.45,27.5,0.96,1.07,39.57
PEFO,2025,12,41.76,69.89,23.9,0.23,0.0,40.82
PINN,2006,1,45.44,68.41,31.06,3.03,0.0,59.75
PINN,2006,2,48.63,72.46,28.63,1.51,0.14,43.34
PINN,2006,3,43.44,66.07,30.25,4.05,0.66,70.93
PINN,2006,4,50.92,79.21,35.38,2.78,0.0,65.82
PINN,2006,5,61.2,89.83,41.5,1.16,0.0,30.33
PINN,2006,6,69.04,97.03,47.17,0.0,0.0,27.87
PINN,2006,7,77.1,106.03,49.51,0.04,0.0,13.0
PINN,2006,8,69.82,94.15,50.14,0.0,0.0,7.67
PINN,2006,9,68.32,95.05,45.01,0.0,0.0,10.73
PINN,2006,10,58.68,82.18,40.6,0.39,0.0,28.38
PINN,2006,11,51.75,77.5,30.52,0.44,0.0,57.88
PINN,2006,12,45.91,72.82,28.45,2.09,0.0,49.02
PINN,2007,1,42.77,68.59,24.76,0.45,0.0,25.77
PINN,2007,2,47.0,73.54,29.98,2.48,0.06,66.26
PINN,2007,3,55.06,83.44,31.42,0.3,0.0,44.29
PINN,2007,4,54.5,88.84,35.02,1.13,0.0,45.48
PINN,2007,5,60.63,89.38,37.72,0.03,0.0,26.31
PINN,2007,6,65.82,98.47,42.13,0.0,0.0,19.65
PINN,2007,7,69.53,102.25,47.71,0.01,0.0,15.13
PINN,2007,8,70.78,99.19,47.8,0.0,0.0,7.85
PINN,2007,9,63.67,95.41,43.39,0.21,0.0,21.81
PINN,2007,10,58.07,87.67,41.59,0.42,0.0,29.41
PINN,2007,11,54.12,78.4,33.85,0.25,0.0,30.07
PINN,2007,12,42.9,67.87,26.74,1.2,0.11,49.21
PINN,2008,1,43.14,64.9,30.61,5.96,0.5,61.97
PINN,2008,2,46.63,69.04,30.52,2.64,0.0,50.84
PINN,2008,3,49.98,73.09,32.32,0.06,0.0,42.79
PINN,2008,4,52.89,86.23,31.69,0.28,0.0,33.34
PINN,2008,5,58.88,94.69,37.09,0.15,0.0,32.59
PINN,2008,6,67.98,99.28,42.31,0.0,0.0,11.47
PINN,2008,7,71.7,102.25,50.05,0.02,0.0,5.44
PINN,2008,8,72.26,98.56,51.22,0.02,0.0,10.31
PINN,2008,9,70.57,96.67,47.53,0.0,0.0,7.29
PINN,2008,10,63.11,89.56,37.63,0.17,0.0,23.19
PINN,2008,11,54.49,81.82,37.27,1.1,0.0,44.83
PINN,2008,12,43.44,70.48,23.77,1.44,0.0,46.59
PINN,2009,1,48.04,71.74,28.54,1.15,0.0,29.66
PINN,2009,2,46.37,71.83,29.62,3.93,0.0,65.04
PINN,2009,3,48.71,74.17,29.71,1.72,0.0,44.28
PINN,2009,4,52.69,92.08,30.97,0.46,0.0,41.11
PINN,2009,5,63.71,98.74,42.58,0.26,0.0,31.59
PINN,2009,6,63.69,98.92,45.73,0.28,0.0,37.25
PINN,2009,7,72.25,100.36,49.24,0.0,0.0,10.51
PINN,2009,8,71.41,97.12,49.78,0.04,0.0,15.55
PINN,2009,9,71.45,98.29,43.39,0.03,0.0,18.22
PINN,2009,10,58.15,80.92,40.33,2.08,0.0,30.01
PINN,2009,11,51.5,80.92,33.85,0.11,0.0,28.86
PINN,2009,12,44.29,64.09,26.47,2.5,0.0,63.28
PINN,2010,1,46.94,66.97,31.15,6.4,0.03,75.01
PINN,2010,2,47.31,67.51,33.49,3.4,0.0,74.05
PINN,2010,3,49.27,71.92,30.97,1.53,0.0,57.66
PINN,2010,4,49.21,74.98,32.68,3.33,0.03,50.8
PINN,2010,5,54.13,81.91,36.01,0.44,0.0,41.11
PINN,2010,6,63.82,94.15,43.48,0.0,0.0,25.79
PINN,2010,7,70.02,95.5,46.72,0.0,0.0,3.46
PINN,2010,8,68.44,101.44,46.72,0.0,0.0,7.33
PINN,2010,9,69.19,98.92,45.73,0.0,0.0,13.58
PINN,2010,10,61.18,91.27,39.43,1.11,0.0,43.64
PINN,2010,11,50.27,84.61,28.27,1.36,0.0,39.56
PINN,2010,12,47.24,68.59,26.83,5.04,0.0,76.74
PINN,2011,1,47.26,67.78,28.81,2.44,0.0,45.95
PINN,2011,2,44.73,68.59,27.37,4.15,0.22,45.31
PINN,2011,3,48.28,77.05,31.78,4.39,0.03,75.0
PINN,2011,4,50.93,81.46,32.14,0.47,0.0,44.7
PINN,2011,5,54.05,86.14,39.25,0.67,0.0,38.06
PINN,2011,6,62.61,94.24,38.08,0.89,0.0,29.4
PINN,2011,7,69.8,97.48,46.72,0.01,0.0,12.65
PINN,2011,8,69.52,93.43,51.76,0.0,0.0,10.39
PINN,2011,9,71.49,94.69,48.25,0.1,0.0,19.62
PINN,2011,10,61.85,86.5,43.93,0.74,0.0,28.79
PINN,2011,11,49.44,75.16,35.65,1.75,0.0,53.21
PINN,2011,12,44.38,63.46,28.18,0.13,0.0,28.6
PINN,2012,1,47.85,72.19,28.18,1.68,0.0,49.49
PINN,2012,2,47.12,72.46,33.22,1.14,0.0,54.26
PINN,2012,3,48.67,75.16,29.8,2.47,0.06,58.9
PINN,2012,4,54.27,87.58,31.33,2.52,0.0,44.6
PINN,2012,5,60.26,90.55,39.43,0.06,0.0,20.8
PINN,2012,6,64.38,97.93,39.88,0.0,0.0,10.28
PINN,2012,7,69.9,99.01,50.68,0.0,0.0,14.72
PINN,2012,8,74.37,100.99,51.85,0.0,0.0,9.79
PINN,2012,9,71.06,93.52,48.16,0.07,0.0,15.03
PINN,2012,10,61.53,97.3,41.41,0.2,0.0,30.08
PINN,2012,11,53.29,85.42,34.21,3.02,0.0,45.05
PINN,2012,12,44.19,63.55,27.82,3.24,0.3,63.34
PINN,2013,1,43.02,67.24,26.11,1.09,0.0,39.35
PINN,2013,2,46.25,69.49,25.75,0.39,0.0,35.63
PINN,2013,3,53.62,79.75,35.11,0.68,0.0,53.99
PINN,2013,4,58.09,87.04,32.86,0.14,0.0,27.43
PINN,2013,5,60.74,90.46,40.15,0.02,0.0,27.48
PINN,2013,6,68.17,98.29,44.2,0.01,0.0,15.5
PINN,2013,7,73.69,99.28,51.22,0.11,0.0,16.11
PINN,2013,8,69.25,96.22,51.13,0.1,0.0,10.49
PINN,2013,9,65.93,93.97,42.49,0.11,0.0,14.25
PINN,2013,10,60.53,84.34,41.59,0.02,0.0,18.57
PINN,2013,11,54.02,76.78,39.25,0.57,0.0,41.74
PINN,2013,12,46.16,72.46,23.77,0.31,0.0,25.5
PINN,2014,1,53.21,77.41,35.02,0.07,0.0,45.02
PINN,2014,2,50.3,73.99,33.22,2.77,0.0,65.04
PINN,2014,3,54.61,80.29,37.81,1.51,0.0,52.46
PINN,2014,4,57.25,89.2,34.84,0.67,0.0,42.57
PINN,2014,5,63.0,95.95,40.96,0.01,0.0,35.19
PINN,2014,6,68.17,98.29,45.64,0.0,0.0,13.48
PINN,2014,7,74.76,98.11,55.0,0.03,0.0,26.8
PINN,2014,8,71.83,99.01,53.92,0.0,0.0,14.79
PINN,2014,9,69.54,95.86,50.05,0.02,0.0,14.19
PINN,2014,10,65.5,94.6,44.74,1.2,0.0,32.49
PINN,2014,11,54.27,76.96,38.98,0.69,0.0,46.81
PINN,2014,12,47.92,65.53,25.39,7.33,0.0,65.43
PINN,2015,1,49.8,71.38,28.27,0.1,0.0,38.69
PINN,2015,2,53.39,73.81,38.08,1.51,0.0,50.02
PINN,2015,3,58.07,82.9,35.29,0.26,0.0,46.0
PINN,2015,4,56.16,86.95,38.17,0.65,0.0,32.49
PINN,2015,5,56.63,87.85,38.8,0.5,0.0,42.55
PINN,2015,6,69.99,99.19,47.44,0.07,0.0,26.98
PINN,2015,7,70.42,97.21,52.12,0.48,0.0,23.85
PINN,2015,8,71.25,99.91,52.39,0.01,0.0,22.46
PINN,2015,9,71.66,99.37,47.71,0.14,0.0,30.74
PINN,2015,10,65.85,91.99,47.53,0.4,0.0,36.58
PINN,2015,11,48.47,74.17,30.25,1.56,0.0,24.46
PINN,2015,12,43.28,66.34,26.74,1.66,0.0,49.51
PINN,2016,1,46.67,63.19,27.82,4.58,0.0,79.99
PINN,2016,2,53.21,76.24,31.42,0.54,0.0,44.62
PINN,2016,3,52.07,73.81,35.38,3.96,0.0,60.07
PINN,2016,4,56.51,87.4,37.99,1.05,0.0,52.62
PINN,2016,5,60.86,93.25,41.77,0.18,0.0,40.67
PINN,2016,6,70.23,96.58,44.2,0.0,0.0,23.23
PINN,2016,7,72.08,100.0,47.53,0.0,0.0,4.92
PINN,2016,8,70.76,96.22,50.77,0.0,0.0,5.74
PINN,2016,9,68.06,95.41,46.54,0.0,0.0,8.58
PINN,2016,10,60.22,86.05,43.3,1.62,0.0,48.56
PINN,2016,11,53.64,81.37,35.2,1.94,0.0,48.23
PINN,2016,12,44.73,64.9,27.55,1.88,0.0,52.11
PINN,2017,1,44.19,63.86,27.95,8.12,0.19,60.21
PINN,2017,2,48.01,64.4,29.03,6.77,0.0,70.3
PINN,2017,3,52.4,75.65,31.37,1.47,0.0,46.44
PINN,2017,4,54.57,80.51,35.78,1.68,0.0,54.14
PINN,2017,5,61.84,90.5,40.82,0.11,0.0,33.11
PINN,2017,6,70.22,99.68,45.95,0.02,0.0,16.06
PINN,2017,7,77.23,97.52,50.99,0.0,0.0,3.96
PINN,2017,8,76.27,102.92,53.42,0.0,0.0,11.68
PINN,2017,9,69.34,104.09,47.03,0.35,0.0,22.7
PINN,2017,10,64.05,91.04,43.52,0.05,0.0,17.27
PINN,2017,11,55.13,80.78,36.41,0.69,0.0,49.07
PINN,2017,12,51.04,73.85,31.46,0.01,0.0,45.73
PINN,2018,1,51.28,73.76,33.17,2.55,0.0,66.29
PINN,2018,2,48.95,76.73,28.49,0.36,0.5,29.22
PINN,2018,3,49.53,78.26,30.02,5.66,0.17,59.02
PINN,2018,4,56.42,85.46,36.5,0.56,0.0,43.08
PINN,2018,5,59.6,89.24,41.9,0.04,0.0,36.26
PINN,2018,6,68.79,98.78,44.24,0.0,0.0,12.22
PINN,2018,7,78.99,99.86,53.87,0.0,0.0,18.12
PINN,2018,8,74.35,99.41,53.24,0.0,0.0,12.91
PINN,2018,9,69.22,95.54,46.76,0.0,0.0,13.25
PINN,2018,10,63.21,85.37,44.69,0.27,0.0,19.19
PINN,2018,11,56.97,81.95,36.68,2.95,0.0,47.79
PINN,2018,12,47.16,62.15,33.44,1.75,0.0,52.58
PINN,2019,1,48.42,68.9,29.21,5.94,0.0,62.85
PINN,2019,2,42.46,57.65,26.69,6.86,0.83,60.58
PINN,2019,3,48.63,69.53,32.99,2.82,0.0,56.24
PINN,2019,4,57.65,86.54,42.17,0.45,0.0,50.07
PINN,2019,5,56.7,78.89,41.18,1.64,0.0,51.1
PINN,2019,6,70.27,99.14,45.86,0.0,0.0,22.17
PINN,2019,7,72.1,97.97,51.44,0.0,0.0,15.65
PINN,2019,8,73.91,99.95,54.32,0.0,0.0,14.34
PINN,2019,9,68.58,96.35,42.17,0.02,0.0,18.43
PINN,2019,10,62.3,89.33,37.85,0.0,0.0,14.08
PINN,2019,11,56.11,80.96,33.17,1.54,0.36,28.94
PINN,2019,12,47.58,62.96,32.27,4.67,0.0,70.11
PINN,2020,1,46.32,66.56,30.47,0.84,0.0,61.63
PINN,2020,2,50.48,75.56,28.4,0.01,0.0,29.13
PINN,2020,3,48.29,72.05,33.35,2.86,0.22,58.65
PINN,2020,4,55.11,84.02,34.07,2.11,0.0,46.39
PINN,2020,5,63.87,96.08,45.05,0.51,0.0,35.92
PINN,2020,6,69.04,97.97,44.87,0.0,0.0,19.13
PINN,2020,7,73.61,98.51,50.81,0.0,0.0,5.01
PINN,2020,8,77.67,105.17,53.33,0.02,0.0,18.36
PINN,2020,9,76.0,109.94,53.51,0.06,0.0,8.62
PINN,2020,10,69.96,99.23,41.99,0.01,0.0,14.0
PINN,2020,11,53.21,85.73,31.91,0.4,0.0,27.76
PINN,2020,12,49.0,74.39,30.83,0.99,0.0,44.05
PINN,2021,1,48.24,75.38,28.49,8.18,0.33,49.12
PINN,2021,2,48.16,67.64,34.25,0.39,0.0,39.42
PINN,2021,3,48.06,77.54,31.28,1.47,0.55,45.93
PINN,2021,4,55.48,84.38,38.21,0.06,0.0,36.27
PINN,2021,5,61.36,94.64,39.29,0.02,0.0,18.72
PINN,2021,6,70.55,105.62,43.79,0.0,0.0,11.58
PINN,2021,7,77.1,104.9,57.02,0.01,0.0,14.35
PINN,2021,8,75.84,100.58,52.97,0.0,0.0,3.8
PINN,2021,9,72.19,100.94,49.01,0.01,0.0,12.12
PINN,2021,10,59.7,91.94,39.47,1.6,0.0,36.02
PINN,2021,11,55.76,77.54,37.31,0.26,0.0,41.63
PINN,2021,12,46.26,76.55,29.66,5.47,0.8,62.18
PINN,2022,1,48.75,64.67,30.74,0.06,0.0,46.63
PINN,2022,2,50.23,76.91,27.77,0.14,0.33,24.02
PINN,2022,3,53.88,80.42,34.34,1.51,0.19,49.95
PINN,2022,4,55.15,89.96,33.08,0.65,0.0,42.61
PINN,2022,5,61.41,94.55,37.13,0.07,0.0,29.52
PINN,2022,6,71.8,98.51,45.86,0.01,0.0,22.24
PINN,2022,7,74.27,98.42,49.1,0.0,0.0,14.46
PINN,2022,8,76.07,102.29,55.04,0.0,0.0,9.35
PINN,2022,9,73.49,110.57,50.72,0.39,0.0,20.6
PINN,2022,10,65.28,91.85,41.9,0.02,0.0,19.33
PINN,2022,11,48.61,69.35,31.46,1.85,0.0,43.47
PINN,2022,12,45.88,66.47,29.39,6.23,0.06,67.3
PINN,2023,1,44.89,60.26,28.49,8.29,0.0,60.82
PINN,2023,2,43.23,65.39,26.96,2.09,4.33,55.43
PINN,2023,3,44.92,63.05,29.84,5.31,0.47,68.3
PINN,2023,4,53.22,84.02,32.18,0.05,0.0,40.2
PINN,2023,5,58.25,88.7,37.22,1.03,0.14,43.5
PINN,2023,6,62.68,96.89,43.07,0.31,0.0,38.86
PINN,2023,7,76.69,103.1,48.02,0.0,0.0,20.11
PINN,2023,8,74.24,99.32,50.27,0.04,0.0,15.71
PINN,2023,9,65.89,91.31,49.01,0.1,0.0,20.71
PINN,2023,10,63.52,94.37,41.0,0.04,0.0,24.24
PINN,2023,11,54.67,81.77,32.54,1.03,0.0,43.43
PINN,2023,12,50.17,70.34,32.99,3.51,0.0,68.33
PINN,2024,1,47.9,68.99,31.19,3.48,0.0,70.59
PINN,2024,2,46.85,65.57,32.54,5.82,0.0,60.89
PINN,2024,3,49.2,72.59,37.04,2.9,0.0,56.93
PINN,2024,4,54.0,80.33,32.99,1.14,0.96,43.28
PINN,2024,5,60.66,86.72,36.95,0.37,0.0,16.63
PINN,2024,6,70.91,98.33,47.57,0.0,0.0,13.23
PINN,2024,7,80.76,109.49,53.42,0.0,0.0,4.93
PINN,2024,8,75.42,103.55,50.9,0.01,0.0,11.78
PINN,2024,9,72.31,101.21,46.49,0.11,0.0,11.25
PINN,2024,10,68.08,103.46,42.8,0.04,0.0,24.04
PINN,2024,11,51.03,70.34,34.25,1.51,0.0,51.45
PINN,2024,12,51.26,67.55,33.62,1.78,0.0,59.49
PINN,2025,1,48.1,68.45,31.73,0.28,1.38,27.52
PINN,2025,2,49.64,73.94,30.11,3.42,0.0,65.1
PINN,2025,3,49.59,80.87,36.05,2.46,0.28,61.69
PINN,2025,4,56.1,82.85,35.96,0.49,0.0,44.36
PINN,2025,5,62.8,99.23,43.7,0.04,0.0,22.9
PINN,2025,6,69.11,93.11,45.23,0.0,0.0,7.85
PINN,2025,7,71.04,96.53,52.34,0.0,0.0,7.19
PINN,2025,8,74.85,98.51,53.87,0.0,0.0,8.72
PINN,2025,9,70.45,100.4,54.14,0.35,0.0,23.11
PINN,2025,10,60.16,86.09,42.35,1.54,0.0,24.65
PINN,2025,11,55.91,82.04,40.28,3.67,0.03,44.63
PINN,2025,12,51.79,72.05,34.88,3.66,0.0,46.45
REDW,2006,1,46.04,63.12,34.59,16.73,0.55,79.89
REDW,2006,2,46.69,67.53,31.98,6.38,1.3,41.68
REDW,2006,3,43.5,58.98,28.38,11.11,12.81,79.55
REDW,2006,4,48.73,66.45,37.92,5.08,0.44,64.84
REDW,2006,5,54.12,80.85,40.8,2.34,0.0,47.63
REDW,2006,6,59.73,82.74,48.45,1.24,0.0,45.02
REDW,2006,7,62.58,85.62,46.74,0.0,0.0,23.9
REDW,2006,8,60.44,76.08,48.72,0.0,0.0,20.43
REDW,2006,9,59.34,77.34,46.38,0.23,0.0,22.39
REDW,2006,10,54.59,75.45,39.36,0.83,0.0,30.82
REDW,2006,11,48.41,61.77,34.59,15.0,0.69,77.02
REDW,2006,12,45.96,59.25,32.79,14.48,0.25,69.45
REDW,2007,1,41.97,58.98,31.62,2.93,0.44,41.26
REDW,2007,2,44.11,59.34,27.75,10.84,13.59,81.62
REDW,2007,3,48.21,64.29,36.21,3.71,3.56,70.41
REDW,2007,4,48.06,63.3,37.38,4.34,0.19,55.68
REDW,2007,5,52.69,76.62,41.7,1.82,0.0,47.98
REDW,2007,6,55.03,69.6,44.67,0.94,0.0,39.84
REDW,2007,7,61.0,76.89,48.45,0.43,0.0,36.95
REDW,2007,8,61.13,79.23,47.82,0.39,0.0,23.19
REDW,2007,9,59.12,79.05,44.85,1.09,0.0,27.31
REDW,2007,10,52.61,72.48,41.79,7.85,0.0,48.44
REDW,2007,11,49.71,68.97,37.38,5.03,0.0,47.59
REDW,2007,12,42.83,57.09,31.35,11.47,3.25,69.87
REDW,2008,1,41.77,55.02,25.95,12.81,21.83,73.14
REDW,2008,2,43.35,60.24,30.36,5.22,6.45,64.27
REDW,2008,3,44.39,58.17,33.69,5.6,0.99,63.31
REDW,2008,4,46.16,70.14,35.04,2.83,0.58,52.72
REDW,2008,5,52.99,85.08,38.64,0.26,0.0,55.67
REDW,2008,6,55.91,81.39,41.07,0.35,0.0,32.51
REDW,2008,7,61.17,92.01,48.72,0.0,0.0,22.64
REDW,2008,8,60.89,82.83,50.43,0.74,0.0,35.15
REDW,2008,9,60.95,84.99,45.93,0.01,0.0,20.25
REDW,2008,10,54.75,73.38,41.61,3.13,0.0,40.37
REDW,2008,11,51.12,73.56,39.36,7.6,0.0,73.27
REDW,2008,12,41.98,59.79,21.45,11.65,12.95,61.61
REDW,2009,1,46.79,67.53,32.7,2.29,0.17,45.21
REDW,2009,2,45.3,64.29,33.15,7.07,7.74,71.85
REDW,2009,3,44.61,58.17,33.6,7.61,3.11,58.26
REDW,2009,4,48.15,73.92,35.85,1.41,0.0,46.49
REDW,2009,5,53.4,70.14,41.16,5.04,0.0,48.97
REDW,2009,6,57.23,76.98,46.29,0.15,0.0,49.53
REDW,2009,7,61.33,79.23,44.85,0.0,0.0,29.54
REDW,2009,8,61.2,82.11,49.62,0.17,0.0,23.59
REDW,2009,9,60.79,87.33,46.83,0.5,0.0,35.73
REDW,2009,10,54.2,70.86,42.15,3.42,0.0,47.85
REDW,2009,11,48.51,68.25,35.49,5.85,0.0,49.01
REDW,2009,12,43.29,58.53,27.03,6.5,0.52,60.54
REDW,2010,1,47.81,60.06,38.37,10.36,0.19,87.81
REDW,2010,2,47.4,58.62,37.2,7.15,0.0,79.29
REDW,2010,3,46.14,68.34,30.63,8.45,6.34,71.24
REDW,2010,4,46.37,59.34,35.67,8.61,4.3,66.15
REDW,2010,5,49.12,60.42,38.55,4.72,0.19,60.97
REDW,2010,6,55.43,71.58,45.66,3.46,0.0,49.07
REDW,2010,7,61.34,75.0,46.74,0.0,0.0,15.22
REDW,2010,8,59.29,84.0,47.82,0.04,0.0,34.41
REDW,2010,9,59.33,81.3,45.21,2.26,0.0,39.61
REDW,2010,10,55.28,76.62,41.34,7.28,0.0,54.39
REDW,2010,11,46.88,67.44,32.7,8.01,3.64,62.52
REDW,2010,12,46.14,59.79,33.78,17.64,1.76,81.97
REDW,2011,1,46.28,66.0,33.69,2.88,0.11,57.48
REDW,2011,2,42.9,62.49,19.92,5.25,10.28,59.12
REDW,2011,3,45.67,60.6,36.57,16.48,5.84,86.63
REDW,2011,4,46.07,58.71,31.26,5.39,2.15,68.09
REDW,2011,5,49.08,67.53,40.26,3.73,0.0,61.67
REDW,2011,6,54.97,71.94,42.24,1.24,0.0,50.79
REDW,2011,7,59.53,78.24,47.28,0.13,0.0,29.64
REDW,2011,8,59.69,71.58,49.89,0.0,0.0,26.7
REDW,2011,9,61.7,88.41,46.2,0.3,0.0,27.19
REDW,2011,10,55.45,71.76,43.59,6.07,0.0,56.54
REDW,2011,11,47.01,62.22,37.11,6.95,0.14,67.34
REDW,2011,12,43.53,58.26,32.43,3.43,0.0,41.51
REDW,2012,1,45.07,62.31,32.34,11.35,1.96,66.41
REDW,2012,2,45.05,62.67,34.77,3.81,5.1,71.23
REDW,2012,3,44.35,59.07,27.75,17.5,8.19,71.33
REDW,2012,4,48.61,67.35,31.89,6.08,1.96,77.38
REDW,2012,5,51.94,67.71,40.26,1.29,0.0,51.5
REDW,2012,6,54.68,74.19,43.41,3.11,0.0,54.3
REDW,2012,7,58.34,74.82,47.82,0.21,0.0,36.55
REDW,2012,8,60.99,82.65,49.44,0.0,0.0,22.28
REDW,2012,9,59.89,77.88,45.48,0.0,0.0,20.77
REDW,2012,10,55.01,82.74,40.35,5.76,0.0,53.15
REDW,2012,11,50.46,73.83,35.94,11.33,0.41,72.28
REDW,2012,12,43.69,60.51,30.36,16.39,8.24,72.09
REDW,2013,1,42.32,56.64,31.44,3.28,0.77,48.81
REDW,2013,2,43.4,62.58,34.05,1.94,2.81,50.49
REDW,2013,3,46.41,63.3,34.32,3.86,1.3,66.25
REDW,2013,4,50.35,71.94,38.37,3.0,0.3,49.18
REDW,2013,5,53.83,74.91,41.52,2.45,0.0,54.94
REDW,2013,6,58.71,83.01,46.92,1.61,0.0,37.14
REDW,2013,7,62.52,75.99,50.25,0.0,0.0,25.44
REDW,2013,8,61.07,82.02,50.79,0.17,0.0,41.38
REDW,2013,9,59.67,85.98,46.65,5.32,0.0,38.54
REDW,2013,10,52.93,71.67,38.82,0.04,0.0,20.31
REDW,2013,11,49.16,64.11,38.1,2.62,0.0,53.51
REDW,2013,12,41.82,59.34,18.12,1.11,3.09,38.78
REDW,2014,1,47.49,67.17,37.29,2.93,0.0,42.48
REDW,2014,2,47.06,59.79,34.86,9.57,0.06,75.2
REDW,2014,3,49.28,64.47,39.0,11.86,0.19,62.11
REDW,2014,4,50.76,78.42,37.47,2.43,0.0,63.2
REDW,2014,5,54.97,76.98,43.23,1.89,0.0,56.88
REDW,2014,6,58.91,77.07,46.65,0.76,0.0,31.01
REDW,2014,7,62.74,76.98,51.51,0.1,0.0,33.78
REDW,2014,8,62.58,78.15,52.95,0.04,0.0,32.13
REDW,2014,9,62.7,80.85,49.53,2.53,0.0,35.88
REDW,2014,10,58.73,79.14,46.83,9.57,0.0,53.16
REDW,2014,11,52.45,66.54,41.43,6.86,0.0,74.14
REDW,2014,12,49.77,62.4,36.03,13.08,0.0,76.33
REDW,2015,1,49.4,67.44,36.3,2.88,0.0,63.4
REDW,2015,2,51.47,69.24,37.56,8.05,0.0,65.74
REDW,2015,3,51.32,62.4,39.36,4.3,0.0,63.23
REDW,2015,4,49.93,72.75,36.84,2.98,1.13,51.08
REDW,2015,5,52.91,67.17,40.89,0.13,0.0,54.89
REDW,2015,6,61.49,78.42,48.09,0.21,0.0,37.97
REDW,2015,7,64.31,91.11,51.33,0.17,0.0,41.81
REDW,2015,8,63.31,79.86,52.41,0.49,0.0,32.17
REDW,2015,9,60.03,81.21,46.11,0.59,0.0,32.05
REDW,2015,10,58.9,78.33,46.92,1.25,0.0,44.43
REDW,2015,11,47.76,60.42,36.93,5.61,0.28,51.6
REDW,2015,12,45.12,57.9,30.81,22.06,6.64,77.89
REDW,2016,1,47.16,61.77,34.59,15.04,0.19,79.29
REDW,2016,2,49.81,71.04,37.47,4.22,0.41,71.42
REDW,2016,3,49.32,67.89,39.09,13.98,0.03,67.78
REDW,2016,4,52.92,78.06,41.79,3.46,0.0,66.24
REDW,2016,5,56.02,73.56,45.93,0.74,0.0,55.8
REDW,2016,6,58.82,74.19,45.84,0.22,0.0,39.16
REDW,2016,7,61.0,77.7,50.07,0.7,0.0,27.85
REDW,2016,8,61.98,77.16,47.01,0.0,0.0,19.83
REDW,2016,9,60.47,86.61,47.37,0.03,0.0,26.28
REDW,2016,10,54.56,66.9,45.3,16.57,0.0,73.09
REDW,2016,11,51.4,67.17,40.08,9.87,0.0,71.32
REDW,2016,12,43.44,57.0,34.5,8.68,0.47,62.91
REDW,2017,1,41.96,57.11,22.46,12.3,3.53,68.6
REDW,2017,2,45.96,64.31,30.29,17.23,0.47,82.53
REDW,2017,3,48.2,63.32,30.92,11.27,2.95,77.23
REDW,2017,4,49.19,64.04,33.71,9.06,0.0,68.95
REDW,2017,5,52.16,72.5,38.57,2.34,0.0,54.66
REDW,2017,6,56.34,78.17,43.52,1.82,0.0,62.11
REDW,2017,7,57.95,78.35,48.74,0.01,0.0,41.51
REDW,2017,8,61.08,82.13,50.63,0.01,0.0,44.71
REDW,2017,9,61.75,91.49,43.25,1.24,0.0,46.72
REDW,2017,10,54.75,80.24,37.31,1.83,0.0,33.22
REDW,2017,11,49.76,68.0,34.16,10.29,0.0,75.96
REDW,2017,12,45.56,65.12,29.39,2.49,0.19,59.77
REDW,2018,1,48.23,67.64,35.69,9.04,0.17,80.97
REDW,2018,2,43.87,68.09,25.88,4.0,5.62,45.24
REDW,2018,3,45.51,65.12,30.11,9.1,2.07,66.87
REDW,2018,4,49.28,73.22,35.15,6.11,0.03,67.29
REDW,2018,5,52.22,65.84,38.12,0.52,0.0,64.32
REDW,2018,6,55.23,73.58,42.98,0.78,0.0,47.68
REDW,2018,7,59.23,74.3,48.38,0.01,0.0,44.08
REDW,2018,8,58.18,71.96,48.92,0.06,0.0,55.85
REDW,2018,9,57.26,82.67,44.96,0.33,0.0,38.41
REDW,2018,10,54.93,77.63,39.11,1.35,0.0,41.45
REDW,2018,11,50.24,68.72,37.04,6.18,0.0,53.21
REDW,2018,12,46.03,61.25,32.54,9.07,0.0,66.55
REDW,2019,1,47.55,66.56,31.73,11.19,0.0,71.68
REDW,2019,2,41.01,53.51,26.42,17.43,9.2,75.97
REDW,2019,3,46.1,65.66,32.18,4.8,0.03,61.58
REDW,2019,4,51.1,67.28,38.93,6.06,0.0,65.84
REDW,2019,5,52.26,69.08,38.39,5.43,0.0,56.63
REDW,2019,6,57.2,86.36,40.28,0.18,0.0,38.07
REDW,2019,7,58.98,74.57,50.18,0.13,0.0,54.36
REDW,2019,8,61.04,77.45,52.52,0.2,0.0,48.54
REDW,2019,9,58.71,74.75,44.78,4.07,0.0,55.98
REDW,2019,10,52.87,75.65,35.87,2.02,0.0,30.81
REDW,2019,11,48.44,67.19,29.03,3.09,0.22,48.54
REDW,2019,12,46.95,61.25,31.28,8.96,0.0,69.69
REDW,2020,1,46.15,59.09,34.07,18.23,1.43,82.65
REDW,2020,2,44.66,61.16,30.02,1.07,0.03,52.29
REDW,2020,3,44.69,62.69,30.11,4.12,0.0,50.89
REDW,2020,4,49.89,66.56,32.18,2.58,0.0,53.72
REDW,2020,5,53.56,67.28,38.39,7.01,0.0,62.63
REDW,2020,6,56.99,75.2,42.53,1.81,0.0,51.9
REDW,2020,7,57.96,77.54,48.83,0.02,0.0,44.41
REDW,2020,8,61.49,84.29,48.38,0.03,0.0,40.73
REDW,2020,9,62.59,93.56,48.29,1.1,0.0,39.26
REDW,2020,10,57.04,78.35,39.11,0.62,0.0,29.43
REDW,2020,11,47.68,64.49,31.82,5.78,0.0,50.87
REDW,2020,12,45.88,62.6,31.73,8.09,0.0,57.86
REDW,2021,1,46.54,62.87,29.75,10.46,0.69,70.84
REDW,2021,2,44.17,54.41,29.93,10.11,0.0,60.98
REDW,2021,3,44.61,69.35,29.39,4.51,1.27,45.74
REDW,2021,4,48.37,65.48,34.34,0.94,0.0,41.44
REDW,2021,5,51.99,71.78,40.1,0.57,0.0,47.06
REDW,2021,6,56.39,74.84,41.63,2.57,0.0,53.86
REDW,2021,7,57.84,71.96,49.64,0.02,0.0,57.76
REDW,2021,8,59.1,76.46,48.02,0.01,0.0,39.68
REDW,2021,9,58.2,83.57,44.51,2.7,0.0,38.83
REDW,2021,10,53.18,68.81,35.69,8.74,0.0,64.75
REDW,2021,11,50.69,71.15,33.98,6.35,0.0,75.47
REDW,2021,12,44.11,63.32,31.73,11.67,9.45,80.72
REDW,2022,1,46.28,67.28,30.56,4.98,0.0,58.87
REDW,2022,2,45.55,74.93,26.87,1.24,2.78,42.48
REDW,2022,3,46.9,62.33,32.27,3.72,0.0,69.37
REDW,2022,4,46.0,68.0,31.82,7.19,3.14,70.53
REDW,2022,5,50.37,71.96,36.14,5.5,0.39,70.29
REDW,2022,6,56.24,74.66,44.33,3.53,0.0,68.96
REDW,2022,7,57.73,77.54,49.64,0.39,0.0,74.52
REDW,2022,8,59.3,77.45,50.45,0.02,0.0,68.01
REDW,2022,9,59.02,83.66,48.11,0.61,0.0,57.49
REDW,2022,10,54.97,70.88,38.12,0.51,0.0,61.76
REDW,2022,11,45.4,64.85,32.63,8.37,1.05,61.81
REDW,2022,12,43.95,59.99,28.49,13.16,0.77,66.78
REDW,2023,1,44.93,63.59,29.66,11.62,0.47,65.64
REDW,2023,2,41.41,58.1,25.16,3.78,24.69,70.42
REDW,2023,3,41.76,60.89,27.77,11.51,18.13,78.7
REDW,2023,4,46.84,71.42,30.11,5.7,2.04,78.2
REDW,2023,5,51.94,84.83,38.12,1.73,0.0,70.36
REDW,2023,6,54.58,74.57,44.69,0.17,0.0,66.73
REDW,2023,7,57.71,72.41,47.57,0.02,0.0,49.02
REDW,2023,8,61.42,81.41,49.46,0.2,0.0,52.49
REDW,2023,9,58.04,79.88,43.52,2.28,0.0,42.35
REDW,2023,10,54.84,82.22,35.78,3.34,0.0,57.18
REDW,2023,11,49.95,68.54,32.0,8.44,0.0,60.77
REDW,2023,12,49.63,67.28,32.45,11.7,0.0,82.34
REDW,2024,1,48.82,71.87,30.11,18.91,0.22,87.1
REDW,2024,2,46.62,63.14,33.26,10.28,0.33,75.08
REDW,2024,3,46.13,71.69,30.92,10.27,14.19,69.08
REDW,2024,4,48.69,70.16,34.61,2.18,0.0,66.82
REDW,2024,5,52.48,76.91,35.87,2.74,0.0,44.9
REDW,2024,6,54.59,68.09,40.55,1.16,0.0,49.27
REDW,2024,7,60.14,82.49,46.76,0.07,0.0,42.53
REDW,2024,8,58.58,74.03,46.85,3.06,0.0,62.42
REDW,2024,9,58.41,78.8,46.49,0.33,0.0,48.31
REDW,2024,10,55.21,77.54,38.39,3.47,0.0,51.57
REDW,2024,11,47.41,64.49,30.47,19.21,2.56,63.02
REDW,2024,12,48.19,65.84,31.37,16.33,0.0,74.5
REDW,2025,1,45.53,68.63,29.57,7.98,0.0,41.04
REDW,2025,2,43.95,66.29,24.35,11.93,7.39,70.31
REDW,2025,3,46.73,67.91,33.26,14.43,2.84,78.3
REDW,2025,4,50.13,67.01,34.25,2.76,0.14,52.12
REDW,2025,5,51.79,66.56,38.66,1.21,0.0,57.15
REDW,2025,6,55.13,71.06,43.25,0.08,0.0,52.94
REDW,2025,7,57.02,76.01,48.11,0.12,0.0,64.73
REDW,2025,8,59.4,78.53,48.83,0.09,0.0,61.33
REDW,2025,9,59.41,77.72,47.93,2.86,0.0,55.82
REDW,2025,10,53.84,77.99,36.23,3.59,0.0,49.77
REDW,2025,11,51.83,68.72,36.14,6.64,0.0,75.05
REDW,2025,12,48.62,65.21,35.6,11.24,0.0,74.83
ROMO,2006,1,13.16,35.26,-7.67,0.0,10.31,48.02
ROMO,2006,2,10.51,41.02,-17.48,0.01,7.77,48.76
ROMO,2006,3,16.94,39.67,-5.06,0.05,13.37,57.59
ROMO,2006,4,28.93,49.57,8.89,0.33,9.56,39.22
ROMO,2006,5,37.69,61.63,13.21,1.04,2.18,41.39
ROMO,2006,6,50.62,70.18,28.33,1.33,0.0,33.92
ROMO,2006,7,54.44,74.41,37.33,3.83,0.0,54.72
ROMO,2006,8,50.38,66.85,30.22,2.62,0.08,50.55
ROMO,2006,9,38.18,61.81,6.82,1.3,5.4,40.8
ROMO,2006,10,28.52,55.51,-0.92,0.26,18.16,58.97
ROMO,2006,11,18.57,44.89,-23.87,0.02,9.18,46.29
ROMO,2006,12,12.42,35.53,-18.38,0.0,12.98,51.16
ROMO,2007,1,8.57,31.21,-16.22,0.0,11.13,43.17
ROMO,2007,2,15.2,38.95,-13.52,0.01,13.72,61.76
ROMO,2007,3,23.0,47.05,-8.39,0.28,11.88,55.66
ROMO,2007,4,26.95,55.06,4.03,0.7,12.73,54.72
ROMO,2007,5,35.24,56.5,11.05,1.79,8.02,52.39
ROMO,2007,6,48.25,71.35,23.29,1.6,0.63,46.18
ROMO,2007,7,55.42,73.51,38.86,2.55,0.0,51.2
ROMO,2007,8,53.54,70.63,37.33,2.49,0.0,42.31
ROMO,2007,9,44.94,64.87,23.56,1.08,0.8,36.04
ROMO,2007,10,32.42,56.86,-7.58,0.32,10.53,36.69
ROMO,2007,11,22.7,46.15,-18.92,0.02,5.02,37.72
ROMO,2007,12,8.84,37.24,-16.85,0.02,15.87,63.86
ROMO,2008,1,7.43,31.21,-20.36,0.0,11.16,63.62
ROMO,2008,2,12.49,34.0,-8.57,0.01,13.81,61.34
ROMO,2008,3,15.96,39.22,-5.24,0.12,14.61,50.95
ROMO,2008,4,21.88,45.16,-3.8,0.03,15.54,45.66
ROMO,2008,5,32.19,52.63,6.28,1.02,14.39,50.04
ROMO,2008,6,43.96,66.22,17.44,1.17,2.4,32.01
ROMO,2008,7,54.34,70.54,34.72,2.03,0.0,41.8
ROMO,2008,8,51.21,72.43,30.94,2.32,0.0,44.97
ROMO,2008,9,43.04,62.17,25.72,1.67,0.74,34.78
ROMO,2008,10,32.19,55.69,-0.02,0.43,4.02,29.08
ROMO,2008,11,22.33,48.49,-1.19,0.02,8.82,58.49
ROMO,2008,12,10.54,36.07,-18.92,0.01,13.17,58.18
ROMO,2009,1,13.52,34.72,-16.13,0.02,14.74,47.97
ROMO,2009,2,14.52,37.06,-6.86,0.0,7.77,50.56
ROMO,2009,3,19.03,43.36,-2.63,0.11,14.5,47.75
ROMO,2009,4,24.6,46.42,-3.71,0.24,27.48,55.95
ROMO,2009,5,36.18,56.95,19.15,1.86,4.16,57.23
ROMO,2009,6,44.35,64.51,24.55,2.37,0.19,54.64
ROMO,2009,7,52.02,70.18,30.85,4.28,0.0,38.08
ROMO,2009,8,50.21,71.62,31.48,1.21,0.0,36.12
ROMO,2009,9,42.11,64.33,13.12,1.5,6.48,42.82
ROMO,2009,10,24.91,48.31,-8.12,0.43,19.76,56.6
ROMO,2009,11,18.93,43.09,-12.17,0.0,4.69,34.19
ROMO,2009,12,5.07,28.06,-29.0,0.0,11.77,64.41
ROMO,2010,1,11.06,32.65,-18.74,0.0,5.7,57.5
ROMO,2010,2,9.77,29.59,-14.24,0.01,11.82,65.18
ROMO,2010,3,18.85,43.99,-11.27,0.04,14.55,53.23
ROMO,2010,4,25.09,45.07,4.66,0.33,25.66,60.8
ROMO,2010,5,31.42,58.57,3.04,0.53,13.26,50.25
ROMO,2010,6,47.36,68.56,26.17,1.87,0.91,36.48
ROMO,2010,7,53.9,72.43,31.93,1.71,0.0,38.5
ROMO,2010,8,51.5,69.37,35.89,2.48,0.0,38.2
ROMO,2010,9,47.37,68.38,27.52,0.24,0.03,16.4
ROMO,2010,10,33.86,61.36,2.32,0.83,11.57,46.1
ROMO,2010,11,16.08,46.69,-15.05,0.03,10.39,46.72
ROMO,2010,12,15.39,33.64,-14.87,0.02,14.69,62.21
ROMO,2011,1,10.01,33.1,-16.58,0.01,11.52,55.65
ROMO,2011,2,9.48,35.08,-33.5,0.01,15.6,53.79
ROMO,2011,3,20.22,40.75,-0.74,0.06,16.95,56.33
ROMO,2011,4,24.07,46.06,2.77,0.32,23.31,62.02
ROMO,2011,5,30.76,50.38,0.25,0.78,22.49,58.79
ROMO,2011,6,44.6,69.19,22.39,0.98,0.72,35.85
ROMO,2011,7,54.48,71.71,35.44,2.29,0.0,39.65
ROMO,2011,8,53.98,70.45,38.23,1.99,0.0,32.79
ROMO,2011,9,43.68,65.77,21.67,2.0,0.14,40.66
ROMO,2011,10,30.38,58.3,-7.58,0.43,12.79,37.25
ROMO,2011,11,16.47,38.23,-8.84,0.03,11.91,42.66
ROMO,2011,12,8.76,32.11,-22.79,0.0,8.49,38.44
ROMO,2012,1,12.88,34.09,-12.98,0.0,8.74,41.29
ROMO,2012,2,11.23,29.77,-4.43,0.0,14.28,66.01
ROMO,2012,3,23.75,49.39,-4.97,0.02,2.34,37.79
ROMO,2012,4,30.55,53.17,10.51,0.42,7.69,48.54
ROMO,2012,5,38.36,63.34,15.1,1.38,5.73,45.78
ROMO,2012,6,52.96,75.22,26.8,0.7,0.0,30.11
ROMO,2012,7,55.1,73.69,39.13,4.18,0.0,51.69
ROMO,2012,8,53.08,69.19,36.07,1.43,0.0,40.36
ROMO,2012,9,45.02,65.14,23.29,2.23,1.49,42.38
ROMO,2012,10,30.62,56.95,-1.37,0.5,8.27,39.32
ROMO,2012,11,24.86,48.13,-1.28,0.0,1.63,36.93
ROMO,2012,12,11.42,41.74,-17.84,0.0,12.65,62.97
ROMO,2013,1,8.77,36.7,-24.77,0.0,4.91,49.94
ROMO,2013,2,9.39,32.74,-12.17,0.0,9.07,60.88
ROMO,2013,3,17.43,42.1,-11.99,0.14,11.49,56.36
ROMO,2013,4,21.69,45.25,-5.33,0.3,23.76,64.79
ROMO,2013,5,33.68,57.85,-2.99,0.9,11.13,59.08
ROMO,2013,6,49.77,71.8,19.87,0.94,0.0,34.61
ROMO,2013,7,53.31,72.43,35.44,3.14,0.0,46.3
ROMO,2013,8,52.23,70.18,33.46,1.8,0.0,51.66
ROMO,2013,9,45.89,68.02,22.84,3.41,2.26,46.6
ROMO,2013,10,26.15,55.42,0.7,0.34,13.75,47.69
ROMO,2013,11,18.11,39.49,-0.29,0.02,9.87,47.19
ROMO,2013,12,8.24,31.57,-24.95,0.0,11.33,51.22
ROMO,2014,1,11.56,29.77,-10.19,0.0,20.59,49.29
ROMO,2014,2,14.32,34.45,-17.03,0.02,23.7,67.63
ROMO,2014,3,18.97,39.49,-3.26,0.02,13.7,48.58
ROMO,2014,4,24.33,47.77,0.61,0.09,12.87,61.96
ROMO,2014,5,33.61,57.58,2.41,1.52,9.34,57.01
ROMO,2014,6,45.74,67.03,24.55,1.19,0.22,38.83
ROMO,2014,7,53.33,71.44,34.45,4.3,0.0,46.42
ROMO,2014,8,49.27,66.85,31.39,2.39,0.0,47.04
ROMO,2014,9,45.34,66.4,22.3,2.05,2.04,35.61
ROMO,2014,10,35.41,56.32,19.78,0.69,3.25,38.76
ROMO,2014,11,17.94,47.59,-24.59,0.04,12.73,46.56
ROMO,2014,12,12.75,40.57,-21.98,0.02,12.37,64.4
ROMO,2015,1,15.71,40.75,-16.76,0.0,4.41,53.71
ROMO,2015,2,15.43,38.86,-8.75,0.0,17.44,51.3
ROMO,2015,3,23.14,48.49,-6.77,0.05,7.85,41.94
ROMO,2015,4,26.12,47.59,-3.17,0.34,17.58,47.52
ROMO,2015,5,32.39,55.69,11.5,2.47,16.76,72.78
ROMO,2015,6,49.84,71.44,28.51,2.17,0.0,42.4
ROMO,2015,7,51.64,69.1,36.07,3.09,0.0,47.6
ROMO,2015,8,52.99,70.36,27.61,1.23,0.0,44.05
ROMO,2015,9,47.97,65.95,28.6,0.57,0.0,35.64
ROMO,2015,10,36.71,61.18,5.74,0.72,6.28,54.6
ROMO,2015,11,15.97,44.26,-8.12,0.04,15.49,43.4
ROMO,2015,12,9.88,36.7,-15.77,0.0,13.53,56.26
ROMO,2016,1,11.75,32.92,-12.89,0.0,10.2,59.68
ROMO,2016,2,16.72,39.13,-7.67,0.04,9.51,42.4
ROMO,2016,3,18.99,41.83,-7.58,0.04,21.91,58.92
ROMO,2016,4,25.59,46.06,1.06,0.37,18.16,61.54
ROMO,2016,5,32.8,51.64,3.76,1.65,9.73,55.04
ROMO,2016,6,50.76,74.5,26.71,1.18,0.0,43.26
ROMO,2016,7,54.77,70.27,37.87,1.48,0.0,40.53
ROMO,2016,8,50.05,69.91,31.21,2.74,0.0,51.91
ROMO,2016,9,45.19,63.79,26.53,0.96,0.61,35.0
ROMO,2016,10,36.21,56.05,16.9,0.42,3.72,41.99
ROMO,2016,11,25.7,50.38,-4.25,0.12,5.76,37.98
ROMO,2016,12,11.26,34.99,-27.29,0.01,21.17,57.26
ROMO,2017,1,11.57,27.23,-17.77,0.0,31.28,68.74
ROMO,2017,2,18.84,38.57,-7.96,0.04,26.68,63.93
ROMO,2017,3,25.44,44.87,-2.2,0.04,11.8,54.27
ROMO,2017,4,25.71,46.22,5.9,0.05,19.43,53.64
ROMO,2017,5,33.35,51.53,14.09,1.16,24.11,50.29
ROMO,2017,6,44.61,61.07,28.22,1.12,0.0,34.82
ROMO,2017,7,51.49,69.08,28.22,4.59,0.0,52.57
ROMO,2017,8,47.45,63.5,27.77,4.23,1.93,44.7
ROMO,2017,9,41.74,67.82,6.17,1.67,10.69,43.21
ROMO,2017,10,28.16,48.65,1.49,0.02,20.2,39.15
ROMO,2017,11,25.23,40.1,1.85,0.02,23.67,45.58
ROMO,2017,12,14.99,33.44,-5.35,0.01,15.02,49.23
ROMO,2018,1,16.06,32.63,-2.83,0.01,12.4,53.67
ROMO,2018,2,13.25,28.13,-9.31,0.02,24.61,64.08
ROMO,2018,3,19.51,39.47,-0.85,0.02,19.57,50.93
ROMO,2018,4,26.79,48.74,1.76,0.05,21.44,59.18
ROMO,2018,5,38.23,57.65,18.59,1.16,18.93,51.47
ROMO,2018,6,46.85,69.98,25.16,0.96,1.27,34.33
ROMO,2018,7,52.78,70.34,31.82,4.85,0.0,35.31
ROMO,2018,8,49.44,67.01,29.21,2.92,0.85,39.2
ROMO,2018,9,46.12,66.11,21.2,1.15,1.32,31.23
ROMO,2018,10,27.59,53.78,-13.81,0.24,13.28,51.28
ROMO,2018,11,14.65,31.55,-8.05,0.02,25.74,54.45
ROMO,2018,12,10.87,30.38,-12.19,0.0,8.21,60.01
ROMO,2019,1,12.81,29.84,-16.06,0.01,15.46,59.17
ROMO,2019,2,11.03,29.21,-10.66,0.02,16.18,60.69
ROMO,2019,3,18.61,41.45,-2.02,0.02,34.23,60.02
ROMO,2019,4,27.78,46.67,6.26,0.04,25.19,61.57
ROMO,2019,5,29.9,51.26,12.65,0.12,20.67,56.57
ROMO,2019,6,41.19,62.24,22.55,1.61,9.73,48.69
ROMO,2019,7,50.44,70.16,29.48,3.0,0.0,40.48
ROMO,2019,8,51.89,69.08,33.98,2.37,0.03,39.48
ROMO,2019,9,46.32,70.25,25.97,1.46,0.69,31.69
ROMO,2019,10,23.62,54.23,-14.26,0.02,17.72,40.97
ROMO,2019,11,20.61,39.2,-7.96,0.01,14.22,45.28
ROMO,2019,12,12.79,32.99,-10.03,0.0,15.71,60.9
ROMO,2020,1,12.47,28.94,-4.9,0.02,12.62,70.87
ROMO,2020,2,10.15,34.07,-13.99,0.02,27.34,62.84
ROMO,2020,3,21.25,34.7,4.46,0.0,16.84,53.28
ROMO,2020,4,24.98,51.62,-4.27,0.01,18.27,45.7
ROMO,2020,5,36.58,58.73,14.99,0.65,11.66,44.56
ROMO,2020,6,43.65,62.96,23.9,1.12,10.09,43.55
ROMO,2020,7,51.92,70.07,29.75,2.84,0.0,37.0
ROMO,2020,8,53.12,70.52,34.52,2.15,0.28,34.69
ROMO,2020,9,42.63,70.7,10.58,0.42,9.43,27.9
ROMO,2020,10,33.09,61.34,-12.82,0.04,10.36,31.46
ROMO,2020,11,20.82,44.51,-3.73,0.01,10.5,39.93
ROMO,2020,12,12.18,36.68,-8.86,0.0,9.34,53.62
ROMO,2021,1,12.06,29.3,-3.28,0.0,9.34,53.76
ROMO,2021,2,11.07,30.56,-11.2,0.04,24.58,72.73
ROMO,2021,3,18.43,37.94,-3.91,0.02,26.13,51.21
ROMO,2021,4,24.26,53.15,1.22,0.01,20.89,45.18
ROMO,2021,5,34.06,51.53,14.0,0.59,23.01,55.01
ROMO,2021,6,46.31,67.46,27.59,2.45,2.43,41.13
ROMO,2021,7,52.96,71.51,34.88,4.4,0.0,41.85
ROMO,2021,8,50.78,67.91,29.39,2.61,0.47,34.68
ROMO,2021,9,46.47,69.17,17.33,1.2,3.22,34.12
ROMO,2021,10,29.69,55.76,7.79,0.27,14.77,54.56
ROMO,2021,11,24.1,40.37,-1.39,0.0,9.43,63.92
ROMO,2021,12,15.9,41.18,-7.69,0.01,32.35,71.17
ROMO,2022,1,13.08,34.43,-11.38,0.01,20.39,58.0
ROMO,2022,2,9.99,30.02,-15.52,0.01,12.07,58.17
ROMO,2022,3,18.88,44.96,-10.66,0.01,14.3,66.78
ROMO,2022,4,23.83,48.38,-0.4,0.01,22.16,70.23
ROMO,2022,5,33.62,55.31,9.86,0.08,25.38,68.81
ROMO,2022,6,43.63,64.49,22.64,0.72,0.55,46.44
ROMO,2022,7,52.48,69.71,31.46,4.25,0.03,49.09
ROMO,2022,8,50.65,69.62,34.25,4.4,0.44,46.68
ROMO,2022,9,46.65,70.97,26.78,1.29,2.43,33.67
ROMO,2022,10,30.76,49.64,0.5,0.12,6.09,38.95
ROMO,2022,11,13.74,39.83,-6.52,0.01,16.2,59.1
ROMO,2022,12,11.63,29.84,-14.17,0.01,27.83,76.49
ROMO,2023,1,11.55,29.39,-10.48,0.02,25.8,86.44
ROMO,2023,2,11.51,31.91,-12.19,0.01,13.37,63.87
ROMO,2023,3,13.32,34.52,-6.88,0.0,21.58,76.36
ROMO,2023,4,23.23,47.57,-2.47,0.02,19.07,58.1
ROMO,2023,5,36.63,51.98,23.81,0.72,19.24,60.03
ROMO,2023,6,40.38,60.8,27.86,1.95,15.49,60.03
ROMO,2023,7,51.7,70.43,29.84,3.84,2.78,42.15
ROMO,2023,8,50.55,71.42,33.17,4.15,0.06,38.7
ROMO,2023,9,43.56,64.22,24.98,1.09,5.81,34.54
ROMO,2023,10,31.81,57.02,-9.67,0.07,10.31,32.73
ROMO,2023,11,19.94,40.64,-4.36,0.01,3.58,55.29
ROMO,2023,12,15.26,37.31,-12.46,0.02,14.69,66.93
ROMO,2024,1,10.93,37.58,-21.37,0.03,18.6,73.19
ROMO,2024,2,15.14,35.15,-9.67,0.02,17.28,60.44
ROMO,2024,3,17.74,37.4,-7.51,0.0,33.57,64.9
ROMO,2024,4,26.26,46.4,6.53,0.03,25.41,54.35
ROMO,2024,5,30.74,51.71,9.05,0.15,13.09,52.61
ROMO,2024,6,46.24,67.46,22.64,1.97,0.61,40.35
ROMO,2024,7,50.39,70.43,28.76,3.84,1.19,31.87
ROMO,2024,8,51.39,71.78,34.43,2.4,0.17,47.64
ROMO,2024,9,45.69,65.03,28.4,1.15,2.89,27.1
ROMO,2024,10,37.62,59.27,11.03,0.17,5.18,36.99
ROMO,2024,11,16.87,39.56,-8.77,0.04,20.09,60.37
ROMO,2024,12,16.48,34.43,-9.58,0.04,12.98,59.81
ROMO,2025,1,5.93,31.37,-22.81,0.03,17.36,61.97
ROMO,2025,2,16.28,38.21,-13.54,0.02,21.74,71.05
ROMO,2025,3,20.93,45.86,-4.54,0.02,19.57,64.95
ROMO,2025,4,25.41,50.09,0.41,0.01,12.98,56.72
ROMO,2025,5,33.64,54.5,6.89,0.35,15.19,55.42
ROMO,2025,6,46.47,67.19,27.86,0.89,1.71,37.7
ROMO,2025,7,50.51,69.71,34.7,3.59,0.0,47.22
ROMO,2025,8,48.89,69.71,30.83,2.71,0.5,43.25
ROMO,2025,9,42.69,61.52,21.92,1.48,12.32,45.88
ROMO,2025,10,31.46,56.21,3.29,0.37,6.34,36.63
ROMO,2025,11,25.82,48.29,2.66,0.02,6.92,57.24
ROMO,2025,12,19.72,38.93,-5.44,0.06,14.91,66.33
SAGU,2006,1,52.31,76.14,25.47,0.12,0.0,26.24
SAGU,2006,2,56.98,78.66,33.84,0.0,0.0,43.54
SAGU,2006,3,57.73,81.36,30.69,1.35,0.61,49.55
SAGU,2006,4,68.93,90.54,41.58,0.15,0.0,26.8
SAGU,2006,5,80.36,97.83,56.88,0.04,0.0,18.49
SAGU,2006,6,88.77,104.67,64.26,0.11,0.0,36.73
SAGU,2006,7,86.55,107.55,68.85,3.82,0.0,50.37
SAGU,2006,8,81.23,98.46,65.97,2.28,0.0,52.7
SAGU,2006,9,76.48,96.93,59.67,1.73,0.0,26.57
SAGU,2006,10,68.53,95.04,41.4,0.89,0.0,32.61
SAGU,2006,11,62.05,84.78,25.38,0.04,0.0,15.53
SAGU,2006,12,47.62,73.08,25.92,0.62,0.91,22.52
SAGU,2007,1,44.45,70.83,22.86,1.37,3.22,35.34
SAGU,2007,2,53.54,76.32,27.54,0.35,0.03,32.21
SAGU,2007,3,62.63,91.35,29.88,0.72,0.0,24.65
SAGU,2007,4,68.36,89.64,41.49,0.26,0.0,20.81
SAGU,2007,5,78.81,99.54,50.49,0.09,0.0,15.07
SAGU,2007,6,87.32,104.58,60.12,0.33,0.0,11.92
SAGU,2007,7,86.6,107.64,66.96,3.13,0.0,49.23
SAGU,2007,8,86.04,103.41,66.69,0.9,0.0,42.94
SAGU,2007,9,82.2,100.53,60.39,0.96,0.0,24.57
SAGU,2007,10,71.89,94.32,46.17,0.15,0.0,15.17
SAGU,2007,11,64.82,87.03,34.83,0.96,0.0,44.04
SAGU,2007,12,45.82,71.82,24.21,2.47,0.55,26.52
SAGU,2008,1,48.4,69.48,27.0,2.27,0.03,46.17
SAGU,2008,2,51.94,80.28,25.74,1.28,1.87,31.72
SAGU,2008,3,61.47,83.07,32.4,0.11,0.0,14.35
SAGU,2008,4,69.1,91.98,42.39,0.02,0.0,10.98
SAGU,2008,5,73.88,99.81,48.87,0.44,0.0,17.22
SAGU,2008,6,88.48,106.2,58.95,0.12,0.0,12.88
SAGU,2008,7,83.7,102.51,68.94,3.07,0.0,55.58
SAGU,2008,8,83.29,104.31,68.04,2.99,0.0,51.15
SAGU,2008,9,80.92,99.18,65.52,0.29,0.0,15.14
SAGU,2008,10,71.58,92.79,41.67,0.48,0.0,10.07
SAGU,2008,11,59.4,87.84,37.53,1.24,0.0,26.2
SAGU,2008,12,49.43,71.64,25.02,2.24,1.16,39.21
SAGU,2009,1,50.97,75.42,27.36,1.22,0.0,24.57
SAGU,2009,2,54.97,87.48,27.9,0.68,1.87,34.88
SAGU,2009,3,63.02,86.67,38.43,0.27,0.0,29.62
SAGU,2009,4,66.97,94.05,38.43,0.24,0.0,20.36
SAGU,2009,5,80.69,98.37,60.21,0.49,0.0,26.46
SAGU,2009,6,83.1,100.26,64.62,0.36,0.0,35.5
SAGU,2009,7,90.31,106.47,73.17,0.9,0.0,40.95
SAGU,2009,8,88.67,105.39,70.02,0.35,0.0,23.57
SAGU,2009,9,82.03,99.81,60.57,0.6,0.0,22.75
SAGU,2009,10,69.12,93.6,38.7,0.2,0.0,22.29
SAGU,2009,11,61.77,87.75,35.55,0.25,0.06,28.47
SAGU,2009,12,47.6,67.5,27.27,1.1,0.03,38.75
SAGU,2010,1,49.2,68.22,28.8,4.26,1.38,51.34
SAGU,2010,2,49.59,69.84,24.48,2.79,0.06,44.02
SAGU,2010,3,56.54,85.86,31.23,0.99,0.19,24.43
SAGU,2010,4,65.96,87.39,41.4,0.4,0.0,26.9
SAGU,2010,5,75.31,96.21,43.83,0.03,0.0,9.28
SAGU,2010,6,86.92,105.57,63.81,0.0,0.0,13.19
SAGU,2010,7,87.19,105.57,69.03,3.06,0.0,47.7
SAGU,2010,8,85.48,102.96,68.13,1.14,0.0,28.9
SAGU,2010,9,82.79,101.07,59.94,2.2,0.0,21.43
SAGU,2010,10,71.99,96.03,51.12,0.18,0.0,19.9
SAGU,2010,11,56.88,83.25,24.57,0.03,0.0,14.15
SAGU,2010,12,54.31,78.57,30.6,1.54,0.63,40.25
SAGU,2011,1,49.37,72.72,24.12,0.17,0.06,22.56
SAGU,2011,2,50.44,77.31,18.9,0.39,1.71,19.77
SAGU,2011,3,64.27,87.12,34.29,0.11,0.0,23.0
SAGU,2011,4,69.77,92.88,35.55,0.4,0.28,17.63
SAGU,2011,5,74.27,97.2,45.63,0.04,0.0,10.83
SAGU,2011,6,87.96,108.99,63.54,0.02,0.0,11.74
SAGU,2011,7,86.82,107.19,67.23,1.17,0.0,44.75
SAGU,2011,8,88.67,105.75,72.63,1.13,0.0,44.28
SAGU,2011,9,82.91,101.25,63.36,0.69,0.0,27.43
SAGU,2011,10,72.38,95.22,44.1,0.31,0.0,12.56
SAGU,2011,11,56.34,84.06,35.19,0.96,0.0,35.34
SAGU,2011,12,44.75,73.89,25.74,1.6,0.85,36.67
SAGU,2012,1,52.73,73.44,30.78,0.37,0.0,24.38
SAGU,2012,2,54.17,76.41,30.96,0.5,0.08,25.03
SAGU,2012,3,60.83,87.21,29.88,0.63,0.88,17.99
SAGU,2012,4,71.0,97.38,41.76,0.26,0.0,26.06
SAGU,2012,5,79.87,102.33,53.01,0.16,0.0,5.02
SAGU,2012,6,89.04,104.94,66.87,0.09,0.0,13.47
SAGU,2012,7,85.43,103.05,68.94,2.02,0.0,49.49
SAGU,2012,8,86.4,106.47,68.22,1.92,0.0,36.71
SAGU,2012,9,80.91,99.63,62.46,0.93,0.0,33.04
SAGU,2012,10,73.72,96.12,47.97,0.1,0.0,18.57
SAGU,2012,11,63.33,87.21,34.83,0.22,0.0,26.5
SAGU,2012,12,50.54,76.68,28.71,1.98,1.3,40.0
SAGU,2013,1,45.79,76.86,23.04,0.94,0.36,30.4
SAGU,2013,2,48.85,71.37,26.91,0.42,2.95,29.97
SAGU,2013,3,64.8,90.18,31.95,0.43,0.22,35.67
SAGU,2013,4,70.11,93.24,40.68,0.15,0.0,16.84
SAGU,2013,5,77.94,96.21,54.18,0.03,0.0,17.26
SAGU,2013,6,90.09,108.99,69.57,0.08,0.0,12.28
SAGU,2013,7,84.65,104.58,69.48,3.48,0.0,62.33
SAGU,2013,8,86.22,104.4,68.04,0.83,0.0,48.93
SAGU,2013,9,81.03,99.63,55.62,1.12,0.0,24.39
SAGU,2013,10,69.54,90.09,39.78,0.04,0.0,9.43
SAGU,2013,11,59.44,84.6,34.29,1.11,0.0,30.36
SAGU,2013,12,48.64,75.96,29.88,0.8,0.08,34.39
SAGU,2014,1,54.82,76.32,30.06,0.02,0.0,30.57
SAGU,2014,2,59.84,83.97,35.64,0.41,0.0,40.42
SAGU,2014,3,63.48,82.89,39.78,1.13,0.0,31.39
SAGU,2014,4,69.59,91.53,41.94,0.11,0.0,27.29
SAGU,2014,5,77.44,100.89,50.49,0.0,0.0,20.02
SAGU,2014,6,89.22,103.5,70.2,0.06,0.0,12.84
SAGU,2014,7,86.58,105.48,71.82,1.67,0.0,60.65
SAGU,2014,8,83.21,102.15,67.86,2.04,0.0,39.51
SAGU,2014,9,79.42,101.07,60.93,5.04,0.0,34.25
SAGU,2014,10,71.21,91.71,51.66,2.59,0.0,24.43
SAGU,2014,11,59.14,82.17,30.96,0.07,0.0,14.63
SAGU,2014,12,50.42,74.43,26.19,1.76,0.5,50.45
SAGU,2015,1,50.07,73.71,27.18,2.07,0.61,42.73
SAGU,2015,2,58.16,78.39,36.63,0.15,0.0,25.7
SAGU,2015,3,64.83,89.19,34.83,0.85,0.0,29.74
SAGU,2015,4,68.51,90.54,47.88,0.54,0.0,23.97
SAGU,2015,5,73.07,99.09,49.32,0.69,0.0,25.53
SAGU,2015,6,88.07,106.02,66.6,0.25,0.0,28.49
SAGU,2015,7,85.5,99.63,68.85,1.03,0.0,58.92
SAGU,2015,8,87.32,105.75,70.65,0.82,0.0,45.07
SAGU,2015,9,80.09,98.19,63.99,2.22,0.0,44.71
SAGU,2015,10,72.05,97.38,46.44,1.12,0.0,37.64
SAGU,2015,11,55.66,79.29,28.35,1.01,0.0,18.8
SAGU,2015,12,48.02,75.69,24.93,0.83,0.08,34.8
SAGU,2016,1,48.13,75.69,27.27,1.96,2.12,37.84
SAGU,2016,2,58.15,85.77,25.47,0.3,0.0,22.31
SAGU,2016,3,64.76,86.76,40.14,0.08,0.0,27.41
SAGU,2016,4,68.49,92.07,43.47,0.33,0.0,26.39
SAGU,2016,5,75.48,98.19,49.77,0.03,0.0,14.3
SAGU,2016,6,88.3,111.42,66.69,0.97,0.0,27.04
SAGU,2016,7,88.49,104.4,70.83,1.46,0.0,36.54
SAGU,2016,8,82.52,99.99,65.34,2.4,0.0,37.63
SAGU,2016,9,76.89,100.35,53.37,2.89,0.0,33.95
SAGU,2016,10,76.22,92.25,55.26,0.17,0.0,24.76
SAGU,2016,11,59.93,83.79,29.79,0.86,0.06,25.28
SAGU,2016,12,52.07,78.39,28.26,2.3,1.82,51.68
SAGU,2017,1,49.4,72.81,28.71,3.08,0.0,38.51
SAGU,2017,2,56.45,83.7,35.01,0.59,0.0,45.35
SAGU,2017,3,66.44,90.9,40.23,0.29,0.0,21.74
SAGU,2017,4,70.42,93.6,43.38,0.01,0.0,22.55
SAGU,2017,5,75.64,99.45,49.95,0.18,0.0,18.01
SAGU,2017,6,88.79,109.89,64.71,0.02,0.0,20.95
SAGU,2017,7,82.99,106.56,70.11,4.17,0.0,60.85
SAGU,2017,8,84.78,100.53,70.11,1.3,0.0,28.3
SAGU,2017,9,81.49,100.62,56.16,0.26,0.0,19.87
SAGU,2017,10,76.22,94.86,56.07,0.02,0.0,12.38
SAGU,2017,11,67.7,89.1,48.78,0.08,0.0,39.02
SAGU,2017,12,55.85,78.57,29.43,0.24,0.0,41.3
SAGU,2018,1,55.91,77.31,31.86,0.81,0.0,34.31
SAGU,2018,2,55.47,79.65,33.93,2.54,0.0,34.85
SAGU,2018,3,61.67,88.56,34.47,0.05,0.0,45.85
SAGU,2018,4,72.67,92.97,43.92,0.0,0.0,30.45
SAGU,2018,5,78.78,99.63,49.95,0.07,0.0,15.06
SAGU,2018,6,86.68,103.86,64.62,1.18,0.0,17.51
SAGU,2018,7,87.54,108.18,70.02,1.57,0.0,52.52
SAGU,2018,8,85.05,106.02,69.75,1.24,0.0,55.41
SAGU,2018,9,81.96,102.6,65.7,2.34,0.0,20.55
SAGU,2018,10,66.18,87.03,46.89,3.02,0.0,35.2
SAGU,2018,11,58.22,80.64,37.8,0.49,0.0,28.46
SAGU,2018,12,50.79,73.44,27.27,1.64,0.0,41.17
SAGU,2019,1,50.04,73.26,26.1,1.16,2.48,45.7
SAGU,2019,2,48.41,69.39,27.36,2.83,4.77,53.19
SAGU,2019,3,59.77,85.95,34.38,1.0,0.0,46.51
SAGU,2019,4,68.86,93.87,44.64,0.24,0.0,29.72
SAGU,2019,5,71.04,94.23,48.6,0.18,0.0,29.56
SAGU,2019,6,85.27,104.94,63.18,0.01,0.0,20.7
SAGU,2019,7,88.57,103.95,67.95,0.94,0.0,51.34
SAGU,2019,8,87.36,105.48,71.46,0.52,0.0,47.62
SAGU,2019,9,79.74,101.88,60.75,3.6,0.0,30.85
SAGU,2019,10,69.94,91.35,44.01,0.0,0.0,9.17
SAGU,2019,11,61.69,83.16,38.97,3.65,0.0,51.47
SAGU,2019,12,50.52,71.37,28.26,2.0,0.0,46.82
SAGU,2020,1,50.56,72.45,33.57,0.99,0.0,28.17
SAGU,2020,2,52.8,77.94,25.38,0.91,0.0,34.82
SAGU,2020,3,59.22,83.25,35.46,1.29,0.0,53.7
SAGU,2020,4,69.62,99.54,43.65,0.17,0.0,18.23
SAGU,2020,5,81.19,104.22,57.33,0.0,0.0,16.71
SAGU,2020,6,86.89,106.83,59.13,0.0,0.0,15.45
SAGU,2020,7,89.93,107.01,71.1,0.27,0.0,36.65
SAGU,2020,8,91.16,106.47,73.89,0.41,0.0,37.04
SAGU,2020,9,84.62,105.75,57.96,0.21,0.0,9.87
SAGU,2020,10,75.68,99.18,34.56,0.25,0.0,18.14
SAGU,2020,11,63.57,90.99,36.18,0.17,0.0,23.08
SAGU,2020,12,51.54,75.24,31.68,0.51,0.0,23.16
SAGU,2021,1,51.01,75.24,31.23,1.57,0.25,31.15
SAGU,2021,2,54.62,77.13,31.14,0.3,0.0,24.81
SAGU,2021,3,58.44,85.86,29.25,0.6,0.11,25.45
SAGU,2021,4,70.81,91.35,47.25,0.17,0.0,25.45
SAGU,2021,5,78.22,96.66,51.48,0.0,0.0,12.28
SAGU,2021,6,88.85,110.25,63.9,0.16,0.0,24.58
SAGU,2021,7,83.72,104.31,66.69,5.33,0.0,62.87
SAGU,2021,8,82.72,102.69,67.05,3.98,0.0,41.83
SAGU,2021,9,79.22,99.27,61.29,2.65,0.0,30.33
SAGU,2021,10,69.44,91.89,41.31,0.29,0.0,20.4
SAGU,2021,11,65.2,86.85,45.18,0.04,0.0,32.92
SAGU,2021,12,54.39,79.11,33.12,2.88,0.0,48.74
SAGU,2022,1,50.96,70.65,32.76,0.77,0.0,36.94
SAGU,2022,2,51.54,77.4,27.27,0.47,0.14,20.59
SAGU,2022,3,59.32,90.54,35.37,1.13,0.0,25.51
SAGU,2022,4,70.49,94.77,42.57,0.0,0.0,17.77
SAGU,2022,5,79.06,101.34,52.2,0.0,0.0,11.45
SAGU,2022,6,86.68,107.55,66.51,0.11,0.0,28.46
SAGU,2022,7,86.28,104.58,71.1,1.87,0.0,50.74
SAGU,2022,8,80.73,99.18,69.21,6.5,0.0,48.31
SAGU,2022,9,81.54,100.62,64.89,0.92,0.0,37.3
SAGU,2022,10,67.98,90.45,43.02,2.63,0.0,27.42
SAGU,2022,11,54.96,78.66,37.35,0.17,0.0,26.62
SAGU,2022,12,50.45,75.6,29.7,2.16,0.08,44.22
SAGU,2023,1,47.33,74.25,26.91,3.4,0.33,45.51
SAGU,2023,2,50.05,75.6,26.73,1.55,1.6,39.7
SAGU,2023,3,56.24,81.0,30.24,1.56,2.51,50.02
SAGU,2023,4,69.07,96.3,32.76,0.0,0.0,17.55
SAGU,2023,5,76.57,94.95,51.03,0.07,0.0,16.65
SAGU,2023,6,84.02,108.18,58.68,0.01,0.0,22.31
SAGU,2023,7,92.74,108.99,74.34,0.07,0.0,30.38
SAGU,2023,8,88.22,108.18,68.31,1.5,0.0,34.58
SAGU,2023,9,84.46,107.19,65.61,0.95,0.0,20.82
SAGU,2023,10,75.02,96.93,47.88,0.13,0.0,11.13
SAGU,2023,11,62.68,89.64,39.96,0.71,0.0,29.48
SAGU,2023,12,54.07,79.02,34.92,1.55,0.0,33.38
SAGU,2024,1,49.13,74.52,27.0,3.43,3.03,43.57
SAGU,2024,2,53.54,80.91,32.94,2.64,0.41,43.64
SAGU,2024,3,56.12,77.94,40.32,3.18,0.55,36.53
SAGU,2024,4,66.37,93.42,36.72,0.54,0.0,20.24
SAGU,2024,5,77.69,99.99,55.53,0.0,0.0,7.37
SAGU,2024,6,88.42,107.91,67.14,0.62,0.0,33.22
SAGU,2024,7,89.78,108.63,73.53,0.52,0.0,35.87
SAGU,2024,8,86.44,103.77,70.47,0.79,0.0,35.42
SAGU,2024,9,85.26,104.76,60.57,1.28,0.0,8.4
SAGU,2024,10,77.54,102.87,44.55,0.0,0.0,11.95
SAGU,2024,11,57.59,82.44,34.83,0.39,0.0,29.92
SAGU,2024,12,57.98,79.83,38.07,0.0,0.0,17.95
SAGU,2025,1,49.17,80.01,26.19,0.09,0.25,25.01
SAGU,2025,2,60.23,83.07,38.34,0.29,0.0,35.4
SAGU,2025,3,60.59,92.88,36.18,1.41,0.5,32.15
SAGU,2025,4,68.57,97.65,42.12,0.19,0.0,18.91
SAGU,2025,5,76.78,101.7,50.13,0.17,0.0,25.59
SAGU,2025,6,87.48,110.25,63.45,0.4,0.0,5.81
SAGU,2025,7,88.3,108.09,69.39,1.09,0.0,30.75
SAGU,2025,8,89.39,109.71,70.83,0.2,0.0,30.74
SAGU,2025,9,81.19,100.26,61.11,2.0,0.0,29.39
SAGU,2025,10,72.04,97.02,51.48,3.83,0.0,15.85
SAGU,2025,11,62.76,88.65,41.58,2.39,0.0,30.02
SAGU,2025,12,57.62,80.82,37.08,0.26,0.0,32.06
SHEN,2006,1,34.56,58.39,19.69,2.56,0.0,62.09
SHEN,2006,2,29.46,56.68,5.92,0.35,6.86,54.48
SHEN,2006,3,38.55,72.7,21.4,0.6,1.76,53.72
SHEN,2006,4,50.46,74.05,27.79,3.85,0.0,52.52
SHEN,2006,5,54.78,85.03,35.98,2.82,0.0,48.51
SHEN,2006,6,64.38,89.44,45.88,5.04,0.0,52.18
SHEN,2006,7,70.05,88.72,51.46,3.38,0.0,56.74
SHEN,2006,8,71.58,90.07,52.9,1.09,0.0,51.83
SHEN,2006,9,57.89,75.58,38.14,5.75,0.0,60.67
SHEN,2006,10,47.67,75.58,24.1,4.23,0.0,48.47
SHEN,2006,11,42.22,67.39,20.86,4.13,0.0,60.18
SHEN,2006,12,36.07,63.07,14.47,1.17,0.0,47.71
SHEN,2007,1,32.79,60.28,10.06,1.93,2.18,56.34
SHEN,2007,2,21.78,48.76,-13.43,1.14,10.22,46.03
SHEN,2007,3,40.98,71.35,16.99,2.51,4.82,54.13
SHEN,2007,4,45.39,74.23,20.95,3.41,0.5,57.03
SHEN,2007,5,58.64,79.99,34.63,1.7,0.0,50.62
SHEN,2007,6,65.56,85.12,49.21,3.02,0.0,61.04
SHEN,2007,7,67.58,87.01,50.83,2.14,0.0,58.25
SHEN,2007,8,71.59,90.88,57.04,1.78,0.0,51.5
SHEN,2007,9,64.13,84.13,41.56,2.0,0.0,26.98
SHEN,2007,10,56.48,81.34,30.67,2.51,0.0,43.55
SHEN,2007,11,39.09,64.06,22.75,1.19,0.19,55.4
SHEN,2007,12,33.57,62.62,17.26,2.21,1.6,69.94
SHEN,2008,1,29.3,60.28,4.84,0.96,3.0,52.65
SHEN,2008,2,31.83,63.43,9.52,1.88,1.65,59.6
SHEN,2008,3,38.71,64.96,19.87,3.13,0.44,54.6
SHEN,2008,4,49.45,75.04,27.52,4.76,0.0,65.09
SHEN,2008,5,54.54,76.48,35.08,4.91,0.0,53.99
SHEN,2008,6,67.51,87.28,46.96,2.63,0.0,45.9
SHEN,2008,7,69.0,87.19,50.02,3.59,0.0,51.43
SHEN,2008,8,66.09,83.86,48.76,2.43,0.0,50.35
SHEN,2008,9,62.06,82.96,45.34,3.99,0.0,55.28
SHEN,2008,10,49.0,76.84,24.73,0.62,0.0,40.27
SHEN,2008,11,36.99,65.05,18.16,2.57,0.91,55.35
SHEN,2008,12,32.54,55.42,7.9,3.09,0.44,63.68
SHEN,2009,1,24.88,50.56,-0.29,2.01,3.09,49.39
SHEN,2009,2,30.82,59.47,5.2,0.33,2.18,45.28
SHEN,2009,3,37.3,66.76,2.86,2.01,4.71,62.12
SHEN,2009,4,47.54,81.16,24.73,3.33,0.0,56.31
SHEN,2009,5,56.68,75.94,34.18,6.87,0.0,71.65
SHEN,2009,6,64.34,80.89,45.34,4.7,0.0,62.08
SHEN,2009,7,65.44,83.05,50.11,2.04,0.0,62.31
SHEN,2009,8,68.88,85.39,55.33,1.89,0.0,56.08
SHEN,2009,9,60.77,79.0,43.45,1.98,0.0,59.93
SHEN,2009,10,49.43,77.2,26.98,3.2,0.08,63.62
SHEN,2009,11,42.57,65.14,27.34,4.8,0.0,58.4
SHEN,2009,12,26.1,49.84,-2.27,3.89,18.33,58.85
SHEN,2010,1,23.48,50.92,-11.81,2.97,6.94,51.84
SHEN,2010,2,21.43,45.88,-7.13,0.22,21.58,58.6
SHEN,2010,3,39.41,64.69,9.88,3.39,0.91,57.02
SHEN,2010,4,51.97,81.34,28.42,1.52,0.0,48.45
SHEN,2010,5,59.68,82.51,32.74,3.68,0.0,66.62
SHEN,2010,6,70.29,89.17,49.12,1.56,0.0,48.19
SHEN,2010,7,73.27,93.31,50.92,1.72,0.0,41.88
SHEN,2010,8,69.89,88.0,55.78,3.19,0.0,54.34
SHEN,2010,9,64.74,87.28,48.4,8.37,0.0,35.21
SHEN,2010,10,51.07,75.04,30.31,2.43,0.0,38.97
SHEN,2010,11,39.47,59.11,23.56,2.07,0.0,39.28
SHEN,2010,12,24.23,53.26,6.01,1.78,2.89,56.05
SHEN,2011,1,24.57,47.77,2.32,0.33,7.74,58.09
SHEN,2011,2,32.97,61.99,12.58,2.1,0.96,57.84
SHEN,2011,3,38.2,69.82,21.76,3.84,3.56,62.88
SHEN,2011,4,50.59,78.73,25.9,5.41,0.14,66.91
SHEN,2011,5,58.45,85.39,34.81,6.26,0.0,62.54
SHEN,2011,6,66.94,87.64,49.12,3.29,0.0,55.2
SHEN,2011,7,72.23,91.6,53.44,2.65,0.0,49.14
SHEN,2011,8,68.35,86.11,49.66,3.35,0.0,51.12
SHEN,2011,9,61.17,83.86,41.29,5.76,0.0,66.9
SHEN,2011,10,48.33,71.98,10.06,3.31,7.08,54.05
SHEN,2011,11,42.71,65.77,22.39,3.02,0.0,50.96
SHEN,2011,12,35.57,55.42,21.85,3.61,1.43,55.13
SHEN,2012,1,31.22,57.13,13.03,1.14,1.24,52.25
SHEN,2012,2,34.05,63.43,10.24,1.59,2.7,48.16
SHEN,2012,3,48.08,72.79,21.94,1.83,0.47,53.97
SHEN,2012,4,47.99,79.27,29.14,2.79,0.0,51.86
SHEN,2012,5,61.09,80.98,36.34,4.07,0.0,67.48
SHEN,2012,6,64.34,94.39,43.09,2.83,0.0,47.89
SHEN,2012,7,72.7,93.67,60.46,2.63,0.0,62.7
SHEN,2012,8,68.75,86.92,52.9,3.15,0.0,59.43
SHEN,2012,9,60.97,84.4,41.56,3.86,0.0,50.36
SHEN,2012,10,50.4,74.86,30.13,5.2,2.56,57.1
SHEN,2012,11,36.31,62.89,22.39,0.86,0.0,46.31
SHEN,2012,12,35.48,62.35,14.83,1.45,8.79,70.38
SHEN,2013,1,31.19,63.16,7.0,3.31,2.95,62.24
SHEN,2013,2,29.11,54.16,11.23,1.19,2.7,59.67
SHEN,2013,3,31.46,60.37,8.08,1.94,18.57,53.46
SHEN,2013,4,48.3,79.54,21.85,2.44,1.16,58.94
SHEN,2013,5,55.68,81.79,28.78,3.4,0.0,62.24
SHEN,2013,6,64.93,81.88,48.94,7.16,0.0,58.56
SHEN,2013,7,68.3,85.48,50.92,5.57,0.0,66.89
SHEN,2013,8,64.77,79.72,46.42,6.12,0.0,65.93
SHEN,2013,9,59.89,82.24,39.49,0.69,0.0,49.86
SHEN,2013,10,50.94,76.66,23.83,3.04,0.0,57.07
SHEN,2013,11,36.3,66.31,15.28,2.49,0.72,47.79
SHEN,2013,12,32.64,62.62,9.88,5.0,5.65,60.36
SHEN,2014,1,22.09,48.04,-6.14,1.03,5.59,47.77
SHEN,2014,2,27.46,56.77,0.61,1.88,14.19,63.62
SHEN,2014,3,31.68,62.98,-16.22,1.63,13.42,60.96
SHEN,2014,4,47.33,73.51,23.29,5.97,0.03,60.07
SHEN,2014,5,58.17,81.34,35.26,6.04,0.0,58.06
SHEN,2014,6,66.17,85.12,46.42,3.14,0.0,60.11
SHEN,2014,7,67.36,86.47,47.95,3.48,0.0,58.48
SHEN,2014,8,65.2,81.7,47.41,3.22,0.0,63.33
SHEN,2014,9,61.73,84.4,42.91,1.54,0.0,63.24
SHEN,2014,10,50.74,73.96,32.65,5.07,0.0,57.56
SHEN,2014,11,35.34,64.33,12.85,2.39,5.62,49.83
SHEN,2014,12,33.21,61.99,20.14,2.48,2.45,62.69
SHEN,2015,1,26.28,54.79,1.6,1.67,5.15,60.69
SHEN,2015,2,20.0,55.42,-15.23,0.5,11.99,56.83
SHEN,2015,3,34.05,67.84,-9.11,2.54,9.84,64.83
SHEN,2015,4,48.03,70.27,27.61,4.07,0.0,60.93
SHEN,2015,5,60.64,78.19,36.07,1.44,0.0,58.68
SHEN,2015,6,66.24,84.49,48.85,5.17,0.0,73.78
SHEN,2015,7,67.94,82.6,55.42,6.34,0.0,67.1
SHEN,2015,8,66.66,82.15,52.0,1.09,0.0,57.26
SHEN,2015,9,62.35,81.88,40.84,6.59,0.0,60.36
SHEN,2015,10,49.02,70.27,25.0,3.5,0.0,52.49
SHEN,2015,11,43.88,69.28,22.39,2.41,0.0,50.66
SHEN,2015,12,42.65,65.77,22.3,3.31,0.0,66.55
SHEN,2016,1,25.19,49.03,-1.1,1.19,13.23,47.13
SHEN,2016,2,29.66,58.75,4.12,3.36,1.87,66.76
SHEN,2016,3,44.08,72.88,21.94,0.95,0.99,63.21
SHEN,2016,4,48.13,76.84,21.49,1.61,0.14,49.23
SHEN,2016,5,54.57,78.91,34.18,6.13,0.0,74.18
SHEN,2016,6,66.33,84.49,42.37,3.09,0.0,56.43
SHEN,2016,7,71.94,92.68,55.15,4.13,0.0,60.41
SHEN,2016,8,71.88,88.63,57.13,1.48,0.0,58.71
SHEN,2016,9,66.77,87.82,53.44,4.11,0.0,60.02
SHEN,2016,10,53.64,75.94,35.08,1.97,0.0,45.93
SHEN,2016,11,42.19,74.05,22.03,1.7,0.0,38.81
SHEN,2016,12,32.13,58.66,9.34,2.15,0.0,61.39
SHEN,2017,1,32.6,59.49,1.08,2.48,5.07,74.07
SHEN,2017,2,39.15,65.34,11.43,1.31,0.85,57.88
SHEN,2017,3,37.03,68.31,5.22,2.14,6.39,56.54
SHEN,2017,4,53.89,80.46,29.43,2.81,0.22,61.92
SHEN,2017,5,55.77,81.72,36.0,6.61,0.0,63.06
SHEN,2017,6,65.42,83.34,46.08,3.41,0.0,52.6
SHEN,2017,7,70.75,86.49,52.11,3.37,0.0,56.3
SHEN,2017,8,66.42,83.16,53.01,3.92,0.0,60.36
SHEN,2017,9,61.48,80.73,42.75,2.25,0.0,46.35
SHEN,2017,10,55.19,77.4,32.31,4.39,0.5,46.79
SHEN,2017,11,39.27,67.32,13.32,1.57,0.0,54.3
SHEN,2017,12,29.5,52.74,1.62,0.52,3.03,65.4
SHEN,2018,1,26.48,55.08,-2.97,1.28,0.63,51.89
SHEN,2018,2,37.36,69.39,6.21,3.67,5.24,75.18
SHEN,2018,3,31.69,66.87,13.32,1.26,7.22,56.72
SHEN,2018,4,43.74,74.16,19.44,3.91,1.13,65.04
SHEN,2018,5,62.78,80.1,40.05,5.74,0.0,68.73
SHEN,2018,6,65.47,83.34,47.79,6.54,0.0,66.77
SHEN,2018,7,68.63,84.96,51.03,3.71,0.0,55.27
SHEN,2018,8,68.62,83.88,51.57,4.82,0.0,55.94
SHEN,2018,9,64.47,84.51,49.41,8.23,0.0,72.14
SHEN,2018,10,51.97,78.21,27.81,3.0,0.03,55.71
SHEN,2018,11,36.21,64.17,16.02,4.83,4.16,67.46
SHEN,2018,12,33.12,57.69,12.78,5.22,3.33,66.17
SHEN,2019,1,26.9,53.37,-3.24,2.09,6.12,67.41
SHEN,2019,2,33.89,60.84,12.42,3.2,4.02,69.05
SHEN,2019,3,35.58,65.25,8.28,2.4,10.8,57.79
SHEN,2019,4,50.55,73.44,19.08,4.1,0.0,66.95
SHEN,2019,5,61.46,81.72,35.91,3.41,0.0,64.66
SHEN,2019,6,65.58,85.23,46.17,2.84,0.0,62.83
SHEN,2019,7,71.37,90.09,53.82,3.85,0.0,47.49
SHEN,2019,8,69.13,85.86,52.02,2.86,0.0,51.81
SHEN,2019,9,66.84,86.76,48.87,1.11,0.0,42.65
SHEN,2019,10,53.96,86.04,36.99,5.12,0.0,50.16
SHEN,2019,11,36.34,58.77,11.88,1.38,0.19,53.32
SHEN,2019,12,35.15,57.15,12.15,2.79,1.52,68.06
SHEN,2020,1,33.12,58.86,11.16,2.24,3.91,62.36
SHEN,2020,2,35.19,59.94,10.98,3.63,0.41,69.22
SHEN,2020,3,43.77,74.7,18.36,2.06,0.66,68.72
SHEN,2020,4,45.51,70.2,26.19,6.78,2.4,57.25
SHEN,2020,5,53.19,77.22,23.13,2.47,0.0,64.8
SHEN,2020,6,66.05,85.59,41.76,3.63,0.0,62.82
SHEN,2020,7,73.05,89.91,58.86,3.2,0.0,39.39
SHEN,2020,8,68.03,84.42,55.71,9.44,0.0,58.41
SHEN,2020,9,60.23,81.27,37.98,2.34,0.0,51.43
SHEN,2020,10,52.69,73.44,28.35,3.64,0.0,50.83
SHEN,2020,11,45.23,67.05,22.32,4.23,0.08,46.44
SHEN,2020,12,31.32,54.63,8.73,3.38,8.38,64.44
SHEN,2021,1,28.69,47.07,11.52,1.43,4.13,56.75
SHEN,2021,2,27.57,57.51,0.99,2.35,13.48,69.29
SHEN,2021,3,42.19,65.7,15.48,2.22,0.33,49.55
SHEN,2021,4,48.62,77.31,17.73,3.19,0.03,50.95
SHEN,2021,5,56.74,82.17,34.83,1.76,0.0,58.39
SHEN,2021,6,67.56,88.56,48.06,2.26,0.0,58.47
SHEN,2021,7,71.39,89.01,51.57,1.72,0.0,48.2
SHEN,2021,8,70.55,89.1,55.62,4.87,0.0,58.87
SHEN,2021,9,63.03,81.99,46.44,5.88,0.0,39.51
SHEN,2021,10,55.89,75.69,38.25,4.88,0.0,59.65
SHEN,2021,11,38.3,65.52,19.62,1.09,0.19,49.8
SHEN,2021,12,39.37,59.58,18.36,0.94,0.25,66.72
SHEN,2022,1,23.09,58.23,-9.09,1.52,18.74,63.67
SHEN,2022,2,32.63,60.84,2.79,2.13,3.0,52.54
SHEN,2022,3,41.44,66.6,2.79,2.74,3.8,63.63
SHEN,2022,4,46.98,77.76,24.03,2.02,4.16,59.82
SHEN,2022,5,58.65,84.78,33.48,5.47,0.0,64.75
SHEN,2022,6,66.94,85.59,45.27,2.54,0.0,58.54
SHEN,2022,7,70.48,88.29,54.45,6.7,0.0,68.02
SHEN,2022,8,68.42,85.5,53.91,2.2,0.0,44.57
SHEN,2022,9,61.36,80.28,40.95,4.02,0.0,51.79
SHEN,2022,10,48.15,68.49,28.98,2.58,0.0,47.75
SHEN,2022,11,42.0,67.77,19.08,3.28,0.0,45.47
SHEN,2022,12,30.73,55.89,-6.75,3.74,2.67,55.2
SHEN,2023,1,35.38,58.77,15.66,1.77,0.96,64.86
SHEN,2023,2,38.36,67.77,6.48,2.31,3.78,71.96
SHEN,2023,3,38.84,70.74,13.32,2.16,1.68,57.66
SHEN,2023,4,52.29,79.38,27.81,3.41,0.0,56.33
SHEN,2023,5,55.18,77.67,35.37,2.07,0.06,64.5
SHEN,2023,6,62.38,81.45,45.54,3.91,0.0,52.25
SHEN,2023,7,72.07,92.16,59.31,2.9,0.0,48.14
SHEN,2023,8,69.12,88.83,52.92,1.31,0.0,54.78
SHEN,2023,9,62.7,90.09,44.73,3.52,0.0,47.49
SHEN,2023,10,53.35,75.24,33.57,0.94,0.0,42.15
SHEN,2023,11,40.12,70.29,15.03,2.4,0.0,43.27
SHEN,2023,12,36.43,60.03,13.86,4.22,4.05,58.39
SHEN,2024,1,29.41,61.2,-2.16,4.75,7.33,65.07
SHEN,2024,2,35.52,59.13,14.58,1.69,2.98,52.55
SHEN,2024,3,42.36,66.42,19.44,3.62,0.11,58.06
SHEN,2024,4,50.96,78.93,25.92,2.09,0.06,63.41
SHEN,2024,5,59.75,79.65,40.5,3.93,0.0,62.57
SHEN,2024,6,68.53,88.92,49.68,1.67,0.0,47.94
SHEN,2024,7,71.17,89.82,50.76,2.21,0.0,54.29
SHEN,2024,8,68.58,87.12,46.35,5.77,0.0,43.55
SHEN,2024,9,61.1,76.14,44.82,7.89,0.0,60.92
SHEN,2024,10,53.06,72.54,30.96,0.87,0.0,25.26
SHEN,2024,11,43.91,70.83,20.52,1.31,1.46,62.14
SHEN,2024,12,31.96,56.7,11.61,2.44,1.07,61.42
SHEN,2025,1,20.82,44.64,-7.38,0.94,10.94,54.15
SHEN,2025,2,29.7,55.26,7.47,2.53,7.14,63.08
SHEN,2025,3,43.7,73.8,12.78,2.09,0.11,51.43
SHEN,2025,4,52.86,81.18,23.67,2.02,0.0,69.64
SHEN,2025,5,57.01,80.37,39.24,8.67,0.0,69.65
SHEN,2025,6,68.84,93.51,40.59,4.91,0.0,55.08
SHEN,2025,7,71.74,85.86,59.49,4.93,0.0,50.67
SHEN,2025,8,64.38,85.68,46.71,1.12,0.0,50.04
SHEN,2025,9,61.65,76.77,46.8,2.52,0.0,53.54
SHEN,2025,10,49.69,73.53,31.05,2.3,0.0,45.36
SHEN,2025,11,41.06,65.52,16.92,0.94,0.03,53.05
SHEN,2025,12,29.55,56.52,3.51,1.04,4.11,68.04
THRO,2006,1,30.44,52.01,14.12,0.07,1.38,60.14
THRO,2006,2,23.0,56.33,-17.29,0.02,2.54,57.13
THRO,2006,3,30.3,56.78,11.96,0.44,6.17,62.08
THRO,2006,4,47.26,75.23,22.85,2.43,12.54,57.07
THRO,2006,5,56.34,85.31,28.61,0.81,0.0,52.68
THRO,2006,6,67.04,96.92,49.22,1.17,0.0,43.18
THRO,2006,7,77.38,99.17,56.06,0.59,0.0,27.87
THRO,2006,8,72.53,93.86,52.64,0.57,0.0,33.0
THRO,2006,9,58.21,89.45,34.64,2.55,1.05,45.6
THRO,2006,10,40.61,76.13,14.93,0.75,4.08,56.07
THRO,2006,11,31.83,66.86,-4.15,0.13,1.65,54.24
THRO,2006,12,26.23,46.61,-1.36,0.06,1.9,55.43
THRO,2007,1,22.28,52.37,-7.03,0.02,2.09,49.47
THRO,2007,2,15.34,45.44,-25.93,0.05,6.83,71.96
THRO,2007,3,37.81,72.62,7.28,1.0,3.06,62.78
THRO,2007,4,40.39,77.57,2.06,0.71,6.75,54.6
THRO,2007,5,56.05,83.69,36.62,5.13,0.0,60.78
THRO,2007,6,65.96,92.51,45.17,2.7,0.0,47.19
THRO,2007,7,77.42,103.04,51.83,0.69,0.0,34.22
THRO,2007,8,70.24,94.22,48.59,1.62,0.0,35.53
THRO,2007,9,60.61,92.15,34.01,0.71,0.0,40.84
THRO,2007,10,47.88,78.11,29.42,0.67,0.0,49.03
THRO,2007,11,33.53,63.98,6.74,0.23,0.47,59.78
THRO,2007,12,21.8,46.88,3.05,0.05,1.16,48.7
THRO,2008,1,17.72,47.42,-18.1,0.04,2.29,55.47
THRO,2008,2,19.37,47.51,-12.7,0.05,2.23,59.72
THRO,2008,3,31.77,60.83,3.86,0.11,1.63,58.92
THRO,2008,4,41.84,75.77,20.15,0.38,1.46,53.2
THRO,2008,5,53.14,82.16,28.43,1.98,0.52,68.57
THRO,2008,6,60.84,88.1,42.92,3.05,0.0,48.86
THRO,2008,7,72.19,92.6,52.37,1.92,0.0,33.31
THRO,2008,8,71.51,97.55,47.42,1.61,0.0,29.64
THRO,2008,9,58.65,86.75,39.32,1.04,0.0,41.02
THRO,2008,10,45.98,74.42,20.78,1.06,5.46,40.59
THRO,2008,11,32.56,67.49,9.62,0.58,4.99,62.46
THRO,2008,12,9.04,44.54,-29.17,0.07,10.2,68.4
THRO,2009,1,11.17,37.52,-32.68,0.07,4.0,61.76
THRO,2009,2,14.57,40.49,-8.92,0.05,7.61,64.12
THRO,2009,3,24.29,67.67,-21.16,0.17,6.56,60.58
THRO,2009,4,40.7,75.68,10.07,1.72,0.99,64.35
THRO,2009,5,54.05,79.1,27.8,1.49,0.36,49.69
THRO,2009,6,61.52,90.62,35.09,1.96,1.79,47.08
THRO,2009,7,66.29,91.07,46.34,4.91,0.0,43.75
THRO,2009,8,67.09,95.3,47.6,0.88,0.0,43.62
THRO,2009,9,65.39,90.44,42.29,1.4,0.0,33.36
THRO,2009,10,37.95,67.67,17.54,1.46,1.02,78.85
THRO,2009,11,37.06,69.11,20.78,0.07,0.08,34.2
THRO,2009,12,9.94,40.49,-24.4,0.0,12.26,77.07
THRO,2010,1,12.81,36.71,-27.91,0.0,6.31,65.39
THRO,2010,2,13.07,30.32,-13.06,0.0,3.69,81.93
THRO,2010,3,32.18,68.3,8.09,0.09,4.88,73.16
THRO,2010,4,45.54,71.27,26.36,1.54,0.0,58.63
THRO,2010,5,51.55,84.5,25.55,3.83,2.81,62.69
THRO,2010,6,63.55,91.88,45.8,2.28,0.0,56.05
THRO,2010,7,70.7,95.39,52.37,1.98,0.0,34.26
THRO,2010,8,70.66,93.5,52.28,2.41,0.0,31.24
THRO,2010,9,56.4,83.33,31.94,2.63,0.44,48.84
THRO,2010,10,49.47,80.45,13.49,0.79,4.55,43.47
THRO,2010,11,27.84,66.32,-10.9,0.24,7.11,64.95
THRO,2010,12,12.17,34.55,-14.05,0.07,8.49,73.12
THRO,2011,1,9.93,34.28,-18.46,0.03,11.35,77.55
THRO,2011,2,10.89,41.66,-23.41,0.04,6.09,61.74
THRO,2011,3,20.57,40.58,-9.19,0.39,8.02,76.95
THRO,2011,4,38.27,64.61,11.15,1.61,17.86,68.73
THRO,2011,5,48.57,64.52,16.01,6.29,0.0,74.89
THRO,2011,6,61.41,92.51,37.61,5.15,0.0,56.82
THRO,2011,7,72.82,93.77,52.82,1.2,0.0,31.07
THRO,2011,8,70.73,92.6,51.47,4.58,0.0,34.47
THRO,2011,9,61.1,85.85,38.42,0.72,0.0,31.27
THRO,2011,10,50.14,90.26,27.98,0.82,0.0,45.85
THRO,2011,11,32.49,55.34,9.8,0.05,2.78,50.31
THRO,2011,12,26.72,48.59,-5.32,0.25,2.48,47.09
THRO,2012,1,25.43,56.06,-8.92,0.18,1.9,54.91
THRO,2012,2,23.19,48.23,-7.48,0.06,5.13,51.64
THRO,2012,3,43.77,73.34,12.68,0.06,1.6,50.73
THRO,2012,4,48.06,84.59,23.21,1.94,0.36,56.21
THRO,2012,5,54.9,83.78,35.81,2.54,0.0,51.82
THRO,2012,6,66.59,94.22,46.97,2.2,0.0,41.48
THRO,2012,7,76.64,98.09,54.8,1.64,0.0,34.66
THRO,2012,8,70.87,98.81,48.14,0.88,0.0,33.09
THRO,2012,9,62.5,93.32,37.79,0.13,0.0,30.94
THRO,2012,10,42.22,71.45,22.22,1.93,0.52,61.07
THRO,2012,11,30.2,61.55,3.14,0.33,4.52,62.85
THRO,2012,12,20.41,50.66,-7.03,0.01,3.69,68.99
THRO,2013,1,16.13,38.24,-20.53,0.02,4.08,68.88
THRO,2013,2,25.65,47.51,-3.97,0.03,2.81,69.86
THRO,2013,3,25.16,61.28,3.68,0.37,7.58,64.37
THRO,2013,4,33.19,72.71,9.26,0.21,12.57,68.37
THRO,2013,5,53.8,85.13,23.93,6.06,0.0,58.64
THRO,2013,6,62.58,81.08,41.3,2.94,0.0,44.44
THRO,2013,7,69.41,93.95,47.33,1.92,0.0,35.08
THRO,2013,8,71.31,95.66,50.66,1.54,0.0,38.79
THRO,2013,9,63.35,91.16,39.95,3.11,0.0,48.3
THRO,2013,10,42.0,73.7,22.4,2.29,1.68,66.51
THRO,2013,11,28.14,51.56,-5.95,0.14,3.0,46.3
THRO,2013,12,8.52,43.19,-25.66,0.13,7.3,70.69
THRO,2014,1,16.43,49.4,-23.95,0.13,2.62,60.57
THRO,2014,2,13.28,47.6,-8.92,0.13,2.09,54.84
THRO,2014,3,27.46,63.44,-19.72,0.33,5.98,70.53
THRO,2014,4,38.55,67.22,-5.68,0.59,8.63,59.51
THRO,2014,5,53.51,83.06,27.35,1.9,0.33,61.48
THRO,2014,6,61.3,79.82,40.58,3.31,0.0,59.18
THRO,2014,7,69.88,91.79,49.49,0.56,0.0,29.39
THRO,2014,8,67.34,88.82,44.99,5.8,0.0,55.68
THRO,2014,9,58.03,89.63,30.95,2.68,0.0,38.28
THRO,2014,10,48.01,74.06,27.89,0.32,0.0,43.68
THRO,2014,11,21.56,56.33,-16.48,0.09,5.9,63.36
THRO,2014,12,22.72,51.29,-12.97,0.08,2.65,58.21
THRO,2015,1,19.89,56.96,-19.45,0.22,4.38,56.53
THRO,2015,2,19.61,55.7,-8.65,0.31,3.22,60.24
THRO,2015,3,37.71,75.41,-4.42,0.54,3.25,58.58
THRO,2015,4,44.81,72.53,23.21,0.78,0.96,50.15
THRO,2015,5,52.19,75.23,29.15,1.8,0.52,66.44
THRO,2015,6,65.71,90.17,47.69,4.17,0.0,51.11
THRO,2015,7,71.73,93.68,53.0,1.09,0.0,35.23
THRO,2015,8,71.19,97.19,45.53,2.02,0.0,36.92
THRO,2015,9,63.9,93.95,45.35,1.18,0.0,35.05
THRO,2015,10,49.72,82.07,22.58,2.05,0.03,51.69
THRO,2015,11,33.38,60.47,8.99,0.28,0.63,45.29
THRO,2015,12,25.33,57.05,0.71,0.0,2.98,62.12
THRO,2016,1,20.99,48.59,-13.42,0.07,2.43,61.8
THRO,2016,2,31.26,60.83,12.59,0.23,3.33,66.18
THRO,2016,3,38.1,66.59,14.39,0.31,1.19,62.83
THRO,2016,4,44.3,74.69,19.79,1.61,5.46,61.95
THRO,2016,5,57.18,84.68,32.75,1.56,0.0,47.12
THRO,2016,6,69.24,95.03,46.16,0.75,0.0,33.84
THRO,2016,7,71.89,95.57,53.36,3.0,0.0,40.55
THRO,2016,8,71.26,93.86,51.11,0.76,0.0,32.36
THRO,2016,9,59.8,88.64,37.43,3.44,0.0,52.47
THRO,2016,10,47.39,75.68,24.38,0.75,1.52,61.58
THRO,2016,11,40.33,69.11,20.24,0.0,6.83,51.12
THRO,2016,12,9.82,37.16,-26.02,0.04,10.44,61.42
THRO,2017,1,11.86,39.56,-22.72,0.0,3.72,56.03
THRO,2017,2,23.71,58.82,-17.41,0.12,3.14,59.68
THRO,2017,3,33.94,63.32,-0.13,0.64,4.05,69.2
THRO,2017,4,44.84,74.21,24.8,0.8,0.19,65.02
THRO,2017,5,57.54,86.54,35.96,1.22,0.0,44.07
THRO,2017,6,67.04,91.85,47.66,1.12,0.0,46.96
THRO,2017,7,77.53,100.67,57.11,0.86,0.0,31.05
THRO,2017,8,67.76,90.95,48.56,2.41,0.0,39.58
THRO,2017,9,59.5,91.58,35.6,2.26,0.0,39.93
THRO,2017,10,45.71,76.37,18.14,0.59,0.58,41.77
THRO,2017,11,31.1,60.98,6.62,0.24,2.48,55.28
THRO,2017,12,20.08,48.29,-31.0,0.02,5.93,63.07
THRO,2018,1,17.28,48.74,-31.27,0.02,2.62,52.35
THRO,2018,2,8.01,38.3,-18.13,0.0,4.6,50.5
THRO,2018,3,27.48,52.16,-6.34,0.18,10.75,60.92
THRO,2018,4,36.54,76.37,3.02,0.4,5.1,54.78
THRO,2018,5,60.04,88.61,37.22,1.85,0.06,53.72
THRO,2018,6,66.1,86.63,45.77,3.52,0.0,55.96
THRO,2018,7,70.88,93.83,51.35,1.26,0.0,31.32
THRO,2018,8,70.35,101.12,44.78,1.2,0.0,37.04
THRO,2018,9,56.6,86.9,28.94,1.33,0.33,50.87
THRO,2018,10,42.05,66.83,22.1,0.65,0.83,51.4
THRO,2018,11,28.73,51.44,3.38,0.4,5.87,66.21
THRO,2018,12,26.3,50.36,-8.23,0.11,4.57,57.07
THRO,2019,1,21.43,47.03,-13.63,0.2,5.15,62.12
THRO,2019,2,-0.08,51.89,-34.78,0.01,5.87,74.33
THRO,2019,3,23.51,62.78,-19.3,0.03,0.96,47.65
THRO,2019,4,43.21,74.75,23.36,1.11,3.09,71.09
THRO,2019,5,49.81,80.69,27.95,1.92,3.14,67.9
THRO,2019,6,65.34,88.07,42.35,1.55,0.0,43.31
THRO,2019,7,70.71,90.68,51.89,2.73,0.0,44.26
THRO,2019,8,67.79,91.94,45.68,2.19,0.0,41.97
THRO,2019,9,59.1,87.71,35.96,5.89,0.0,53.03
THRO,2019,10,38.35,71.6,13.28,0.5,4.49,57.23
THRO,2019,11,29.77,51.71,0.14,0.17,4.71,63.83
THRO,2019,12,25.34,49.55,-0.94,0.01,2.89,57.72
THRO,2020,1,21.67,47.66,-9.76,0.12,4.27,56.45
THRO,2020,2,26.15,57.74,-4.9,0.02,4.05,51.98
THRO,2020,3,33.13,65.12,5.99,0.07,2.87,48.72
THRO,2020,4,39.58,79.79,10.04,0.13,1.65,54.79
THRO,2020,5,54.87,84.56,27.41,1.08,0.19,56.22
THRO,2020,6,67.59,92.21,46.22,1.18,0.0,50.61
THRO,2020,7,71.32,90.5,52.43,2.06,0.0,29.64
THRO,2020,8,72.64,94.01,47.57,0.95,0.0,27.39
THRO,2020,9,59.78,87.08,31.28,0.64,0.0,39.47
THRO,2020,10,40.25,77.27,7.88,0.4,3.25,49.29
THRO,2020,11,34.85,69.89,13.64,0.11,1.35,41.71
THRO,2020,12,28.32,55.13,4.37,0.02,0.72,47.67
THRO,2021,1,26.9,50.63,3.29,0.01,1.93,59.65
THRO,2021,2,13.04,55.4,-18.85,0.15,1.24,51.55
THRO,2021,3,37.65,64.76,14.81,0.11,1.02,47.49
THRO,2021,4,43.21,84.29,21.83,0.41,2.15,56.98
THRO,2021,5,53.58,82.04,29.39,3.27,2.34,51.85
THRO,2021,6,71.43,95.18,47.03,0.39,0.0,31.26
THRO,2021,7,78.76,102.11,58.46,0.62,0.0,34.01
THRO,2021,8,71.58,101.93,46.76,1.44,0.0,38.8
THRO,2021,9,65.17,96.53,40.46,0.37,0.0,36.64
THRO,2021,10,48.46,87.26,25.7,2.03,6.72,46.98
THRO,2021,11,35.57,61.34,10.67,0.23,0.69,64.24
THRO,2021,12,19.09,62.6,-18.22,0.15,5.13,71.23
THRO,2022,1,19.8,46.04,-25.06,0.14,2.65,69.24
THRO,2022,2,19.92,53.33,-18.04,0.04,4.13,66.95
THRO,2022,3,31.66,61.7,-4.99,0.08,2.26,64.8
THRO,2022,4,32.02,61.61,2.39,0.85,34.89,70.07
THRO,2022,5,51.85,75.83,28.49,4.82,0.66,60.98
THRO,2022,6,63.4,91.31,39.29,2.3,0.0,57.19
THRO,2022,7,72.08,95.63,51.26,2.85,0.0,33.6
THRO,2022,8,72.73,96.08,55.31,0.6,0.0,41.05
THRO,2022,9,63.3,97.97,41.45,0.62,0.0,41.35
THRO,2022,10,47.35,70.79,26.51,0.89,3.91,53.8
THRO,2022,11,22.65,68.63,-8.86,0.07,6.56,69.29
THRO,2022,12,10.01,40.91,-25.6,0.07,13.48,70.33
THRO,2023,1,18.72,39.11,-16.06,0.06,2.78,72.32
THRO,2023,2,19.96,45.23,-27.58,0.0,5.43,54.79
THRO,2023,3,17.28,38.39,-11.56,0.0,8.24,75.72
THRO,2023,4,38.38,80.06,7.79,0.43,2.31,63.65
THRO,2023,5,60.46,84.74,30.11,2.42,0.0,48.59
THRO,2023,6,68.95,88.97,50.36,1.57,0.0,56.67
THRO,2023,7,71.08,97.43,45.59,1.85,0.0,32.22
THRO,2023,8,70.39,93.83,51.35,2.56,0.0,41.91
THRO,2023,9,62.87,93.47,42.8,2.54,0.0,41.52
THRO,2023,10,43.35,72.32,-0.67,0.76,6.92,58.24
THRO,2023,11,33.7,56.75,7.7,0.11,0.69,45.47
THRO,2023,12,29.81,55.67,12.92,0.22,2.67,47.86
THRO,2024,1,16.99,56.75,-26.77,0.0,2.51,57.74
THRO,2024,2,29.51,60.08,-0.49,0.09,4.44,60.26
THRO,2024,3,28.66,62.42,3.02,0.01,5.18,63.48
THRO,2024,4,45.91,76.1,22.64,1.12,0.52,54.49
THRO,2024,5,54.22,78.35,31.19,3.11,0.28,55.64
THRO,2024,6,63.16,84.29,38.57,3.88,0.0,39.4
THRO,2024,7,72.92,103.64,52.52,0.76,0.0,31.77
THRO,2024,8,69.03,94.19,45.59,2.46,0.0,37.49
THRO,2024,9,66.21,93.29,39.56,1.23,0.0,30.03
THRO,2024,10,51.79,81.68,26.96,0.1,0.0,43.61
THRO,2024,11,31.06,60.8,2.57,0.29,2.56,64.43
THRO,2024,12,23.63,48.56,-4.99,0.13,4.8,71.43
THRO,2025,1,15.47,41.09,-20.29,0.03,4.22,67.71
THRO,2025,2,8.15,57.65,-29.29,0.14,3.75,58.76
THRO,2025,3,36.6,64.4,12.47,0.18,1.16,70.79
THRO,2025,4,43.93,78.44,20.21,0.74,2.2,57.06
THRO,2025,5,56.24,93.65,33.26,3.99,1.46,45.9
THRO,2025,6,64.03,86.09,44.78,1.97,0.0,51.8
THRO,2025,7,70.4,95.54,49.1,4.31,0.0,47.08
THRO,2025,8,68.9,100.85,46.49,0.78,0.0,38.02
THRO,2025,9,63.89,85.64,35.15,1.24,0.0,38.08
THRO,2025,10,48.89,89.15,24.71,2.42,0.39,46.91
THRO,2025,11,33.58,65.21,-10.93,0.4,3.22,64.25
THRO,2025,12,21.41,46.4,-13.18,0.33,6.94,74.4
VIIS,2006,1,75.37,77.66,71.99,1.68,0.0,41.54
VIIS,2006,2,74.85,76.49,72.17,0.49,0.0,30.84
VIIS,2006,3,75.08,77.12,71.81,0.44,0.0,32.92
VIIS,2006,4,75.92,78.2,72.08,1.31,0.0,44.39
VIIS,2006,5,77.64,80.72,73.34,2.21,0.0,48.91
VIIS,2006,6,79.05,81.17,75.68,3.88,0.0,63.64
VIIS,2006,7,79.15,82.07,74.69,4.81,0.0,58.26
VIIS,2006,8,79.45,81.35,76.4,2.85,0.0,58.68
VIIS,2006,9,80.2,82.79,76.04,3.05,0.0,44.35
VIIS,2006,10,79.45,82.43,74.33,6.57,0.0,67.57
VIIS,2006,11,78.2,80.72,73.88,2.49,0.0,32.36
VIIS,2006,12,77.05,79.46,73.79,1.54,0.0,30.01
VIIS,2007,1,75.63,77.39,72.35,0.61,0.0,25.83
VIIS,2007,2,75.67,77.12,72.89,0.38,0.0,20.42
VIIS,2007,3,75.62,77.48,72.89,1.55,0.0,41.36
VIIS,2007,4,76.3,79.55,72.17,2.02,0.0,39.47
VIIS,2007,5,78.19,80.45,74.06,1.93,0.0,56.59
VIIS,2007,6,79.2,81.53,75.23,3.04,0.0,50.49
VIIS,2007,7,79.64,82.43,75.68,2.84,0.0,46.23
VIIS,2007,8,79.52,82.34,75.95,4.58,0.0,61.22
VIIS,2007,9,79.19,81.35,75.14,3.56,0.0,52.36
VIIS,2007,10,78.6,81.44,74.06,9.39,0.0,71.05
VIIS,2007,11,77.79,80.63,74.33,2.2,0.0,42.46
VIIS,2007,12,76.08,78.74,73.25,1.85,0.0,31.06
VIIS,2008,1,74.54,77.39,70.28,1.11,0.0,25.67
VIIS,2008,2,74.17,76.49,70.73,0.72,0.0,25.9
VIIS,2008,3,73.76,75.86,69.56,0.62,0.0,36.46
VIIS,2008,4,74.9,77.84,71.54,1.55,0.0,36.82
VIIS,2008,5,76.73,78.92,72.53,0.67,0.0,42.33
VIIS,2008,6,78.51,81.08,74.24,1.8,0.0,61.49
VIIS,2008,7,78.83,80.9,74.96,1.18,0.0,39.78
VIIS,2008,8,79.61,81.71,75.32,6.54,0.0,62.03
VIIS,2008,9,79.12,81.8,75.77,11.64,0.0,78.63
VIIS,2008,10,78.64,81.08,75.05,7.91,0.0,41.87
VIIS,2008,11,77.55,80.09,73.88,2.43,0.0,46.78
VIIS,2008,12,75.32,77.93,71.99,0.76,0.0,28.58
VIIS,2009,1,75.06,77.03,72.44,0.99,0.0,29.42
VIIS,2009,2,74.14,76.58,70.64,0.93,0.0,38.98
VIIS,2009,3,73.34,76.04,70.28,0.72,0.0,49.72
VIIS,2009,4,75.05,77.48,72.44,0.37,0.0,28.66
VIIS,2009,5,76.03,79.01,72.98,5.33,0.0,72.23
VIIS,2009,6,78.13,80.9,74.24,1.91,0.0,60.6
VIIS,2009,7,79.46,81.35,75.95,2.49,0.0,47.45
VIIS,2009,8,79.51,81.8,75.95,2.75,0.0,49.61
VIIS,2009,9,79.67,82.34,75.32,6.52,0.0,60.77
VIIS,2009,10,79.51,81.71,75.95,2.44,0.0,39.59
VIIS,2009,11,78.12,80.99,73.61,4.91,0.0,39.06
VIIS,2009,12,77.21,79.28,74.15,1.74,0.0,30.51
VIIS,2010,1,76.26,78.74,73.25,1.44,0.0,30.66
VIIS,2010,2,76.3,78.56,73.16,0.82,0.0,27.57
VIIS,2010,3,77.11,79.55,71.63,1.3,0.0,40.42
VIIS,2010,4,77.01,80.72,72.8,0.84,0.0,52.78
VIIS,2010,5,78.53,81.26,75.41,5.72,0.0,68.87
VIIS,2010,6,79.49,81.8,75.86,4.52,0.0,65.32
VIIS,2010,7,79.75,81.98,76.22,6.72,0.0,56.79
VIIS,2010,8,80.44,83.33,76.94,7.54,0.0,54.68
VIIS,2010,9,79.9,82.61,76.58,3.71,0.0,59.66
VIIS,2010,10,79.35,81.62,75.86,6.8,0.0,56.41
VIIS,2010,11,77.52,80.09,73.7,3.6,0.0,59.5
VIIS,2010,12,75.62,78.38,72.8,1.81,0.0,60.6
VIIS,2011,1,75.43,77.12,72.44,0.54,0.0,32.92
VIIS,2011,2,74.42,76.76,69.92,0.5,0.0,25.91
VIIS,2011,3,73.95,76.67,71.0,0.41,0.0,32.1
VIIS,2011,4,75.47,77.93,71.63,1.66,0.0,35.57
VIIS,2011,5,76.74,80.45,73.43,7.43,0.0,69.51
VIIS,2011,6,79.44,81.71,75.23,4.4,0.0,74.24
VIIS,2011,7,78.79,81.17,74.42,5.64,0.0,68.77
VIIS,2011,8,79.61,81.8,76.31,9.93,0.0,66.46
VIIS,2011,9,79.39,82.16,74.42,5.96,0.0,63.77
VIIS,2011,10,79.28,81.17,75.41,1.3,0.0,38.53
VIIS,2011,11,77.64,80.63,73.79,5.43,0.0,48.04
VIIS,2011,12,76.22,78.47,73.16,1.68,0.0,37.63
VIIS,2012,1,74.63,77.21,69.65,1.17,0.0,32.72
VIIS,2012,2,74.6,76.94,71.09,0.41,0.0,28.54
VIIS,2012,3,74.02,76.67,69.83,2.35,0.0,40.28
VIIS,2012,4,75.88,78.65,72.35,1.61,0.0,53.55
VIIS,2012,5,76.66,79.55,72.53,4.13,0.0,62.15
VIIS,2012,6,79.59,81.35,75.86,0.73,0.0,46.48
VIIS,2012,7,79.38,81.62,75.5,4.07,0.0,44.23
VIIS,2012,8,79.71,81.62,76.04,3.91,0.0,57.78
VIIS,2012,9,79.81,81.71,75.59,1.78,0.0,59.13
VIIS,2012,10,79.44,82.07,75.95,5.29,0.0,66.33
VIIS,2012,11,78.49,81.17,75.32,2.33,0.0,41.55
VIIS,2012,12,76.66,78.92,72.8,2.06,0.0,38.39
VIIS,2013,1,75.47,78.47,71.63,0.78,0.0,32.05
VIIS,2013,2,74.74,76.58,72.26,0.65,0.0,26.23
VIIS,2013,3,74.73,77.48,71.63,1.32,0.0,46.81
VIIS,2013,4,75.64,77.84,71.45,1.17,0.0,29.12
VIIS,2013,5,76.85,78.74,73.07,4.18,0.0,63.2
VIIS,2013,6,77.8,79.73,74.51,2.81,0.0,70.8
VIIS,2013,7,78.42,80.81,74.6,3.46,0.0,47.5
VIIS,2013,8,79.34,81.71,76.13,3.46,0.0,53.07
VIIS,2013,9,79.75,82.16,75.5,4.42,0.0,63.52
VIIS,2013,10,79.38,82.07,75.32,5.24,0.0,69.77
VIIS,2013,11,77.69,80.45,73.25,3.81,0.0,41.33
VIIS,2013,12,76.12,78.92,71.18,4.29,0.0,39.46
VIIS,2014,1,75.52,77.57,72.26,0.76,0.0,27.06
VIIS,2014,2,74.83,76.85,71.36,0.95,0.0,22.92
VIIS,2014,3,75.21,77.39,72.44,0.25,0.0,24.46
VIIS,2014,4,75.82,78.47,71.9,1.1,0.0,31.32
VIIS,2014,5,76.68,78.74,71.18,5.76,0.0,58.54
VIIS,2014,6,78.15,80.27,75.32,1.02,0.0,59.8
VIIS,2014,7,78.55,80.36,75.5,1.39,0.0,47.01
VIIS,2014,8,79.05,81.26,74.96,6.2,0.0,57.43
VIIS,2014,9,79.27,81.71,74.6,4.37,0.0,61.48
VIIS,2014,10,79.51,81.8,75.59,3.95,0.0,38.76
VIIS,2014,11,78.14,81.17,74.15,5.97,0.0,43.55
VIIS,2014,12,76.64,78.74,72.98,1.04,0.0,37.45
VIIS,2015,1,75.8,77.75,72.44,0.7,0.0,26.63
VIIS,2015,2,75.64,78.02,73.34,0.84,0.0,27.92
VIIS,2015,3,75.17,77.21,71.9,0.43,0.0,27.05
VIIS,2015,4,75.79,78.92,71.99,0.48,0.0,36.5
VIIS,2015,5,77.37,79.37,74.6,1.17,0.0,59.18
VIIS,2015,6,78.54,79.91,74.6,0.79,0.0,52.87
VIIS,2015,7,78.76,80.18,76.04,0.81,0.0,53.09
VIIS,2015,8,79.55,81.71,76.04,2.52,0.0,46.16
VIIS,2015,9,80.19,82.43,76.13,2.15,0.0,48.84
VIIS,2015,10,79.88,82.52,75.05,3.41,0.0,56.78
VIIS,2015,11,78.5,81.26,74.42,3.5,0.0,56.64
VIIS,2015,12,77.3,79.91,73.79,1.19,0.0,38.5
VIIS,2016,1,76.0,77.66,73.16,0.49,0.0,28.79
VIIS,2016,2,75.45,77.39,71.81,0.76,0.0,23.69
VIIS,2016,3,75.42,77.66,72.26,0.87,0.0,33.16
VIIS,2016,4,76.56,79.28,72.62,3.15,0.0,47.29
VIIS,2016,5,77.79,80.09,73.7,3.26,0.0,67.11
VIIS,2016,6,78.94,80.54,75.77,1.96,0.0,65.81
VIIS,2016,7,79.23,81.08,76.04,3.01,0.0,46.47
VIIS,2016,8,79.98,82.07,76.58,3.82,0.0,51.6
VIIS,2016,9,80.07,82.16,76.13,2.08,0.0,44.4
VIIS,2016,10,79.61,81.89,75.5,4.54,0.0,73.46
VIIS,2016,11,78.02,80.81,73.88,9.72,0.0,78.33
VIIS,2016,12,77.31,79.82,72.71,1.85,0.0,33.88
VIIS,2017,1,75.43,77.84,71.18,0.87,0.0,28.08
VIIS,2017,2,75.41,77.48,70.55,0.87,0.0,28.59
VIIS,2017,3,75.19,77.3,70.73,2.37,0.0,39.76
VIIS,2017,4,75.97,77.93,72.17,2.8,0.0,49.62
VIIS,2017,5,77.21,79.82,71.63,2.97,0.0,54.31
VIIS,2017,6,78.85,80.72,75.77,1.65,0.0,49.0
VIIS,2017,7,79.57,81.89,75.86,2.95,0.0,48.68
VIIS,2017,8,80.25,82.25,76.04,3.85,0.0,48.0
VIIS,2017,9,79.72,82.07,75.77,17.57,0.0,78.56
VIIS,2017,10,78.8,81.8,75.05,6.72,0.0,61.77
VIIS,2017,11,78.34,80.63,74.69,5.14,0.0,61.77
VIIS,2017,12,77.11,80.54,72.98,2.26,0.0,30.12
VIIS,2018,1,75.87,78.11,72.62,1.88,0.0,48.02
VIIS,2018,2,74.34,77.12,69.65,1.69,0.0,28.76
VIIS,2018,3,74.8,77.21,69.92,0.64,0.0,32.14
VIIS,2018,4,75.85,77.66,72.35,1.2,0.0,38.23
VIIS,2018,5,76.43,78.38,72.98,2.25,0.0,45.57
VIIS,2018,6,78.44,80.63,75.32,1.32,0.0,55.07
VIIS,2018,7,78.97,80.54,74.96,2.22,0.0,57.63
VIIS,2018,8,79.14,81.26,75.14,2.94,0.0,38.48
VIIS,2018,9,79.57,81.53,74.51,2.8,0.0,55.67
VIIS,2018,10,78.71,81.53,74.6,5.52,0.0,53.88
VIIS,2018,11,77.97,81.53,74.69,4.89,0.0,42.74
VIIS,2018,12,76.73,79.19,73.34,1.21,0.0,27.87
VIIS,2019,1,75.13,77.84,71.45,0.95,0.0,28.73
VIIS,2019,2,75.07,77.12,71.81,0.98,0.0,30.09
VIIS,2019,3,75.49,77.75,71.72,0.39,0.0,24.46
VIIS,2019,4,75.86,77.75,72.26,0.55,0.0,30.31
VIIS,2019,5,77.08,79.01,73.25,1.83,0.0,67.65
VIIS,2019,6,78.83,80.72,74.6,1.4,0.0,41.7
VIIS,2019,7,79.53,81.71,75.77,2.82,0.0,38.94
VIIS,2019,8,79.91,82.07,76.13,5.33,0.0,47.1
VIIS,2019,9,80.49,82.88,75.77,5.07,0.0,61.47
VIIS,2019,10,80.27,82.61,75.86,2.44,0.0,43.07
VIIS,2019,11,78.79,81.8,73.61,1.66,0.0,27.3
VIIS,2019,12,77.73,80.63,73.34,2.95,0.0,39.66
VIIS,2020,1,75.94,78.65,71.9,2.38,0.0,37.67
VIIS,2020,2,75.79,77.66,72.17,1.15,0.0,22.95
VIIS,2020,3,75.15,77.39,70.91,2.11,0.0,37.3
VIIS,2020,4,77.12,78.92,74.15,0.7,0.0,25.68
VIIS,2020,5,78.56,80.72,75.32,0.78,0.0,46.43
VIIS,2020,6,79.67,81.8,75.59,1.24,0.0,39.45
VIIS,2020,7,80.03,82.34,76.94,5.42,0.0,43.09
VIIS,2020,8,80.56,82.43,75.95,3.11,0.0,41.04
VIIS,2020,9,80.37,83.15,76.22,3.67,0.0,51.45
VIIS,2020,10,79.58,82.07,75.5,5.58,0.0,57.06
VIIS,2020,11,78.25,81.62,73.7,6.35,0.0,48.32
VIIS,2020,12,76.73,78.74,73.61,0.98,0.0,27.44
VIIS,2021,1,75.66,77.57,71.72,0.96,0.0,44.03
VIIS,2021,2,75.43,78.38,71.99,0.8,0.0,26.55
VIIS,2021,3,74.96,76.49,71.72,0.63,0.0,27.81
VIIS,2021,4,75.7,77.84,72.35,1.11,0.0,48.1
VIIS,2021,5,77.45,80.0,73.43,1.07,0.0,39.7
VIIS,2021,6,77.94,80.09,73.88,3.63,0.0,74.33
VIIS,2021,7,79.18,80.9,75.05,2.41,0.0,49.31
VIIS,2021,8,79.76,81.8,75.5,3.9,0.0,50.34
VIIS,2021,9,80.41,83.24,76.22,2.32,0.0,42.18
VIIS,2021,10,80.26,82.97,75.32,4.19,0.0,46.53
VIIS,2021,11,79.02,82.88,73.79,1.45,0.0,39.57
VIIS,2021,12,77.55,80.09,73.07,1.52,0.0,29.66
VIIS,2022,1,75.95,78.2,71.0,1.02,0.0,22.19
VIIS,2022,2,74.76,78.11,69.47,4.11,0.0,32.66
VIIS,2022,3,75.34,78.92,71.54,1.46,0.0,29.03
VIIS,2022,4,75.65,77.75,72.17,1.59,0.0,46.38
VIIS,2022,5,77.54,80.09,70.55,1.63,0.0,55.77
VIIS,2022,6,79.18,81.35,72.53,1.01,0.0,52.71
VIIS,2022,7,79.27,81.53,73.79,4.82,0.0,45.75
VIIS,2022,8,80.0,82.79,74.15,2.94,0.0,48.78
VIIS,2022,9,80.03,83.15,73.52,8.91,0.0,72.27
VIIS,2022,10,79.63,82.25,73.07,5.65,0.0,54.07
VIIS,2022,11,78.3,81.17,71.99,5.92,0.0,42.46
VIIS,2022,12,76.69,79.28,70.91,0.8,0.0,16.48
VIIS,2023,1,75.45,77.75,70.19,2.79,0.0,31.84
VIIS,2023,2,74.82,77.48,71.72,0.99,0.0,21.7
VIIS,2023,3,75.09,77.3,71.36,0.79,0.0,25.54
VIIS,2023,4,75.98,79.01,69.02,2.29,0.0,35.35
VIIS,2023,5,78.99,81.35,73.43,2.69,0.0,58.87
VIIS,2023,6,80.67,83.06,74.6,2.56,0.0,46.99
VIIS,2023,7,81.29,83.24,76.4,2.08,0.0,67.79
VIIS,2023,8,81.61,84.5,76.76,3.45,0.0,57.92
VIIS,2023,9,82.52,84.41,76.67,1.28,0.0,51.11
VIIS,2023,10,81.13,84.14,75.5,10.45,0.0,65.96
VIIS,2023,11,79.98,82.52,75.32,2.37,0.0,51.35
VIIS,2023,12,77.77,81.62,72.35,1.61,0.0,34.86
VIIS,2024,1,77.12,79.46,72.89,0.83,0.0,27.71
VIIS,2024,2,75.95,79.73,70.28,5.76,0.0,37.45
VIIS,2024,3,76.84,79.28,72.71,0.72,0.0,23.22
VIIS,2024,4,77.53,80.72,72.89,3.53,0.0,40.79
VIIS,2024,5,79.73,83.15,72.89,6.72,0.0,58.86
VIIS,2024,6,81.27,83.78,75.86,4.66,0.0,78.06
VIIS,2024,7,81.14,83.96,74.33,4.89,0.0,63.46
VIIS,2024,8,81.41,83.96,75.05,7.96,0.0,42.53
VIIS,2024,9,81.67,85.13,75.14,4.04,0.0,52.32
VIIS,2024,10,82.14,86.03,75.68,4.57,0.0,53.26
VIIS,2024,11,79.35,82.61,74.33,9.15,0.0,74.08
VIIS,2024,12,78.35,81.98,72.44,3.73,0.0,45.55
VIIS,2025,1,77.06,80.36,73.52,1.19,0.0,32.05
VIIS,2025,2,76.5,78.65,73.61,1.66,0.0,25.9
VIIS,2025,3,76.61,78.92,71.18,2.2,0.0,24.25
VIIS,2025,4,76.69,79.73,71.99,3.07,0.0,43.78
VIIS,2025,5,78.32,81.35,71.18,4.16,0.0,55.43
VIIS,2025,6,79.72,81.71,75.32,0.9,0.0,64.28
VIIS,2025,7,80.07,82.79,74.6,2.06,0.0,45.41
VIIS,2025,8,81.01,83.33,75.41,6.3,0.0,47.65
VIIS,2025,9,81.12,84.14,75.68,5.64,0.0,61.9
VIIS,2025,10,81.14,85.04,74.06,5.81,0.0,75.08
VIIS,2025,11,79.81,82.43,72.98,2.61,0.0,35.51
VIIS,2025,12,78.13,80.81,71.45,1.56,0.0,24.39
VOYA,2006,1,20.79,39.82,-1.58,0.02,6.72,87.57
VOYA,2006,2,8.43,27.67,-21.65,0.0,5.29,71.63
VOYA,2006,3,25.28,47.02,3.64,1.6,4.27,67.14
VOYA,2006,4,44.61,69.43,23.26,1.26,0.0,55.93
VOYA,2006,5,53.72,89.14,32.98,3.01,0.3,69.39
VOYA,2006,6,64.77,84.91,48.46,2.4,0.0,54.25
VOYA,2006,7,72.64,94.54,55.84,4.0,0.0,44.98
VOYA,2006,8,67.11,83.56,54.76,2.19,0.0,47.28
VOYA,2006,9,56.94,80.95,38.65,2.35,0.0,57.39
VOYA,2006,10,40.45,71.23,25.87,1.48,8.49,66.67
VOYA,2006,11,30.98,54.31,8.77,0.84,2.89,80.55
VOYA,2006,12,21.32,36.94,-3.38,0.55,5.65,77.19
VOYA,2007,1,11.48,38.92,-16.43,0.05,2.59,74.63
VOYA,2007,2,3.1,37.21,-29.21,0.02,5.29,62.56
VOYA,2007,3,26.44,54.67,-6.89,0.84,5.02,76.93
VOYA,2007,4,37.42,69.52,2.92,1.92,3.53,55.02
VOYA,2007,5,54.93,81.22,35.05,3.16,0.0,67.23
VOYA,2007,6,64.52,85.09,46.57,4.4,0.0,60.63
VOYA,2007,7,69.54,92.29,53.41,2.75,0.0,44.74
VOYA,2007,8,66.58,88.96,51.43,3.1,0.0,47.5
VOYA,2007,9,57.19,85.81,36.85,8.67,0.0,64.32
VOYA,2007,10,47.37,67.63,30.73,5.93,0.03,75.95
VOYA,2007,11,29.47,50.8,1.3,0.33,7.8,85.82
VOYA,2007,12,11.93,32.44,-15.17,0.0,12.1,86.88
VOYA,2008,1,7.48,36.13,-23.18,0.03,2.54,77.1
VOYA,2008,2,6.75,32.35,-21.29,0.0,3.75,69.39
VOYA,2008,3,19.88,40.72,-15.17,0.06,5.54,72.86
VOYA,2008,4,34.01,62.05,18.4,1.05,17.64,67.48
VOYA,2008,5,45.38,73.93,24.97,2.98,1.9,54.6
VOYA,2008,6,58.99,77.98,39.55,4.16,0.0,61.8
VOYA,2008,7,65.64,83.92,48.46,3.19,0.0,56.07
VOYA,2008,8,66.96,85.99,50.53,1.57,0.0,39.37
VOYA,2008,9,57.39,85.99,44.59,4.25,0.0,61.55
VOYA,2008,10,45.28,66.19,29.2,2.61,0.69,68.53
VOYA,2008,11,30.21,60.25,10.03,1.3,5.26,89.04
VOYA,2008,12,3.3,34.51,-23.81,0.01,12.48,83.08
VOYA,2009,1,-0.56,32.89,-25.61,0.01,7.8,70.51
VOYA,2009,2,12.05,37.03,-13.82,0.3,6.42,72.97
VOYA,2009,3,21.74,45.85,-14.0,2.03,11.33,67.05
VOYA,2009,4,35.46,63.94,16.78,1.44,4.16,72.33
VOYA,2009,5,46.92,79.15,29.38,3.64,0.63,62.24
VOYA,2009,6,58.34,84.91,37.03,3.69,0.0,65.62
VOYA,2009,7,61.08,74.92,48.55,4.49,0.0,60.1
VOYA,2009,8,63.4,86.98,48.37,4.77,0.0,58.14
VOYA,2009,9,63.56,81.22,39.01,1.48,0.0,44.34
VOYA,2009,10,39.6,57.28,27.58,2.85,2.15,85.65
VOYA,2009,11,36.0,52.15,25.33,0.89,5.04,63.98
VOYA,2009,12,10.98,31.45,-14.18,0.0,12.76,90.83
VOYA,2010,1,8.15,38.2,-20.3,0.09,6.5,63.9
VOYA,2010,2,11.33,29.02,-12.83,0.0,1.74,48.68
VOYA,2010,3,33.88,60.88,7.33,0.46,0.0,57.52
VOYA,2010,4,46.18,69.79,25.06,1.43,0.0,57.0
VOYA,2010,5,55.47,85.72,33.88,1.85,0.33,63.12
VOYA,2010,6,61.31,79.33,45.22,3.26,0.0,70.3
VOYA,2010,7,68.92,85.54,56.2,6.49,0.0,47.15
VOYA,2010,8,68.23,87.88,49.72,3.89,0.0,48.49
VOYA,2010,9,53.06,70.69,40.18,5.33,0.0,66.11
VOYA,2010,10,47.41,72.13,29.11,1.25,0.06,52.0
VOYA,2010,11,31.67,58.36,6.79,0.16,14.33,77.27
VOYA,2010,12,10.8,29.74,-16.88,0.01,10.06,79.45
VOYA,2011,1,2.38,22.81,-20.48,0.0,9.62,83.15
VOYA,2011,2,10.4,45.22,-14.54,0.06,2.87,66.01
VOYA,2011,3,21.83,42.43,-11.03,0.18,3.47,63.56
VOYA,2011,4,36.02,61.51,17.95,1.84,10.67,71.59
VOYA,2011,5,50.34,74.65,26.59,2.3,0.3,65.08
VOYA,2011,6,60.13,81.58,40.18,4.2,0.0,67.61
VOYA,2011,7,70.82,91.84,53.14,3.12,0.0,45.61
VOYA,2011,8,68.21,87.34,53.95,4.06,0.0,46.85
VOYA,2011,9,57.78,83.65,40.18,2.19,0.0,46.87
VOYA,2011,10,48.75,77.08,32.8,2.24,0.11,66.5
VOYA,2011,11,32.68,50.62,13.27,0.05,6.59,74.63
VOYA,2011,12,19.8,38.2,-0.32,0.0,5.46,82.6
VOYA,2012,1,13.31,37.57,-21.29,0.06,10.03,73.84
VOYA,2012,2,19.3,35.68,-10.4,0.02,6.53,67.75
VOYA,2012,3,36.18,73.39,3.01,1.41,5.68,72.37
VOYA,2012,4,40.22,61.78,20.83,1.41,7.61,57.47
VOYA,2012,5,53.92,84.01,37.93,6.37,0.0,66.41
VOYA,2012,6,65.02,85.36,44.05,3.45,0.0,46.15
VOYA,2012,7,72.0,87.7,60.7,4.93,0.0,46.07
VOYA,2012,8,66.72,85.81,50.62,2.22,0.0,42.25
VOYA,2012,9,56.0,84.46,38.83,1.85,0.0,52.59
VOYA,2012,10,42.0,64.12,24.61,3.17,2.01,73.02
VOYA,2012,11,29.48,49.09,9.22,0.83,5.93,87.36
VOYA,2012,12,14.5,41.89,-7.97,0.17,5.35,89.83
VOYA,2013,1,8.02,39.55,-26.33,0.71,13.53,80.46
VOYA,2013,2,9.35,38.02,-20.57,0.0,9.29,69.52
VOYA,2013,3,19.65,42.52,-5.72,0.0,10.25,71.84
VOYA,2013,4,30.53,55.21,10.3,0.57,12.79,75.74
VOYA,2013,5,47.5,77.35,23.53,3.24,0.17,65.17
VOYA,2013,6,60.38,86.35,36.04,2.83,0.0,59.21
VOYA,2013,7,67.13,87.34,50.89,5.79,0.0,58.2
VOYA,2013,8,67.0,88.87,49.72,3.26,0.0,47.47
VOYA,2013,9,60.47,83.11,43.87,3.17,0.0,55.86
VOYA,2013,10,44.06,69.16,25.87,1.98,1.98,72.43
VOYA,2013,11,27.85,45.76,8.41,0.74,8.13,86.75
VOYA,2013,12,-0.51,29.02,-27.77,0.0,13.17,82.27
VOYA,2014,1,-2.47,34.06,-25.7,0.01,9.54,83.06
VOYA,2014,2,2.16,32.89,-20.03,0.0,12.87,81.08
VOYA,2014,3,15.66,41.89,-22.1,0.09,9.89,72.33
VOYA,2014,4,31.54,50.53,8.14,0.68,10.89,67.78
VOYA,2014,5,48.68,82.48,27.49,3.18,0.28,74.7
VOYA,2014,6,60.24,81.04,41.62,6.97,0.0,68.85
VOYA,2014,7,64.96,88.06,49.0,4.83,0.0,55.85
VOYA,2014,8,65.61,83.65,50.53,1.52,0.0,62.08
VOYA,2014,9,56.24,78.43,39.82,2.65,0.0,60.22
VOYA,2014,10,44.05,64.39,27.58,2.57,0.39,69.37
VOYA,2014,11,22.06,48.82,-9.59,0.46,7.0,86.26
VOYA,2014,12,17.2,36.58,-17.78,0.24,3.72,82.38
VOYA,2015,1,7.53,35.59,-21.92,0.0,9.43,79.31
VOYA,2015,2,-0.86,21.64,-20.75,0.0,6.53,76.34
VOYA,2015,3,25.31,51.52,-14.9,0.19,4.05,66.81
VOYA,2015,4,39.04,67.0,13.63,0.54,3.56,56.36
VOYA,2015,5,51.32,75.82,30.19,3.7,1.85,62.97
VOYA,2015,6,61.73,77.89,38.02,4.14,0.0,62.11
VOYA,2015,7,68.89,87.34,53.14,3.22,0.0,51.61
VOYA,2015,8,65.28,87.43,48.37,5.01,0.0,61.35
VOYA,2015,9,62.34,82.3,43.24,3.4,0.0,50.55
VOYA,2015,10,45.79,78.43,31.9,2.85,0.03,65.65
VOYA,2015,11,35.89,54.94,17.14,2.6,5.93,71.72
VOYA,2015,12,23.56,43.06,-4.1,0.22,10.61,89.18
VOYA,2016,1,10.16,36.04,-21.56,0.0,7.06,81.86
VOYA,2016,2,14.19,37.12,-19.76,0.07,8.6,80.71
VOYA,2016,3,28.11,56.2,-7.43,2.11,10.69,63.01
VOYA,2016,4,36.4,68.44,10.66,1.09,5.26,74.15
VOYA,2016,5,53.55,79.06,30.28,2.69,0.41,53.89
VOYA,2016,6,60.83,83.74,44.14,4.38,0.0,65.02
VOYA,2016,7,68.31,87.7,49.9,3.43,0.0,53.47
VOYA,2016,8,67.57,84.46,53.05,4.72,0.0,54.62
VOYA,2016,9,59.36,75.46,46.21,4.52,0.0,64.93
VOYA,2016,10,47.02,69.43,32.35,2.15,0.14,73.81
VOYA,2016,11,39.23,64.12,22.99,0.83,8.68,70.81
VOYA,2016,12,14.59,34.87,-23.54,0.24,15.96,86.79
VOYA,2017,1,13.42,41.72,-23.35,0.19,9.18,69.47
VOYA,2017,2,18.3,48.2,-11.02,0.67,5.48,66.85
VOYA,2017,3,24.3,55.67,-11.2,0.36,3.69,53.02
VOYA,2017,4,39.88,66.38,22.73,1.37,5.7,75.53
VOYA,2017,5,49.36,71.6,32.81,2.37,0.08,64.42
VOYA,2017,6,62.62,83.66,46.22,3.56,0.0,59.26
VOYA,2017,7,68.17,86.0,53.15,2.64,0.0,41.72
VOYA,2017,8,64.92,82.67,50.72,3.61,0.0,52.03
VOYA,2017,9,59.43,81.86,45.95,6.63,0.0,64.29
VOYA,2017,10,47.17,71.6,25.52,2.23,5.21,64.26
VOYA,2017,11,25.73,44.33,5.81,0.18,11.08,87.33
VOYA,2017,12,8.85,40.28,-28.48,0.64,9.04,84.11
VOYA,2018,1,8.77,40.01,-26.41,0.01,7.91,69.49
VOYA,2018,2,7.33,39.74,-19.93,0.0,7.58,59.06
VOYA,2018,3,24.16,44.51,2.48,0.0,5.18,60.38
VOYA,2018,4,31.21,74.93,3.83,0.09,3.56,55.75
VOYA,2018,5,56.82,89.42,29.84,2.88,0.0,54.48
VOYA,2018,6,64.64,83.84,43.79,5.41,0.0,61.57
VOYA,2018,7,69.56,86.09,56.66,4.19,0.0,46.28
VOYA,2018,8,68.23,90.32,51.71,2.59,0.0,48.35
VOYA,2018,9,57.19,84.38,32.0,6.94,0.03,66.36
VOYA,2018,10,39.12,63.14,26.69,3.17,9.4,79.77
VOYA,2018,11,23.33,43.88,0.05,0.2,10.09,89.73
VOYA,2018,12,18.37,41.27,-8.95,0.02,8.38,71.1
VOYA,2019,1,2.86,37.4,-36.76,0.13,6.59,71.7
VOYA,2019,2,6.71,29.21,-18.4,0.02,14.14,77.71
VOYA,2019,3,22.37,54.23,-13.54,0.56,3.47,61.77
VOYA,2019,4,37.22,67.19,11.66,1.38,7.85,71.18
VOYA,2019,5,47.04,71.87,27.32,2.08,2.54,64.2
VOYA,2019,6,61.75,86.18,38.48,3.17,0.0,54.44
VOYA,2019,7,69.39,85.46,55.58,4.2,0.0,44.03
VOYA,2019,8,65.61,83.66,51.71,4.15,0.0,47.9
VOYA,2019,9,58.59,80.15,43.79,6.82,0.0,72.78
VOYA,2019,10,42.93,68.09,22.55,3.94,1.49,78.61
VOYA,2019,11,25.0,40.01,2.93,0.2,13.59,83.38
VOYA,2019,12,15.79,42.08,-19.57,0.01,13.61,80.15
VOYA,2020,1,14.31,30.2,-16.78,0.01,10.69,79.9
VOYA,2020,2,12.72,42.08,-19.84,0.0,4.16,50.64
VOYA,2020,3,27.34,54.59,5.18,0.09,4.91,65.47
VOYA,2020,4,35.03,64.13,13.91,0.84,1.38,59.79
VOYA,2020,5,51.18,82.31,22.64,1.17,0.03,56.38
VOYA,2020,6,65.09,88.07,44.33,4.88,0.0,48.83
VOYA,2020,7,71.52,93.2,57.83,2.92,0.0,44.31
VOYA,2020,8,68.03,83.75,54.95,6.43,0.0,51.68
VOYA,2020,9,56.0,75.38,40.91,2.76,0.0,54.84
VOYA,2020,10,38.35,68.09,20.03,2.05,5.18,64.19
VOYA,2020,11,32.96,64.04,16.16,0.48,2.65,70.48
VOYA,2020,12,19.95,39.02,-9.67,0.03,8.96,79.59
VOYA,2021,1,16.59,36.41,-18.31,0.02,5.02,69.98
VOYA,2021,2,5.45,41.9,-30.1,0.02,1.38,61.4
VOYA,2021,3,31.96,58.28,-6.07,0.2,4.0,51.76
VOYA,2021,4,39.31,74.12,15.8,2.19,2.54,67.61
VOYA,2021,5,53.81,82.4,31.28,0.93,0.0,49.59
VOYA,2021,6,68.99,97.16,47.39,1.27,0.0,48.17
VOYA,2021,7,72.5,92.57,55.13,1.18,0.0,36.88
VOYA,2021,8,69.69,92.21,53.87,2.4,0.0,44.6
VOYA,2021,9,61.1,81.77,49.19,5.76,0.0,56.52
VOYA,2021,10,51.7,73.22,34.52,2.51,0.39,65.49
VOYA,2021,11,31.79,56.75,12.83,1.05,13.45,79.63
VOYA,2021,12,15.94,42.71,-15.25,0.48,16.84,85.7
VOYA,2022,1,0.42,25.52,-28.75,0.01,7.17,73.44
VOYA,2022,2,2.62,38.75,-26.14,0.01,10.44,71.77
VOYA,2022,3,22.08,49.55,-11.11,0.12,9.51,68.08
VOYA,2022,4,32.6,53.87,10.4,2.44,16.12,79.11
VOYA,2022,5,51.05,78.89,29.57,4.59,0.0,70.27
VOYA,2022,6,62.3,95.27,41.27,1.98,0.0,46.9
VOYA,2022,7,67.66,87.08,51.17,6.27,0.0,50.37
VOYA,2022,8,67.54,81.59,55.22,3.98,0.0,54.15
VOYA,2022,9,59.41,85.73,38.66,3.66,0.0,47.99
VOYA,2022,10,46.07,70.25,26.96,1.38,2.67,71.38
VOYA,2022,11,30.22,65.57,5.72,0.81,11.96,86.09
VOYA,2022,12,12.91,33.17,-19.66,0.01,16.87,88.66
VOYA,2023,1,15.1,36.5,-20.11,0.0,4.24,83.76
VOYA,2023,2,13.22,41.99,-27.22,0.2,7.06,66.62
VOYA,2023,3,20.94,39.47,-2.74,0.0,10.86,59.9
VOYA,2023,4,33.57,70.88,9.41,1.04,17.69,72.4
VOYA,2023,5,56.05,81.59,29.21,2.0,0.0,49.95
VOYA,2023,6,67.57,90.41,47.48,2.09,0.0,59.93
VOYA,2023,7,65.78,84.38,52.16,2.66,0.0,46.33
VOYA,2023,8,66.0,84.74,51.8,3.5,0.0,58.22
VOYA,2023,9,62.02,88.79,42.71,2.11,0.0,54.73
VOYA,2023,10,46.65,82.04,20.39,2.18,3.2,73.49
VOYA,2023,11,30.98,55.49,7.7,0.75,5.65,74.53
VOYA,2023,12,28.81,46.22,9.05,1.49,3.17,86.05
VOYA,2024,1,15.83,43.43,-13.72,0.06,5.98,84.82
VOYA,2024,2,23.47,49.73,-8.23,0.49,5.54,70.28
VOYA,2024,3,25.54,56.57,4.82,0.16,11.88,66.28
VOYA,2024,4,39.59,63.32,17.15,1.13,1.79,61.7
VOYA,2024,5,51.66,72.68,34.7,4.73,0.0,61.48
VOYA,2024,6,61.68,81.05,46.22,3.12,0.0,59.5
VOYA,2024,7,68.67,85.1,54.05,5.06,0.0,48.07
VOYA,2024,8,67.08,85.64,53.69,3.05,0.0,56.2
VOYA,2024,9,64.98,82.31,46.58,1.67,0.0,39.17
VOYA,2024,10,49.66,73.04,32.45,1.6,0.0,58.38
VOYA,2024,11,35.07,50.99,7.7,1.36,6.59,82.33
VOYA,2024,12,19.14,39.74,-16.42,0.35,11.13,93.61
VOYA,2025,1,6.03,33.8,-26.68,0.0,6.67,76.52
VOYA,2025,2,7.55,41.63,-25.51,0.2,5.15,72.43
VOYA,2025,3,25.45,56.48,-2.65,0.58,8.27,66.51
VOYA,2025,4,36.13,61.7,6.44,1.6,7.25,71.8
VOYA,2025,5,55.12,87.08,33.35,0.94,0.14,45.16
VOYA,2025,6,62.87,85.91,46.94,4.13,0.0,54.54
VOYA,2025,7,67.72,88.16,55.31,5.17,0.0,52.79
VOYA,2025,8,66.18,84.47,52.16,2.87,0.0,47.31
VOYA,2025,9,60.69,81.32,42.71,2.48,0.0,55.81
VOYA,2025,10,50.22,81.32,29.21,2.78,0.06,60.39
VOYA,2025,11,32.33,54.77,14.63,0.53,5.1,67.91
VOYA,2025,12,10.91,46.04,-12.1,0.17,12.18,89.54
WHSA,2006,1,45.24,68.17,25.96,0.07,0.0,23.5
WHSA,2006,2,49.34,78.07,26.05,0.19,0.0,39.75
WHSA,2006,3,55.6,77.98,27.4,0.04,0.0,48.88
WHSA,2006,4,66.9,88.15,41.08,0.05,0.0,32.1
WHSA,2006,5,76.24,96.88,52.15,0.0,0.0,16.48
WHSA,2006,6,82.62,102.82,61.42,0.2,0.0,32.67
WHSA,2006,7,81.84,100.21,66.19,2.14,0.0,49.06
WHSA,2006,8,75.69,93.01,63.85,1.52,0.0,55.53
WHSA,2006,9,67.85,86.08,50.98,2.69,0.0,32.41
WHSA,2006,10,59.33,86.17,37.12,3.67,0.0,33.46
WHSA,2006,11,51.48,73.12,26.41,0.02,0.22,18.97
WHSA,2006,12,40.36,64.3,22.09,0.73,0.44,26.7
WHSA,2007,1,38.28,62.23,21.82,1.12,4.33,44.5
WHSA,2007,2,45.95,66.64,25.42,0.69,0.03,21.79
WHSA,2007,3,54.84,79.42,28.57,0.25,0.0,29.94
WHSA,2007,4,61.29,84.37,34.42,0.87,0.0,28.43
WHSA,2007,5,68.68,91.84,42.61,0.72,0.0,31.86
WHSA,2007,6,80.31,101.11,57.1,0.19,0.0,22.87
WHSA,2007,7,80.91,100.12,66.73,0.49,0.0,45.36
WHSA,2007,8,81.46,101.29,67.18,0.79,0.0,32.64
WHSA,2007,9,75.71,93.73,59.89,0.59,0.0,28.45
WHSA,2007,10,65.67,88.42,41.26,0.06,0.0,12.36
WHSA,2007,11,53.82,76.09,30.91,0.98,0.0,43.12
WHSA,2007,12,40.81,64.66,20.38,1.42,0.0,22.5
WHSA,2008,1,40.81,63.31,20.29,0.17,0.0,43.43
WHSA,2008,2,48.37,72.85,22.27,0.21,0.0,21.79
WHSA,2008,3,54.45,79.42,25.78,0.06,0.06,18.63
WHSA,2008,4,62.37,85.18,37.03,0.0,0.0,15.29
WHSA,2008,5,70.46,95.98,45.04,0.24,0.0,24.89
WHSA,2008,6,82.56,101.47,55.84,0.06,0.0,19.52
WHSA,2008,7,76.48,93.19,63.94,4.71,0.0,59.32
WHSA,2008,8,76.28,92.29,62.95,1.47,0.0,42.98
WHSA,2008,9,69.14,84.82,49.81,0.8,0.0,22.3
WHSA,2008,10,61.86,83.29,37.12,2.11,0.0,15.95
WHSA,2008,11,50.61,74.2,27.76,0.17,0.0,19.81
WHSA,2008,12,44.1,66.55,23.17,0.3,0.19,30.93
WHSA,2009,1,45.1,67.45,24.52,0.02,0.0,17.77
WHSA,2009,2,50.15,78.79,26.23,0.04,0.0,24.35
WHSA,2009,3,55.99,79.78,31.9,0.56,0.0,37.18
WHSA,2009,4,62.13,86.89,35.23,0.13,0.0,25.41
WHSA,2009,5,73.97,93.91,54.04,0.41,0.0,32.18
WHSA,2009,6,79.05,94.54,55.39,0.85,0.0,42.76
WHSA,2009,7,84.03,101.02,66.28,0.37,0.0,34.78
WHSA,2009,8,82.68,99.22,61.87,0.11,0.0,37.45
WHSA,2009,9,72.12,90.85,49.63,1.22,0.0,30.38
WHSA,2009,10,61.51,84.28,33.79,0.42,0.0,28.34
WHSA,2009,11,52.19,74.47,27.85,1.0,0.0,29.56
WHSA,2009,12,39.24,57.82,20.2,0.43,4.02,36.07
WHSA,2010,1,39.79,59.53,21.19,1.58,0.85,44.51
WHSA,2010,2,42.76,61.78,25.51,1.39,0.06,40.7
WHSA,2010,3,49.61,81.22,30.46,0.47,0.0,24.13
WHSA,2010,4,61.62,83.74,37.03,0.25,0.0,26.77
WHSA,2010,5,71.06,93.46,39.28,0.29,0.0,14.74
WHSA,2010,6,83.0,105.07,60.97,0.07,0.0,23.25
WHSA,2010,7,79.76,99.67,66.91,1.83,0.0,36.75
WHSA,2010,8,81.25,98.41,61.42,1.11,0.0,24.75
WHSA,2010,9,75.82,93.64,58.09,1.85,0.0,18.5
WHSA,2010,10,63.81,85.0,40.72,0.91,0.0,18.37
WHSA,2010,11,49.45,72.94,20.65,0.0,0.0,12.04
WHSA,2010,12,47.4,68.62,23.98,0.13,0.0,32.19
WHSA,2011,1,41.83,69.34,17.77,0.11,0.0,19.79
WHSA,2011,2,41.98,74.2,-12.92,0.0,2.37,21.75
WHSA,2011,3,59.56,81.31,34.06,0.0,0.0,18.75
WHSA,2011,4,66.05,88.51,36.22,0.0,0.0,17.66
WHSA,2011,5,70.47,97.06,38.29,0.0,0.0,10.27
WHSA,2011,6,84.89,101.47,61.96,0.02,0.0,12.93
WHSA,2011,7,84.65,98.95,68.8,0.05,0.0,22.67
WHSA,2011,8,85.24,101.83,70.24,0.19,0.0,30.26
WHSA,2011,9,75.82,96.25,56.83,1.15,0.0,25.1
WHSA,2011,10,64.63,86.71,40.54,0.41,0.0,14.22
WHSA,2011,11,50.78,78.7,30.46,0.41,0.0,31.01
WHSA,2011,12,36.79,64.66,8.77,1.47,5.4,42.25
WHSA,2012,1,44.24,65.92,24.16,0.23,0.0,24.63
WHSA,2012,2,45.56,72.22,29.29,0.47,0.61,23.85
WHSA,2012,3,56.17,85.99,26.68,0.29,0.0,21.03
WHSA,2012,4,67.04,90.4,38.2,0.11,0.0,27.1
WHSA,2012,5,72.98,96.7,52.42,0.43,0.0,16.89
WHSA,2012,6,84.36,101.2,61.15,0.03,0.0,12.72
WHSA,2012,7,80.78,96.43,64.03,1.02,0.0,40.97
WHSA,2012,8,83.29,99.4,67.09,0.21,0.0,26.69
WHSA,2012,9,74.77,96.7,51.16,0.68,0.0,28.35
WHSA,2012,10,66.17,89.41,37.93,0.03,0.0,19.03
WHSA,2012,11,54.9,76.9,28.93,0.17,0.0,24.78
WHSA,2012,12,43.6,69.25,21.19,0.54,0.0,33.62
WHSA,2013,1,40.52,66.64,16.6,0.1,1.38,30.89
WHSA,2013,2,45.16,66.37,22.72,0.11,0.0,22.8
WHSA,2013,3,57.53,81.4,28.21,0.1,0.0,33.31
WHSA,2013,4,64.05,89.5,32.89,0.0,0.0,19.17
WHSA,2013,5,72.31,95.44,38.47,0.04,0.0,20.78
WHSA,2013,6,84.94,104.35,63.85,0.15,0.0,22.01
WHSA,2013,7,80.0,97.78,63.58,0.85,0.0,53.62
WHSA,2013,8,81.01,96.97,65.2,0.46,0.0,39.27
WHSA,2013,9,72.17,96.25,51.16,3.11,0.0,29.81
WHSA,2013,10,62.02,83.47,41.26,0.05,0.0,20.09
WHSA,2013,11,49.13,71.77,16.24,0.78,5.32,35.64
WHSA,2013,12,40.61,64.48,21.64,0.76,0.0,29.99
WHSA,2014,1,42.77,69.34,21.91,0.01,0.0,28.63
WHSA,2014,2,52.25,77.62,23.98,0.08,0.0,42.68
WHSA,2014,3,55.96,80.86,35.68,0.3,0.0,33.95
WHSA,2014,4,62.6,84.73,35.41,0.13,0.0,28.65
WHSA,2014,5,70.64,96.7,44.41,0.22,0.0,26.79
WHSA,2014,6,85.05,104.08,61.24,0.0,0.0,16.39
WHSA,2014,7,83.12,101.56,67.99,0.16,0.0,53.96
WHSA,2014,8,77.97,97.42,60.88,1.17,0.0,47.55
WHSA,2014,9,71.74,97.96,55.66,2.97,0.0,46.8
WHSA,2014,10,64.67,82.84,46.21,0.3,0.0,21.69
WHSA,2014,11,48.85,76.36,25.24,0.98,0.0,27.13
WHSA,2014,12,45.21,65.47,23.98,0.49,0.0,44.0
WHSA,2015,1,40.41,63.13,21.28,1.93,3.72,46.01
WHSA,2015,2,48.78,70.24,29.38,0.38,0.08,28.59
WHSA,2015,3,55.4,81.49,28.57,0.65,0.0,38.93
WHSA,2015,4,61.97,81.31,38.02,0.21,0.0,31.77
WHSA,2015,5,68.71,89.95,44.32,0.89,0.0,28.49
WHSA,2015,6,82.2,101.11,63.76,0.04,0.0,26.79
WHSA,2015,7,81.99,98.59,64.75,1.48,0.0,48.38
WHSA,2015,8,84.05,99.31,66.28,0.08,0.0,34.86
WHSA,2015,9,77.97,95.26,59.8,0.39,0.0,43.5
WHSA,2015,10,63.47,92.56,45.58,4.43,0.0,45.09
WHSA,2015,11,49.23,69.88,31.18,2.13,0.0,27.78
WHSA,2015,12,40.46,64.03,19.66,0.56,1.93,38.15
WHSA,2016,1,40.66,66.82,22.72,0.2,0.03,32.77
WHSA,2016,2,49.9,77.35,18.85,0.08,0.0,22.64
WHSA,2016,3,58.22,79.42,36.85,0.01,0.0,25.48
WHSA,2016,4,61.96,84.37,37.39,0.54,0.0,26.65
WHSA,2016,5,69.84,89.95,43.96,0.49,0.0,19.94
WHSA,2016,6,82.99,102.1,60.88,0.07,0.0,31.57
WHSA,2016,7,87.23,103.0,67.27,0.01,0.0,27.2
WHSA,2016,8,78.03,96.61,62.41,1.8,0.0,43.08
WHSA,2016,9,72.36,90.31,54.76,2.15,0.0,37.53
WHSA,2016,10,67.53,86.62,49.27,0.67,0.0,26.74
WHSA,2016,11,52.86,76.99,29.29,0.92,0.0,33.44
WHSA,2016,12,45.41,69.43,26.05,0.95,0.0,51.21
WHSA,2017,1,44.44,66.74,23.63,1.31,0.0,33.49
WHSA,2017,2,52.37,79.88,31.46,0.55,0.0,34.48
WHSA,2017,3,61.2,86.63,36.14,0.08,0.0,23.04
WHSA,2017,4,65.57,87.89,37.04,0.26,0.0,29.49
WHSA,2017,5,71.69,91.76,43.52,0.1,0.0,19.3
WHSA,2017,6,82.86,105.35,56.57,0.49,0.0,31.67
WHSA,2017,7,81.49,100.94,67.64,1.21,0.0,38.8
WHSA,2017,8,76.91,95.9,59.36,3.83,0.0,35.59
WHSA,2017,9,76.62,94.28,59.9,1.24,0.0,25.94
WHSA,2017,10,65.12,87.44,40.28,0.56,0.0,19.45
WHSA,2017,11,56.99,78.26,33.53,0.38,0.0,33.78
WHSA,2017,12,45.4,71.15,24.08,0.17,0.08,43.84
WHSA,2018,1,43.66,67.37,21.38,0.05,0.03,29.38
WHSA,2018,2,50.73,72.05,23.63,1.08,0.88,37.73
WHSA,2018,3,57.67,84.02,28.94,0.02,0.0,42.14
WHSA,2018,4,67.47,89.15,36.68,0.0,0.0,33.38
WHSA,2018,5,77.41,97.79,48.38,0.03,0.0,20.43
WHSA,2018,6,85.23,104.81,60.08,0.78,0.0,30.6
WHSA,2018,7,84.09,104.63,67.46,1.05,0.0,52.23
WHSA,2018,8,83.53,99.41,65.39,0.18,0.0,45.94
WHSA,2018,9,75.94,93.29,52.34,0.61,0.0,21.27
WHSA,2018,10,61.67,89.06,42.26,2.43,0.0,44.75
WHSA,2018,11,48.74,74.75,21.65,0.04,0.0,27.64
WHSA,2018,12,43.41,63.86,22.01,0.59,1.1,47.79
WHSA,2019,1,42.64,68.81,21.65,0.3,0.11,39.33
WHSA,2019,2,48.47,72.41,23.18,0.11,0.03,41.48
WHSA,2019,3,55.9,84.02,31.55,0.93,0.08,47.12
WHSA,2019,4,64.68,89.24,38.66,0.46,0.0,30.07
WHSA,2019,5,70.06,91.76,47.21,0.23,0.0,29.21
WHSA,2019,6,79.96,98.87,53.24,1.1,0.0,20.32
WHSA,2019,7,85.67,101.66,64.31,0.41,0.0,42.84
WHSA,2019,8,85.56,101.3,67.64,0.02,0.0,44.31
WHSA,2019,9,77.84,94.19,58.46,0.94,0.0,31.22
WHSA,2019,10,60.71,80.06,28.58,1.25,0.0,16.52
WHSA,2019,11,49.22,75.92,28.31,2.39,0.0,48.91
WHSA,2019,12,42.0,64.76,21.92,0.31,0.0,35.39
WHSA,2020,1,44.23,65.93,25.34,0.35,0.0,31.39
WHSA,2020,2,46.0,69.89,23.18,0.75,1.63,37.66
WHSA,2020,3,55.42,79.52,34.34,1.54,0.0,54.3
WHSA,2020,4,67.02,91.04,42.35,0.0,0.0,25.49
WHSA,2020,5,77.11,97.16,56.48,0.02,0.0,18.2
WHSA,2020,6,83.52,101.03,56.3,0.03,0.0,23.27
WHSA,2020,7,86.67,105.53,67.82,0.56,0.0,38.16
WHSA,2020,8,86.65,101.66,66.47,0.0,0.0,29.03
WHSA,2020,9,73.95,96.98,48.02,0.69,0.0,11.37
WHSA,2020,10,65.26,88.88,28.94,0.13,2.29,16.01
WHSA,2020,11,55.67,79.97,31.37,0.01,0.0,20.04
WHSA,2020,12,41.28,67.01,18.86,0.17,0.0,21.06
WHSA,2021,1,42.53,61.25,18.41,0.21,0.25,33.04
WHSA,2021,2,47.35,72.05,16.34,0.07,1.63,27.64
WHSA,2021,3,55.11,79.34,29.21,0.06,0.08,25.74
WHSA,2021,4,64.75,87.44,41.09,0.31,0.0,34.57
WHSA,2021,5,74.42,93.38,46.58,0.02,0.0,20.53
WHSA,2021,6,83.54,104.0,60.17,1.29,0.0,32.37
WHSA,2021,7,79.59,96.53,64.94,0.97,0.0,48.88
WHSA,2021,8,78.65,97.88,63.95,1.38,0.0,39.03
WHSA,2021,9,75.74,93.92,56.3,0.65,0.0,29.68
WHSA,2021,10,64.51,87.98,42.62,0.04,0.0,16.09
WHSA,2021,11,54.0,77.36,34.97,0.23,0.0,34.83
WHSA,2021,12,49.58,68.81,28.76,0.42,0.0,50.4
WHSA,2022,1,42.26,65.21,23.0,0.26,0.94,29.6
WHSA,2022,2,44.06,70.52,14.36,0.04,0.83,26.98
WHSA,2022,3,53.38,83.57,26.42,0.2,0.41,29.5
WHSA,2022,4,67.63,89.96,40.91,0.0,0.0,21.38
WHSA,2022,5,76.48,98.69,51.08,0.0,0.0,16.33
WHSA,2022,6,81.29,102.83,64.4,1.06,0.0,42.71
WHSA,2022,7,85.44,103.1,68.72,0.18,0.0,41.26
WHSA,2022,8,78.81,98.96,62.78,3.69,0.0,49.21
WHSA,2022,9,74.91,94.55,53.51,1.3,0.0,32.7
WHSA,2022,10,59.56,85.1,35.6,1.9,0.0,41.59
WHSA,2022,11,48.34,76.46,27.23,0.0,0.0,32.39
WHSA,2022,12,43.76,70.43,19.67,0.3,0.19,46.05
WHSA,2023,1,43.11,64.94,20.39,0.51,2.37,40.31
WHSA,2023,2,45.46,71.42,18.59,0.23,0.0,41.5
WHSA,2023,3,55.62,77.18,29.21,0.09,0.0,53.17
WHSA,2023,4,63.9,88.97,32.45,0.0,0.0,22.87
WHSA,2023,5,73.43,92.75,50.99,0.51,0.0,32.21
WHSA,2023,6,82.94,104.18,59.0,0.19,0.0,34.41
WHSA,2023,7,90.13,107.33,71.78,0.0,0.0,27.91
WHSA,2023,8,83.39,104.27,64.04,2.48,0.0,28.09
WHSA,2023,9,78.17,100.49,58.1,0.64,0.0,24.63
WHSA,2023,10,66.9,88.43,30.74,0.4,0.0,13.51
WHSA,2023,11,52.79,82.04,31.19,0.07,0.0,31.38
WHSA,2023,12,44.62,70.25,21.65,0.65,0.0,29.75
WHSA,2024,1,42.57,66.11,22.19,0.23,0.03,44.38
WHSA,2024,2,49.11,77.9,24.89,0.78,0.99,40.64
WHSA,2024,3,54.91,77.9,34.88,0.33,0.03,40.16
WHSA,2024,4,63.41,87.71,37.13,0.09,0.0,24.11
WHSA,2024,5,74.31,98.06,54.14,0.09,0.0,10.85
WHSA,2024,6,85.18,104.81,62.78,0.34,0.0,27.13
WHSA,2024,7,84.26,100.94,63.32,0.65,0.0,27.47
WHSA,2024,8,85.44,101.21,64.4,0.46,0.0,25.69
WHSA,2024,9,78.02,95.36,57.38,0.05,0.0,9.83
WHSA,2024,10,68.56,90.32,42.08,0.62,0.0,14.97
WHSA,2024,11,50.52,75.2,31.19,1.44,0.0,37.01
WHSA,2024,12,45.82,65.66,23.63,0.0,0.0,22.16
WHSA,2025,1,39.02,69.71,13.19,0.0,0.85,26.83
WHSA,2025,2,53.07,77.63,26.87,0.01,0.0,39.2
WHSA,2025,3,56.34,82.76,30.38,0.01,0.0,27.05
WHSA,2025,4,64.46,91.49,30.65,0.16,0.0,22.08
WHSA,2025,5,71.95,97.79,46.04,0.19,0.0,29.77
WHSA,2025,6,82.23,104.72,59.27,1.12,0.0,21.67
WHSA,2025,7,81.24,101.3,65.39,1.41,0.0,35.3
WHSA,2025,8,83.23,102.83,67.64,0.16,0.0,27.95
WHSA,2025,9,75.22,95.45,58.37,1.12,0.0,34.36
WHSA,2025,10,66.48,88.34,39.74,0.8,0.0,23.18
WHSA,2025,11,54.59,80.15,36.32,0.67,0.0,21.7
WHSA,2025,12,48.65,72.23,27.05,0.04,0.0,25.09
WICA,2006,1,35.69,56.83,20.47,0.17,1.49,42.35
WICA,2006,2,25.78,65.29,-27.68,0.0,4.77,47.08
WICA,2006,3,32.61,66.19,4.36,0.3,13.12,61.05
WICA,2006,4,49.77,78.88,26.14,1.15,8.9,51.39
WICA,2006,5,58.11,88.42,31.9,1.81,0.39,35.86
WICA,2006,6,70.04,95.26,46.57,1.63,0.0,34.92
WICA,2006,7,77.95,103.9,58.27,0.99,0.0,38.41
WICA,2006,8,72.08,97.69,49.09,2.79,0.0,35.6
WICA,2006,9,56.43,85.63,33.52,2.26,0.08,47.44
WICA,2006,10,45.46,80.5,18.31,0.52,1.71,51.46
WICA,2006,11,36.29,70.78,9.13,0.2,4.38,45.95
WICA,2006,12,31.08,55.12,8.86,0.0,2.48,48.14
WICA,2007,1,26.46,55.48,-1.04,0.01,1.68,41.38
WICA,2007,2,24.53,55.84,-24.53,0.05,5.4,53.99
WICA,2007,3,43.52,75.73,16.24,1.01,4.93,53.91
WICA,2007,4,43.57,76.18,14.26,2.36,2.34,52.55
WICA,2007,5,59.48,87.52,38.02,2.24,0.0,46.24
WICA,2007,6,69.06,99.22,39.82,1.49,0.0,42.07
WICA,2007,7,77.9,101.65,55.21,1.41,0.0,36.01
WICA,2007,8,73.7,99.13,49.63,2.42,0.0,40.67
WICA,2007,9,64.03,92.11,40.18,0.96,0.0,29.42
WICA,2007,10,50.52,82.12,28.75,1.02,0.25,38.06
WICA,2007,11,38.76,69.07,15.34,0.0,0.5,43.98
WICA,2007,12,23.6,59.35,3.19,0.07,5.51,50.78
WICA,2008,1,24.26,54.67,-12.92,0.0,3.09,42.46
WICA,2008,2,28.36,54.67,-2.39,0.11,3.56,52.04
WICA,2008,3,34.38,67.63,8.95,0.4,12.02,57.81
WICA,2008,4,43.28,77.62,12.1,0.96,4.91,49.58
WICA,2008,5,51.84,83.74,18.04,7.27,3.39,60.96
WICA,2008,6,61.75,85.72,40.36,2.5,0.0,42.32
WICA,2008,7,73.02,92.2,48.91,1.35,0.0,32.59
WICA,2008,8,70.47,94.81,51.61,1.52,0.0,29.83
WICA,2008,9,59.25,83.02,40.45,2.37,0.0,37.65
WICA,2008,10,47.06,74.47,25.78,1.8,1.19,39.07
WICA,2008,11,37.37,73.75,20.02,0.33,6.61,51.97
WICA,2008,12,22.53,51.16,-12.11,0.07,3.44,41.56
WICA,2009,1,26.69,58.45,-16.16,0.05,6.15,52.7
WICA,2009,2,30.16,60.97,6.7,0.29,3.06,51.94
WICA,2009,3,34.81,72.13,-0.5,0.24,8.07,47.33
WICA,2009,4,39.69,78.43,-0.86,2.51,13.61,61.93
WICA,2009,5,55.89,91.93,28.12,2.32,0.28,52.52
WICA,2009,6,60.65,90.13,39.01,4.09,0.0,58.7
WICA,2009,7,67.68,89.05,47.47,4.06,0.0,39.02
WICA,2009,8,66.54,89.14,45.67,3.13,0.0,35.87
WICA,2009,9,61.54,84.28,33.25,1.85,0.0,31.0
WICA,2009,10,37.55,73.57,12.37,1.87,12.1,60.98
WICA,2009,11,39.79,68.44,22.81,0.33,1.02,36.93
WICA,2009,12,16.02,40.0,-17.06,0.1,7.99,60.11
WICA,2010,1,23.15,50.26,-25.79,0.01,1.76,47.87
WICA,2010,2,21.61,44.23,-2.75,0.11,6.56,58.03
WICA,2010,3,39.22,74.2,19.57,0.26,3.83,53.19
WICA,2010,4,45.33,74.83,22.36,3.46,6.83,64.04
WICA,2010,5,51.05,86.35,24.34,5.11,4.35,61.22
WICA,2010,6,63.91,91.21,45.04,4.75,0.0,45.69
WICA,2010,7,71.52,93.82,49.18,1.84,0.0,28.21
WICA,2010,8,73.71,98.05,50.71,1.02,0.0,27.82
WICA,2010,9,62.1,87.34,38.65,1.01,0.0,27.08
WICA,2010,10,53.39,83.29,29.29,0.91,0.14,42.09
WICA,2010,11,33.49,72.4,-7.52,0.19,4.74,53.25
WICA,2010,12,27.76,51.61,1.3,0.05,5.15,54.39
WICA,2018,1,29.34,55.67,-14.08,0.02,3.89,50.85
WICA,2018,2,18.27,44.24,-15.34,0.08,10.61,50.98
WICA,2018,3,34.94,60.98,12.74,0.33,9.59,51.17
WICA,2018,4,38.48,72.5,6.17,0.48,7.83,56.95
WICA,2018,5,58.67,86.27,37.4,4.28,0.0,60.11
WICA,2018,6,65.98,93.29,46.4,6.78,0.0,44.82
WICA,2018,7,70.26,92.84,52.07,3.04,0.0,37.04
WICA,2018,8,68.47,90.32,47.48,0.81,0.0,34.6
WICA,2018,9,60.4,87.08,34.25,1.07,0.58,41.9
WICA,2018,10,44.74,75.74,18.14,0.42,4.69,42.12
WICA,2018,11,34.39,60.35,4.91,0.19,4.0,53.24
WICA,2018,12,28.99,53.06,2.21,0.09,8.49,46.33
WICA,2019,1,29.78,52.61,-0.04,0.07,2.04,51.61
WICA,2019,2,12.7,52.7,-13.54,0.13,6.17,60.03
WICA,2019,3,27.62,61.88,-19.66,0.38,10.72,55.56
WICA,2019,4,42.24,75.2,14.72,2.7,12.51,59.69
WICA,2019,5,46.08,80.24,17.78,3.46,21.58,66.82
WICA,2019,6,63.02,92.66,40.55,3.57,0.0,48.06
WICA,2019,7,69.99,89.78,53.78,2.65,0.0,42.88
WICA,2019,8,67.05,88.34,48.38,3.6,0.0,43.2
WICA,2019,9,62.33,91.76,40.64,2.48,0.0,42.94
WICA,2019,10,39.15,71.87,-0.85,0.65,7.41,41.98
WICA,2019,11,34.15,63.77,5.99,0.19,7.88,55.74
WICA,2019,12,33.45,55.85,10.76,0.01,3.78,53.72
WICA,2020,1,30.56,49.91,7.7,0.13,3.09,46.69
WICA,2020,2,28.62,54.77,4.28,0.0,8.79,48.8
WICA,2020,3,36.56,64.22,7.52,0.2,8.79,50.61
WICA,2020,4,41.22,80.15,4.1,0.76,9.7,45.66
WICA,2020,5,52.96,84.11,29.93,1.91,1.49,57.43
WICA,2020,6,68.3,93.38,45.77,2.04,0.0,42.18
WICA,2020,7,73.23,96.53,51.17,1.48,0.0,29.4
WICA,2020,8,74.3,96.8,45.95,0.22,0.0,29.07
WICA,2020,9,61.83,95.18,32.0,0.91,2.01,33.06
WICA,2020,10,43.6,81.23,-3.1,0.37,5.35,46.43
WICA,2020,11,42.07,74.12,19.22,0.09,1.54,27.87
WICA,2020,12,33.44,62.51,14.63,0.02,3.42,41.79
WICA,2021,1,31.36,52.16,11.39,0.02,2.73,47.82
WICA,2021,2,16.43,56.39,-20.11,0.02,5.04,52.38
WICA,2021,3,38.18,63.95,18.14,0.34,12.43,44.15
WICA,2021,4,42.66,80.69,9.95,0.42,11.88,48.17
WICA,2021,5,52.4,77.09,30.83,3.36,0.44,56.13
WICA,2021,6,70.52,93.38,50.45,1.94,0.0,36.84
WICA,2021,7,74.86,96.08,56.3,1.74,0.0,34.02
WICA,2021,8,71.18,95.18,50.09,1.41,0.0,25.02
WICA,2021,9,65.08,91.4,41.27,1.45,0.0,33.55
WICA,2021,10,50.59,80.51,28.85,2.41,5.46,45.55
WICA,2021,11,41.88,66.02,20.3,0.29,0.72,60.18
WICA,2021,12,30.93,64.31,-2.38,0.0,8.35,69.78
WICA,2022,1,30.34,54.14,-7.6,0.03,2.65,65.2
WICA,2022,2,26.54,56.84,-16.69,0.02,5.07,63.36
WICA,2022,3,35.6,72.77,-3.73,0.35,8.21,66.3
WICA,2022,4,40.7,75.56,12.2,1.17,6.09,65.37
WICA,2022,5,52.99,87.26,27.59,3.15,1.21,67.19
WICA,2022,6,64.54,90.32,39.65,3.35,0.0,47.18
WICA,2022,7,72.81,96.71,54.77,2.96,0.0,29.44
WICA,2022,8,71.87,95.72,54.68,1.97,0.0,36.85
WICA,2022,9,65.33,93.02,44.69,0.66,0.0,32.4
WICA,2022,10,49.36,73.67,30.29,0.5,0.77,46.83
WICA,2022,11,31.35,66.02,4.64,0.04,2.12,56.39
WICA,2022,12,23.89,52.43,-30.46,0.03,4.82,64.73
WICA,2023,1,27.74,53.78,-18.31,0.12,9.78,70.46
WICA,2023,2,29.15,50.72,-16.87,0.07,6.81,49.66
WICA,2023,3,27.22,59.63,1.67,0.02,16.56,62.24
WICA,2023,4,40.46,73.22,9.5,0.44,10.5,60.17
WICA,2023,5,58.39,77.99,34.34,4.1,0.0,52.62
WICA,2023,6,63.55,86.63,47.57,5.86,0.0,53.0
WICA,2023,7,69.13,92.12,48.56,2.12,0.0,37.27
WICA,2023,8,69.64,94.1,50.54,3.35,0.0,39.71
WICA,2023,9,63.28,90.41,43.25,2.4,0.0,35.83
WICA,2023,10,46.04,81.05,15.8,2.83,3.69,44.57
WICA,2023,11,39.72,64.31,12.29,0.25,1.57,46.91
WICA,2023,12,35.52,58.73,19.13,0.09,1.85,52.1
WICA,2024,1,24.44,59.9,-23.53,0.0,2.34,50.49
WICA,2024,2,34.5,59.45,1.13,0.76,3.64,56.72
WICA,2024,3,36.01,62.78,8.51,0.06,4.11,60.04
WICA,2024,4,45.74,77.81,21.47,2.17,4.6,51.8
WICA,2024,5,52.33,79.07,24.44,3.98,2.78,51.0
WICA,2024,6,65.8,92.48,40.46,1.8,0.0,43.63
WICA,2024,7,72.01,96.08,51.17,1.61,0.0,30.72
WICA,2024,8,70.07,92.84,50.81,1.03,0.0,35.16
WICA,2024,9,67.57,92.75,40.73,0.53,0.0,20.77
WICA,2024,10,54.78,85.19,30.11,0.72,0.28,35.89
WICA,2024,11,36.5,61.34,14.18,0.46,1.82,48.18
WICA,2024,12,34.49,59.36,9.23,0.06,1.9,54.48
WICA,2025,1,23.46,55.49,-10.57,0.05,2.29,53.74
WICA,2025,2,19.79,57.47,-16.96,0.03,4.24,57.8
WICA,2025,3,40.05,71.69,19.67,0.32,5.9,55.91
WICA,2025,4,44.55,75.38,23.54,1.82,3.2,55.38
WICA,2025,5,54.6,86.99,34.61,5.25,0.39,53.5
WICA,2025,6,64.96,93.56,41.27,1.75,0.0,46.79
WICA,2025,7,70.84,94.28,47.03,2.96,0.0,45.14
WICA,2025,8,69.31,93.38,48.74,2.18,0.0,41.04
WICA,2025,9,64.0,89.51,41.36,2.06,0.0,43.84
WICA,2025,10,50.62,85.64,23.63,0.88,0.06,38.46
WICA,2025,11,40.99,69.26,-3.82,0.3,2.15,52.2
WICA,2025,12,35.98,63.23,5.36,0.18,3.09,62.29
WRST,2006,1,8.08,26.22,-12.39,0.0,8.3,65.51
WRST,2006,2,15.05,39.63,-7.44,0.01,22.98,69.77
WRST,2006,3,12.42,35.22,-12.39,0.0,4.0,44.39
WRST,2006,4,28.37,37.38,12.09,0.0,14.72,77.03
WRST,2006,5,39.8,57.99,24.24,0.08,11.27,69.12
WRST,2006,6,50.25,66.18,35.4,2.63,7.3,77.71
WRST,2006,7,56.12,68.97,46.83,3.17,2.01,79.56
WRST,2006,8,50.03,63.03,36.57,6.7,12.46,86.78
WRST,2006,9,44.43,57.99,23.25,2.39,21.55,79.96
WRST,2006,10,32.22,54.03,11.19,3.4,39.22,80.65
WRST,2006,11,4.65,21.72,-11.67,0.0,1.24,50.26
WRST,2006,12,15.37,29.73,-1.95,0.0,24.11,87.28
WRST,2007,1,15.68,38.19,-4.74,0.0,26.04,82.92
WRST,2007,2,9.26,36.03,-19.14,0.0,0.52,44.91
WRST,2007,3,8.89,30.9,-18.06,0.0,7.33,66.64
WRST,2007,4,30.53,42.24,11.28,0.0,3.91,63.61
WRST,2007,5,40.46,57.54,24.42,0.59,22.3,78.31
WRST,2007,6,53.54,68.61,37.92,1.83,1.19,72.4
WRST,2007,7,56.09,69.78,45.39,5.24,2.29,83.74
WRST,2007,8,55.49,71.22,39.9,1.87,0.5,74.46
WRST,2007,9,44.29,58.71,22.26,4.85,15.21,83.37
WRST,2007,10,27.85,41.52,12.9,0.03,15.1,79.93
WRST,2007,11,22.02,36.57,4.98,0.0,21.06,80.45
WRST,2007,12,13.39,28.92,-15.81,0.0,12.15,84.67
WRST,2008,1,10.38,32.25,-11.67,0.0,16.78,79.66
WRST,2008,2,11.93,35.94,-13.29,0.0,16.76,80.92
WRST,2008,3,20.92,34.77,1.74,0.0,14.5,78.72
WRST,2008,4,30.31,48.09,10.83,0.02,21.63,76.44
WRST,2008,5,39.73,55.47,22.53,0.22,8.68,70.42
WRST,2008,6,47.97,63.66,37.83,2.06,13.15,77.52
WRST,2008,7,51.52,69.69,33.24,5.63,15.05,88.21
WRST,2008,8,50.95,62.58,36.12,4.83,6.89,87.47
WRST,2008,9,42.71,54.48,23.79,2.39,18.55,90.53
WRST,2008,10,26.01,40.62,1.65,0.2,33.46,81.72
WRST,2008,11,17.38,33.15,-0.33,0.0,11.22,82.47
WRST,2008,12,11.81,31.26,-13.47,0.0,13.75,65.03
WRST,2009,1,12.25,40.17,-19.05,0.3,39.41,77.85
WRST,2009,2,12.42,28.65,-2.13,0.0,9.48,68.66
WRST,2009,3,16.45,30.9,-0.42,0.0,10.56,78.35
WRST,2009,4,30.33,54.3,12.0,0.0,4.08,70.54
WRST,2009,5,42.84,60.51,28.92,0.62,10.11,59.54
WRST,2009,6,51.75,69.6,35.94,2.56,7.77,73.2
WRST,2009,7,60.83,77.34,44.67,2.17,0.36,65.55
WRST,2009,8,53.24,71.76,44.94,7.59,7.33,88.4
WRST,2009,9,44.9,60.6,20.46,1.16,7.39,79.44
WRST,2009,10,34.2,52.77,11.73,0.35,11.0,77.16
WRST,2009,11,16.56,30.45,-2.58,0.0,18.0,81.69
WRST,2009,12,18.76,31.8,1.11,0.0,21.72,65.4
WRST,2010,1,14.48,27.03,-3.48,0.0,7.17,80.25
WRST,2010,2,21.71,37.02,7.41,0.0,14.63,71.04
WRST,2010,3,19.66,34.68,2.73,0.0,14.96,78.67
WRST,2010,4,29.37,47.19,8.22,0.01,18.19,77.47
WRST,2010,5,42.19,62.49,24.06,0.21,9.56,63.33
WRST,2010,6,48.23,60.87,40.17,2.91,13.12,86.43
WRST,2010,7,53.47,66.99,42.33,4.95,7.25,86.19
WRST,2010,8,54.44,74.1,40.26,3.5,0.36,79.83
WRST,2010,9,45.25,63.66,31.35,1.49,16.7,67.23
WRST,2010,10,29.53,49.53,10.83,0.1,16.84,80.71
WRST,2010,11,20.23,38.37,2.82,0.01,21.99,81.31
WRST,2010,12,7.79,30.45,-12.57,0.0,12.76,59.08
WRST,2011,1,12.7,31.98,-17.52,0.0,13.78,63.64
WRST,2011,2,11.98,33.24,-10.77,0.0,27.75,59.46
WRST,2011,3,13.34,37.11,-5.46,0.0,3.64,47.44
WRST,2011,4,29.78,40.35,15.42,0.0,10.72,79.58
WRST,2011,5,41.75,63.93,27.3,0.12,8.63,68.21
WRST,2011,6,50.4,69.24,36.57,2.77,4.16,84.91
WRST,2011,7,54.85,68.43,44.22,5.02,2.62,83.42
WRST,2011,8,50.2,61.86,39.36,4.22,6.31,87.26
WRST,2011,9,42.23,62.04,18.57,1.1,8.63,82.11
WRST,2011,10,29.22,41.7,15.69,0.01,14.72,84.96
WRST,2011,11,11.0,29.46,-8.52,0.0,25.0,82.17
WRST,2011,12,20.3,40.89,1.92,0.05,55.2,88.24
WRST,2012,1,7.17,30.27,-12.12,0.0,23.23,74.62
WRST,2012,2,18.55,32.52,0.75,0.0,24.42,76.82
WRST,2012,3,16.27,36.66,-1.32,0.0,8.57,73.85
WRST,2012,4,32.8,43.95,15.6,0.0,4.88,73.48
WRST,2012,5,37.62,55.2,24.24,0.35,22.02,84.4
WRST,2012,6,48.62,65.37,35.94,2.72,15.6,88.12
WRST,2012,7,52.1,70.14,35.13,3.17,11.16,83.29
WRST,2012,8,52.91,65.82,36.21,3.37,2.7,78.87
WRST,2012,9,42.87,59.25,24.33,3.61,24.14,86.0
WRST,2012,10,27.04,53.85,1.2,1.31,8.6,63.44
WRST,2012,11,11.61,29.82,-7.89,0.0,7.77,64.57
WRST,2012,12,6.06,30.36,-19.77,0.0,13.97,60.52
WRST,2013,1,19.32,38.91,-14.1,0.07,35.36,88.08
WRST,2013,2,19.28,34.68,3.45,0.01,24.78,84.76
WRST,2013,3,15.82,33.06,-7.89,0.0,14.3,66.42
WRST,2013,4,22.39,36.48,8.22,0.0,16.76,61.39
WRST,2013,5,40.5,60.06,23.16,0.45,39.91,68.81
WRST,2013,6,55.73,78.51,35.76,1.54,4.41,66.26
WRST,2013,7,58.44,73.29,44.49,3.75,1.93,78.85
WRST,2013,8,55.95,72.75,43.41,3.89,2.29,69.56
WRST,2013,9,45.4,56.01,29.82,5.96,15.71,87.41
WRST,2013,10,35.8,48.18,19.11,1.04,45.78,86.82
WRST,2013,11,17.07,35.31,-17.52,0.01,26.76,69.34
WRST,2013,12,15.31,31.71,-4.92,0.0,12.46,68.07
WRST,2014,1,27.53,44.22,11.37,1.17,58.45,80.44
WRST,2014,2,9.18,30.99,-13.29,0.0,11.16,45.66
WRST,2014,3,18.2,34.77,2.19,0.01,9.89,36.65
WRST,2014,4,30.37,44.31,2.37,0.0,7.11,66.26
WRST,2014,5,45.01,59.97,29.37,0.48,4.66,59.87
WRST,2014,6,47.7,63.84,34.05,3.01,16.09,77.4
WRST,2014,7,55.71,69.24,46.65,4.49,1.43,78.4
WRST,2014,8,53.1,65.91,42.06,4.36,2.18,82.09
WRST,2014,9,45.67,58.44,26.58,3.65,12.81,82.51
WRST,2014,10,27.49,43.5,9.39,0.35,18.35,71.42
WRST,2014,11,20.93,37.65,-7.89,0.02,4.16,65.97
WRST,2014,12,20.0,37.29,-7.98,0.01,23.34,84.33
WRST,2015,1,20.23,37.56,-0.06,0.02,16.18,67.37
WRST,2015,2,19.29,41.7,-14.28,0.35,17.64,65.54
WRST,2015,3,22.97,36.57,-0.78,0.0,18.0,75.02
WRST,2015,4,30.44,42.24,12.99,0.01,11.38,77.57
WRST,2015,5,46.51,65.82,19.74,0.31,2.81,54.24
WRST,2015,6,53.44,70.41,38.73,2.79,5.73,75.64
WRST,2015,7,56.2,76.17,46.2,5.64,0.5,79.84
WRST,2015,8,52.96,72.75,34.59,5.66,5.32,79.7
WRST,2015,9,41.7,56.55,19.83,3.26,19.07,84.14
WRST,2015,10,34.61,45.39,18.48,0.46,13.64,83.12
WRST,2015,11,20.54,39.0,-6.63,0.04,47.51,82.74
WRST,2015,12,13.7,33.42,-5.55,0.0,20.81,76.37
WRST,2016,1,20.74,32.97,3.9,0.0,13.59,76.96
WRST,2016,2,19.7,32.97,0.21,0.0,7.61,70.75
WRST,2016,3,25.71,51.15,8.31,0.15,20.59,63.98
WRST,2016,4,34.96,46.74,16.86,0.13,11.49,79.26
WRST,2016,5,44.04,59.79,28.47,0.67,10.11,58.62
WRST,2016,6,52.38,68.25,33.69,2.41,4.46,65.95
WRST,2016,7,58.78,72.3,49.53,4.95,0.17,85.79
WRST,2016,8,54.58,64.83,41.7,7.35,0.33,85.85
WRST,2016,9,44.25,61.05,20.01,3.0,13.92,73.69
WRST,2016,10,28.74,46.29,11.55,0.0,1.9,48.29
WRST,2016,11,18.71,34.05,-3.84,0.01,10.83,67.74
WRST,2016,12,14.11,27.84,-2.22,0.0,13.64,70.2
WRST,2017,1,17.22,37.51,-7.49,0.01,13.28,54.16
WRST,2017,2,17.6,38.14,-2.27,0.02,21.39,46.27
WRST,2017,3,9.6,38.86,-14.15,0.0,5.13,49.58
WRST,2017,4,33.79,45.07,18.7,0.02,1.68,56.62
WRST,2017,5,42.95,60.01,26.62,0.88,4.55,65.79
WRST,2017,6,52.81,75.58,41.2,4.02,0.36,89.02
WRST,2017,7,57.84,70.72,44.98,3.56,0.0,77.4
WRST,2017,8,55.07,75.85,41.38,4.2,0.55,80.04
WRST,2017,9,47.21,62.44,35.26,3.98,0.52,78.89
WRST,2017,10,34.32,48.76,19.33,1.94,22.3,82.06
WRST,2017,11,14.84,34.09,-12.98,0.0,4.55,57.27
WRST,2017,12,25.09,40.66,6.91,0.24,41.15,64.82
WRST,2018,1,16.37,42.1,-6.68,0.29,24.58,65.35
WRST,2018,2,13.43,30.49,-4.79,0.0,10.5,60.02
WRST,2018,3,21.16,41.11,-7.4,0.03,10.91,54.97
WRST,2018,4,30.64,42.01,5.2,0.0,4.22,60.25
WRST,2018,5,41.23,54.25,25.63,0.63,13.26,74.09
WRST,2018,6,51.63,70.54,38.41,4.38,0.08,83.2
WRST,2018,7,60.22,77.56,46.15,2.28,0.0,70.2
WRST,2018,8,54.28,73.87,44.62,9.01,0.0,83.51
WRST,2018,9,48.11,60.55,37.51,0.83,0.77,54.65
WRST,2018,10,38.72,55.42,16.36,1.88,14.91,72.52
WRST,2018,11,28.4,43.27,12.67,0.61,17.69,74.15
WRST,2018,12,24.63,39.31,13.84,0.01,17.56,81.77
WRST,2019,1,18.57,39.94,-10.82,0.02,9.95,57.32
WRST,2019,2,17.49,30.85,-10.64,0.01,6.97,48.17
WRST,2019,3,30.49,46.69,14.65,0.14,19.81,59.24
WRST,2019,4,33.26,52.54,18.61,0.0,3.83,54.4
WRST,2019,5,47.24,63.34,31.93,2.0,3.61,79.57
WRST,2019,6,57.92,82.06,42.64,2.72,0.0,62.12
WRST,2019,7,64.19,84.85,48.76,4.68,0.0,65.84
WRST,2019,8,57.97,75.58,37.15,0.76,0.0,57.24
WRST,2019,9,49.99,66.04,33.01,3.34,0.06,70.21
WRST,2019,10,33.79,50.11,19.42,0.63,15.35,63.54
WRST,2019,11,29.88,41.11,-4.34,0.2,20.5,78.81
WRST,2019,12,23.24,41.83,-0.56,0.02,18.13,78.24
WRST,2020,1,4.53,37.24,-11.81,0.01,12.43,55.65
WRST,2020,2,15.87,35.89,-12.35,0.0,14.17,78.21
WRST,2020,3,17.16,37.15,-6.95,0.01,8.27,58.05
WRST,2020,4,32.52,51.55,7.45,0.5,12.04,65.76
WRST,2020,5,47.4,64.15,30.49,1.47,3.14,68.2
WRST,2020,6,50.97,64.06,38.86,4.83,0.8,77.44
WRST,2020,7,58.06,72.61,46.96,4.07,0.0,68.44
WRST,2020,8,54.12,65.59,44.26,3.59,0.0,77.14
WRST,2020,9,46.46,59.65,33.28,2.73,1.38,69.01
WRST,2020,10,31.95,57.22,-4.25,0.83,12.1,72.78
WRST,2020,11,16.4,36.52,-9.65,0.0,11.05,62.75
WRST,2020,12,23.08,40.93,6.82,0.04,20.56,77.96
WRST,2021,1,21.83,36.43,-2.36,0.01,13.23,69.35
WRST,2021,2,11.64,29.59,-20.45,0.0,11.49,59.08
WRST,2021,3,15.72,31.75,-5.51,0.01,10.47,59.3
WRST,2021,4,29.8,52.63,-10.01,0.02,6.86,48.96
WRST,2021,5,42.75,57.58,29.68,1.13,10.06,75.94
WRST,2021,6,54.9,69.64,38.68,3.31,0.33,68.74
WRST,2021,7,58.6,73.6,44.98,2.48,0.0,64.21
WRST,2021,8,54.57,74.23,42.37,5.62,0.0,74.54
WRST,2021,9,43.28,61.09,22.75,1.53,7.39,73.84
WRST,2021,10,31.9,42.19,21.58,0.0,17.2,83.99
WRST,2021,11,16.09,44.62,-6.41,0.01,10.06,73.39
WRST,2021,12,12.77,31.66,-9.74,0.02,15.71,82.08
WRST,2022,1,15.4,40.84,-22.16,0.01,18.74,74.2
WRST,2022,2,24.64,38.5,4.93,0.02,24.47,91.93
WRST,2022,3,24.71,37.06,9.07,0.01,16.09,74.47
WRST,2022,4,29.0,43.54,11.05,0.0,2.07,53.9
WRST,2022,5,42.27,66.4,30.49,0.11,9.26,65.06
WRST,2022,6,57.56,76.84,38.32,3.3,0.44,60.87
WRST,2022,7,59.85,82.42,45.52,3.56,0.66,66.19
WRST,2022,8,54.3,69.46,43.27,6.63,0.0,84.59
WRST,2022,9,45.38,55.96,33.01,9.26,13.61,81.9
WRST,2022,10,31.6,53.44,7.63,3.16,35.72,85.97
WRST,2022,11,20.77,41.56,-7.94,0.02,10.22,67.5
WRST,2022,12,14.93,34.36,-18.02,0.02,19.32,77.81
WRST,2023,1,25.34,42.19,10.51,0.02,13.89,80.14
WRST,2023,2,16.99,30.94,-12.98,0.02,10.31,83.17
WRST,2023,3,19.31,36.52,-4.79,0.0,9.4,70.56
WRST,2023,4,28.01,42.01,5.2,0.01,11.49,82.15
WRST,2023,5,42.13,60.19,25.81,0.63,7.03,73.14
WRST,2023,6,52.49,68.74,36.61,3.09,0.88,74.17
WRST,2023,7,61.89,77.47,48.13,1.87,0.0,60.83
WRST,2023,8,58.32,75.76,44.08,6.63,0.0,67.46
WRST,2023,9,44.45,56.86,31.84,4.15,6.94,80.13
WRST,2023,10,33.96,47.05,8.08,1.4,17.86,77.74
WRST,2023,11,26.05,40.57,1.87,0.17,30.26,83.5
WRST,2023,12,17.99,39.31,-4.16,0.02,41.5,79.4
WRST,2024,1,13.78,39.85,-13.61,0.05,19.81,68.81
WRST,2024,2,16.13,42.91,-25.49,0.01,7.14,64.31
WRST,2024,3,23.35,42.64,-17.12,0.0,15.41,70.66
WRST,2024,4,30.59,47.59,11.05,0.01,3.83,52.1
WRST,2024,5,41.33,55.24,26.08,0.98,12.95,79.63
WRST,2024,6,56.65,75.94,36.88,2.16,0.39,58.35
WRST,2024,7,56.47,75.76,41.29,4.52,0.03,76.73
WRST,2024,8,54.67,77.74,40.66,5.22,0.14,71.62
WRST,2024,9,45.37,56.95,31.84,4.41,4.66,75.74
WRST,2024,10,32.37,46.06,13.66,0.29,16.4,74.05
WRST,2024,11,17.05,37.96,-12.71,0.0,8.96,71.38
WRST,2024,12,22.04,42.28,-2.36,0.04,11.38,77.36
WRST,2025,1,20.45,40.21,-21.26,0.0,34.92,75.37
WRST,2025,2,18.58,38.23,-15.05,0.0,4.71,59.66
WRST,2025,3,25.08,40.57,5.29,0.0,3.67,59.72
WRST,2025,4,34.7,48.94,16.27,0.06,22.98,82.67
WRST,2025,5,41.34,55.51,25.09,0.93,16.18,76.09
WRST,2025,6,52.01,75.76,36.25,1.83,4.44,69.59
WRST,2025,7,57.67,73.96,39.58,2.11,0.0,66.25
WRST,2025,8,55.48,72.7,41.02,2.35,0.03,65.3
WRST,2025,9,48.43,72.88,32.65,3.98,2.65,76.99
WRST,2025,10,35.76,53.71,18.07,1.62,17.22,79.69
WRST,2025,11,22.36,38.14,4.3,0.0,15.3,77.03
WRST,2025,12,-1.73,38.23,-21.35,0.0,14.66,55.64
YELL,2006,1,16.09,33.18,2.13,0.0,28.58,76.5
YELL,2006,2,12.63,36.33,-16.5,0.03,15.93,72.92
YELL,2006,3,20.14,42.54,-3.45,0.04,19.95,78.57
YELL,2006,4,31.37,50.82,9.15,0.57,17.28,62.42
YELL,2006,5,37.11,60.09,16.08,0.68,7.14,45.06
YELL,2006,6,50.84,74.04,29.4,1.41,0.0,40.77
YELL,2006,7,62.12,83.76,40.38,1.04,0.0,34.33
YELL,2006,8,57.59,76.38,35.61,0.61,0.0,28.29
YELL,2006,9,46.68,74.4,24.72,1.07,6.09,48.76
YELL,2006,10,31.12,59.73,-4.17,1.69,13.78,62.53
YELL,2006,11,22.01,42.72,-13.08,0.37,20.59,76.42
YELL,2006,12,12.59,32.82,-15.78,0.0,21.08,66.93
YELL,2007,1,7.04,30.75,-18.75,0.0,13.83,55.89
YELL,2007,2,18.27,36.87,-18.39,0.01,22.54,80.95
YELL,2007,3,26.76,44.7,-7.68,0.26,8.85,62.78
YELL,2007,4,30.81,56.04,8.52,0.31,15.41,62.75
YELL,2007,5,39.12,62.16,20.31,0.64,4.96,45.25
YELL,2007,6,52.68,78.45,17.07,0.77,6.81,39.22
YELL,2007,7,64.2,84.39,45.96,1.7,0.0,40.49
YELL,2007,8,58.72,77.73,38.85,1.05,0.0,33.53
YELL,2007,9,47.42,75.12,27.06,2.09,1.71,40.45
YELL,2007,10,32.99,57.39,9.06,1.27,19.32,62.34
YELL,2007,11,21.82,44.88,-5.25,0.09,18.33,63.75
YELL,2007,12,10.14,29.4,-10.29,0.0,22.76,85.48
YELL,2008,1,8.89,26.79,-12.81,0.0,30.76,81.48
YELL,2008,2,15.23,31.29,-1.56,0.0,16.7,73.53
YELL,2008,3,18.38,33.09,0.15,0.02,28.14,71.92
YELL,2008,4,23.79,49.02,0.51,0.11,18.3,55.8
YELL,2008,5,34.94,56.76,18.33,1.17,26.26,69.87
YELL,2008,6,42.36,74.76,20.85,0.91,9.45,43.34
YELL,2008,7,58.95,77.28,39.12,0.52,0.0,23.48
YELL,2008,8,58.63,77.64,37.05,1.07,0.0,29.43
YELL,2008,9,46.59,69.0,28.32,1.39,0.55,40.62
YELL,2008,10,33.99,64.32,12.93,0.74,8.02,50.69
YELL,2008,11,24.61,45.6,1.68,0.39,19.15,71.42
YELL,2008,12,11.19,31.83,-15.42,0.01,29.82,85.03
YELL,2009,1,14.22,32.01,-15.33,0.0,24.64,67.98
YELL,2009,2,16.68,32.91,-3.36,0.0,14.99,71.53
YELL,2009,3,20.49,45.96,-1.02,0.08,29.13,73.81
YELL,2009,4,28.99,50.46,6.36,0.31,26.4,63.41
YELL,2009,5,36.64,58.74,16.35,0.74,11.74,50.25
YELL,2009,6,43.56,71.52,24.9,3.52,8.21,71.21
YELL,2009,7,56.12,78.45,37.05,1.34,0.0,40.47
YELL,2009,8,55.25,77.46,33.99,1.86,0.0,44.9
YELL,2009,9,52.15,71.7,26.79,0.46,3.42,28.31
YELL,2009,10,26.4,48.66,0.78,0.49,21.17,75.93
YELL,2009,11,20.96,44.34,0.15,0.02,10.5,59.93
YELL,2009,12,6.29,26.97,-23.79,0.0,12.02,77.06
YELL,2010,1,14.45,29.58,-15.87,0.0,14.61,70.62
YELL,2010,2,15.54,34.17,-3.99,0.0,7.14,74.62
YELL,2010,3,23.55,41.28,0.33,0.02,14.11,66.3
YELL,2010,4,27.44,50.82,4.92,0.26,23.07,71.04
YELL,2010,5,31.27,53.61,6.45,1.38,18.44,68.3
YELL,2010,6,45.5,76.29,25.98,2.6,1.24,63.12
YELL,2010,7,57.09,76.65,32.64,0.74,0.41,27.86
YELL,2010,8,55.47,75.75,32.01,2.65,0.14,33.82
YELL,2010,9,48.1,68.64,28.5,1.2,2.67,36.52
YELL,2010,10,38.47,69.45,9.33,0.9,13.72,53.72
YELL,2010,11,19.62,49.2,-12.45,0.02,30.43,83.8
YELL,2010,12,16.36,30.3,-10.92,0.0,32.96,85.52
YELL,2011,1,12.22,29.85,-11.91,0.01,17.91,81.96
YELL,2011,2,11.62,35.16,-16.32,0.01,16.2,70.99
YELL,2011,3,22.59,39.75,7.35,0.06,30.84,86.28
YELL,2011,4,25.28,42.36,6.81,0.31,43.57,74.45
YELL,2011,5,33.07,50.1,11.58,0.8,28.69,72.27
YELL,2011,6,40.76,67.2,23.73,1.61,3.78,51.04
YELL,2011,7,57.58,76.74,33.54,0.52,0.0,19.89
YELL,2011,8,59.02,78.54,41.82,1.02,0.0,28.96
YELL,2011,9,51.53,71.79,32.46,0.87,0.0,27.45
YELL,2011,10,35.92,68.73,8.79,1.48,12.9,60.8
YELL,2011,11,18.69,38.76,-1.83,0.0,24.47,67.96
YELL,2011,12,10.26,32.91,-17.58,0.0,15.02,58.5
YELL,2012,1,14.47,29.4,-10.2,0.0,23.09,68.45
YELL,2012,2,15.62,32.01,-1.92,0.0,19.29,70.88
YELL,2012,3,26.22,49.02,-2.46,0.26,26.26,66.0
YELL,2012,4,31.56,55.95,11.58,0.33,18.74,65.93
YELL,2012,5,36.12,57.75,15.72,1.13,10.67,56.88
YELL,2012,6,49.07,77.37,26.25,0.45,1.96,34.84
YELL,2012,7,61.15,78.9,39.03,1.33,0.0,41.0
YELL,2012,8,60.84,80.34,41.55,0.46,0.0,27.05
YELL,2012,9,51.83,69.63,36.51,1.0,0.0,34.2
YELL,2012,10,34.16,61.08,3.84,1.03,11.02,51.09
YELL,2012,11,24.93,44.34,-4.8,0.11,19.02,79.95
YELL,2012,12,13.31,34.53,-11.73,0.01,29.35,83.36
YELL,2013,1,9.26,31.83,-19.83,0.0,14.74,68.22
YELL,2013,2,14.29,28.05,-8.04,0.0,9.2,78.75
YELL,2013,3,21.02,43.17,-2.82,0.05,15.57,67.45
YELL,2013,4,25.94,46.68,1.14,0.31,16.73,62.59
YELL,2013,5,37.06,58.56,10.14,1.14,4.16,59.81
YELL,2013,6,50.52,78.0,29.04,0.91,0.08,39.78
YELL,2013,7,61.31,79.71,42.72,0.89,0.0,33.07
YELL,2013,8,60.22,78.63,42.81,0.94,0.0,38.1
YELL,2013,9,48.47,75.93,26.52,3.05,6.39,61.95
YELL,2013,10,29.71,48.39,6.18,0.2,14.55,57.86
YELL,2013,11,21.14,41.28,-5.7,0.01,17.91,68.11
YELL,2013,12,8.1,29.4,-18.57,0.0,18.85,77.57
YELL,2014,1,13.09,28.05,-9.66,0.01,19.76,61.02
YELL,2014,2,15.49,34.26,-19.02,0.01,38.03,81.99
YELL,2014,3,23.52,39.21,5.37,0.02,36.85,70.99
YELL,2014,4,28.26,50.1,4.47,0.32,24.78,63.02
YELL,2014,5,37.23,60.18,15.27,0.47,9.76,54.96
YELL,2014,6,43.98,66.93,25.8,1.99,4.11,54.15
YELL,2014,7,59.69,77.64,38.13,0.84,0.0,35.8
YELL,2014,8,54.05,74.94,34.44,4.25,0.0,60.39
YELL,2014,9,48.35,70.35,25.26,2.17,1.07,40.67
YELL,2014,10,38.14,58.2,14.82,0.5,4.93,43.93
YELL,2014,11,19.48,51.63,-19.83,0.15,23.04,78.68
YELL,2014,12,16.6,39.39,-19.11,0.0,21.3,79.65
YELL,2015,1,17.1,38.13,-6.15,0.0,16.73,67.88
YELL,2015,2,20.29,40.02,-5.7,0.01,13.92,65.75
YELL,2015,3,26.77,49.02,-8.4,0.11,5.9,48.3
YELL,2015,4,29.51,51.36,3.48,0.22,13.59,54.64
YELL,2015,5,36.9,62.97,15.36,1.11,10.75,77.95
YELL,2015,6,55.2,81.15,32.1,1.19,0.0,46.93
YELL,2015,7,55.29,78.45,32.1,2.35,0.0,43.97
YELL,2015,8,56.86,77.73,38.58,1.83,0.0,44.07
YELL,2015,9,50.44,70.89,27.96,1.69,1.43,30.17
YELL,2015,10,41.53,62.61,25.26,1.5,4.24,55.08
YELL,2015,11,17.81,37.77,-5.88,0.21,19.76,65.84
YELL,2015,12,12.32,35.07,-10.47,0.02,26.68,81.5
YELL,2016,1,14.23,30.39,-7.86,0.0,15.41,74.43
YELL,2016,2,19.03,39.57,-4.8,0.01,15.13,66.97
YELL,2016,3,23.98,43.71,1.86,0.09,24.03,70.55
YELL,2016,4,32.33,53.07,11.85,0.67,10.91,57.4
YELL,2016,5,36.59,54.51,14.82,1.44,6.12,63.26
YELL,2016,6,54.15,76.02,31.11,1.35,0.0,35.23
YELL,2016,7,58.1,78.81,34.26,0.96,0.61,29.85
YELL,2016,8,57.82,78.54,36.69,0.52,0.0,35.32
YELL,2016,9,46.78,72.33,30.3,3.21,2.67,52.59
YELL,2016,10,35.28,56.85,19.95,3.59,20.2,70.91
YELL,2016,11,27.46,50.28,0.78,0.09,13.7,57.44
YELL,2016,12,7.78,26.34,-20.73,0.0,33.04,77.7
YELL,2017,1,8.62,29.12,-22.36,0.02,18.74,65.19
YELL,2017,2,19.96,37.94,0.23,0.11,29.24,76.31
YELL,2017,3,28.53,50.45,5.27,0.63,23.29,79.24
YELL,2017,4,28.53,50.9,9.23,0.5,27.31,73.55
YELL,2017,5,37.28,60.98,18.14,0.63,6.89,46.65
YELL,2017,6,46.49,73.22,27.05,1.54,3.31,47.87
YELL,2017,7,59.92,79.43,37.13,1.45,0.0,35.86
YELL,2017,8,56.5,76.37,38.66,1.11,0.0,35.09
YELL,2017,9,44.9,77.45,19.76,2.52,20.5,48.77
YELL,2017,10,28.88,48.65,6.89,0.21,6.81,44.26
YELL,2017,11,24.55,44.06,-0.49,0.11,25.82,70.38
YELL,2017,12,14.18,31.28,-8.68,0.02,17.17,68.15
YELL,2018,1,17.6,34.25,-9.58,0.01,18.3,69.77
YELL,2018,2,14.13,31.91,-13.9,0.04,23.23,77.4
YELL,2018,3,21.51,42.98,2.57,0.11,16.92,67.41
YELL,2018,4,30.08,56.75,6.26,0.2,22.6,62.24
YELL,2018,5,39.7,61.34,21.83,1.97,6.75,62.55
YELL,2018,6,47.15,70.25,23.72,3.55,2.4,45.59
YELL,2018,7,59.35,79.7,33.71,0.74,0.0,27.01
YELL,2018,8,55.92,83.12,29.84,2.11,1.52,33.95
YELL,2018,9,49.03,70.52,24.08,0.54,0.3,37.7
YELL,2018,10,31.82,57.56,-3.37,1.04,10.25,55.71
YELL,2018,11,18.51,36.23,-7.51,0.06,15.57,63.33
YELL,2018,12,12.85,33.08,-10.21,0.02,10.42,72.89
YELL,2019,1,14.52,36.05,-14.8,0.02,15.35,65.56
YELL,2019,2,13.82,31.64,-10.48,0.02,31.5,84.64
YELL,2019,3,20.19,47.66,-10.93,0.0,7.41,54.83
YELL,2019,4,30.07,51.35,6.62,0.59,19.84,71.96
YELL,2019,5,35.12,55.85,11.39,1.14,9.07,67.27
YELL,2019,6,43.83,69.71,16.07,2.03,4.63,53.81
YELL,2019,7,56.85,79.61,35.24,1.42,0.39,40.42
YELL,2019,8,56.68,76.37,34.88,1.3,0.0,36.85
YELL,2019,9,46.3,75.11,12.11,3.13,7.88,59.12
YELL,2019,10,22.33,47.39,-14.53,0.02,14.25,48.13
YELL,2019,11,20.63,41.81,-7.69,0.01,9.37,62.29
YELL,2019,12,15.06,32.18,-9.94,0.0,8.38,77.07
YELL,2020,1,16.39,29.12,-5.17,0.04,22.49,84.09
YELL,2020,2,12.85,32.81,-11.29,0.02,20.12,57.89
YELL,2020,3,22.99,43.52,3.29,0.01,20.01,59.27
YELL,2020,4,26.99,56.03,-5.89,0.36,13.09,55.52
YELL,2020,5,37.45,65.93,19.67,0.46,15.1,62.17
YELL,2020,6,44.6,69.89,18.59,2.62,6.04,58.77
YELL,2020,7,56.16,75.92,36.23,1.25,0.03,30.36
YELL,2020,8,59.44,80.42,36.5,0.51,0.03,29.68
YELL,2020,9,49.38,78.44,19.85,0.76,1.85,26.39
YELL,2020,10,33.48,63.05,-9.58,0.83,9.92,44.24
YELL,2020,11,21.16,51.17,-1.93,0.11,15.07,54.77
YELL,2020,12,14.33,35.15,-6.79,0.01,8.79,59.11
YELL,2021,1,14.0,29.39,-7.6,0.01,10.5,65.54
YELL,2021,2,12.57,33.98,-7.33,0.02,20.37,74.04
YELL,2021,3,21.5,41.09,1.04,0.02,16.15,47.76
YELL,2021,4,27.1,58.28,4.64,0.01,9.76,48.84
YELL,2021,5,36.71,58.1,12.92,0.76,8.93,54.4
YELL,2021,6,53.94,77.99,25.79,0.58,0.28,28.54
YELL,2021,7,61.9,81.32,40.37,1.48,0.0,36.44
YELL,2021,8,55.42,78.98,35.51,2.61,0.33,42.4
YELL,2021,9,49.2,75.47,25.43,0.67,3.36,27.11
YELL,2021,10,34.58,62.42,10.4,1.56,10.42,68.43
YELL,2021,11,25.65,45.32,-1.12,0.11,8.46,83.11
YELL,2021,12,16.82,37.49,-5.44,0.01,26.43,94.92
YELL,2022,1,12.26,29.57,-16.51,0.02,10.11,75.28
YELL,2022,2,11.78,32.63,-13.99,0.0,6.89,73.98
YELL,2022,3,22.21,50.9,-17.77,0.01,10.64,70.08
YELL,2022,4,24.05,47.84,-6.61,0.05,25.08,75.19
YELL,2022,5,33.92,60.8,8.6,1.11,20.94,75.3
YELL,2022,6,44.87,72.32,24.89,2.49,4.41,50.91
YELL,2022,7,59.98,78.17,36.68,0.68,0.0,26.9
YELL,2022,8,59.1,79.43,41.36,2.21,0.0,41.71
YELL,2022,9,51.75,80.42,29.66,2.23,0.41,37.62
YELL,2022,10,36.2,60.35,8.06,0.67,10.0,46.32
YELL,2022,11,15.48,42.8,-15.34,0.0,18.55,71.22
YELL,2022,12,12.62,32.72,-30.37,0.02,20.61,86.65
YELL,2023,1,12.94,33.62,-23.71,0.01,10.06,85.17
YELL,2023,2,12.57,30.74,-8.14,0.01,16.76,72.1
YELL,2023,3,15.85,35.15,-3.01,0.01,24.14,80.49
YELL,2023,4,25.73,56.39,0.32,0.04,15.02,69.3
YELL,2023,5,39.37,62.33,21.65,0.96,4.19,54.68
YELL,2023,6,46.36,68.63,27.77,3.46,1.3,70.17
YELL,2023,7,58.23,81.41,33.8,0.68,0.0,33.78
YELL,2023,8,56.23,78.71,39.2,3.61,0.0,45.07
YELL,2023,9,47.97,68.36,28.49,2.05,2.89,41.9
YELL,2023,10,34.35,59.54,-8.86,0.81,13.2,56.52
YELL,2023,11,22.41,40.64,-9.13,0.15,7.17,72.98
YELL,2023,12,17.36,37.22,-12.91,0.0,7.91,71.59
YELL,2024,1,13.97,39.92,-37.75,0.01,9.07,85.81
YELL,2024,2,18.23,38.93,-18.58,0.01,23.29,86.22
YELL,2024,3,20.14,44.24,-14.44,0.02,23.4,70.08
YELL,2024,4,27.45,50.63,-7.69,0.26,14.5,60.89
YELL,2024,5,32.6,55.4,-0.22,0.39,15.49,61.59
YELL,2024,6,50.3,77.36,21.29,1.13,0.58,39.3
YELL,2024,7,58.32,81.23,34.07,1.42,0.0,32.11
YELL,2024,8,56.92,82.58,34.16,1.8,0.0,34.38
YELL,2024,9,50.39,74.93,30.38,1.44,2.89,37.81
YELL,2024,10,41.04,64.58,15.35,0.22,7.28,39.27
YELL,2024,11,21.08,44.78,0.41,0.01,9.84,76.5
YELL,2024,12,20.11,40.82,4.1,0.02,13.48,82.55
YELL,2025,1,9.0,41.63,-33.61,0.01,10.36,66.53
YELL,2025,2,15.78,42.62,-31.72,0.04,22.27,84.42
YELL,2025,3,23.71,53.87,-6.07,0.02,21.74,73.67
YELL,2025,4,28.36,55.04,-6.43,0.14,21.06,62.64
YELL,2025,5,41.15,72.41,15.26,1.01,8.6,51.65
YELL,2025,6,50.66,73.85,25.79,1.35,2.34,40.72
YELL,2025,7,58.43,77.45,39.83,2.22,0.0,35.7
YELL,2025,8,57.05,78.53,37.85,1.74,0.0,39.3
YELL,2025,9,50.58,73.22,30.92,0.97,0.0,40.59
YELL,2025,10,35.16,62.06,9.59,1.31,11.82,51.96
YELL,2025,11,29.25,48.92,-4.09,0.16,5.24,63.56
YELL,2025,12,22.98,44.15,-16.42,0.35,31.78,78.65
YOSE,2006,1,22.98,47.51,3.77,0.69,51.51,55.85
YOSE,2006,2,24.61,47.33,2.33,1.5,27.83,45.93
YOSE,2006,3,19.21,38.87,0.98,0.61,76.39,76.91
YOSE,2006,4,30.01,54.26,11.6,2.33,58.87,62.06
YOSE,2006,5,41.49,65.51,21.86,1.33,7.91,35.64
YOSE,2006,6,53.76,78.47,29.87,0.95,0.17,32.26
YOSE,2006,7,62.52,82.7,42.56,0.81,0.0,20.76
YOSE,2006,8,58.7,75.14,40.4,0.19,0.0,8.62
YOSE,2006,9,53.31,74.87,26.81,0.06,0.0,12.45
YOSE,2006,10,40.34,58.49,24.56,0.84,3.22,23.44
YOSE,2006,11,32.47,60.83,-4.69,0.86,11.44,53.53
YOSE,2006,12,24.29,49.76,-4.24,0.33,27.34,49.1
YOSE,2007,1,19.21,44.99,-11.26,0.17,10.14,22.1
YOSE,2007,2,24.13,51.83,4.58,1.09,55.61,61.34
YOSE,2007,3,30.71,53.0,0.98,0.24,9.09,46.72
YOSE,2007,4,32.72,55.07,11.6,0.37,16.43,49.79
YOSE,2007,5,42.89,64.88,12.95,0.37,4.91,26.11
YOSE,2007,6,54.47,73.79,25.01,0.16,0.47,21.05
YOSE,2007,7,62.36,83.69,42.02,0.74,0.0,20.72
YOSE,2007,8,60.72,78.38,42.56,0.63,0.0,9.82
YOSE,2007,9,49.42,74.06,25.91,0.48,2.48,17.3
YOSE,2007,10,39.86,67.76,20.6,0.56,6.15,28.11
YOSE,2007,11,37.24,58.76,21.23,0.3,1.98,28.03
YOSE,2007,12,20.36,49.22,-6.13,0.33,39.24,50.46
YOSE,2008,1,19.75,43.55,2.42,0.54,86.09,61.16
YOSE,2008,2,25.28,49.4,4.13,0.25,56.91,55.27
YOSE,2008,3,27.37,45.08,8.36,0.17,5.93,42.01
YOSE,2008,4,31.1,51.2,12.68,0.01,1.63,25.07
YOSE,2008,5,38.88,68.84,18.44,1.02,9.81,41.32
YOSE,2008,6,53.21,72.98,27.26,0.07,0.0,8.64
YOSE,2008,7,62.71,81.62,44.09,0.39,0.0,12.72
YOSE,2008,8,62.16,80.63,43.28,0.13,0.0,11.27
YOSE,2008,9,55.13,76.22,31.31,0.22,0.0,12.06
YOSE,2008,10,43.57,65.78,18.98,1.24,5.48,24.97
YOSE,2008,11,33.37,55.43,2.51,1.89,14.08,39.6
YOSE,2008,12,23.47,53.54,-4.51,0.11,43.71,47.06
YOSE,2009,1,25.95,47.33,0.89,1.4,20.92,31.49
YOSE,2009,2,22.1,46.88,0.08,0.58,53.46,64.83
YOSE,2009,3,25.58,43.82,5.84,1.04,42.61,43.78
YOSE,2009,4,30.43,58.22,8.09,0.14,14.41,35.64
YOSE,2009,5,43.62,65.42,27.08,2.42,7.19,37.73
YOSE,2009,6,47.39,73.7,27.8,2.67,2.7,47.85
YOSE,2009,7,61.9,80.0,41.75,0.31,0.0,14.12
YOSE,2009,8,57.46,79.1,33.65,1.16,0.03,20.07
YOSE,2009,9,56.71,76.4,27.08,0.11,0.03,17.26
YOSE,2009,10,38.9,58.76,15.92,2.66,13.67,31.62
YOSE,2009,11,33.2,62.18,13.58,0.07,5.84,26.04
YOSE,2009,12,21.58,44.36,-12.34,0.55,47.24,60.8
YOSE,2010,1,24.61,43.37,5.39,0.64,63.66,70.31
YOSE,2010,2,24.41,41.3,9.17,0.6,43.6,71.57
YOSE,2010,3,25.79,44.45,6.65,0.26,30.12,57.71
YOSE,2010,4,26.73,48.14,6.2,0.53,44.48,53.54
YOSE,2010,5,32.31,49.13,15.29,0.48,14.0,43.93
YOSE,2010,6,46.91,73.16,25.64,0.08,0.0,26.95
YOSE,2010,7,60.62,78.47,36.08,0.42,0.0,10.15
YOSE,2010,8,57.41,79.73,32.93,0.26,0.06,6.41
YOSE,2010,9,54.25,77.12,30.05,0.33,0.33,9.48
YOSE,2010,10,40.68,69.47,15.11,3.86,10.56,52.4
YOSE,2010,11,26.42,62.27,-2.53,0.37,43.46,44.04
YOSE,2010,12,25.91,48.59,-5.86,2.54,94.11,71.46
YOSE,2011,1,26.21,49.94,4.04,0.06,20.81,40.97
YOSE,2011,2,19.2,40.31,-0.64,0.06,57.16,44.67
YOSE,2011,3,25.42,58.31,11.15,0.85,93.73,68.87
YOSE,2011,4,29.56,53.72,5.66,0.57,13.56,48.57
YOSE,2011,5,33.34,54.8,11.15,0.53,23.81,38.57
YOSE,2011,6,43.87,66.05,19.79,2.19,11.3,28.6
YOSE,2011,7,56.06,76.22,38.33,0.85,0.0,11.17
YOSE,2011,8,59.6,76.4,42.29,0.18,0.0,9.93
YOSE,2011,9,55.17,73.34,35.81,1.06,0.0,31.54
YOSE,2011,10,42.34,63.98,10.88,0.66,11.16,26.39
YOSE,2011,11,26.58,49.85,2.06,0.1,14.91,43.66
YOSE,2011,12,24.88,48.68,-0.37,0.0,0.28,26.95
YOSE,2012,1,30.3,52.1,7.1,1.2,31.75,48.54
YOSE,2012,2,22.57,45.17,5.57,0.07,17.64,49.49
YOSE,2012,3,25.97,45.35,0.35,0.72,48.97,56.45
YOSE,2012,4,31.54,56.78,3.68,0.96,23.62,49.96
YOSE,2012,5,42.49,69.74,18.62,0.12,2.56,16.54
YOSE,2012,6,52.12,74.51,21.68,0.69,1.32,7.48
YOSE,2012,7,60.34,80.09,40.49,0.2,0.0,15.58
YOSE,2012,8,62.72,80.9,41.93,0.58,0.0,17.79
YOSE,2012,9,56.85,72.98,39.68,0.19,0.0,18.29
YOSE,2012,10,43.01,72.89,15.11,0.59,8.82,32.6
YOSE,2012,11,31.04,60.02,-3.16,2.2,36.79,46.85
YOSE,2012,12,20.72,39.86,-0.73,1.95,68.93,66.69
YOSE,2013,1,20.89,44.27,-6.76,0.31,11.16,33.64
YOSE,2013,2,22.33,43.46,3.32,0.01,5.59,28.72
YOSE,2013,3,30.74,50.66,12.86,0.36,14.19,54.12
YOSE,2013,4,34.06,55.43,9.44,0.22,5.24,29.97
YOSE,2013,5,42.13,66.14,25.1,0.95,4.02,30.79
YOSE,2013,6,55.17,80.45,33.38,0.56,0.0,23.27
YOSE,2013,7,62.86,82.25,44.36,1.0,0.0,27.78
YOSE,2013,8,57.76,74.42,39.5,0.76,0.0,12.74
YOSE,2013,9,51.33,72.71,22.31,0.83,1.79,19.67
YOSE,2013,10,39.17,64.61,7.73,0.11,6.92,24.0
YOSE,2013,11,33.02,56.15,10.52,0.28,5.04,41.93
YOSE,2013,12,23.5,51.29,-13.87,0.08,11.38,32.1
YOSE,2014,1,31.73,49.22,7.46,0.48,9.18,40.76
YOSE,2014,2,26.44,43.01,-0.64,1.51,44.2,59.55
YOSE,2014,3,29.02,48.77,13.31,0.5,25.35,51.81
YOSE,2014,4,32.69,53.0,8.27,0.38,14.96,47.08
YOSE,2014,5,42.25,65.06,20.24,0.66,4.71,38.7
YOSE,2014,6,54.31,79.19,32.3,0.29,0.0,15.97
YOSE,2014,7,61.39,80.99,44.99,2.61,0.0,41.15
YOSE,2014,8,56.86,73.88,41.12,1.07,0.0,26.59
YOSE,2014,9,54.02,75.68,26.45,0.47,2.84,15.89
YOSE,2014,10,46.93,69.56,27.53,0.22,1.46,24.85
YOSE,2014,11,33.99,59.21,10.61,0.7,11.27,42.55
YOSE,2014,12,24.26,47.33,-2.98,1.87,35.8,62.35
YOSE,2015,1,29.05,49.76,3.05,0.08,1.71,44.59
YOSE,2015,2,32.92,52.73,9.17,2.01,17.91,47.6
YOSE,2015,3,34.58,56.69,2.42,0.12,3.78,45.21
YOSE,2015,4,33.73,58.49,10.25,0.66,14.47,37.82
YOSE,2015,5,39.33,65.51,20.24,1.48,12.9,52.36
YOSE,2015,6,55.7,75.86,33.29,1.92,0.69,36.65
YOSE,2015,7,55.81,74.06,36.62,2.92,0.0,39.32
YOSE,2015,8,59.35,77.66,41.3,0.46,0.0,21.84
YOSE,2015,9,54.18,77.21,30.95,1.04,0.0,33.76
YOSE,2015,10,45.64,70.46,27.62,1.63,2.01,46.38
YOSE,2015,11,22.74,51.2,-4.87,0.5,26.35,35.49
YOSE,2015,12,19.45,47.24,-4.96,0.87,47.18,59.17
YOSE,2016,1,23.08,42.47,1.52,1.26,66.31,75.1
YOSE,2016,2,29.79,51.56,4.13,0.19,11.41,45.52
YOSE,2016,3,29.27,44.63,13.13,1.59,46.05,63.27
YOSE,2016,4,33.23,51.11,14.93,1.13,10.03,50.07
YOSE,2016,5,38.27,64.25,19.61,1.3,6.64,45.83
YOSE,2016,6,55.21,77.39,29.15,0.73,0.08,18.79
YOSE,2016,7,62.06,82.16,38.24,0.02,0.0,5.34
YOSE,2016,8,61.17,78.83,43.46,0.37,0.0,10.4
YOSE,2016,9,53.22,74.24,27.71,0.18,0.11,9.6
YOSE,2016,10,40.47,62.81,19.07,6.13,11.82,44.4
YOSE,2016,11,32.4,57.5,3.23,0.14,14.94,40.24
YOSE,2016,12,22.68,42.92,-1.09,2.31,36.19,50.91
YOSE,2017,1,17.31,46.63,-12.32,1.31,184.95,63.25
YOSE,2017,2,21.94,46.72,-8.09,1.53,114.01,73.39
YOSE,2017,3,25.78,50.77,-4.13,0.32,38.39,48.76
YOSE,2017,4,28.91,50.23,3.16,0.98,49.25,55.02
YOSE,2017,5,35.36,61.75,13.24,0.69,6.42,38.29
YOSE,2017,6,49.53,76.42,7.48,0.35,5.7,23.68
YOSE,2017,7,59.04,77.14,36.46,0.74,0.0,12.89
YOSE,2017,8,55.05,76.51,35.56,2.57,0.0,26.15
YOSE,2017,9,44.32,75.79,2.98,0.89,5.4,28.43
YOSE,2017,10,38.11,67.51,9.01,0.13,3.47,16.22
YOSE,2017,11,28.54,53.92,4.24,2.18,28.08,47.62
YOSE,2017,12,21.69,51.85,-8.63,0.0,3.53,45.0
YOSE,2018,1,24.01,52.39,-8.0,0.63,29.41,66.08
YOSE,2018,2,18.76,52.21,-12.77,0.0,11.27,34.22
YOSE,2018,3,22.01,50.77,-6.83,0.76,123.85,63.93
YOSE,2018,4,29.82,51.94,4.24,2.73,15.63,47.54
YOSE,2018,5,35.92,62.02,11.17,2.53,4.05,43.93
YOSE,2018,6,51.5,75.61,24.67,0.15,0.0,8.48
YOSE,2018,7,60.81,80.56,36.91,0.37,0.0,25.81
YOSE,2018,8,57.12,78.22,33.67,0.03,0.0,14.06
YOSE,2018,9,49.61,71.11,23.32,0.19,0.0,10.69
YOSE,2018,10,38.69,61.3,18.28,0.89,0.0,22.83
YOSE,2018,11,32.6,61.03,5.5,0.14,44.78,42.49
YOSE,2018,12,19.33,45.73,-3.59,0.01,23.84,53.45
YOSE,2019,1,22.0,51.58,-4.85,0.05,67.99,64.11
YOSE,2019,2,14.67,35.29,-14.66,0.95,139.01,73.31
YOSE,2019,3,21.76,42.49,-1.61,0.02,59.78,63.27
YOSE,2019,4,31.55,55.27,9.55,0.46,12.48,51.95
YOSE,2019,5,31.12,49.15,8.29,0.91,33.9,56.33
YOSE,2019,6,46.79,70.57,17.38,0.46,0.08,28.5
YOSE,2019,7,55.54,73.45,30.88,0.34,0.0,19.48
YOSE,2019,8,56.93,76.96,33.13,0.16,0.0,14.48
YOSE,2019,9,45.86,73.0,4.06,0.84,1.71,22.68
YOSE,2019,10,37.37,64.18,1.9,0.01,0.03,12.13
YOSE,2019,11,31.71,61.21,-13.49,0.03,21.44,36.26
YOSE,2019,12,20.92,40.06,-3.05,0.13,54.73,70.07
YOSE,2020,1,21.32,49.06,2.89,0.07,14.36,60.37
YOSE,2020,2,21.87,53.65,-8.27,0.0,2.26,29.34
YOSE,2020,3,21.09,45.55,-3.77,0.03,49.72,60.39
YOSE,2020,4,30.12,58.78,4.42,0.3,28.44,42.53
YOSE,2020,5,36.77,71.65,3.97,0.56,11.46,39.73
YOSE,2020,6,48.11,74.8,16.75,0.45,1.1,31.56
YOSE,2020,7,56.74,77.23,31.51,0.25,0.0,13.86
YOSE,2020,8,58.33,79.12,36.64,0.2,0.0,19.23
YOSE,2020,9,53.6,80.02,29.35,0.26,0.0,10.61
YOSE,2020,10,45.42,72.55,20.98,0.0,0.0,9.04
YOSE,2020,11,24.25,60.49,-20.78,0.04,20.59,33.09
YOSE,2020,12,20.08,49.87,-2.24,0.0,24.75,43.58
YOSE,2021,1,20.63,53.2,-4.85,0.01,64.82,56.16
YOSE,2021,2,20.87,46.81,-0.71,0.0,15.9,41.85
YOSE,2021,3,21.27,48.79,1.27,0.03,25.93,46.55
YOSE,2021,4,30.67,56.26,9.01,0.07,10.0,32.67
YOSE,2021,5,36.27,68.86,11.44,0.22,2.34,21.01
YOSE,2021,6,53.71,77.14,22.96,0.25,0.3,19.06
YOSE,2021,7,60.4,82.45,39.7,1.3,0.0,28.06
YOSE,2021,8,57.32,81.55,33.4,0.06,0.0,5.55
YOSE,2021,9,51.69,78.67,25.12,0.09,0.0,11.69
YOSE,2021,10,32.38,63.55,1.45,3.67,22.1,40.83
YOSE,2021,11,31.65,56.26,9.64,0.18,9.65,39.09
YOSE,2021,12,20.05,52.48,-5.48,0.09,112.47,64.47
YOSE,2022,1,19.55,48.43,-4.49,0.0,0.85,40.08
YOSE,2022,2,20.64,51.58,-7.55,0.0,5.57,24.42
YOSE,2022,3,26.05,54.91,-0.89,0.01,11.38,55.3
YOSE,2022,4,28.51,52.57,2.8,0.04,29.1,45.85
YOSE,2022,5,34.65,66.07,-1.97,0.2,4.05,36.98
YOSE,2022,6,48.53,72.01,17.11,1.06,0.03,29.94
YOSE,2022,7,58.46,79.3,35.02,0.67,0.0,15.16
YOSE,2022,8,57.04,76.51,37.0,2.07,0.0,17.54
YOSE,2022,9,50.27,79.57,13.15,2.02,4.46,29.63
YOSE,2022,10,40.23,65.26,16.3,0.47,0.61,19.36
YOSE,2022,11,19.1,48.25,-2.96,0.34,34.83,46.72
YOSE,2022,12,18.89,48.16,-4.85,0.99,126.88,63.93
YOSE,2023,1,17.48,42.67,-9.26,0.06,119.83,61.17
YOSE,2023,2,16.27,42.58,-6.83,0.02,80.33,62.01
YOSE,2023,3,18.13,39.61,-7.46,0.28,129.36,73.75
YOSE,2023,4,27.94,53.29,-5.75,0.0,6.78,39.37
YOSE,2023,5,34.83,60.31,14.95,1.48,9.81,49.21
YOSE,2023,6,43.65,70.48,21.7,2.85,0.72,45.43
YOSE,2023,7,58.79,82.36,33.67,0.11,0.0,17.67
YOSE,2023,8,53.0,73.0,30.88,2.67,0.0,22.71
YOSE,2023,9,45.03,64.45,23.77,3.67,1.96,26.11
YOSE,2023,10,39.88,66.07,16.93,0.17,0.5,23.9
YOSE,2023,11,24.52,56.62,-12.14,0.42,16.2,45.33
YOSE,2023,12,22.56,49.51,-10.7,0.21,7.17,66.3
YOSE,2024,1,19.77,52.21,-16.82,0.23,39.93,69.47
YOSE,2024,2,19.61,42.04,-8.36,0.13,67.93,70.32
YOSE,2024,3,20.87,46.45,-9.8,0.14,69.04,67.38
YOSE,2024,4,26.15,54.01,-15.56,0.15,23.7,38.58
YOSE,2024,5,37.5,63.19,3.88,1.39,10.58,21.53
YOSE,2024,6,54.12,74.89,26.2,1.07,0.0,17.33
YOSE,2024,7,60.37,82.99,33.31,0.83,0.0,13.29
YOSE,2024,8,55.13,77.14,26.29,0.35,0.0,12.89
YOSE,2024,9,50.09,76.06,26.29,0.54,1.19,13.15
YOSE,2024,10,42.51,72.82,16.75,0.42,1.27,26.68
YOSE,2024,11,24.84,52.75,-8.54,0.22,30.92,56.22
YOSE,2024,12,23.36,51.04,-8.27,0.2,34.17,59.22
YOSE,2025,1,19.61,47.26,-7.37,0.01,6.61,30.04
YOSE,2025,2,22.4,48.97,-12.14,0.89,63.5,62.58
YOSE,2025,3,23.47,52.21,-7.01,0.26,66.67,66.39
YOSE,2025,4,28.2,53.56,-11.15,0.25,10.33,45.32
YOSE,2025,5,38.77,76.06,4.06,0.72,7.0,29.35
YOSE,2025,6,49.79,73.63,22.33,1.32,0.0,15.59
YOSE,2025,7,54.46,78.13,28.99,0.2,0.0,10.67
YOSE,2025,8,54.91,77.59,28.18,1.5,0.0,14.41
YOSE,2025,9,47.55,72.73,25.57,2.47,0.41,31.12
YOSE,2025,10,35.66,59.32,-0.17,1.43,10.33,27.29
YOSE,2025,11,32.5,59.68,14.95,1.73,19.93,51.83
YOSE,2025,12,29.48,56.98,-10.07,1.05,47.21,47.31
ZION,2006,1,31.21,53.29,14.14,0.62,4.08,39.17
ZION,2006,2,34.5,56.71,12.16,0.7,1.38,35.62
ZION,2006,3,31.58,53.38,1.54,1.74,17.36,62.5
ZION,2006,4,47.41,72.19,22.69,1.2,2.04,32.36
ZION,2006,5,62.87,82.36,33.94,0.12,0.0,21.53
ZION,2006,6,73.73,94.96,44.83,0.04,0.0,24.18
ZION,2006,7,76.68,94.6,55.18,0.65,0.0,43.95
ZION,2006,8,73.33,86.95,50.59,0.09,0.0,16.67
ZION,2006,9,61.44,83.89,34.93,0.54,0.0,20.91
ZION,2006,10,49.46,75.16,28.09,1.99,0.06,30.5
ZION,2006,11,41.96,69.49,10.36,0.2,1.41,36.61
ZION,2006,12,26.87,51.94,-0.08,0.08,5.84,31.38
ZION,2007,1,24.2,49.15,-10.43,0.07,3.69,24.77
ZION,2007,2,35.94,57.79,13.96,0.16,2.95,46.33
ZION,2007,3,44.61,73.36,12.43,0.88,1.05,33.89
ZION,2007,4,50.91,76.6,25.21,0.92,1.41,42.91
ZION,2007,5,62.7,83.17,33.22,0.1,0.03,24.98
ZION,2007,6,73.1,91.72,37.81,0.03,0.0,20.6
ZION,2007,7,78.62,97.48,59.41,0.57,0.0,40.2
ZION,2007,8,75.48,90.19,56.26,0.12,0.0,20.76
ZION,2007,9,65.86,89.74,33.94,1.55,0.0,16.85
ZION,2007,10,52.91,72.19,27.73,0.06,0.0,16.07
ZION,2007,11,45.58,69.31,23.32,0.78,0.28,32.65
ZION,2007,12,21.95,55.54,-7.37,2.07,8.27,44.53
ZION,2008,1,22.35,43.66,-9.26,1.37,16.54,43.63
ZION,2008,2,25.58,52.93,-2.24,0.41,13.48,45.66
ZION,2008,3,37.78,59.77,8.92,0.2,1.87,24.91
ZION,2008,4,47.18,72.64,23.05,0.08,0.08,14.87
ZION,2008,5,56.09,87.04,25.93,0.19,0.0,30.41
ZION,2008,6,71.19,91.27,39.34,0.11,0.06,6.55
ZION,2008,7,77.01,93.52,56.89,0.24,0.0,23.85
ZION,2008,8,75.79,91.72,57.16,0.33,0.0,22.93
ZION,2008,9,66.08,86.41,44.38,0.17,0.0,11.76
ZION,2008,10,53.36,78.22,25.39,0.43,0.11,18.02
ZION,2008,11,43.2,68.41,21.7,0.59,0.17,37.54
ZION,2008,12,27.4,60.22,-6.2,0.13,25.41,45.42
ZION,2009,1,25.15,44.92,-4.4,0.47,2.04,23.3
ZION,2009,2,27.39,46.72,2.08,0.21,15.71,47.2
ZION,2009,3,40.13,63.82,16.66,0.19,0.85,33.4
ZION,2009,4,46.18,73.63,20.98,0.6,2.01,32.42
ZION,2009,5,64.16,85.42,42.13,0.54,0.0,37.37
ZION,2009,6,65.85,90.37,46.9,0.37,0.0,38.95
ZION,2009,7,78.04,95.23,55.9,0.17,0.0,29.63
ZION,2009,8,74.01,94.87,50.32,0.13,0.0,19.5
ZION,2009,9,67.71,86.23,43.12,0.19,0.0,19.51
ZION,2009,10,49.63,75.34,25.03,0.36,0.19,24.53
ZION,2009,11,42.71,69.76,20.89,0.35,0.06,27.09
ZION,2009,12,21.16,50.23,-11.06,0.23,22.27,45.29
ZION,2010,1,25.04,43.48,3.16,0.11,22.52,53.99
ZION,2010,2,27.57,43.39,8.38,0.26,12.62,53.78
ZION,2010,3,34.25,61.39,13.42,0.43,8.68,46.29
ZION,2010,4,43.77,67.51,20.17,1.05,1.85,40.97
ZION,2010,5,52.61,76.51,26.02,0.09,0.41,26.42
ZION,2010,6,70.67,89.65,41.32,0.04,0.0,17.99
ZION,2010,7,77.88,94.42,50.32,0.07,0.0,23.96
ZION,2010,8,73.55,89.47,51.49,0.2,0.0,17.9
ZION,2010,9,68.27,89.56,43.48,0.46,0.0,7.72
ZION,2010,10,52.54,81.46,24.4,2.0,0.0,38.26
ZION,2010,11,34.74,71.29,-7.1,0.96,4.8,33.98
ZION,2010,12,32.37,55.99,-16.82,5.51,14.44,60.9
ZION,2011,1,23.71,49.33,-20.24,0.0,0.44,28.76
ZION,2011,2,28.48,52.03,-1.97,0.35,18.96,34.21
ZION,2011,3,37.28,64.18,11.26,0.56,4.93,47.76
ZION,2011,4,43.71,69.31,4.33,0.42,8.3,38.75
ZION,2011,5,52.32,74.08,23.68,1.85,0.58,35.26
ZION,2011,6,68.26,89.2,36.55,0.04,0.0,15.46
ZION,2011,7,75.29,93.07,52.03,0.17,0.0,27.86
ZION,2011,8,77.05,91.36,57.7,0.06,0.0,12.47
ZION,2011,9,66.5,87.04,46.18,0.28,0.0,23.09
ZION,2011,10,52.62,76.78,24.85,1.15,0.63,23.93
ZION,2011,11,37.56,58.69,15.04,0.2,2.09,34.11
ZION,2011,12,28.82,54.82,7.03,0.07,3.31,31.04
ZION,2012,1,32.05,55.81,1.54,0.32,5.51,36.93
ZION,2012,2,29.49,53.56,-6.56,0.14,7.77,41.09
ZION,2012,3,40.4,68.68,-1.52,0.25,10.5,37.01
ZION,2012,4,50.38,79.66,14.86,0.27,3.64,34.49
ZION,2012,5,63.14,86.23,37.18,0.03,0.0,13.08
ZION,2012,6,73.92,92.17,44.74,0.0,0.0,4.83
ZION,2012,7,75.09,94.69,56.98,0.36,0.0,41.08
ZION,2012,8,75.39,92.44,56.26,0.3,0.0,30.45
ZION,2012,9,67.35,86.95,44.83,0.19,0.0,25.82
ZION,2012,10,54.86,81.1,25.3,0.81,0.0,24.67
ZION,2012,11,42.48,69.67,16.03,1.1,0.39,27.64
ZION,2012,12,27.12,57.07,-5.66,0.44,13.26,52.08
ZION,2013,1,18.95,44.83,-17.0,0.93,2.87,31.42
ZION,2013,2,28.7,51.31,3.52,0.09,2.43,30.09
ZION,2013,3,42.97,66.34,9.37,0.31,4.3,42.06
ZION,2013,4,50.33,78.4,24.4,0.43,0.36,28.88
ZION,2013,5,60.04,82.36,32.86,0.22,0.0,27.94
ZION,2013,6,75.19,98.65,47.08,0.0,0.0,15.73
ZION,2013,7,77.0,96.85,60.58,0.54,0.0,43.36
ZION,2013,8,73.38,89.2,54.37,0.74,0.0,48.3
ZION,2013,9,61.75,83.17,32.77,2.22,0.0,27.33
ZION,2013,10,48.24,71.02,25.39,0.83,0.17,25.27
ZION,2013,11,39.7,65.35,22.51,1.02,0.11,32.48
ZION,2013,12,24.38,51.4,-15.83,0.15,4.27,24.07
ZION,2014,1,34.42,54.46,18.64,0.2,2.18,33.67
ZION,2014,2,36.88,59.68,1.18,0.5,0.69,47.08
ZION,2014,3,42.27,64.45,21.97,0.89,0.85,39.2
ZION,2014,4,50.16,73.81,21.61,0.75,0.8,43.02
ZION,2014,5,59.69,84.7,29.26,0.44,0.77,32.87
ZION,2014,6,72.35,92.35,46.63,0.0,0.0,17.24
ZION,2014,7,76.88,94.06,57.07,0.55,0.0,45.72
ZION,2014,8,71.13,88.84,49.87,0.61,0.0,31.39
ZION,2014,9,67.16,86.41,42.22,2.14,0.0,17.05
ZION,2014,10,56.01,75.07,33.49,0.0,0.0,24.28
ZION,2014,11,41.7,66.07,21.52,0.52,0.03,28.36
ZION,2014,12,33.34,54.64,14.23,0.83,3.94,58.13
ZION,2015,1,33.44,58.6,-1.61,0.94,1.05,38.1
ZION,2015,2,39.18,64.9,8.47,0.04,7.77,32.33
ZION,2015,3,41.35,70.84,-0.35,0.13,11.66,34.99
ZION,2015,4,50.09,73.81,24.22,0.63,0.22,30.67
ZION,2015,5,55.16,83.35,32.86,1.67,0.94,53.77
ZION,2015,6,74.06,95.77,43.84,0.33,0.0,22.78
ZION,2015,7,73.83,95.41,53.29,0.31,0.0,33.93
ZION,2015,8,74.48,91.18,55.72,1.13,0.0,34.33
ZION,2015,9,68.44,88.66,43.48,0.69,0.0,28.65
ZION,2015,10,55.64,80.83,33.49,1.45,0.0,39.68
ZION,2015,11,33.94,65.53,10.72,0.52,5.18,18.8
ZION,2015,12,24.1,55.72,-7.82,0.29,12.26,45.66
ZION,2016,1,24.89,46.27,-1.34,0.45,14.39,56.61
ZION,2016,2,32.05,60.4,-5.3,0.4,3.75,30.83
ZION,2016,3,43.45,65.44,19.09,0.78,2.43,47.66
ZION,2016,4,48.64,73.0,28.27,1.87,0.52,48.98
ZION,2016,5,57.07,78.49,30.61,0.3,0.0,37.6
ZION,2016,6,75.75,96.04,47.53,0.09,0.0,19.32
ZION,2016,7,78.16,96.4,54.64,0.63,0.0,25.63
ZION,2016,8,72.28,91.36,49.15,0.48,0.0,37.01
ZION,2016,9,63.88,86.14,37.27,2.54,0.0,21.05
ZION,2016,10,55.89,73.0,32.68,0.47,0.0,35.78
ZION,2016,11,42.43,68.14,4.51,1.09,2.29,28.14
ZION,2016,12,28.08,49.51,-3.86,2.04,18.38,51.43
ZION,2017,1,28.52,45.77,5.18,2.29,36.32,58.98
ZION,2017,2,34.61,53.69,8.15,2.37,5.24,62.83
ZION,2017,3,43.57,69.71,10.13,1.35,5.68,41.71
ZION,2017,4,48.43,71.69,25.25,1.0,0.25,36.12
ZION,2017,5,57.79,81.86,27.14,0.8,0.0,30.26
ZION,2017,6,73.65,95.72,44.24,0.02,0.0,13.41
ZION,2017,7,75.36,95.81,58.82,2.2,0.0,42.59
ZION,2017,8,72.4,92.48,54.32,0.48,0.0,28.38
ZION,2017,9,62.88,90.32,33.8,1.3,0.0,34.09
ZION,2017,10,54.03,74.84,32.63,0.0,0.0,14.34
ZION,2017,11,47.0,68.99,22.01,0.21,0.0,39.62
ZION,2017,12,37.04,58.01,14.36,0.0,1.49,27.81
ZION,2018,1,35.95,56.3,10.67,1.82,4.38,51.34
ZION,2018,2,31.28,59.09,-1.48,0.31,7.14,34.36
ZION,2018,3,37.61,65.21,4.28,1.67,8.05,52.45
ZION,2018,4,52.96,77.18,29.75,0.62,1.46,41.01
ZION,2018,5,60.69,83.3,33.53,0.54,0.33,33.22
ZION,2018,6,73.92,92.12,52.52,0.0,0.0,12.4
ZION,2018,7,76.96,94.01,58.46,0.78,0.0,44.7
ZION,2018,8,74.03,92.84,52.52,1.44,0.0,25.34
ZION,2018,9,68.9,86.63,48.02,0.13,0.0,13.71
ZION,2018,10,49.5,73.49,26.24,2.79,0.19,35.92
ZION,2018,11,39.56,60.26,21.74,0.42,6.04,28.53
ZION,2018,12,30.06,52.61,1.76,0.04,6.59,47.73
ZION,2019,1,28.59,45.59,-2.65,1.14,22.82,44.58
ZION,2019,2,24.55,46.31,0.86,1.91,25.71,55.14
ZION,2019,3,36.47,59.99,15.53,2.49,9.81,53.61
ZION,2019,4,48.82,73.31,25.16,1.93,1.1,47.36
ZION,2019,5,49.46,72.95,28.67,2.7,4.33,44.45
ZION,2019,6,66.6,85.73,42.08,0.2,0.0,30.87
ZION,2019,7,75.21,92.3,54.95,0.31,0.0,29.51
ZION,2019,8,74.98,91.4,56.84,0.11,0.0,23.01
ZION,2019,9,65.39,90.14,39.11,0.69,0.0,22.34
ZION,2019,10,48.54,72.77,13.55,0.0,0.0,6.33
ZION,2019,11,42.64,66.11,13.64,1.73,18.41,35.02
ZION,2019,12,29.73,46.4,4.37,1.41,9.45,61.99
ZION,2020,1,30.16,49.37,10.76,0.12,2.87,42.55
ZION,2020,2,33.5,54.14,10.67,0.37,3.89,27.23
ZION,2020,3,38.57,60.17,21.47,1.9,14.41,55.27
ZION,2020,4,48.59,79.25,23.09,0.73,0.33,37.43
ZION,2020,5,62.59,90.41,38.3,0.12,0.0,22.69
ZION,2020,6,69.64,90.14,36.5,0.13,0.0,22.84
ZION,2020,7,76.76,95.09,51.44,0.09,0.0,12.43
ZION,2020,8,78.05,97.43,56.66,0.0,0.0,13.54
ZION,2020,9,68.84,95.18,39.11,0.0,0.0,8.96
ZION,2020,10,57.34,83.3,20.03,0.04,0.0,9.69
ZION,2020,11,42.23,71.6,10.4,0.11,4.93,28.43
ZION,2020,12,32.34,57.29,7.61,0.06,6.2,32.66
ZION,2021,1,30.62,53.15,9.14,0.24,11.88,49.78
ZION,2021,2,32.71,54.05,15.44,0.31,2.89,32.46
ZION,2021,3,37.68,61.61,16.88,0.11,10.44,42.09
ZION,2021,4,51.67,77.81,27.41,0.59,0.36,27.93
ZION,2021,5,61.0,81.68,33.44,0.03,0.0,21.17
ZION,2021,6,75.35,98.24,46.94,0.06,0.0,30.37
ZION,2021,7,76.82,101.48,59.36,2.03,0.0,44.88
ZION,2021,8,72.53,94.01,50.0,3.16,0.0,17.12
ZION,2021,9,66.4,90.86,41.18,0.72,0.0,14.9
ZION,2021,10,47.88,74.75,17.69,1.85,7.61,35.74
ZION,2021,11,45.63,65.93,22.55,0.01,0.08,30.81
ZION,2021,12,30.85,61.88,5.72,2.28,25.66,58.24
ZION,2022,1,29.1,47.3,2.57,0.0,0.08,33.79
ZION,2022,2,30.78,55.94,-3.82,0.0,5.79,27.21
ZION,2022,3,38.7,71.87,3.47,0.66,6.67,44.22
ZION,2022,4,49.56,71.24,19.85,0.28,2.45,38.59
ZION,2022,5,59.41,85.1,32.45,0.0,0.0,27.92
ZION,2022,6,72.0,91.13,43.07,0.07,0.0,21.26
ZION,2022,7,76.65,94.28,58.19,2.09,0.0,36.81
ZION,2022,8,71.32,91.94,55.58,2.3,0.0,40.76
ZION,2022,9,67.21,94.37,44.51,2.3,0.0,23.03
ZION,2022,10,52.37,74.39,26.06,0.69,0.83,18.4
ZION,2022,11,31.24,60.89,5.09,1.24,7.0,35.12
ZION,2022,12,29.16,49.91,3.11,0.71,8.96,57.06
ZION,2023,1,26.1,40.28,4.73,1.3,33.18,65.18
ZION,2023,2,27.52,43.88,1.94,0.07,15.96,55.99
ZION,2023,3,30.27,45.86,9.14,2.4,29.71,64.19
ZION,2023,4,43.56,75.65,6.26,0.12,4.74,32.55
ZION,2023,5,57.12,76.46,33.44,0.84,0.36,40.39
ZION,2023,6,63.58,83.93,44.69,0.78,0.0,31.47
ZION,2023,7,77.38,97.88,55.13,0.18,0.0,20.65
ZION,2023,8,70.38,91.04,54.95,1.73,0.0,33.61
ZION,2023,9,61.99,84.38,41.9,1.28,0.0,24.55
ZION,2023,10,52.29,76.37,24.35,0.37,0.0,8.84
ZION,2023,11,41.16,67.28,19.13,0.5,2.26,34.97
ZION,2023,12,35.76,56.12,19.49,0.22,1.82,48.62
ZION,2024,1,29.47,54.77,8.42,0.72,9.34,55.59
ZION,2024,2,31.65,53.06,3.2,1.48,18.41,61.19
ZION,2024,3,37.72,57.74,16.16,0.93,17.11,51.33
ZION,2024,4,47.97,74.03,20.75,0.47,0.99,26.03
ZION,2024,5,57.54,81.59,28.13,0.65,0.58,21.26
ZION,2024,6,73.92,91.85,48.56,0.06,0.0,14.56
ZION,2024,7,77.94,98.33,56.84,0.19,0.0,17.94
ZION,2024,8,72.11,94.28,48.74,2.24,0.0,25.67
ZION,2024,9,66.33,86.99,42.26,0.15,0.0,10.97
ZION,2024,10,57.08,84.56,26.06,1.29,0.55,26.88
ZION,2024,11,36.67,59.54,20.93,0.5,2.34,34.31
ZION,2024,12,35.8,56.12,16.97,0.06,0.91,43.24
ZION,2025,1,30.24,53.69,10.67,0.0,0.33,34.15
ZION,2025,2,37.12,62.42,14.54,0.17,7.69,40.91
ZION,2025,3,40.21,72.95,12.83,0.52,14.36,50.81
ZION,2025,4,49.1,76.91,25.07,0.39,2.54,39.89
ZION,2025,5,58.85,88.07,33.89,1.46,0.22,35.49
ZION,2025,6,70.29,92.57,45.95,0.56,0.0,18.24
ZION,2025,7,74.18,93.92,54.59,0.13,0.0,15.06
ZION,2025,8,73.57,92.57,49.46,1.04,0.0,29.09
ZION,2025,9,63.94,89.24,45.32,1.31,0.0,26.64
ZION,2025,10,51.7,76.28,29.75,1.83,0.19,18.74
ZION,2025,11,44.68,68.36,26.15,1.61,1.46,51.93
ZION,2025,12,37.56,58.19,20.3,1.39,1.1,44.33
SEQU,2006,1,28.52,53.84,9.56,0.1,40.48,44.89
SEQU,2006,2,29.3,51.77,4.16,0.31,20.97,41.02
SEQU,2006,3,24.02,43.58,3.53,0.05,44.07,64.36
SEQU,2006,4,34.11,58.52,14.15,0.34,33.51,48.93
SEQU,2006,5,46.3,68.69,21.53,1.53,4.0,34.21
SEQU,2006,6,59.81,81.92,35.84,1.34,0.0,34.39
SEQU,2006,7,65.6,85.43,47.0,2.78,0.0,26.45
SEQU,2006,8,61.83,78.41,45.38,0.39,0.0,10.15
SEQU,2006,9,57.22,77.6,30.17,0.34,0.0,13.28
SEQU,2006,10,45.13,62.84,27.47,0.7,1.49,19.97
SEQU,2006,11,40.64,67.43,17.48,0.33,3.78,39.16
SEQU,2006,12,30.13,56.18,-1.15,0.01,18.41,38.5
SEQU,2007,1,23.32,50.51,-12.67,0.01,7.96,21.1
SEQU,2007,2,28.4,55.37,5.06,0.06,29.32,51.36
SEQU,2007,3,35.6,58.52,2.54,0.03,5.43,38.19
SEQU,2007,4,38.15,66.53,7.13,0.2,12.87,41.89
SEQU,2007,5,49.39,68.42,16.13,0.39,2.34,22.28
SEQU,2007,6,58.66,77.24,29.63,0.3,0.63,21.22
SEQU,2007,7,64.47,86.87,45.65,3.37,0.0,29.17
SEQU,2007,8,63.86,80.93,44.39,1.52,0.0,15.42
SEQU,2007,9,53.61,77.33,29.18,0.8,2.65,17.97
SEQU,2007,10,45.28,69.95,26.12,0.32,2.07,20.62
SEQU,2007,11,42.7,62.21,27.11,0.21,1.9,27.4
SEQU,2007,12,26.7,59.69,1.64,0.11,30.67,39.67
SEQU,2008,1,25.34,48.17,7.13,0.14,62.23,52.15
SEQU,2008,2,30.04,52.58,8.21,0.03,46.82,50.22
SEQU,2008,3,33.4,48.44,10.46,0.0,2.2,32.41
SEQU,2008,4,36.92,56.99,19.73,0.0,0.44,18.47
SEQU,2008,5,44.65,72.47,25.4,0.73,7.63,34.27
SEQU,2008,6,58.87,76.7,31.88,0.3,0.0,10.41
SEQU,2008,7,64.83,86.06,48.08,1.71,0.0,21.54
SEQU,2008,8,64.44,82.64,46.55,1.05,0.0,16.12
SEQU,2008,9,58.86,78.68,36.65,0.6,0.0,14.3
SEQU,2008,10,47.98,70.4,23.78,0.91,2.98,21.1
SEQU,2008,11,37.95,60.77,15.5,0.61,11.6,32.44
SEQU,2008,12,29.39,59.42,3.44,0.04,31.5,44.5
SEQU,2009,1,30.73,55.37,4.79,0.3,8.98,26.05
SEQU,2009,2,26.3,50.87,3.17,0.04,34.06,53.14
SEQU,2009,3,29.96,48.17,7.13,0.1,20.64,36.65
SEQU,2009,4,34.94,62.75,11.45,0.04,9.34,32.06
SEQU,2009,5,49.66,71.75,34.22,1.92,2.51,33.61
SEQU,2009,6,51.19,77.78,29.54,3.98,2.2,44.36
SEQU,2009,7,64.98,82.28,48.08,1.52,0.0,27.22
SEQU,2009,8,61.51,81.11,38.0,1.08,0.0,21.54
SEQU,2009,9,60.43,79.04,33.23,0.22,0.0,14.2
SEQU,2009,10,42.73,62.39,21.71,1.4,17.56,21.85
SEQU,2009,11,39.41,65.36,18.02,0.0,4.08,21.7
SEQU,2009,12,27.39,48.44,2.0,0.05,36.85,53.0
SEQU,2010,1,29.37,46.64,10.64,0.04,36.65,59.03
SEQU,2010,2,28.95,46.91,15.95,0.02,36.38,63.75
SEQU,2010,3,30.58,48.53,10.91,0.0,16.34,51.44
SEQU,2010,4,31.4,54.11,12.53,0.1,27.83,43.29
SEQU,2010,5,36.94,54.38,18.56,0.13,6.17,30.31
SEQU,2010,6,53.57,79.13,31.52,0.33,0.0,22.96
SEQU,2010,7,63.6,80.48,43.4,1.94,0.0,17.43
SEQU,2010,8,61.61,84.71,35.93,0.59,0.0,6.4
SEQU,2010,9,58.93,81.29,36.47,0.08,0.0,6.69
SEQU,2010,10,46.07,72.92,26.66,2.57,3.61,48.85
SEQU,2010,11,31.88,68.24,2.09,0.26,29.71,35.92
SEQU,2010,12,32.65,54.29,2.09,0.43,101.39,69.85
SEQU,2011,1,31.24,55.55,9.38,0.0,14.8,33.3
SEQU,2011,2,25.13,50.24,2.18,0.02,31.28,37.12
SEQU,2011,3,31.09,61.4,12.26,0.09,56.11,55.17
SEQU,2011,4,34.66,59.06,11.36,0.12,8.54,35.61
SEQU,2011,5,38.26,57.98,16.04,0.45,11.49,29.09
SEQU,2011,6,51.32,72.56,29.27,0.55,2.54,24.14
SEQU,2011,7,61.94,80.66,42.77,2.43,0.0,18.08
SEQU,2011,8,64.12,79.85,47.09,0.35,0.0,11.19
SEQU,2011,9,58.78,77.78,40.34,1.3,0.0,29.43
SEQU,2011,10,46.85,69.32,12.08,0.41,13.42,19.87
SEQU,2011,11,33.01,56.99,4.52,0.02,10.22,38.58
SEQU,2011,12,30.38,55.46,12.98,0.0,0.83,22.02
SEQU,2012,1,36.45,57.44,10.73,0.32,27.94,43.72
SEQU,2012,2,27.12,52.67,9.29,0.0,9.31,42.88
SEQU,2012,3,31.27,50.15,1.01,0.05,24.42,44.28
SEQU,2012,4,36.97,64.64,12.35,0.45,15.16,41.3
SEQU,2012,5,48.78,73.37,24.41,0.06,1.74,14.71
SEQU,2012,6,57.67,77.87,31.79,0.35,0.06,5.19
SEQU,2012,7,63.53,82.73,45.38,0.81,0.0,22.71
SEQU,2012,8,64.98,82.01,48.53,3.02,0.0,28.92
SEQU,2012,9,60.15,75.62,42.05,0.63,0.0,19.07
SEQU,2012,10,47.82,76.34,20.18,0.15,5.87,23.87
SEQU,2012,11,37.45,64.37,0.29,0.17,16.43,33.43
SEQU,2012,12,27.15,50.06,1.37,0.15,36.27,55.57
SEQU,2013,1,25.43,49.79,-1.6,0.05,8.13,32.9
SEQU,2013,2,26.27,47.0,8.48,0.0,3.97,24.95
SEQU,2013,3,35.86,56.63,14.6,0.08,6.48,45.91
SEQU,2013,4,40.55,65.27,10.28,0.11,3.67,25.29
SEQU,2013,5,48.58,70.4,29.63,0.66,3.89,25.73
SEQU,2013,6,60.03,82.91,37.91,0.76,0.0,18.05
SEQU,2013,7,65.42,84.62,47.63,3.35,0.0,36.67
SEQU,2013,8,61.0,78.59,43.58,2.2,0.0,20.35
SEQU,2013,9,55.88,74.18,27.92,0.67,1.3,18.62
SEQU,2013,10,43.32,67.52,10.19,0.01,6.06,17.07
SEQU,2013,11,38.5,61.58,19.1,0.03,5.13,38.08
SEQU,2013,12,29.63,57.17,-6.91,0.0,9.01,29.85
SEQU,2014,1,37.29,53.12,16.4,0.06,8.68,39.67
SEQU,2014,2,32.34,49.97,-1.15,0.12,29.05,51.51
SEQU,2014,3,34.45,54.83,10.64,0.04,12.84,46.51
SEQU,2014,4,38.33,59.33,9.83,0.35,10.94,39.77
SEQU,2014,5,48.76,71.03,26.48,0.38,4.69,35.81
SEQU,2014,6,59.52,83.45,35.03,0.21,0.0,12.27
SEQU,2014,7,65.12,83.9,47.63,3.34,0.0,40.13
SEQU,2014,8,60.51,77.78,43.85,1.83,0.0,20.76
SEQU,2014,9,59.21,78.32,31.97,0.51,0.36,12.56
SEQU,2014,10,52.5,73.91,30.89,0.02,0.47,21.66
SEQU,2014,11,40.15,63.11,9.47,0.13,5.24,33.93
SEQU,2014,12,30.18,53.03,-2.05,0.4,20.48,55.44
SEQU,2015,1,33.76,54.29,0.02,0.02,1.87,43.63
SEQU,2015,2,38.14,59.15,8.3,0.53,8.96,37.84
SEQU,2015,3,39.52,62.21,6.14,0.07,4.02,41.27
SEQU,2015,4,40.04,63.65,9.29,0.47,6.09,34.68
SEQU,2015,5,44.49,71.21,27.38,1.51,12.51,50.03
SEQU,2015,6,59.54,79.85,34.31,2.89,0.0,34.29
SEQU,2015,7,59.27,78.32,40.25,4.19,0.0,38.08
SEQU,2015,8,63.48,80.84,44.57,0.65,0.0,25.65
SEQU,2015,9,59.63,81.47,36.47,0.27,0.0,27.34
SEQU,2015,10,49.76,74.54,29.9,1.45,1.65,39.09
SEQU,2015,11,27.92,58.25,-0.79,0.07,13.09,28.09
SEQU,2015,12,25.5,55.73,-2.95,0.08,23.51,46.47
SEQU,2016,1,28.5,45.47,5.33,0.09,50.52,65.91
SEQU,2016,2,34.75,55.91,6.68,0.02,10.56,36.11
SEQU,2016,3,33.57,49.43,16.76,0.09,25.8,54.61
SEQU,2016,4,37.7,57.17,19.19,0.3,10.09,45.32
SEQU,2016,5,43.93,69.86,26.21,1.08,5.13,40.7
SEQU,2016,6,60.53,81.02,35.84,1.62,0.0,25.76
SEQU,2016,7,65.85,85.07,43.85,0.56,0.0,8.85
SEQU,2016,8,64.22,81.83,46.55,0.9,0.0,13.48
SEQU,2016,9,57.21,76.97,32.42,0.19,0.0,8.02
SEQU,2016,10,48.19,67.88,24.95,1.61,0.39,32.97
SEQU,2016,11,39.66,64.19,8.48,0.0,9.56,28.39
SEQU,2016,12,28.96,48.62,0.2,0.58,34.28,48.4
SEQU,2017,1,25.0,51.51,2.01,0.8,178.78,58.9
SEQU,2017,2,29.05,49.71,4.8,0.4,95.71,64.32
SEQU,2017,3,34.22,57.81,6.6,0.18,26.21,39.54
SEQU,2017,4,36.75,56.55,15.24,0.47,28.03,44.95
SEQU,2017,5,43.41,67.62,26.4,0.59,8.54,36.5
SEQU,2017,6,57.9,82.47,27.21,0.12,0.8,14.83
SEQU,2017,7,65.55,82.47,47.46,0.32,0.0,20.11
SEQU,2017,8,60.79,83.91,43.59,2.03,0.0,24.85
SEQU,2017,9,51.56,79.5,10.2,0.62,5.02,22.27
SEQU,2017,10,48.96,74.91,29.73,0.02,0.8,12.79
SEQU,2017,11,38.31,60.33,16.23,1.28,20.53,39.81
SEQU,2017,12,30.68,57.27,-1.77,0.0,1.82,39.1
SEQU,2018,1,32.44,55.92,6.33,0.53,19.04,60.7
SEQU,2018,2,26.38,55.74,-2.85,0.0,7.58,33.73
SEQU,2018,3,30.09,55.29,6.15,0.39,88.27,59.74
SEQU,2018,4,38.61,61.32,13.08,1.75,10.72,40.9
SEQU,2018,5,43.83,66.09,22.8,2.35,2.73,39.2
SEQU,2018,6,58.62,81.21,33.24,0.0,0.0,8.56
SEQU,2018,7,66.18,84.45,43.14,0.74,0.0,30.96
SEQU,2018,8,63.63,84.54,42.42,0.17,0.0,17.03
SEQU,2018,9,56.9,77.25,37.65,0.05,0.0,11.16
SEQU,2018,10,45.39,66.54,28.29,0.54,0.0,17.93
SEQU,2018,11,39.79,65.1,17.94,0.02,33.13,40.26
SEQU,2018,12,27.21,53.4,-0.96,0.01,13.45,44.14
SEQU,2019,1,28.61,56.46,1.29,0.03,59.25,58.51
SEQU,2019,2,20.39,41.61,-3.03,0.33,128.73,64.44
SEQU,2019,3,29.37,49.71,9.39,0.05,53.91,53.77
SEQU,2019,4,39.41,59.43,18.39,0.4,11.77,46.1
SEQU,2019,5,37.95,56.37,15.6,0.45,23.56,50.64
SEQU,2019,6,54.23,73.65,28.65,0.36,0.0,29.3
SEQU,2019,7,61.78,79.5,40.53,0.16,0.0,18.47
SEQU,2019,8,63.0,83.28,40.08,0.02,0.0,14.43
SEQU,2019,9,54.03,78.96,29.37,0.19,0.0,15.96
SEQU,2019,10,46.68,70.5,26.31,0.0,0.17,11.61
SEQU,2019,11,38.19,65.55,0.21,0.01,23.67,32.72
SEQU,2019,12,27.96,48.18,9.48,0.09,33.87,62.73
SEQU,2020,1,28.14,54.75,7.59,0.0,9.43,44.24
SEQU,2020,2,30.2,56.64,1.74,0.0,3.78,23.12
SEQU,2020,3,28.37,54.12,6.33,0.01,20.64,56.1
SEQU,2020,4,37.53,66.0,16.86,0.06,27.92,41.35
SEQU,2020,5,46.51,76.44,16.23,0.49,2.54,30.75
SEQU,2020,6,55.63,81.3,25.5,0.26,0.0,26.65
SEQU,2020,7,63.38,82.92,40.8,0.18,0.0,10.31
SEQU,2020,8,64.23,84.36,44.13,0.09,0.0,15.36
SEQU,2020,9,61.18,85.89,41.7,0.01,0.0,9.7
SEQU,2020,10,53.17,78.06,27.21,0.0,0.0,9.03
SEQU,2020,11,34.74,67.08,-7.26,0.04,6.39,28.33
SEQU,2020,12,30.34,55.83,6.06,0.01,15.43,38.14
SEQU,2021,1,28.09,57.27,1.65,0.0,34.83,47.54
SEQU,2021,2,29.26,53.13,11.01,0.0,12.79,33.02
SEQU,2021,3,28.49,56.01,9.21,0.04,17.97,41.93
SEQU,2021,4,39.0,64.2,19.74,0.01,4.88,29.49
SEQU,2021,5,45.79,72.66,16.68,0.25,2.59,20.86
SEQU,2021,6,60.82,83.19,34.68,0.11,0.03,21.35
SEQU,2021,7,66.55,86.16,48.81,0.35,0.0,25.95
SEQU,2021,8,63.73,84.9,41.79,0.0,0.0,5.96
SEQU,2021,9,58.22,84.27,34.41,0.12,0.0,8.56
SEQU,2021,10,41.8,69.06,6.42,1.17,16.92,31.91
SEQU,2021,11,41.02,61.95,27.3,0.09,3.53,30.99
SEQU,2021,12,28.73,60.42,6.87,0.01,90.94,58.92
SEQU,2022,1,29.51,55.38,7.05,0.0,0.06,34.11
SEQU,2022,2,29.02,59.07,3.81,0.0,6.09,23.19
SEQU,2022,3,33.04,56.91,11.46,0.02,11.93,45.31
SEQU,2022,4,37.22,61.86,13.26,0.01,13.89,39.43
SEQU,2022,5,44.54,70.68,10.38,0.0,0.99,27.48
SEQU,2022,6,56.77,79.23,29.82,0.5,0.0,25.13
SEQU,2022,7,65.01,83.46,41.34,0.29,0.0,17.91
SEQU,2022,8,63.61,80.94,48.99,1.84,0.0,21.84
SEQU,2022,9,58.03,84.09,37.47,0.97,0.0,21.6
SEQU,2022,10,48.82,71.13,23.52,0.17,0.77,19.25
SEQU,2022,11,27.69,52.32,8.94,0.01,28.0,41.87
SEQU,2022,12,26.6,52.77,8.13,0.12,94.72,60.39
SEQU,2023,1,24.26,46.11,5.61,0.06,123.93,58.46
SEQU,2023,2,24.56,46.56,2.01,0.02,52.22,57.4
SEQU,2023,3,25.56,43.5,7.05,0.09,124.24,67.29
SEQU,2023,4,36.42,61.77,6.69,0.0,3.14,37.77
SEQU,2023,5,43.65,68.07,21.99,2.11,7.3,39.22
SEQU,2023,6,50.75,75.9,32.61,3.39,2.26,38.87
SEQU,2023,7,65.74,89.22,43.59,0.03,0.0,17.63
SEQU,2023,8,59.87,78.42,38.73,4.69,0.0,20.45
SEQU,2023,9,54.13,71.85,33.42,0.4,0.14,19.64
SEQU,2023,10,48.19,73.92,29.01,0.15,0.66,16.88
SEQU,2023,11,36.92,62.67,13.89,0.15,3.0,36.68
SEQU,2023,12,33.93,54.57,15.06,0.09,4.22,60.52
SEQU,2024,1,29.53,58.98,-0.6,0.07,21.41,64.75
SEQU,2024,2,27.83,49.8,5.34,0.06,60.93,64.3
SEQU,2024,3,28.81,47.37,6.15,0.07,54.65,58.59
SEQU,2024,4,34.99,57.36,1.92,0.02,11.85,32.25
SEQU,2024,5,44.22,68.88,18.57,0.58,6.5,16.49
SEQU,2024,6,60.78,80.85,41.25,0.28,0.0,13.72
SEQU,2024,7,67.21,88.5,48.81,0.39,0.0,12.83
SEQU,2024,8,62.39,83.1,38.46,0.61,0.0,10.08
SEQU,2024,9,57.8,82.2,32.52,0.07,0.06,10.86
SEQU,2024,10,51.26,77.61,26.49,0.04,0.5,26.0
SEQU,2024,11,34.78,56.82,4.35,0.04,42.19,47.52
SEQU,2024,12,33.66,58.08,12.0,0.11,16.12,53.24
SEQU,2025,1,28.76,54.48,3.0,0.01,3.03,26.4
SEQU,2025,2,32.62,57.54,7.41,0.33,59.97,53.28
SEQU,2025,3,31.73,61.32,3.81,0.06,48.34,59.11
SEQU,2025,4,37.2,61.68,3.72,0.22,9.78,46.28
SEQU,2025,5,46.31,79.05,20.19,0.63,2.98,27.36
SEQU,2025,6,57.84,80.58,35.31,0.56,0.0,14.28
SEQU,2025,7,61.4,84.9,42.06,0.25,0.0,7.9
SEQU,2025,8,62.21,84.54,41.61,0.33,0.0,16.5
SEQU,2025,9,55.18,77.34,36.57,1.62,0.0,24.45
SEQU,2025,10,44.44,66.63,16.95,0.74,11.41,16.33
SEQU,2025,11,40.3,67.71,18.03,1.46,15.32,47.58
SEQU,2025,12,38.51,61.32,8.76,0.37,37.15,40.23
KICA,2006,1,28.52,53.84,9.56,0.1,40.48,44.89
KICA,2006,2,29.3,51.77,4.16,0.31,20.97,41.02
KICA,2006,3,24.02,43.58,3.53,0.05,44.07,64.36
KICA,2006,4,34.11,58.52,14.15,0.34,33.51,48.93
KICA,2006,5,46.3,68.69,21.53,1.53,4.0,34.21
KICA,2006,6,59.81,81.92,35.84,1.34,0.0,34.39
KICA,2006,7,65.6,85.43,47.0,2.78,0.0,26.45
KICA,2006,8,61.83,78.41,45.38,0.39,0.0,10.15
KICA,2006,9,57.22,77.6,30.17,0.34,0.0,13.28
KICA,2006,10,45.13,62.84,27.47,0.7,1.49,19.97
KICA,2006,11,40.64,67.43,17.48,0.33,3.78,39.16
KICA,2006,12,30.13,56.18,-1.15,0.01,18.41,38.5
KICA,2007,1,23.32,50.51,-12.67,0.01,7.96,21.1
KICA,2007,2,28.4,55.37,5.06,0.06,29.32,51.36
KICA,2007,3,35.6,58.52,2.54,0.03,5.43,38.19
KICA,2007,4,38.15,66.53,7.13,0.2,12.87,41.89
KICA,2007,5,49.39,68.42,16.13,0.39,2.34,22.28
KICA,2007,6,58.66,77.24,29.63,0.3,0.63,21.22
KICA,2007,7,64.47,86.87,45.65,3.37,0.0,29.17
KICA,2007,8,63.86,80.93,44.39,1.52,0.0,15.42
KICA,2007,9,53.61,77.33,29.18,0.8,2.65,17.97
KICA,2007,10,45.28,69.95,26.12,0.32,2.07,20.62
KICA,2007,11,42.7,62.21,27.11,0.21,1.9,27.4
KICA,2007,12,26.7,59.69,1.64,0.11,30.67,39.67
KICA,2008,1,25.34,48.17,7.13,0.14,62.23,52.15
KICA,2008,2,30.04,52.58,8.21,0.03,46.82,50.22
KICA,2008,3,33.4,48.44,10.46,0.0,2.2,32.41
KICA,2008,4,36.92,56.99,19.73,0.0,0.44,18.47
KICA,2008,5,44.65,72.47,25.4,0.73,7.63,34.27
KICA,2008,6,58.87,76.7,31.88,0.3,0.0,10.41
KICA,2008,7,64.83,86.06,48.08,1.71,0.0,21.54
KICA,2008,8,64.44,82.64,46.55,1.05,0.0,16.12
KICA,2008,9,58.86,78.68,36.65,0.6,0.0,14.3
KICA,2008,10,47.98,70.4,23.78,0.91,2.98,21.1
KICA,2008,11,37.95,60.77,15.5,0.61,11.6,32.44
KICA,2008,12,29.39,59.42,3.44,0.04,31.5,44.5
KICA,2009,1,30.73,55.37,4.79,0.3,8.98,26.05
KICA,2009,2,26.3,50.87,3.17,0.04,34.06,53.14
KICA,2009,3,29.96,48.17,7.13,0.1,20.64,36.65
KICA,2009,4,34.94,62.75,11.45,0.04,9.34,32.06
KICA,2009,5,49.66,71.75,34.22,1.92,2.51,33.61
KICA,2009,6,51.19,77.78,29.54,3.98,2.2,44.36
KICA,2009,7,64.98,82.28,48.08,1.52,0.0,27.22
KICA,2009,8,61.51,81.11,38.0,1.08,0.0,21.54
KICA,2009,9,60.43,79.04,33.23,0.22,0.0,14.2
KICA,2009,10,42.73,62.39,21.71,1.4,17.56,21.85
KICA,2009,11,39.41,65.36,18.02,0.0,4.08,21.7
KICA,2009,12,27.39,48.44,2.0,0.05,36.85,53.0
KICA,2010,1,29.37,46.64,10.64,0.04,36.65,59.03
KICA,2010,2,28.95,46.91,15.95,0.02,36.38,63.75
KICA,2010,3,30.58,48.53,10.91,0.0,16.34,51.44
KICA,2010,4,31.4,54.11,12.53,0.1,27.83,43.29
KICA,2010,5,36.94,54.38,18.56,0.13,6.17,30.31
KICA,2010,6,53.57,79.13,31.52,0.33,0.0,22.96
KICA,2010,7,63.6,80.48,43.4,1.94,0.0,17.43
KICA,2010,8,61.61,84.71,35.93,0.59,0.0,6.4
KICA,2010,9,58.93,81.29,36.47,0.08,0.0,6.69
KICA,2010,10,46.07,72.92,26.66,2.57,3.61,48.85
KICA,2010,11,31.88,68.24,2.09,0.26,29.71,35.92
KICA,2010,12,32.65,54.29,2.09,0.43,101.39,69.85
KICA,2011,1,31.24,55.55,9.38,0.0,14.8,33.3
KICA,2011,2,25.13,50.24,2.18,0.02,31.28,37.12
KICA,2011,3,31.09,61.4,12.26,0.09,56.11,55.17
KICA,2011,4,34.66,59.06,11.36,0.12,8.54,35.61
KICA,2011,5,38.26,57.98,16.04,0.45,11.49,29.09
KICA,2011,6,51.32,72.56,29.27,0.55,2.54,24.14
KICA,2011,7,61.94,80.66,42.77,2.43,0.0,18.08
KICA,2011,8,64.12,79.85,47.09,0.35,0.0,11.19
KICA,2011,9,58.78,77.78,40.34,1.3,0.0,29.43
KICA,2011,10,46.85,69.32,12.08,0.41,13.42,19.87
KICA,2011,11,33.01,56.99,4.52,0.02,10.22,38.58
KICA,2011,12,30.38,55.46,12.98,0.0,0.83,22.02
KICA,2012,1,36.45,57.44,10.73,0.32,27.94,43.72
KICA,2012,2,27.12,52.67,9.29,0.0,9.31,42.88
KICA,2012,3,31.27,50.15,1.01,0.05,24.42,44.28
KICA,2012,4,36.97,64.64,12.35,0.45,15.16,41.3
KICA,2012,5,48.78,73.37,24.41,0.06,1.74,14.71
KICA,2012,6,57.67,77.87,31.79,0.35,0.06,5.19
KICA,2012,7,63.53,82.73,45.38,0.81,0.0,22.71
KICA,2012,8,64.98,82.01,48.53,3.02,0.0,28.92
KICA,2012,9,60.15,75.62,42.05,0.63,0.0,19.07
KICA,2012,10,47.82,76.34,20.18,0.15,5.87,23.87
KICA,2012,11,37.45,64.37,0.29,0.17,16.43,33.43
KICA,2012,12,27.15,50.06,1.37,0.15,36.27,55.57
KICA,2013,1,25.43,49.79,-1.6,0.05,8.13,32.9
KICA,2013,2,26.27,47.0,8.48,0.0,3.97,24.95
KICA,2013,3,35.86,56.63,14.6,0.08,6.48,45.91
KICA,2013,4,40.55,65.27,10.28,0.11,3.67,25.29
KICA,2013,5,48.58,70.4,29.63,0.66,3.89,25.73
KICA,2013,6,60.03,82.91,37.91,0.76,0.0,18.05
KICA,2013,7,65.42,84.62,47.63,3.35,0.0,36.67
KICA,2013,8,61.0,78.59,43.58,2.2,0.0,20.35
KICA,2013,9,55.88,74.18,27.92,0.67,1.3,18.62
KICA,2013,10,43.32,67.52,10.19,0.01,6.06,17.07
KICA,2013,11,38.5,61.58,19.1,0.03,5.13,38.08
KICA,2013,12,29.63,57.17,-6.91,0.0,9.01,29.85
KICA,2014,1,37.29,53.12,16.4,0.06,8.68,39.67
KICA,2014,2,32.34,49.97,-1.15,0.12,29.05,51.51
KICA,2014,3,34.45,54.83,10.64,0.04,12.84,46.51
KICA,2014,4,38.33,59.33,9.83,0.35,10.94,39.77
KICA,2014,5,48.76,71.03,26.48,0.38,4.69,35.81
KICA,2014,6,59.52,83.45,35.03,0.21,0.0,12.27
KICA,2014,7,65.12,83.9,47.63,3.34,0.0,40.13
KICA,2014,8,60.51,77.78,43.85,1.83,0.0,20.76
KICA,2014,9,59.21,78.32,31.97,0.51,0.36,12.56
KICA,2014,10,52.5,73.91,30.89,0.02,0.47,21.66
KICA,2014,11,40.15,63.11,9.47,0.13,5.24,33.93
KICA,2014,12,30.18,53.03,-2.05,0.4,20.48,55.44
KICA,2015,1,33.76,54.29,0.02,0.02,1.87,43.63
KICA,2015,2,38.14,59.15,8.3,0.53,8.96,37.84
KICA,2015,3,39.52,62.21,6.14,0.07,4.02,41.27
KICA,2015,4,40.04,63.65,9.29,0.47,6.09,34.68
KICA,2015,5,44.49,71.21,27.38,1.51,12.51,50.03
KICA,2015,6,59.54,79.85,34.31,2.89,0.0,34.29
KICA,2015,7,59.27,78.32,40.25,4.19,0.0,38.08
KICA,2015,8,63.48,80.84,44.57,0.65,0.0,25.65
KICA,2015,9,59.63,81.47,36.47,0.27,0.0,27.34
KICA,2015,10,49.76,74.54,29.9,1.45,1.65,39.09
KICA,2015,11,27.92,58.25,-0.79,0.07,13.09,28.09
KICA,2015,12,25.5,55.73,-2.95,0.08,23.51,46.47
KICA,2016,1,28.5,45.47,5.33,0.09,50.52,65.91
KICA,2016,2,34.75,55.91,6.68,0.02,10.56,36.11
KICA,2016,3,33.57,49.43,16.76,0.09,25.8,54.61
KICA,2016,4,37.7,57.17,19.19,0.3,10.09,45.32
KICA,2016,5,43.93,69.86,26.21,1.08,5.13,40.7
KICA,2016,6,60.53,81.02,35.84,1.62,0.0,25.76
KICA,2016,7,65.85,85.07,43.85,0.56,0.0,8.85
KICA,2016,8,64.22,81.83,46.55,0.9,0.0,13.48
KICA,2016,9,57.21,76.97,32.42,0.19,0.0,8.02
KICA,2016,10,48.19,67.88,24.95,1.61,0.39,32.97
KICA,2016,11,39.66,64.19,8.48,0.0,9.56,28.39
KICA,2016,12,28.96,48.62,0.2,0.58,34.28,48.4
KICA,2017,1,25.0,51.51,2.01,0.8,178.78,58.9
KICA,2017,2,29.05,49.71,4.8,0.4,95.71,64.32
KICA,2017,3,34.22,57.81,6.6,0.18,26.21,39.54
KICA,2017,4,36.75,56.55,15.24,0.47,28.03,44.95
KICA,2017,5,43.41,67.62,26.4,0.59,8.54,36.5
KICA,2017,6,57.9,82.47,27.21,0.12,0.8,14.83
KICA,2017,7,65.55,82.47,47.46,0.32,0.0,20.11
KICA,2017,8,60.79,83.91,43.59,2.03,0.0,24.85
KICA,2017,9,51.56,79.5,10.2,0.62,5.02,22.27
KICA,2017,10,48.96,74.91,29.73,0.02,0.8,12.79
KICA,2017,11,38.31,60.33,16.23,1.28,20.53,39.81
KICA,2017,12,30.68,57.27,-1.77,0.0,1.82,39.1
KICA,2018,1,32.44,55.92,6.33,0.53,19.04,60.7
KICA,2018,2,26.38,55.74,-2.85,0.0,7.58,33.73
KICA,2018,3,30.09,55.29,6.15,0.39,88.27,59.74
KICA,2018,4,38.61,61.32,13.08,1.75,10.72,40.9
KICA,2018,5,43.83,66.09,22.8,2.35,2.73,39.2
KICA,2018,6,58.62,81.21,33.24,0.0,0.0,8.56
KICA,2018,7,66.18,84.45,43.14,0.74,0.0,30.96
KICA,2018,8,63.63,84.54,42.42,0.17,0.0,17.03
KICA,2018,9,56.9,77.25,37.65,0.05,0.0,11.16
KICA,2018,10,45.39,66.54,28.29,0.54,0.0,17.93
KICA,2018,11,39.79,65.1,17.94,0.02,33.13,40.26
KICA,2018,12,27.21,53.4,-0.96,0.01,13.45,44.14
KICA,2019,1,28.61,56.46,1.29,0.03,59.25,58.51
KICA,2019,2,20.39,41.61,-3.03,0.33,128.73,64.44
KICA,2019,3,29.37,49.71,9.39,0.05,53.91,53.77
KICA,2019,4,39.41,59.43,18.39,0.4,11.77,46.1
KICA,2019,5,37.95,56.37,15.6,0.45,23.56,50.64
KICA,2019,6,54.23,73.65,28.65,0.36,0.0,29.3
KICA,2019,7,61.78,79.5,40.53,0.16,0.0,18.47
KICA,2019,8,63.0,83.28,40.08,0.02,0.0,14.43
KICA,2019,9,54.03,78.96,29.37,0.19,0.0,15.96
KICA,2019,10,46.68,70.5,26.31,0.0,0.17,11.61
KICA,2019,11,38.19,65.55,0.21,0.01,23.67,32.72
KICA,2019,12,27.96,48.18,9.48,0.09,33.87,62.73
KICA,2020,1,28.14,54.75,7.59,0.0,9.43,44.24
KICA,2020,2,30.2,56.64,1.74,0.0,3.78,23.12
KICA,2020,3,28.37,54.12,6.33,0.01,20.64,56.1
KICA,2020,4,37.53,66.0,16.86,0.06,27.92,41.35
KICA,2020,5,46.51,76.44,16.23,0.49,2.54,30.75
KICA,2020,6,55.63,81.3,25.5,0.26,0.0,26.65
KICA,2020,7,63.38,82.92,40.8,0.18,0.0,10.31
KICA,2020,8,64.23,84.36,44.13,0.09,0.0,15.36
KICA,2020,9,61.18,85.89,41.7,0.01,0.0,9.7
KICA,2020,10,53.17,78.06,27.21,0.0,0.0,9.03
KICA,2020,11,34.74,67.08,-7.26,0.04,6.39,28.33
KICA,2020,12,30.34,55.83,6.06,0.01,15.43,38.14
KICA,2021,1,28.09,57.27,1.65,0.0,34.83,47.54
KICA,2021,2,29.26,53.13,11.01,0.0,12.79,33.02
KICA,2021,3,28.49,56.01,9.21,0.04,17.97,41.93
KICA,2021,4,39.0,64.2,19.74,0.01,4.88,29.49
KICA,2021,5,45.79,72.66,16.68,0.25,2.59,20.86
KICA,2021,6,60.82,83.19,34.68,0.11,0.03,21.35
KICA,2021,7,66.55,86.16,48.81,0.35,0.0,25.95
KICA,2021,8,63.73,84.9,41.79,0.0,0.0,5.96
KICA,2021,9,58.22,84.27,34.41,0.12,0.0,8.56
KICA,2021,10,41.8,69.06,6.42,1.17,16.92,31.91
KICA,2021,11,41.02,61.95,27.3,0.09,3.53,30.99
KICA,2021,12,28.73,60.42,6.87,0.01,90.94,58.92
KICA,2022,1,29.51,55.38,7.05,0.0,0.06,34.11
KICA,2022,2,29.02,59.07,3.81,0.0,6.09,23.19
KICA,2022,3,33.04,56.91,11.46,0.02,11.93,45.31
KICA,2022,4,37.22,61.86,13.26,0.01,13.89,39.43
KICA,2022,5,44.54,70.68,10.38,0.0,0.99,27.48
KICA,2022,6,56.77,79.23,29.82,0.5,0.0,25.13
KICA,2022,7,65.01,83.46,41.34,0.29,0.0,17.91
KICA,2022,8,63.61,80.94,48.99,1.84,0.0,21.84
KICA,2022,9,58.03,84.09,37.47,0.97,0.0,21.6
KICA,2022,10,48.82,71.13,23.52,0.17,0.77,19.25
KICA,2022,11,27.69,52.32,8.94,0.01,28.0,41.87
KICA,2022,12,26.6,52.77,8.13,0.12,94.72,60.39
KICA,2023,1,24.26,46.11,5.61,0.06,123.93,58.46
KICA,2023,2,24.56,46.56,2.01,0.02,52.22,57.4
KICA,2023,3,25.56,43.5,7.05,0.09,124.24,67.29
KICA,2023,4,36.42,61.77,6.69,0.0,3.14,37.77
KICA,2023,5,43.65,68.07,21.99,2.11,7.3,39.22
KICA,2023,6,50.75,75.9,32.61,3.39,2.26,38.87
KICA,2023,7,65.74,89.22,43.59,0.03,0.0,17.63
KICA,2023,8,59.87,78.42,38.73,4.69,0.0,20.45
KICA,2023,9,54.13,71.85,33.42,0.4,0.14,19.64
KICA,2023,10,48.19,73.92,29.01,0.15,0.66,16.88
KICA,2023,11,36.92,62.67,13.89,0.15,3.0,36.68
KICA,2023,12,33.93,54.57,15.06,0.09,4.22,60.52
KICA,2024,1,29.53,58.98,-0.6,0.07,21.41,64.75
KICA,2024,2,27.83,49.8,5.34,0.06,60.93,64.3
KICA,2024,3,28.81,47.37,6.15,0.07,54.65,58.59
KICA,2024,4,34.99,57.36,1.92,0.02,11.85,32.25
KICA,2024,5,44.22,68.88,18.57,0.58,6.5,16.49
KICA,2024,6,60.78,80.85,41.25,0.28,0.0,13.72
KICA,2024,7,67.21,88.5,48.81,0.39,0.0,12.83
KICA,2024,8,62.39,83.1,38.46,0.61,0.0,10.08
KICA,2024,9,57.8,82.2,32.52,0.07,0.06,10.86
KICA,2024,10,51.26,77.61,26.49,0.04,0.5,26.0
KICA,2024,11,34.78,56.82,4.35,0.04,42.19,47.52
KICA,2024,12,33.66,58.08,12.0,0.11,16.12,53.24
KICA,2025,1,28.76,54.48,3.0,0.01,3.03,26.4
KICA,2025,2,32.62,57.54,7.41,0.33,59.97,53.28
KICA,2025,3,31.73,61.32,3.81,0.06,48.34,59.11
KICA,2025,4,37.2,61.68,3.72,0.22,9.78,46.28
KICA,2025,5,46.31,79.05,20.19,0.63,2.98,27.36
KICA,2025,6,57.84,80.58,35.31,0.56,0.0,14.28
KICA,2025,7,61.4,84.9,42.06,0.25,0.0,7.9
KICA,2025,8,62.21,84.54,41.61,0.33,0.0,16.5
KICA,2025,9,55.18,77.34,36.57,1.62,0.0,24.45
KICA,2025,10,44.44,66.63,16.95,0.74,11.41,16.33
KICA,2025,11,40.3,67.71,18.03,1.46,15.32,47.58
KICA,2025,12,38.51,61.32,8.76,0.37,37.15,40.23
